--------------------------------------------------------------------------------------------------------------------------------------------------------------------------------
      name:  <unnamed>
       log:  C:\Users\rmjlton.AD\Documents\GitHub\priority\codelists\alcohol_consumption.log
  log type:  text
 opened on:   1 Jul 2025, 22:34:01

. 
. 
. //= CPRD LOOKUP LOCATION - would be good to get this in a shared location ======
. 
. //*Directory of medical dictionary*
. local browser_dir "C:/Users/rmjlton.AD/OneDrive - University College London/CPRD/CPRD Aurum/Lookups/`aurum_build'_Lookups_CPRDAurum"

. 
. //*Directory of label lookups*
. local lookup_dir "C:/Users/rmjlton.AD/OneDrive - University College London/CPRD/CPRD Aurum/Lookups/`aurum_build'_Lookups_CPRDAurum"

. 
. //==============================================================================
. 
. //Import latest medical browser; force medcodeid, SNOMED CT Description ID, and SNOMED CT Concept ID to be string
. //import delimited "`browser_dir'/CPRDAurumMedical.txt", stringcols(1 6 7) favorstrfixed
. import delimited "`browser_dir'/`aurum_build'_EMISMedicalDictionary.txt", stringcols(1 6 7) favorstrfixed
(encoding automatically selected: UTF-8)
(9 vars, 240,999 obs)

. 
. //Drop useless variables
. drop release emiscodecategoryid

. 
. order medcodeid observations originalreadcode cleansedreadcode ///
>         snomedctconceptid snomedctdescriptionid term

. 
. //Save medical code browser to a tempfile
. tempfile medical

. save `medical'
file C:\Users\rmjlton.AD\AppData\Local\Temp\ST_3d18_000001.tmp saved as .dta format

. 
. 
. // STEP 0. COMBINE EXTERNAL CODELIST(S) TO USE AS A GUIDE
. //========================================================
. 
. //Use pre-existing codelist
. import delimited https://datacompass.lshtm.ac.uk/id/eprint/4214/37/covariate_alcohol_aurum.txt, stringcols(1) favorstrfixed clear
(encoding automatically selected: ISO-8859-1)
(4 vars, 470 obs)

. 
. tab1 alcstatus alclevel, missing

-> tabulation of alcstatus  

  alcstatus |      Freq.     Percent        Cum.
------------+-----------------------------------
       curr |        408       86.81       86.81
         ex |         22        4.68       91.49
        non |         14        2.98       94.47
    unknown |         26        5.53      100.00
------------+-----------------------------------
      Total |        470      100.00

-> tabulation of alclevel  

   alclevel |      Freq.     Percent        Cum.
------------+-----------------------------------
            |        126       26.81       26.81
          H |        332       70.64       97.45
          L |         10        2.13       99.57
          M |          2        0.43      100.00
------------+-----------------------------------
      Total |        470      100.00

. 
. //Generate tidier variables
. generate byte alcvalue = 1 if alcstatus == "unknown"
(444 missing values generated)

. replace alcstatus = "" if alcstatus == "unknown"
(26 real changes made)

. 
. label define alcstatus 1 "Non-drinker" 2 "Ex-drinker" 3 "Current drinker"

. replace alcstatus = "1" if alcstatus == "non"
(14 real changes made)

. replace alcstatus = "2" if alcstatus == "ex"
(22 real changes made)

. replace alcstatus = "3" if alcstatus == "curr"
(408 real changes made)

. destring alcstatus, replace
alcstatus: all characters numeric; replaced as byte
(26 missing values generated)

. label values alcstatus alcstatus

. 
. label define alclevel 1 "Light drinker" 2 "Moderate drinker" 3 "Heavy drinker"

. replace alclevel = "1" if alclevel == "L"
(10 real changes made)

. replace alclevel = "2" if alclevel == "M"
(2 real changes made)

. replace alclevel = "3" if alclevel == "H"
(332 real changes made)

. destring alclevel, replace
alclevel: all characters numeric; replaced as byte
(126 missing values generated)

. label values alclevel alclevel

. 
. rename term term_old

. 
. //Merge with version of CPRD medical dictionary used for study
. merge 1:1 medcodeid using `medical', update replace
(variable medcodeid was str17, now str18 to accommodate using data's values)

    Result                      Number of obs
    -----------------------------------------
    Not matched                       240,539
        from master                         5  (_merge==1)
        from using                    240,534  (_merge==2)

    Matched                               465
        not updated                       465  (_merge==3)
        missing updated                     0  (_merge==4)
        nonmissing conflict                 0  (_merge==5)
    -----------------------------------------

. drop if _merge == 2
(240,534 observations deleted)

. 
. //List terms not in this version of the Aurum medical dictionary
. list medcodeid term_old alcstatus alclevel if _merge == 1

     +-----------------------------------------------------------------------------------------------------------------------------------------+
     |        medcodeid                                                                             term_old         alcstatus        alclevel |
     |-----------------------------------------------------------------------------------------------------------------------------------------|
 27. | 1662551000006113                                                dental recall - excessive alcohol use   Current drinker   Heavy drinker |
 42. | 1808601000006116                                          oatp - outpatient alcohol treatment program   Current drinker   Heavy drinker |
 45. | 1894171000006111                                                          alcohol dependence resolved   Current drinker               . |
 84. | 2008681000006113   mhip clinical assess. - patient under influence of alcohol and/or other substances   Current drinker               . |
401. | 6881361000006110                                                              suspected alcohol abuse   Current drinker   Heavy drinker |
     +-----------------------------------------------------------------------------------------------------------------------------------------+

. drop if _merge == 1
(5 observations deleted)

. drop _merge

. 
. //Compare codelist and dictionary terms
. list medcodeid term term_old if lower(term) != lower(term_old)

     +-------------------------------------------------------------------------------------------------------------------------------------------------------------+
     |        medcodeid                                                                        term                                                       term_old |
     |-------------------------------------------------------------------------------------------------------------------------------------------------------------|
  3. |  117761000006116                                                        Denies alcohol abuse                                 suspect alcohol abuse - denied |
 18. |         14103017                                              Alcohol-induced polyneuropathy                                       alcoholic polyneuropathy |
 28. | 1680121000006110              Brief intervention for excessive alcohol consumption completed   brief intervention for excessive alcohol consumptn completed |
 29. | 1680131000006113           Extended intervention for excessive alcohol consumption completed   extended intervention for excessive alcohol consumptn complt |
 30. | 1704281000006117               Brief intervention for excessive alcohol consumption declined    brief intervention for excessive alcohol consumptn declined |
     |-------------------------------------------------------------------------------------------------------------------------------------------------------------|
 37. | 1754191000006119            Extended intervention for excessive alcohol consumption declined   extended interven for excessive alcohol consumption declined |
 44. | 1926131000006117   Referral to mental health services deferred until alcohol misuse resolved    refer to mh services deferred until alcohol misuse resolved |
 82. |  217461000000118                                                               Non - drinker                                            current non drinker |
 83. |  223671000000110                                                       Hangover from alcohol                                             hangover (alcohol) |
 84. |  226571000000116                                   Alcohol misuse enhanced service completed                    alcohol misuse - enhanced service completed |
     |-------------------------------------------------------------------------------------------------------------------------------------------------------------|
 87. |  236441000000113                             Alcohol misuse enhanced services administration              alcohol misuse - enhanced services administration |
 89. |  240741000006114                                         Education about alcohol consumption                                  patient advised about alcohol |
162. |        295136019                                                          Alcohol dependence                                 unspecified chronic alcoholism |
174. |        295765017                                     Alcohol-induced organic mental disorder      [x]mental and behavioural disorders due to use of alcohol |
179. |        303399018                                                      Alcoholic liver damage                             alcoholic liver damage unspecified |
     |-------------------------------------------------------------------------------------------------------------------------------------------------------------|
183. |  315091000000117                                          Alcohol withdrawal-induced seizure                          [x]alcohol withdrawal-induced seizure |
186. |        317636014                                                 High ethanol level in blood                               [d]alcohol blood level excessive |
197. |  346501000006111                                                  History of substance abuse                   [v]problems related to lifestyle alcohol use |
198. |        346929012                                                          Alcoholic dementia                                         alcoholic dementia nos |
200. |        346931015                                                                 Drunkenness                                                drunkenness nos |
     |-------------------------------------------------------------------------------------------------------------------------------------------------------------|
213. |  362251000006117                                                        Alcohol intoxication                                 [x]acute alcoholic drunkenness |
217. |  362951000006110                                                      Alcoholic hallucinosis                                      [x]alcoholic hallucinosis |
238. |  380081000006115                                                 Finding of alcohol in blood    [x]eviden of alcohl involv blood alcohl level <20 mg/100 ml |
251. |  394681000006119                                                       Korsakoff's psychosis                       [x]korsakov's psychosis, alcohol induced |
257. |  397621000006111                                                   Alcohol-induced psychosis   [x]mental & behav dis due to use alcohol: psychotic disorder |
     |-------------------------------------------------------------------------------------------------------------------------------------------------------------|
259. |  397791000006118                                                   Alcohol amnestic disorder   [x]mental and behav dis due to use alcohol: amnesic syndrome |
262. |  397881000006114                                                               Alcohol abuse     [x]mental and behav dis due to use of alcohol: harmful use |
289. |        461112017                                                      Alcoholism counselling                  [v]alcohol abuse counselling and surveillance |
290. |  464381000006118                                Alcohol metabolism modifier adverse reaction                         adverse reaction to alcohol deterrents |
297. |  476701000006114                                                            Alcohol myopathy                                             alcoholic myopathy |
     |-------------------------------------------------------------------------------------------------------------------------------------------------------------|
298. |  476741000006111                                                   Alcohol-induced psychosis                                            alcoholic psychoses |
367. |  556651000000116                                             Alcohol units consumed per week                                         alcohol units per week |
391. |  629811000006113                                                          Occasional drinker                                            drinks occasionally |
410. |  753331000006118                                                Korsakov alcoholic psychosis                                 korsakov's alcoholic psychosis |
433. |  817981000006115                                                  Health education - alcohol                                           health ed. - alcohol |
     |-------------------------------------------------------------------------------------------------------------------------------------------------------------|
458. |  936001000006111                                      Advice relating to alcohol consumption                             lifestyle advice regarding alcohol |
     +-------------------------------------------------------------------------------------------------------------------------------------------------------------+

. 
. //EVERYTHING LOOKS FINE
. 
. generate byte alcohol = 1

. drop term_old

. order alcstatus alclevel alcvalue, last

. 
. gsort alcstatus alclevel

. 
. keep medcodeid alcohol alcstatus alclevel alcvalue

. tempfile external

. save `external'
file C:\Users\rmjlton.AD\AppData\Local\Temp\ST_3d18_000002.tmp saved as .dta format

. 
. use `medical', clear

. merge 1:1 medcodeid using `external'

    Result                      Number of obs
    -----------------------------------------
    Not matched                       240,534
        from master                   240,534  (_merge==1)
        from using                          0  (_merge==2)

    Matched                               465  (_merge==3)
    -----------------------------------------

. drop if _merge == 2  //shouldn't be any
(0 observations deleted)

. drop _merge

. 
. 
. // STEP 1. IDENTIFY SEARCH TERMS
. //===============================
. 
. // **Define search terms below. Use multiple local macros if categorising
. //   desired codes in to multiple categories make more sense**
. 
. // **If using repository codelists in Step 0, make sure macro has same name as
. //   variable created to identify condition in repository codelists**
. 
. local alcohol " "*alcohol*consumption*" "*consumption*alcohol*" "*alcohol*intake*" "*intake*alcohol*" "*alcohol*units*" "*units*alcohol*" "*alcohol*use*disorder*identificatio
> n*test*" "*fast*alcohol*screening*test*" "

. 
. 
. // STEP 2. SEARCH THE MEDICAL TERMINOLOGY DICTIONARY USING THE SEARCH TERMS
. //==========================================================================
. 
. // **Add any additional local macros if you have used more than 1**
. //For each specified local macro...
. foreach termgroup in /**/alcohol/**/ {
  2.         
.         //For each SNOMED CT term description (converted to lower case)...
.         foreach codeterm in lower(term) {
  3.                 
.                 //For each individual search term in the local macro
.                 foreach searchterm in ``termgroup'' {
  4.                         
.                         //Set the indicator variable to 1 if the SNOMED CT term description matches the search term from the local macro
.                         replace `termgroup' = 1 if strmatch(`codeterm', "`searchterm'")
  5.                 }
  6.         }
  7. }
(18 real changes made)
(0 real changes made)
(4 real changes made)
(2 real changes made)
(2 real changes made)
(2 real changes made)
(9 real changes made)
(4 real changes made)

. 
. keep if /**/alcohol == 1/**/
(240,493 observations deleted)

. compress
  variable medcodeid was str18 now str17
  variable originalreadcode was str19 now str15
  variable snomedctconceptid was str18 now str17
  variable snomedctdescriptionid was str18 now str16
  variable term was str233 now str153
  (44,528 bytes saved)

. 
. gsort /**/alcohol alcstatus alclevel alcvalue/**/ -observations snomedctconceptid snomedctdescriptionid originalreadcode

. 
. tab1 /**/alcohol/**/, missing

-> tabulation of alcohol  

    alcohol |      Freq.     Percent        Cum.
------------+-----------------------------------
          1 |        506      100.00      100.00
------------+-----------------------------------
      Total |        506      100.00

. 
. 
. // (OPTIONAL) STEP 3. PERFORM A SECONDARY SEARCH TO EXCLUDE BROAD UNDESIRED TERMS
. //================================================================================
. 
. //Comment out this section if not required.
. 
. // **Exclusion terms**
. 
. local exclude " "*family*" "*maternal*care*" "*energy*" "*recommended*intake*" "*unknown*" "*declines*to*state*" "*test*declined*" "*pregnancy*" "

. 
. //Search for codes to exclude
. foreach excludeterm in exclude /**//**/ {
  2. 
.         gen byte `excludeterm' = .
  3. 
.         foreach codeterm in lower(term) {
  4.                 
.                 foreach searchterm in ``excludeterm'' {         
  5.                         
.                         replace `excludeterm' = 1 if strmatch(`codeterm', "`searchterm'")
  6.                 }
  7.         }
  8. }
(506 missing values generated)
(1 real change made)
(1 real change made)
(1 real change made)
(1 real change made)
(1 real change made)
(1 real change made)
(2 real changes made)
(1 real change made)

. 
. //Check that nothing important is highlighted for exclusion before dropping
. list observations term alcstatus alclevel alcvalue if exclude == 1

     +--------------------------------------------------------------------------------------------------------------------+
     | observ~s                                                         term         alcstatus        alclevel   alcvalue |
     |--------------------------------------------------------------------------------------------------------------------|
281. |       30   Maternal care for (suspected) damage to fetus from alcohol   Current drinker   Heavy drinker          . |
369. |        1                                         Alcoholism in family   Current drinker   Heavy drinker          . |
476. |    80000                                  Alcohol consumption unknown                 .               .          . |
478. |    70000                  Alcohol consumption screening test declined                 .               .          . |
480. |    20000           Alcohol Use Disorders Identification Test declined                 .               .          . |
     |--------------------------------------------------------------------------------------------------------------------|
482. |    10000                Declines to state current alcohol consumption                 .               .          . |
497. |       20                                   Recommended alcohol intake                 .               .          . |
501. |        2                         Alcohol consumption during pregnancy                 .               .          . |
504. |        1                                 % energy intake from alcohol                 .               .          . |
     +--------------------------------------------------------------------------------------------------------------------+

. 
. drop if exclude == 1
(9 observations deleted)

. 
. drop exclude

. count
  497

. compress
  (0 bytes saved)

. 
. 
. // STEP 4. MANUAL SCREEN OF CODELIST TO REMOVE UNDESIRED TERMS
. //=============================================================
. 
. // **medcodeids to remove**
. local initial_remove "5497631000006115 3367991000006112 346501000006111"

. 
. gen byte remove = 0

. 
. foreach medcode of local initial_remove {
  2.         
.         replace remove = 1 if medcodeid == "`medcode'"
  3. }
(1 real change made)
(1 real change made)
(1 real change made)

. 
. list medcodeid snomedctdescriptionid snomedctconceptid originalreadcode term ///
>         if remove == 1

     +----------------------------------------------------------------------------------------+
     |        medcodeid   snomed~nid   snome~tid   originalrea~e                         term |
     |----------------------------------------------------------------------------------------|
189. |  346501000006111   1196720012   371422002         ZV113-1   History of substance abuse |
368. | 5497631000006115    397871015   267026004   ^ESCTCA549763         Cannot stop drinking |
397. | 3367991000006112     89002016    53527002   ^ESCTAL336799           Alcoholic beverage |
     +----------------------------------------------------------------------------------------+

. drop if remove == 1
(3 observations deleted)

. drop remove

. 
. compress
  (0 bytes saved)

. tab1 /**/alcohol alcstatus alclevel/**/

-> tabulation of alcohol  

    alcohol |      Freq.     Percent        Cum.
------------+-----------------------------------
          1 |        494      100.00      100.00
------------+-----------------------------------
      Total |        494      100.00

-> tabulation of alcstatus  

      alcstatus |      Freq.     Percent        Cum.
----------------+-----------------------------------
    Non-drinker |         14        3.23        3.23
     Ex-drinker |         22        5.07        8.29
Current drinker |        398       91.71      100.00
----------------+-----------------------------------
          Total |        434      100.00

-> tabulation of alclevel  

        alclevel |      Freq.     Percent        Cum.
-----------------+-----------------------------------
   Light drinker |         10        2.97        2.97
Moderate drinker |          2        0.59        3.56
   Heavy drinker |        325       96.44      100.00
-----------------+-----------------------------------
           Total |        337      100.00

. 
. 
. //Recode to "Current drinker" status
. local current "4978411000006113 4978421000006117 451082013 7229341000006119 1724531000000116 7084901000006118"

. 
. foreach medcode of local current {
  2.         
.         replace alcstatus = 3 if medcodeid == "`medcode'"
  3.         display "Recoded to Current drinker"
  4.         list term alcstatus if medcodeid == "`medcode'"
  5. }
(1 real change made)
Recoded to Current drinker

     +------------------------------------------------------+
     |                               term         alcstatus |
     |------------------------------------------------------|
452. | Drinks alcohol evenly through week   Current drinker |
     +------------------------------------------------------+
(1 real change made)
Recoded to Current drinker

     +--------------------------------------------------------+
     |                                 term         alcstatus |
     |--------------------------------------------------------|
449. | Drinks alcohol unevenly through week   Current drinker |
     +--------------------------------------------------------+
(1 real change made)
Recoded to Current drinker

     +-----------------------------------+
     |            term         alcstatus |
     |-----------------------------------|
441. | [V] Alcohol use   Current drinker |
     +-----------------------------------+
(1 real change made)
Recoded to Current drinker

     +-----------------------------------------------------+
     |                              term         alcstatus |
     |-----------------------------------------------------|
484. | Self-monitoring of alcohol intake   Current drinker |
     +-----------------------------------------------------+
(1 real change made)
Recoded to Current drinker

     +---------------------------------------------------------------+
     |                                        term         alcstatus |
     |---------------------------------------------------------------|
475. | Advised to abstain from alcohol consumption   Current drinker |
     +---------------------------------------------------------------+
(1 real change made)
Recoded to Current drinker

     +-----------------------------------------------------------------+
     |                                          term         alcstatus |
     |-----------------------------------------------------------------|
493. | Alcohol intake within recommended daily limit   Current drinker |
     +-----------------------------------------------------------------+

. 
. //Recode to value codes
. local value "6289331000006118 6282101000006116 14147511000006111 476501000006115 14147521000006115 11928751000006111 1899421000006119 855971000006116 1659811000006114 8461521
> 000006117 11928611000006119 12490721000006114 476431000006112 7382961000006113 1590911000006113 408548014 1590881000006113 2723861000000110 8461501000006110 1660411000006112 
> 940771000006119 7275011000006117 750721000000118 5547231000006118 7275551000006110 14146131000006111 11928741000006114 12002341000006114 1899521000006115 13530371000006117 53
> 8891000000111 12001651000006110 492591000000114 14146221000006115 476421000006114 1590901000006110"

. 
. foreach medcode of local value {
  2.         
.         replace alcstatus = . if medcodeid == "`medcode'"
  3.         replace alcvalue = 1 if medcodeid == "`medcode'"
  4.         display "Recoded to value code"
  5.         list term alcstatus alcvalue if medcodeid == "`medcode'"
  6. }
(1 real change made, 1 to missing)
(1 real change made)
Recoded to value code

     +----------------------------------------------+
     |                   term   alcsta~s   alcvalue |
     |----------------------------------------------|
407. | Drink intake - finding          .          1 |
     +----------------------------------------------+
(1 real change made, 1 to missing)
(1 real change made)
Recoded to value code

     +------------------------------------------------+
     |                     term   alcsta~s   alcvalue |
     |------------------------------------------------|
426. | Alcohol intake - finding          .          1 |
     +------------------------------------------------+
(1 real change made, 1 to missing)
(1 real change made)
Recoded to value code

     +-------------------------------------------------+
     |                      term   alcsta~s   alcvalue |
     |-------------------------------------------------|
382. | Alcoholic beverage intake          .          1 |
     +-------------------------------------------------+
(1 real change made, 1 to missing)
(1 real change made)
Recoded to value code

     +--------------------------------------+
     |           term   alcsta~s   alcvalue |
     |--------------------------------------|
417. | Alcohol intake          .          1 |
     +--------------------------------------+
(1 real change made, 1 to missing)
(1 real change made)
Recoded to value code

     +----------------------------------------------+
     |                   term   alcsta~s   alcvalue |
     |----------------------------------------------|
408. | Alcoholic drink intake          .          1 |
     +----------------------------------------------+
(0 real changes made)
(1 real change made)
Recoded to value code

     +------------------------------------------------------------------------------------------+
     |                                                               term   alcsta~s   alcvalue |
     |------------------------------------------------------------------------------------------|
480. | Alcohol use disorder identification test consumption questionnaire          .          1 |
     +------------------------------------------------------------------------------------------+
(0 real changes made)
(1 real change made)
Recoded to value code

     +-----------------------------------------------------------------------------+
     |                                                  term   alcsta~s   alcvalue |
     |-----------------------------------------------------------------------------|
469. | AUDIT score - units of alcohol drunk on a typical day          .          1 |
     +-----------------------------------------------------------------------------+
(0 real changes made)
(1 real change made)
Recoded to value code

     +------------------------------------------------------+
     |                           term   alcsta~s   alcvalue |
     |------------------------------------------------------|
489. | Heart beat alcohol consumption          .          1 |
     +------------------------------------------------------+
(0 real changes made)
(1 real change made)
Recoded to value code

     +------------------------------------------------------------------------------------------------+
     |                                                                     term   alcsta~s   alcvalue |
     |------------------------------------------------------------------------------------------------|
473. | Alcohol Use Disorders Identification Test - Piccinelli Consumption score          .          1 |
     +------------------------------------------------------------------------------------------------+
(0 real changes made)
(1 real change made)
Recoded to value code

     +---------------------------------------------------------------------------+
     |                                                term   alcsta~s   alcvalue |
     |---------------------------------------------------------------------------|
478. | Assessment using FAST (Fast Alcohol Screening Test)          .          1 |
     +---------------------------------------------------------------------------+
(0 real changes made)
(1 real change made)
Recoded to value code

     +----------------------------------------------------------+
     |                               term   alcsta~s   alcvalue |
     |----------------------------------------------------------|
479. | FAST - Fast Alcohol Screening Test          .          1 |
     +----------------------------------------------------------+
(0 real changes made)
(1 real change made)
Recoded to value code

     +-----------------------------------------------------------------------------------------------+
     |                                                                    term   alcsta~s   alcvalue |
     |-----------------------------------------------------------------------------------------------|
487. | AUDIT-C (Alcohol Use Disorders Identification Test - Consumption) score          .          1 |
     +-----------------------------------------------------------------------------------------------+
(0 real changes made)
(1 real change made)
Recoded to value code

     +-----------------------------------------------------+
     |                          term   alcsta~s   alcvalue |
     |-----------------------------------------------------|
468. | Alcohol consumption screening          .          1 |
     +-----------------------------------------------------+
(0 real changes made)
(1 real change made)
Recoded to value code

     +----------------------------------------------------------------------------------+
     |                                                       term   alcsta~s   alcvalue |
     |----------------------------------------------------------------------------------|
482. | Assessment using alcohol use disorders identification test          .          1 |
     +----------------------------------------------------------------------------------+
(0 real changes made)
(1 real change made)
Recoded to value code

     +----------------------------------------------------------------------------------------------------------------------------+
     |                                                                                                 term   alcsta~s   alcvalue |
     |----------------------------------------------------------------------------------------------------------------------------|
471. | Alcohol screen - alcohol use disorder identification test Piccinelli consumption questions completed          .          1 |
     +----------------------------------------------------------------------------------------------------------------------------+
(0 real changes made)
(1 real change made)
Recoded to value code

     +-----------------------------------------------------------------------+
     |                                            term   alcsta~s   alcvalue |
     |-----------------------------------------------------------------------|
463. | Alcohol use disorders identification test score          .          1 |
     +-----------------------------------------------------------------------+
(0 real changes made)
(1 real change made)
Recoded to value code

     +-------------------------------------------------------------------------------------------+
     |                                                                term   alcsta~s   alcvalue |
     |-------------------------------------------------------------------------------------------|
466. | Alcohol screen - alcohol use disorder identification test completed          .          1 |
     +-------------------------------------------------------------------------------------------+
(0 real changes made)
(1 real change made)
Recoded to value code

     +-------------------------------------------------------------------------------------------------+
     |                                                                      term   alcsta~s   alcvalue |
     |-------------------------------------------------------------------------------------------------|
472. | AUDIT-PC (Alcohol Use Disorders Identification Test - Primary Care) score          .          1 |
     +-------------------------------------------------------------------------------------------------+
(0 real changes made)
(1 real change made)
Recoded to value code

     +----------------------------------------------------------------------------------------------------------+
     |                                                                               term   alcsta~s   alcvalue |
     |----------------------------------------------------------------------------------------------------------|
474. | Assessment using AUDIT-C (Alcohol Use Disorders Identification Test - Consumption)          .          1 |
     +----------------------------------------------------------------------------------------------------------+
(0 real changes made)
(1 real change made)
Recoded to value code

     +-----------------------------------------------------------------------------------------------+
     |                                                                    term   alcsta~s   alcvalue |
     |-----------------------------------------------------------------------------------------------|
461. | AUDIT-C (Alcohol Use Disorders Identification Test - Consumption) score          .          1 |
     +-----------------------------------------------------------------------------------------------+
(0 real changes made)
(1 real change made)
Recoded to value code

     +----------------------------------------------------------------------+
     |                                           term   alcsta~s   alcvalue |
     |----------------------------------------------------------------------|
492. | Alcohol consumption in the week before custody          .          1 |
     +----------------------------------------------------------------------+
(0 real changes made)
(1 real change made)
Recoded to value code

     +-------------------------------------------------------------------------------+
     |                                                    term   alcsta~s   alcvalue |
     |-------------------------------------------------------------------------------|
485. | AUDIT (alcohol use disorders identification test) score          .          1 |
     +-------------------------------------------------------------------------------+
(0 real changes made)
(1 real change made)
Recoded to value code

     +---------------------------------------------------------------------------------+
     |                                                      term   alcsta~s   alcvalue |
     |---------------------------------------------------------------------------------|
477. | Number of alcohol units consumed on heaviest drinking day          .          1 |
     +---------------------------------------------------------------------------------+
(0 real changes made)
(1 real change made)
Recoded to value code

     +-------------------------------------------------------------------------+
     |                                              term   alcsta~s   alcvalue |
     |-------------------------------------------------------------------------|
476. | AUDIT - Alcohol use disorders identification test          .          1 |
     +-------------------------------------------------------------------------+
(0 real changes made)
(1 real change made)
Recoded to value code

     +--------------------------------------------------------------------------------+
     |                                                     term   alcsta~s   alcvalue |
     |--------------------------------------------------------------------------------|
491. | Number of alcohol units consumed on typical drinking day          .          1 |
     +--------------------------------------------------------------------------------+
(0 real changes made)
(1 real change made)
Recoded to value code

     +---------------------------------------------------------------------------------+
     |                                                      term   alcsta~s   alcvalue |
     |---------------------------------------------------------------------------------|
488. | Estimated volume of intake of alcoholic cider in 24 hours          .          1 |
     +---------------------------------------------------------------------------------+
(0 real changes made)
(1 real change made)
Recoded to value code

     +-----------------------------------------------------------------+
     |                                      term   alcsta~s   alcvalue |
     |-----------------------------------------------------------------|
483. | Alcohol use disorders identification test          .          1 |
     +-----------------------------------------------------------------+
(0 real changes made)
(1 real change made)
Recoded to value code

     +----------------------------------------------------------------------------------------------------------+
     |                                                                               term   alcsta~s   alcvalue |
     |----------------------------------------------------------------------------------------------------------|
481. | Assessment using AUDIT-C (Alcohol Use Disorders Identification Test - Consumption)          .          1 |
     +----------------------------------------------------------------------------------------------------------+
(0 real changes made)
(1 real change made)
Recoded to value code

     +-------------------------------------------------------------------------------+
     |                                                    term   alcsta~s   alcvalue |
     |-------------------------------------------------------------------------------|
464. | AUDIT-C score - units of alcohol drunk on a typical day          .          1 |
     +-------------------------------------------------------------------------------+
(0 real changes made)
(1 real change made)
Recoded to value code

     +----------------------------------------------------------------------------------------+
     |                                                             term   alcsta~s   alcvalue |
     |----------------------------------------------------------------------------------------|
486. | Alcohol Use Disorders Identification Test for Primary Care score          .          1 |
     +----------------------------------------------------------------------------------------+
(0 real changes made)
(1 real change made)
Recoded to value code

     +----------------------------------------------------------------+
     |                                     term   alcsta~s   alcvalue |
     |----------------------------------------------------------------|
462. | FAST (Fast Alcohol Screening Test) score          .          1 |
     +----------------------------------------------------------------+
(0 real changes made)
(1 real change made)
Recoded to value code

     +-------------------------------------------------------------------------------------+
     |                                                          term   alcsta~s   alcvalue |
     |-------------------------------------------------------------------------------------|
490. | Alcohol Use Disorders Identification Test - Consumption score          .          1 |
     +-------------------------------------------------------------------------------------+
(0 real changes made)
(1 real change made)
Recoded to value code

     +------------------------------------------------------------------------------+
     |                                                   term   alcsta~s   alcvalue |
     |------------------------------------------------------------------------------|
467. | Alcohol screen - fast alcohol screening test completed          .          1 |
     +------------------------------------------------------------------------------+
(0 real changes made)
(1 real change made)
Recoded to value code

     +------------------------------------------------+
     |                     term   alcsta~s   alcvalue |
     |------------------------------------------------|
494. | Alcohol intake in 1 week          .          1 |
     +------------------------------------------------+
(0 real changes made)
(1 real change made)
Recoded to value code

     +--------------------------------------------------+
     |                       term   alcsta~s   alcvalue |
     |--------------------------------------------------|
470. | Alcohol consumption screen          .          1 |
     +--------------------------------------------------+
(0 real changes made)
(1 real change made)
Recoded to value code

     +-----------------------------------------------------------------------------------------------------------------+
     |                                                                                      term   alcsta~s   alcvalue |
     |-----------------------------------------------------------------------------------------------------------------|
465. | Alcohol screen - alcohol use disorder identification test consumption questions completed          .          1 |
     +-----------------------------------------------------------------------------------------------------------------+

. 
. //Recode to "Heavy drinker" level
. local heavy "401797010"

. 
. foreach medcode of local heavy {
  2.         
.         replace alclevel = 3 if medcodeid == "`medcode'"
  3.         display "Recoded to Heavy"
  4.         list term alcstatus alclevel if medcodeid == "`medcode'"
  5. }
(1 real change made)
Recoded to Heavy

     +--------------------------------------------------------------+
     |                       term         alcstatus        alclevel |
     |--------------------------------------------------------------|
379. | Nondependent alcohol abuse   Current drinker   Heavy drinker |
     +--------------------------------------------------------------+

. 
. gsort alcstatus alclevel alcvalue

. 
. 
. // STEP 5. USE THE SNOMED CT CONCEPT ID TO FIND ADDITIONAL SYNONYMOUS TERMS
. //==========================================================================
. 
. //Check for missing SNOMED CT Concepts
. codebook snomedctconceptid

--------------------------------------------------------------------------------------------------------------------------------------------------------------------------------
snomedctconceptid                                                                                                                                              SnomedCTConceptId
--------------------------------------------------------------------------------------------------------------------------------------------------------------------------------

                  Type: String (str17)

         Unique values: 353                       Missing "": 0/494

              Examples: "191804003"
                        "228334001"
                        "361272001"
                        "67426006"

. assert !missing(snomedctconceptid)

. 
. count
  494

. 
. //Make a note of current list
. preserve

.         keep medcodeid /**/alcohol alcstatus alclevel alcvalue/**/

.         gen byte original = 1

.         tempfile original

.         save `original'
file C:\Users\rmjlton.AD\AppData\Local\Temp\ST_3d18_000004.tmp saved as .dta format

. restore

. 
. //Merge SNOMED CT Concepts with medical dictionary
. keep snomedctconceptid /**/alcohol alcstatus alclevel alcvalue/**/

. gsort /**/alcohol -alcstatus -alclevel alcvalue/**/  //prioritise worst

. bysort snomedctconceptid: keep if _n == 1
(141 observations deleted)

. 
. //Merge with original search results
. merge 1:m snomedctconceptid using `medical', nogenerate keep(match)
(variable snomedctconceptid was str17, now str18 to accommodate using data's values)

    Result                      Number of obs
    -----------------------------------------
    Not matched                             0
    Matched                               604  
    -----------------------------------------

. compress
  variable snomedctconceptid was str18 now str17
  variable medcodeid was str18 now str17
  variable originalreadcode was str19 now str15
  variable snomedctdescriptionid was str18 now str16
  variable term was str233 now str153
  (53,152 bytes saved)

. merge 1:1 medcodeid using `original', update replace
(label alclevel already defined)
(label alcstatus already defined)

    Result                      Number of obs
    -----------------------------------------
    Not matched                           110
        from master                       110  (_merge==1)
        from using                          0  (_merge==2)

    Matched                               494
        not updated                       483  (_merge==3)
        missing updated                    11  (_merge==4)
        nonmissing conflict                 0  (_merge==5)
    -----------------------------------------

. list medcodeid term alcstatus alclevel if _merge > 3  //conflicts

     +-------------------------------------------------------------------------------------------------------------------+
     |        medcodeid                                                           term         alcstatus        alclevel |
     |-------------------------------------------------------------------------------------------------------------------|
163. | 2911291000006114                                     Acute alcohol intoxication   Current drinker   Heavy drinker |
212. |        317636014                                    High ethanol level in blood   Current drinker   Heavy drinker |
243. |  362251000006117                                           Alcohol intoxication   Current drinker   Heavy drinker |
263. |  379981000006116   [X]Evid alcoh invl determ by levl intox very sev alcoh intox   Current drinker   Heavy drinker |
264. |  379991000006118   [X]Evid alcoh invol determ by level of intox mod alcoh intox   Current drinker   Heavy drinker |
     |-------------------------------------------------------------------------------------------------------------------|
265. |  380001000006112   [X]Evid alcoh invol determ by level of intox sev alcoh intox   Current drinker   Heavy drinker |
266. |  380011000006110   [X]Evid alcoh invol determ by levl of intox mild alcoh intox   Current drinker   Heavy drinker |
320. |  397611000006115   [X]Mental & behav dis due to use alcohol: acute intoxication   Current drinker   Heavy drinker |
381. |        451082013                                                [V] Alcohol use   Current drinker               . |
518. | 6769921000006111                             Alcohol abuse prevention education   Current drinker   Heavy drinker |
     |-------------------------------------------------------------------------------------------------------------------|
546. |  769451000006111                                         Intoxication - alcohol   Current drinker   Heavy drinker |
     +-------------------------------------------------------------------------------------------------------------------+

. drop _merge

. order snomedctconceptid, before(snomedctdescriptionid)

. order /**/alcohol alcstatus alclevel alcvalue/**/, last

. gsort /**/alcohol alcstatus alclevel alcvalue/**/ originalreadcode

. 
. //Label new codes
. gen new_snomedct_synonym = (original != 1)

. drop original

. 
. //Show new codes
. foreach category of varlist /**/alcohol/**/ {
  2.         
.         display "New terms found for: `category'"
  3.         list snomedctconceptid term if new_snomedct_synonym == 1
  4. }
New terms found for: alcohol

     +--------------------------------------------------------------------------------------------------------------------------------------------------------+
     | snomedctconce~d                                                                                                                                   term |
     |--------------------------------------------------------------------------------------------------------------------------------------------------------|
  6. |       105542008                                                                                                                              Abstinent |
 23. |       371422002                                                                                                            History of substance misuse |
 31. |       371422002                                                                                                             History of substance abuse |
 32. |       371422002                                                                                    [V]Personal history of psychoactive substance abuse |
 33. |       371422002                                                                                                             History of substance abuse |
     |--------------------------------------------------------------------------------------------------------------------------------------------------------|
227. |        91388009                                                                           [X]Men & behav dis due opioid: withdrawl state with delirium |
228. |        91388009                                                                           [X]Mental and behav dis due to use opioids: amnesic syndrome |
229. |        91388009                                                                             [X]Ment & behav dis due use opioids: unsp ment & behav dis |
230. |        91388009                                                                           [X]Mental and behav dis due to use cannabinoids: amnesic syn |
231. |        91388009                                                                           [X]Mnt/bh dis due cannabinds: resid & late-onset psychot dis |
     |--------------------------------------------------------------------------------------------------------------------------------------------------------|
232. |        91388009                                                                              [X]Mental and behavioural dis due use sedatives/hypnotics |
233. |        91388009                                                                             [X]Mental & behav dis due seds/hypntcs: acute intoxication |
234. |        91388009                                                                           [X]Mental and behav dis due to use seds/hypntcs: harmful use |
235. |        91388009                                                                             [X]Mental and behav dis due seds/hypntcs: withdrawal state |
236. |        91388009                                                                           [X]Men & beh dis due seds/hypns: withdrwl state wth delirium |
     |--------------------------------------------------------------------------------------------------------------------------------------------------------|
237. |        91388009                                                                           [X]Mental and behav dis due to use seds/hypntcs: amnesic syn |
238. |        91388009                                                                           [X]Mnt/bh dis due seds/hypns: resid & late-onset psychot dis |
239. |        91388009                                                                           [X]Men/behav dis due to use seds/hypntcs: oth men/behav disd |
240. |        91388009                                                                           [X]Ment/behav dis due use seds/hypntcs: unsp ment/behav disd |
241. |        91388009                                                                           [X]Mental & behav dis due to use cocaine: acute intoxication |
     |--------------------------------------------------------------------------------------------------------------------------------------------------------|
242. |        91388009                                                                           [X]Mental and behav dis due to use cocaine: withdrawal state |
243. |        91388009                                                                           [X]Men & behav dis due cocaine: withdrawl state wth delirium |
244. |        91388009                                                                           [X]Mental and behav dis due to use cocaine: amnesic syndrome |
245. |        91388009                                                                           [X]Men & beh dis due cocaine: resid & late-onset psychot dis |
246. |        91388009                                                                             [X]Ment & behav dis due use cocaine: unsp ment & behav dis |
     |--------------------------------------------------------------------------------------------------------------------------------------------------------|
247. |        91388009                                                 [X]Mental and behavioural disorders due to use of other stimulants, including caffeine |
248. |        91388009                                                                           [X]Ment/behav dis due to use oth stims inc caff: harmful use |
249. |        91388009                                                                           [X]Mental and behav dis oth stim inc caffein: dependnce synd |
250. |        91388009                                                                           [X]Mnt/behav dis other stimlnts inc caffeine: withdrwl state |
251. |        91388009                                                                           [X]Mnt/bh dis oth stims inc caffne: withdr state wt delirium |
     |--------------------------------------------------------------------------------------------------------------------------------------------------------|
252. |        91388009                                                                            [X]Mental and behav dis oth stims inc caffeine: amnesic syn |
253. |        91388009                                                                           [X]Mental and behavioural disorders due to use hallucinogens |
254. |        91388009                                                                              [X]Mental & behav dis due hallucinogens: acute intoxicatn |
255. |        91388009                                                                           [X]Mental and behav dis due to use hallucinogens: harmfl use |
256. |        91388009                                                      [X]Mental and behavioural disorders due to use of hallucinogens: withdrawal state |
     |--------------------------------------------------------------------------------------------------------------------------------------------------------|
257. |        91388009                                        [X]Mental and behavioural disorders due to use of hallucinogens: withdrawal state with delirium |
258. |        91388009                                                                           [X]Mental and behav dis due use hallucinogens: amnesic syndr |
259. |        91388009                                                                           [X]Mnt/bh dis due hallucngns: resid & late-onset psychot dis |
260. |        91388009                                                                                               [X]Post hallucinogen perception disorder |
261. |        91388009                                                                           [X]Men/behav dis due to use hallucinogens: oth men/behav dis |
     |--------------------------------------------------------------------------------------------------------------------------------------------------------|
262. |        91388009                                                                           [X]Ment/behav dis due use hallucinogens: unsp ment/behav dis |
263. |        91388009                                                                             [X]Mental and behav dis due volatile solvents: harmful use |
264. |        91388009                                                                           [X]Mental and behav dis due to vol solvents: dependence synd |
265. |        91388009                                                                           [X]Mental and behav dis due to use vol solvents: amnesic syn |
266. |        91388009                                                                           [X]Mnt/bh dis vol solvents: resid & late-onset psychotic dis |
     |--------------------------------------------------------------------------------------------------------------------------------------------------------|
267. |        91388009                                                                           [X]Men/behav dis due to use vol solvents: oth men/behav disd |
268. |        91388009                                                                            [X]Ment/behav dis due use vol solvents: unsp ment/behav dis |
269. |        91388009                                                                           [X]Mental/behav dis multi drg use/psychoac subs: acute intox |
270. |        91388009                                                                           [X]Mental and behav dis mlti/oth psych sbs: dependence syndr |
271. |        91388009                                                                           [X]Mental and behav dis mlti/oth psychoa sbs: withdrwl state |
     |--------------------------------------------------------------------------------------------------------------------------------------------------------|
272. |        91388009                                                                           [X]Mnt/bh dis mlti drg use/oth psy sbs: wthdr state + dlrium |
273. |        91388009                                                                            [X]Men/beh dis mlt drg use/oth subs: resid/late psychot dis |
274. |        91388009                                                                            [X]Men/beh dis mlt drg use/oth psy sbs: oth men & behav dis |
275. |        91388009                                                                                                           Psychoactive substance abuse |
305. |        82782008                                                                                                          Toxic effect of ethyl alcohol |
     |--------------------------------------------------------------------------------------------------------------------------------------------------------|
306. |        82782008                                                                                                           Ethyl alcohol - toxic effect |
307. |        82782008                                                                                                           Ethanol causing toxic effect |
308. |        82782008                                                                                                 Ethyl alcohol causing toxic effect NOS |
309. |        67426006                                                                                                     Other alcohol causing toxic effect |
310. |        67426006                                                                                                       Alcohol causing toxic effect NOS |
     |--------------------------------------------------------------------------------------------------------------------------------------------------------|
312. |        67426006                                                                                                                Toxic effect of alcohol |
315. |        67426006                                                           [X]Intentional self poisoning by and exposure to alcohol, occurrence at home |
316. |        67426006                                        [X]Intentional self poisoning by and exposure to alcohol, occurrence in residential institution |
317. |        67426006       [X]Intentional self poisoning by and exposure to alcohol, occurrence at school, other institution and public administrative area |
318. |        67426006                                      [X]Intentional self poisoning by and exposure to alcohol, occurrence at sports and athletics area |
     |--------------------------------------------------------------------------------------------------------------------------------------------------------|
319. |        67426006                                             [X]Intentional self poisoning by and exposure to alcohol, occurrence on street and highway |
320. |        67426006                                         [X]Intentional self poisoning by and exposure to alcohol, occurrence at trade and service area |
321. |        67426006                               [X]Intentional self poisoning by and exposure to alcohol, occurrence at industrial and construction area |
322. |        67426006                                                           [X]Intentional self poisoning by and exposure to alcohol, occurrence on farm |
323. |        67426006                                          [X]Intentional self poisoning by and exposure to alcohol, occurrence at other specified place |
     |--------------------------------------------------------------------------------------------------------------------------------------------------------|
324. |        67426006                                              [X]Intentional self poisoning by and exposure to alcohol, occurrence at unspecified place |
325. |        67426006                                                                           [X]Poisoning by and exposure to alcohol, undetermined intent |
326. |        67426006                                                       [X]Poisoning by and exposure to alcohol, occurrence at home, undetermined intent |
327. |        67426006                                    [X]Poisoning by and exposure to alcohol, occurrence in residential institution, undetermined intent |
328. |        67426006   [X]Poisoning by and exposure to alcohol, occurrence at school, other institution and public administrative area, undetermined intent |
     |--------------------------------------------------------------------------------------------------------------------------------------------------------|
329. |        67426006                                  [X]Poisoning by and exposure to alcohol, occurrence at sports and athletics area, undetermined intent |
330. |        67426006                                         [X]Poisoning by and exposure to alcohol, occurrence on street and highway, undetermined intent |
331. |        67426006                                     [X]Poisoning by and exposure to alcohol, occurrence at trade and service area, undetermined intent |
332. |        67426006                           [X]Poisoning by and exposure to alcohol, occurrence at industrial and construction area, undetermined intent |
333. |        67426006                                                       [X]Poisoning by and exposure to alcohol, occurrence on farm, undetermined intent |
     |--------------------------------------------------------------------------------------------------------------------------------------------------------|
334. |        67426006                                      [X]Poisoning by and exposure to alcohol, occurrence at other specified place, undetermined intent |
335. |        67426006                                          [X]Poisoning by and exposure to alcohol, occurrence at unspecified place, undetermined intent |
360. |       445452008                                            Addiction Research Foundation CIWA-A (Clinical Institute Withdrawal Assessment for Alcohol) |
361. |          281004                                                                                                    Alcohol-induced persisting dementia |
368. |        29212009                                                                                                               Alcohol-related disorder |
     |--------------------------------------------------------------------------------------------------------------------------------------------------------|
372. |        42344001                                                                                                              Alcohol induced psychosis |
393. |       361273006                                                                                             Alcoholic cerebellar degeneration syndrome |
426. |        91388009                                                                                             Disorder due to psychoactive substance use |
432. |       228354000                                                                                                                          Drunk driving |
434. |        15167005                                                                                                                          Ethanol abuse |
     |--------------------------------------------------------------------------------------------------------------------------------------------------------|
435. |       442669008                                                                  Ethanol in blood specimen above legal threshold for operating vehicle |
436. |       160592001                                                                                                          Excessive ethanol consumption |
444. |        69482004                                                                                                                    Korsakoff psychosis |
445. |        69482004                                                                                                          Korsakov syndrome - alcoholic |
446. |        69482004                                                                                                                     Korsakov psychosis |
     |--------------------------------------------------------------------------------------------------------------------------------------------------------|
452. |        27134008                                                                                                         Poisoning by alcohol deterrent |
454. |        91388009                                                                                                 Psychoactive substance misuse disorder |
470. |        69482004                                                                                                            Wernicke-Korsakoff syndrome |
486. |       419442005                                                                                                                                Ethanol |
497. |        25702006                                                                           [X]Evid alcoh invol detrm by pres alcoh in bld levl not spec |
     |--------------------------------------------------------------------------------------------------------------------------------------------------------|
503. |        25702006                                                                                                                       Acute alcoholism |
516. |        25702006                                                                                                                                  Drunk |
526. |       419442005                                                                                                                                Ethanol |
527. |       419442005                                                                                                                          Ethyl alcohol |
529. |       419442005                                                                                                                         EtOH - Ethanol |
     |--------------------------------------------------------------------------------------------------------------------------------------------------------|
532. |       228273003                                                                                         Finding relating to alcohol drinking behaviour |
534. |        32553006                                                                                                                               Hangover |
536. |       228285006                                                                                                                           Home drinker |
594. | 335811000000106                                                                                                                  AUDIT-C questionnaire |
598. |       160573003                                                                                                                         Ethanol intake |
     +--------------------------------------------------------------------------------------------------------------------------------------------------------+

. 
. //Check new codes in the context of originally included SNOMED CT Concept ID codes
. preserve

.         keep if new_snomedct_synonym == 1
(494 observations deleted)

.         keep snomedctconceptid

.         bysort snomedctconceptid: keep if _n == 1
(87 observations deleted)

. 
.         count
  23

.         local obs = r(N)

. 
.         forvalues i = 1/`obs' {
  2.                 
.                 if `i' == 1 {
  3.                         
.                         local expanded_ids = snomedctconceptid in `i'
  4.                 }
  5.                 else {
  6.                         
.                         local expanded_ids = "`expanded_ids' " + snomedctconceptid in `i'
  7.                 }
  8.         }

. restore

. 
. foreach expanded_id of local expanded_ids {
  2.         
.         display "SNOMED CT Concept ID for which additional terms where found: `expanded_id'"
  3.         
.         list medcodeid term new_snomedct_synonym alcstatus alclevel ///
>                 if snomedctconceptid == "`expanded_id'"
  4. }
SNOMED CT Concept ID for which additional terms where found: 105542008

     +---------------------------------------------------------------------------------------+
     |        medcodeid                             term   new_sn~m     alcstatus   alclevel |
     |---------------------------------------------------------------------------------------|
  1. |        291355016                      Teetotaller          0   Non-drinker          . |
  2. |  587231000006111              Non drinker alcohol          0   Non-drinker          . |
  3. |        291352018              Non-drinker alcohol          0   Non-drinker          . |
  4. |  217461000000118                    Non - drinker          0   Non-drinker          . |
  6. | 4120321000006111                        Abstinent          1   Non-drinker          . |
     |---------------------------------------------------------------------------------------|
  8. | 4120381000006110   Current non-drinker of alcohol          0   Non-drinker          . |
  9. | 4120351000006119           Does not drink alcohol          0   Non-drinker          . |
 13. | 4120341000006116                     Never drinks          0   Non-drinker          . |
 14. | 4120371000006112            Non - drinker alcohol          0   Non-drinker          . |
     +---------------------------------------------------------------------------------------+
SNOMED CT Concept ID for which additional terms where found: 15167005

     +------------------------------------------------------------------------------------+
     |        medcodeid                 term   new_sn~m         alcstatus        alclevel |
     |------------------------------------------------------------------------------------|
 63. |  606991000000117       Alcohol misuse          0   Current drinker   Heavy drinker |
206. |  397881000006114        Alcohol abuse          0   Current drinker   Heavy drinker |
357. | 2740361000006119   AA - Alcohol abuse          0   Current drinker   Heavy drinker |
434. | 2740351000006116        Ethanol abuse          1   Current drinker   Heavy drinker |
     +------------------------------------------------------------------------------------+
SNOMED CT Concept ID for which additional terms where found: 160573003

     +-----------------------------------------------------------------------------+
     |        medcodeid                      term   new_sn~m   alcsta~s   alclevel |
     |-----------------------------------------------------------------------------|
544. |       1221271018       Alcohol consumption          0          .          . |
547. |  476411000006118   Alcohol consumption NOS          0          .          . |
578. | 4533151000006116       AI - Alcohol intake          0          .          . |
581. | 4533141000006118            Alcohol intake          0          .          . |
582. | 4533191000006110    Alcoholic drink intake          0          .          . |
     |-----------------------------------------------------------------------------|
598. | 4533161000006119            Ethanol intake          1          .          . |
599. | 4533171000006114     ETOH - Alcohol intake          0          .          . |
     +-----------------------------------------------------------------------------+
SNOMED CT Concept ID for which additional terms where found: 160592001

     +------------------------------------------------------------------------------------------------------------------+
     |        medcodeid                                               term   new_sn~m         alcstatus        alclevel |
     |------------------------------------------------------------------------------------------------------------------|
 57. |        250335018   Alcohol intake above recommended sensible limits          0   Current drinker   Heavy drinker |
436. | 4533431000006118                      Excessive ethanol consumption          1   Current drinker   Heavy drinker |
437. | 4533451000006113                      Excessive alcohol consumption          0   Current drinker   Heavy drinker |
438. | 4533461000006110                              Excessive alcohol use          0   Current drinker   Heavy drinker |
472. | 4533441000006111                 XS - Excessive alcohol consumption          0   Current drinker   Heavy drinker |
     +------------------------------------------------------------------------------------------------------------------+
SNOMED CT Concept ID for which additional terms where found: 228273003

     +-----------------------------------------------------------------------------------------------------------+
     |        medcodeid                                             term   new_sn~m         alcstatus   alclevel |
     |-----------------------------------------------------------------------------------------------------------|
506. | 4977891000006117                       Alcohol drinking behaviour          0   Current drinker          . |
507. | 4977901000006118                        Alcohol drinking behavior          0   Current drinker          . |
532. | 4977871000006118   Finding relating to alcohol drinking behaviour          1   Current drinker          . |
     +-----------------------------------------------------------------------------------------------------------+
SNOMED CT Concept ID for which additional terms where found: 228285006

     +---------------------------------------------------------------------------+
     |        medcodeid             term   new_sn~m         alcstatus   alclevel |
     |---------------------------------------------------------------------------|
518. | 4978121000006114   Drinks at home          0   Current drinker          . |
536. | 4978131000006112     Home drinker          1   Current drinker          . |
     +---------------------------------------------------------------------------+
SNOMED CT Concept ID for which additional terms where found: 228354000

     +-------------------------------------------------------------------------------+
     |        medcodeid            term   new_sn~m         alcstatus        alclevel |
     |-------------------------------------------------------------------------------|
431. | 4978911000006116   Drink driving          0   Current drinker   Heavy drinker |
432. | 4978921000006112   Drunk driving          1   Current drinker   Heavy drinker |
     +-------------------------------------------------------------------------------+
SNOMED CT Concept ID for which additional terms where found: 25702006

     +------------------------------------------------------------------------------------------------------------------------------+
     |        medcodeid                                                           term   new_sn~m         alcstatus        alclevel |
     |------------------------------------------------------------------------------------------------------------------------------|
147. |  769451000006111                                         Intoxication - alcohol          0   Current drinker   Heavy drinker |
204. |  397611000006115   [X]Mental & behav dis due to use alcohol: acute intoxication          0   Current drinker   Heavy drinker |
205. |  362251000006117                                           Alcohol intoxication          0   Current drinker   Heavy drinker |
343. |  380011000006110   [X]Evid alcoh invol determ by levl of intox mild alcoh intox          0   Current drinker   Heavy drinker |
344. |  379991000006118   [X]Evid alcoh invol determ by level of intox mod alcoh intox          0   Current drinker   Heavy drinker |
     |------------------------------------------------------------------------------------------------------------------------------|
345. |  380001000006112   [X]Evid alcoh invol determ by level of intox sev alcoh intox          0   Current drinker   Heavy drinker |
346. |  379981000006116   [X]Evid alcoh invl determ by levl intox very sev alcoh intox          0   Current drinker   Heavy drinker |
359. | 2911291000006114                                     Acute alcohol intoxication          0   Current drinker   Heavy drinker |
487. |        346931015                                                    Drunkenness          0   Current drinker               . |
489. |        346930019                                                  Inebriety NOS          0   Current drinker               . |
     |------------------------------------------------------------------------------------------------------------------------------|
497. |  380021000006119   [X]Evid alcoh invol detrm by pres alcoh in bld levl not spec          1   Current drinker               . |
498. |  380031000006116   [X]Evid of alcohol involv determind by level of intoxication          0   Current drinker               . |
499. |  379971000006119   [X]Evid alch invl detrm by levl intox alch invl not oth spec          0   Current drinker               . |
503. | 2911271000006113                                               Acute alcoholism          1   Current drinker               . |
516. | 2911301000006110                                                          Drunk          1   Current drinker               . |
     +------------------------------------------------------------------------------------------------------------------------------+
SNOMED CT Concept ID for which additional terms where found: 27134008

     +------------------------------------------------------------------------------------------------+
     |        medcodeid                             term   new_sn~m         alcstatus        alclevel |
     |------------------------------------------------------------------------------------------------|
301. |       1225183017      Alcohol deterrent poisoning          0   Current drinker   Heavy drinker |
452. | 2934661000006111   Poisoning by alcohol deterrent          1   Current drinker   Heavy drinker |
     +------------------------------------------------------------------------------------------------+
SNOMED CT Concept ID for which additional terms where found: 281004

     +-----------------------------------------------------------------------------------------------------+
     |        medcodeid                                  term   new_sn~m         alcstatus        alclevel |
     |-----------------------------------------------------------------------------------------------------|
117. |        401760017              Other alcoholic dementia          0   Current drinker   Heavy drinker |
118. |        346929012                    Alcoholic dementia          0   Current drinker   Heavy drinker |
222. |  362941000006113             [X]Alcoholic dementia NOS          0   Current drinker   Heavy drinker |
361. | 2502981000006117   Alcohol-induced persisting dementia          1   Current drinker   Heavy drinker |
420. | 2502971000006115   Dementia associated with alcoholism          0   Current drinker   Heavy drinker |
     +-----------------------------------------------------------------------------------------------------+
SNOMED CT Concept ID for which additional terms where found: 29212009

     +----------------------------------------------------------------------------------------------------------------------------+
     |        medcodeid                                                         term   new_sn~m         alcstatus        alclevel |
     |----------------------------------------------------------------------------------------------------------------------------|
203. |        295765017                      Alcohol-induced organic mental disorder          0   Current drinker   Heavy drinker |
225. |  397241000006119   [X]Men & behav dis due to use alcohol: oth men & behav dis          0   Current drinker   Heavy drinker |
368. | 2969641000006116                                     Alcohol-related disorder          1   Current drinker   Heavy drinker |
     +----------------------------------------------------------------------------------------------------------------------------+
SNOMED CT Concept ID for which additional terms where found: 32553006

     +----------------------------------------------------------------------------------+
     |        medcodeid                    term   new_sn~m         alcstatus   alclevel |
     |----------------------------------------------------------------------------------|
488. |  223671000000110   Hangover from alcohol          0   Current drinker          . |
534. | 3024491000006118                Hangover          1   Current drinker          . |
     +----------------------------------------------------------------------------------+
SNOMED CT Concept ID for which additional terms where found: 335811000000106

     +-------------------------------------------------------------------------------------------------------------------------+
     |         medcodeid                                                                 term   new_sn~m   alcsta~s   alclevel |
     |-------------------------------------------------------------------------------------------------------------------------|
568. | 11928751000006111   Alcohol use disorder identification test consumption questionnaire          0          .          . |
594. |  8107561000006116                                                AUDIT-C questionnaire          1          .          . |
     +-------------------------------------------------------------------------------------------------------------------------+
SNOMED CT Concept ID for which additional terms where found: 361273006

     +------------------------------------------------------------------------------------------------------------+
     |        medcodeid                                         term   new_sn~m         alcstatus        alclevel |
     |------------------------------------------------------------------------------------------------------------|
392. | 6221531000006118            Alcoholic cerebellar degeneration          0   Current drinker   Heavy drinker |
393. | 6221541000006111   Alcoholic cerebellar degeneration syndrome          1   Current drinker   Heavy drinker |
     +------------------------------------------------------------------------------------------------------------+
SNOMED CT Concept ID for which additional terms where found: 371422002

     +------------------------------------------------------------------------------------------------------------+
     |         medcodeid                                                  term   new_sn~m    alcstatus   alclevel |
     |------------------------------------------------------------------------------------------------------------|
 23. |   497451000000119                           History of substance misuse          1   Ex-drinker          . |
 30. |         460276013                     [V]Personal history of alcoholism          0   Ex-drinker          . |
 31. |   346501000006111                            History of substance abuse          1   Ex-drinker          . |
 32. |         460277016   [V]Personal history of psychoactive substance abuse          1   Ex-drinker          . |
 33. | 12703401000006113                            History of substance abuse          1   Ex-drinker          . |
     +------------------------------------------------------------------------------------------------------------+
SNOMED CT Concept ID for which additional terms where found: 419442005

     +---------------------------------------------------------------------------+
     |        medcodeid             term   new_sn~m         alcstatus   alclevel |
     |---------------------------------------------------------------------------|
486. |  419221000033114          Ethanol          1   Current drinker          . |
526. | 6937391000006117          Ethanol          1   Current drinker          . |
527. | 6937401000006115    Ethyl alcohol          1   Current drinker          . |
528. | 6937411000006117   EtOH - Alcohol          0   Current drinker          . |
529. | 6937421000006113   EtOH - Ethanol          1   Current drinker          . |
     +---------------------------------------------------------------------------+
SNOMED CT Concept ID for which additional terms where found: 42344001

     +------------------------------------------------------------------------------------------------------------------------------+
     |        medcodeid                                                           term   new_sn~m         alcstatus        alclevel |
     |------------------------------------------------------------------------------------------------------------------------------|
108. |  476741000006111                                      Alcohol-induced psychosis          0   Current drinker   Heavy drinker |
124. |        294673012                                      Other alcoholic psychosis          0   Current drinker   Heavy drinker |
127. |        294675017                                  Other alcoholic psychosis NOS          0   Current drinker   Heavy drinker |
128. |        294676016                                        Alcoholic psychosis NOS          0   Current drinker   Heavy drinker |
214. |  397621000006111                                      Alcohol-induced psychosis          0   Current drinker   Heavy drinker |
     |------------------------------------------------------------------------------------------------------------------------------|
216. |  362961000006112                                          [X]Alcoholic jealousy          0   Current drinker   Heavy drinker |
217. |  362971000006117                                          [X]Alcoholic paranoia          0   Current drinker   Heavy drinker |
218. |  362981000006119                                     [X]Alcoholic psychosis NOS          0   Current drinker   Heavy drinker |
221. |  397201000006116   [X]Men & behav dis due alcoh: resid & late-onset psychot dis          0   Current drinker   Heavy drinker |
372. | 3182591000006114                                      Alcohol induced psychosis          1   Current drinker   Heavy drinker |
     +------------------------------------------------------------------------------------------------------------------------------+
SNOMED CT Concept ID for which additional terms where found: 442669008

     +---------------------------------------------------------------------------------------------------------------------------------------+
     |        medcodeid                                                                    term   new_sn~m         alcstatus        alclevel |
     |---------------------------------------------------------------------------------------------------------------------------------------|
338. |  380121000006118             [X]Eviden of alcohl involv blood alcohl level 80-99mg/100ml          0   Current drinker   Heavy drinker |
339. |  380051000006111             [X]Eviden of alcoh involv blood alcoh level 100-119mg/100ml          0   Current drinker   Heavy drinker |
340. |  380061000006113             [X]Eviden of alcoh involv blood alcoh level 120-199mg/100ml          0   Current drinker   Heavy drinker |
341. |  380071000006118             [X]Eviden of alcoh involv blood alcoh level 200-239mg/100ml          0   Current drinker   Heavy drinker |
342. |  380041000006114            [X]Eviden alcoh involv blood alcoh level 240mg/100ml or more          0   Current drinker   Heavy drinker |
     |---------------------------------------------------------------------------------------------------------------------------------------|
435. | 7266731000006111   Ethanol in blood specimen above legal threshold for operating vehicle          1   Current drinker   Heavy drinker |
     +---------------------------------------------------------------------------------------------------------------------------------------+
SNOMED CT Concept ID for which additional terms where found: 445452008

     +-------------------------------------------------------------------------------------------------------------------------------------------------------------+
     |        medcodeid                                                                                          term   new_sn~m         alcstatus        alclevel |
     |-------------------------------------------------------------------------------------------------------------------------------------------------------------|
 73. | 1901211000006117            Addiction Research Foundation Clinical Institute Withdrawal Assessment for Alcohol          0   Current drinker   Heavy drinker |
360. | 7308391000006116   Addiction Research Foundation CIWA-A (Clinical Institute Withdrawal Assessment for Alcohol)          1   Current drinker   Heavy drinker |
     +-------------------------------------------------------------------------------------------------------------------------------------------------------------+
SNOMED CT Concept ID for which additional terms where found: 67426006

     +-------------------------------------------------------------------------------------------------------------------------------------------------------------------+
302. |       medcodeid |                                                                                                                                 term | new_sn~m |
     |       500729017 |                                                                                                         Alcohol causing toxic effect |        0 |
     |-------------------------------------------------------------------------------------------------------------------------------------------------------------------|
     |                                       alcstatus                                  |                                      alclevel                                  |
     |                                 Current drinker                                  |                                 Heavy drinker                                  |
     +-------------------------------------------------------------------------------------------------------------------------------------------------------------------+

     +-------------------------------------------------------------------------------------------------------------------------------------------------------------------+
303. |       medcodeid |                                                                                                                                 term | new_sn~m |
     | 991151000006114 |                                                                                                           Alcohol NOS - toxic effect |        0 |
     |-------------------------------------------------------------------------------------------------------------------------------------------------------------------|
     |                                       alcstatus                                  |                                      alclevel                                  |
     |                                 Current drinker                                  |                                 Heavy drinker                                  |
     +-------------------------------------------------------------------------------------------------------------------------------------------------------------------+

     +-------------------------------------------------------------------------------------------------------------------------------------------------------------------+
304. |       medcodeid |                                                                                                                                 term | new_sn~m |
     | 899411000006110 |                                                                                                             Toxic effects of alcohol |        0 |
     |-------------------------------------------------------------------------------------------------------------------------------------------------------------------|
     |                                       alcstatus                                  |                                      alclevel                                  |
     |                                 Current drinker                                  |                                 Heavy drinker                                  |
     +-------------------------------------------------------------------------------------------------------------------------------------------------------------------+

     +-------------------------------------------------------------------------------------------------------------------------------------------------------------------+
309. |       medcodeid |                                                                                                                                 term | new_sn~m |
     |       324488015 |                                                                                                   Other alcohol causing toxic effect |        1 |
     |-------------------------------------------------------------------------------------------------------------------------------------------------------------------|
     |                                       alcstatus                                  |                                      alclevel                                  |
     |                                 Current drinker                                  |                                 Heavy drinker                                  |
     +-------------------------------------------------------------------------------------------------------------------------------------------------------------------+

     +-------------------------------------------------------------------------------------------------------------------------------------------------------------------+
310. |       medcodeid |                                                                                                                                 term | new_sn~m |
     |       324489011 |                                                                                                     Alcohol causing toxic effect NOS |        1 |
     |-------------------------------------------------------------------------------------------------------------------------------------------------------------------|
     |                                       alcstatus                                  |                                      alclevel                                  |
     |                                 Current drinker                                  |                                 Heavy drinker                                  |
     +-------------------------------------------------------------------------------------------------------------------------------------------------------------------+

     +-------------------------------------------------------------------------------------------------------------------------------------------------------------------+
312. |       medcodeid |                                                                                                                                 term | new_sn~m |
     |       325596018 |                                                                                                              Toxic effect of alcohol |        1 |
     |-------------------------------------------------------------------------------------------------------------------------------------------------------------------|
     |                                       alcstatus                                  |                                      alclevel                                  |
     |                                 Current drinker                                  |                                 Heavy drinker                                  |
     +-------------------------------------------------------------------------------------------------------------------------------------------------------------------+

     +-------------------------------------------------------------------------------------------------------------------------------------------------------------------+
315. |       medcodeid |                                                                                                                                 term | new_sn~m |
     | 391941000006118 |                                                         [X]Intentional self poisoning by and exposure to alcohol, occurrence at home |        1 |
     |-------------------------------------------------------------------------------------------------------------------------------------------------------------------|
     |                                       alcstatus                                  |                                      alclevel                                  |
     |                                 Current drinker                                  |                                 Heavy drinker                                  |
     +-------------------------------------------------------------------------------------------------------------------------------------------------------------------+

     +-------------------------------------------------------------------------------------------------------------------------------------------------------------------+
316. |       medcodeid |                                                                                                                                 term | new_sn~m |
     | 393591000006118 |                                      [X]Intentional self poisoning by and exposure to alcohol, occurrence in residential institution |        1 |
     |-------------------------------------------------------------------------------------------------------------------------------------------------------------------|
     |                                       alcstatus                                  |                                      alclevel                                  |
     |                                 Current drinker                                  |                                 Heavy drinker                                  |
     +-------------------------------------------------------------------------------------------------------------------------------------------------------------------+

     +-------------------------------------------------------------------------------------------------------------------------------------------------------------------+
317. |       medcodeid |                                                                                                                                 term | new_sn~m |
     | 391521000006119 |     [X]Intentional self poisoning by and exposure to alcohol, occurrence at school, other institution and public administrative area |        1 |
     |-------------------------------------------------------------------------------------------------------------------------------------------------------------------|
     |                                       alcstatus                                  |                                      alclevel                                  |
     |                                 Current drinker                                  |                                 Heavy drinker                                  |
     +-------------------------------------------------------------------------------------------------------------------------------------------------------------------+

     +-------------------------------------------------------------------------------------------------------------------------------------------------------------------+
318. |       medcodeid |                                                                                                                                 term | new_sn~m |
     | 391501000006112 |                                    [X]Intentional self poisoning by and exposure to alcohol, occurrence at sports and athletics area |        1 |
     |-------------------------------------------------------------------------------------------------------------------------------------------------------------------|
     |                                       alcstatus                                  |                                      alclevel                                  |
     |                                 Current drinker                                  |                                 Heavy drinker                                  |
     +-------------------------------------------------------------------------------------------------------------------------------------------------------------------+

     +-------------------------------------------------------------------------------------------------------------------------------------------------------------------+
319. |       medcodeid |                                                                                                                                 term | new_sn~m |
     | 393311000006117 |                                           [X]Intentional self poisoning by and exposure to alcohol, occurrence on street and highway |        1 |
     |-------------------------------------------------------------------------------------------------------------------------------------------------------------------|
     |                                       alcstatus                                  |                                      alclevel                                  |
     |                                 Current drinker                                  |                                 Heavy drinker                                  |
     +-------------------------------------------------------------------------------------------------------------------------------------------------------------------+

     +-------------------------------------------------------------------------------------------------------------------------------------------------------------------+
320. |       medcodeid |                                                                                                                                 term | new_sn~m |
     | 393321000006113 |                                       [X]Intentional self poisoning by and exposure to alcohol, occurrence at trade and service area |        1 |
     |-------------------------------------------------------------------------------------------------------------------------------------------------------------------|
     |                                       alcstatus                                  |                                      alclevel                                  |
     |                                 Current drinker                                  |                                 Heavy drinker                                  |
     +-------------------------------------------------------------------------------------------------------------------------------------------------------------------+

     +-------------------------------------------------------------------------------------------------------------------------------------------------------------------+
321. |       medcodeid |                                                                                                                                 term | new_sn~m |
     | 391351000006115 |                             [X]Intentional self poisoning by and exposure to alcohol, occurrence at industrial and construction area |        1 |
     |-------------------------------------------------------------------------------------------------------------------------------------------------------------------|
     |                                       alcstatus                                  |                                      alclevel                                  |
     |                                 Current drinker                                  |                                 Heavy drinker                                  |
     +-------------------------------------------------------------------------------------------------------------------------------------------------------------------+

     +-------------------------------------------------------------------------------------------------------------------------------------------------------------------+
322. |       medcodeid |                                                                                                                                 term | new_sn~m |
     | 391951000006116 |                                                         [X]Intentional self poisoning by and exposure to alcohol, occurrence on farm |        1 |
     |-------------------------------------------------------------------------------------------------------------------------------------------------------------------|
     |                                       alcstatus                                  |                                      alclevel                                  |
     |                                 Current drinker                                  |                                 Heavy drinker                                  |
     +-------------------------------------------------------------------------------------------------------------------------------------------------------------------+

     +-------------------------------------------------------------------------------------------------------------------------------------------------------------------+
323. |       medcodeid |                                                                                                                                 term | new_sn~m |
     | 391511000006110 |                                        [X]Intentional self poisoning by and exposure to alcohol, occurrence at other specified place |        1 |
     |-------------------------------------------------------------------------------------------------------------------------------------------------------------------|
     |                                       alcstatus                                  |                                      alclevel                                  |
     |                                 Current drinker                                  |                                 Heavy drinker                                  |
     +-------------------------------------------------------------------------------------------------------------------------------------------------------------------+

     +-------------------------------------------------------------------------------------------------------------------------------------------------------------------+
324. |       medcodeid |                                                                                                                                 term | new_sn~m |
     | 393601000006114 |                                            [X]Intentional self poisoning by and exposure to alcohol, occurrence at unspecified place |        1 |
     |-------------------------------------------------------------------------------------------------------------------------------------------------------------------|
     |                                       alcstatus                                  |                                      alclevel                                  |
     |                                 Current drinker                                  |                                 Heavy drinker                                  |
     +-------------------------------------------------------------------------------------------------------------------------------------------------------------------+

     +-------------------------------------------------------------------------------------------------------------------------------------------------------------------+
325. |       medcodeid |                                                                                                                                 term | new_sn~m |
     | 422801000006118 |                                                                         [X]Poisoning by and exposure to alcohol, undetermined intent |        1 |
     |-------------------------------------------------------------------------------------------------------------------------------------------------------------------|
     |                                       alcstatus                                  |                                      alclevel                                  |
     |                                 Current drinker                                  |                                 Heavy drinker                                  |
     +-------------------------------------------------------------------------------------------------------------------------------------------------------------------+

     +-------------------------------------------------------------------------------------------------------------------------------------------------------------------+
326. |       medcodeid |                                                                                                                                 term | new_sn~m |
     | 422121000006117 |                                                     [X]Poisoning by and exposure to alcohol, occurrence at home, undetermined intent |        1 |
     |-------------------------------------------------------------------------------------------------------------------------------------------------------------------|
     |                                       alcstatus                                  |                                      alclevel                                  |
     |                                 Current drinker                                  |                                 Heavy drinker                                  |
     +-------------------------------------------------------------------------------------------------------------------------------------------------------------------+

     +-------------------------------------------------------------------------------------------------------------------------------------------------------------------+
327. |       medcodeid |                                                                                                                                 term | new_sn~m |
     | 421791000006112 |                                  [X]Poisoning by and exposure to alcohol, occurrence in residential institution, undetermined intent |        1 |
     |-------------------------------------------------------------------------------------------------------------------------------------------------------------------|
     |                                       alcstatus                                  |                                      alclevel                                  |
     |                                 Current drinker                                  |                                 Heavy drinker                                  |
     +-------------------------------------------------------------------------------------------------------------------------------------------------------------------+

     +-------------------------------------------------------------------------------------------------------------------------------------------------------------------+
328. |       medcodeid |                                                                                                                                 term | new_sn~m |
     | 420991000006116 | [X]Poisoning by and exposure to alcohol, occurrence at school, other institution and public administrative area, undetermined intent |        1 |
     |-------------------------------------------------------------------------------------------------------------------------------------------------------------------|
     |                                       alcstatus                                  |                                      alclevel                                  |
     |                                 Current drinker                                  |                                 Heavy drinker                                  |
     +-------------------------------------------------------------------------------------------------------------------------------------------------------------------+

     +-------------------------------------------------------------------------------------------------------------------------------------------------------------------+
329. |       medcodeid |                                                                                                                                 term | new_sn~m |
     | 420981000006119 |                                [X]Poisoning by and exposure to alcohol, occurrence at sports and athletics area, undetermined intent |        1 |
     |-------------------------------------------------------------------------------------------------------------------------------------------------------------------|
     |                                       alcstatus                                  |                                      alclevel                                  |
     |                                 Current drinker                                  |                                 Heavy drinker                                  |
     +-------------------------------------------------------------------------------------------------------------------------------------------------------------------+

     +-------------------------------------------------------------------------------------------------------------------------------------------------------------------+
330. |       medcodeid |                                                                                                                                 term | new_sn~m |
     | 421521000006118 |                                       [X]Poisoning by and exposure to alcohol, occurrence on street and highway, undetermined intent |        1 |
     |-------------------------------------------------------------------------------------------------------------------------------------------------------------------|
     |                                       alcstatus                                  |                                      alclevel                                  |
     |                                 Current drinker                                  |                                 Heavy drinker                                  |
     +-------------------------------------------------------------------------------------------------------------------------------------------------------------------+

     +-------------------------------------------------------------------------------------------------------------------------------------------------------------------+
331. |       medcodeid |                                                                                                                                 term | new_sn~m |
     | 421531000006115 |                                   [X]Poisoning by and exposure to alcohol, occurrence at trade and service area, undetermined intent |        1 |
     |-------------------------------------------------------------------------------------------------------------------------------------------------------------------|
     |                                       alcstatus                                  |                                      alclevel                                  |
     |                                 Current drinker                                  |                                 Heavy drinker                                  |
     +-------------------------------------------------------------------------------------------------------------------------------------------------------------------+

     +-------------------------------------------------------------------------------------------------------------------------------------------------------------------+
332. |       medcodeid |                                                                                                                                 term | new_sn~m |
     | 422381000006116 |                         [X]Poisoning by and exposure to alcohol, occurrence at industrial and construction area, undetermined intent |        1 |
     |-------------------------------------------------------------------------------------------------------------------------------------------------------------------|
     |                                       alcstatus                                  |                                      alclevel                                  |
     |                                 Current drinker                                  |                                 Heavy drinker                                  |
     +-------------------------------------------------------------------------------------------------------------------------------------------------------------------+

     +-------------------------------------------------------------------------------------------------------------------------------------------------------------------+
333. |       medcodeid |                                                                                                                                 term | new_sn~m |
     | 422131000006119 |                                                     [X]Poisoning by and exposure to alcohol, occurrence on farm, undetermined intent |        1 |
     |-------------------------------------------------------------------------------------------------------------------------------------------------------------------|
     |                                       alcstatus                                  |                                      alclevel                                  |
     |                                 Current drinker                                  |                                 Heavy drinker                                  |
     +-------------------------------------------------------------------------------------------------------------------------------------------------------------------+

     +-------------------------------------------------------------------------------------------------------------------------------------------------------------------+
334. |       medcodeid |                                                                                                                                 term | new_sn~m |
     | 421381000006110 |                                    [X]Poisoning by and exposure to alcohol, occurrence at other specified place, undetermined intent |        1 |
     |-------------------------------------------------------------------------------------------------------------------------------------------------------------------|
     |                                       alcstatus                                  |                                      alclevel                                  |
     |                                 Current drinker                                  |                                 Heavy drinker                                  |
     +-------------------------------------------------------------------------------------------------------------------------------------------------------------------+

     +-------------------------------------------------------------------------------------------------------------------------------------------------------------------+
335. |       medcodeid |                                                                                                                                 term | new_sn~m |
     | 421801000006113 |                                        [X]Poisoning by and exposure to alcohol, occurrence at unspecified place, undetermined intent |        1 |
     |-------------------------------------------------------------------------------------------------------------------------------------------------------------------|
     |                                       alcstatus                                  |                                      alclevel                                  |
     |                                 Current drinker                                  |                                 Heavy drinker                                  |
     +-------------------------------------------------------------------------------------------------------------------------------------------------------------------+
SNOMED CT Concept ID for which additional terms where found: 69482004

     +-------------------------------------------------------------------------------------------------+
     |        medcodeid                              term   new_sn~m         alcstatus        alclevel |
     |-------------------------------------------------------------------------------------------------|
112. |  476361000006114         Alcohol amnestic syndrome          0   Current drinker   Heavy drinker |
113. |  753331000006118      Korsakov alcoholic psychosis          0   Current drinker   Heavy drinker |
115. |        501294012        Wernicke-Korsakov syndrome          0   Current drinker   Heavy drinker |
220. |  394681000006119             Korsakoff's psychosis          0   Current drinker   Heavy drinker |
376. | 3630171000006111       Alcoholic amnestic syndrome          0   Current drinker   Heavy drinker |
     |-------------------------------------------------------------------------------------------------|
409. | 3630161000006116   Amnesic syndrome due to alcohol          0   Current drinker   Heavy drinker |
444. | 3630121000006110               Korsakoff psychosis          1   Current drinker   Heavy drinker |
445. | 3630141000006115     Korsakov syndrome - alcoholic          1   Current drinker   Heavy drinker |
446. | 3630151000006118                Korsakov psychosis          1   Current drinker   Heavy drinker |
470. | 3630091000006111       Wernicke-Korsakoff syndrome          1   Current drinker   Heavy drinker |
     +-------------------------------------------------------------------------------------------------+
SNOMED CT Concept ID for which additional terms where found: 82782008

     +--------------------------------------------------------------------------------------------------------+
     |        medcodeid                                     term   new_sn~m         alcstatus        alclevel |
     |--------------------------------------------------------------------------------------------------------|
305. |  649311000006115            Toxic effect of ethyl alcohol          1   Current drinker   Heavy drinker |
306. |  899421000006119             Ethyl alcohol - toxic effect          1   Current drinker   Heavy drinker |
307. |       1234742013             Ethanol causing toxic effect          1   Current drinker   Heavy drinker |
308. |        324467012   Ethyl alcohol causing toxic effect NOS          1   Current drinker   Heavy drinker |
377. | 3846821000006114                        Alcohol poisoning          0   Current drinker   Heavy drinker |
     +--------------------------------------------------------------------------------------------------------+
SNOMED CT Concept ID for which additional terms where found: 91388009

     +-----------------------------------------------------------------------------------------------------------------------------------------------------------------+
     |        medcodeid                                                                                              term   new_sn~m         alcstatus        alclevel |
     |-----------------------------------------------------------------------------------------------------------------------------------------------------------------|
226. |  397431000006111                                        [X]Ment & behav dis due use alcohol: unsp ment & behav dis          0   Current drinker   Heavy drinker |
227. |  397231000006112                                      [X]Men & behav dis due opioid: withdrawl state with delirium          1   Current drinker   Heavy drinker |
228. |  397921000006118                                      [X]Mental and behav dis due to use opioids: amnesic syndrome          1   Current drinker   Heavy drinker |
229. |  397451000006116                                        [X]Ment & behav dis due use opioids: unsp ment & behav dis          1   Current drinker   Heavy drinker |
230. |  397821000006110                                      [X]Mental and behav dis due to use cannabinoids: amnesic syn          1   Current drinker   Heavy drinker |
     |-----------------------------------------------------------------------------------------------------------------------------------------------------------------|
231. |  398691000006112                                      [X]Mnt/bh dis due cannabinds: resid & late-onset psychot dis          1   Current drinker   Heavy drinker |
232. |  398111000006111                                         [X]Mental and behavioural dis due use sedatives/hypnotics          1   Current drinker   Heavy drinker |
233. |  397571000006113                                        [X]Mental & behav dis due seds/hypntcs: acute intoxication          1   Current drinker   Heavy drinker |
234. |  397961000006112                                      [X]Mental and behav dis due to use seds/hypntcs: harmful use          1   Current drinker   Heavy drinker |
235. |  397751000006112                                        [X]Mental and behav dis due seds/hypntcs: withdrawal state          1   Current drinker   Heavy drinker |
     |-----------------------------------------------------------------------------------------------------------------------------------------------------------------|
236. |  397171000006115                                      [X]Men & beh dis due seds/hypns: withdrwl state wth delirium          1   Current drinker   Heavy drinker |
237. |  397951000006110                                      [X]Mental and behav dis due to use seds/hypntcs: amnesic syn          1   Current drinker   Heavy drinker |
238. |  398711000006110                                      [X]Mnt/bh dis due seds/hypns: resid & late-onset psychot dis          1   Current drinker   Heavy drinker |
239. |  397341000006114                                      [X]Men/behav dis due to use seds/hypntcs: oth men/behav disd          1   Current drinker   Heavy drinker |
240. |  397521000006112                                      [X]Ment/behav dis due use seds/hypntcs: unsp ment/behav disd          1   Current drinker   Heavy drinker |
     |-----------------------------------------------------------------------------------------------------------------------------------------------------------------|
241. |  397631000006114                                      [X]Mental & behav dis due to use cocaine: acute intoxication          1   Current drinker   Heavy drinker |
242. |  397861000006116                                      [X]Mental and behav dis due to use cocaine: withdrawal state          1   Current drinker   Heavy drinker |
243. |  397221000006114                                      [X]Men & behav dis due cocaine: withdrawl state wth delirium          1   Current drinker   Heavy drinker |
244. |  397841000006115                                      [X]Mental and behav dis due to use cocaine: amnesic syndrome          1   Current drinker   Heavy drinker |
245. |  397141000006111                                      [X]Men & beh dis due cocaine: resid & late-onset psychot dis          1   Current drinker   Heavy drinker |
     |-----------------------------------------------------------------------------------------------------------------------------------------------------------------|
246. |  397441000006118                                        [X]Ment & behav dis due use cocaine: unsp ment & behav dis          1   Current drinker   Heavy drinker |
247. |  397711000006111            [X]Mental and behavioural disorders due to use of other stimulants, including caffeine          1   Current drinker   Heavy drinker |
248. |  397491000006110                                      [X]Ment/behav dis due to use oth stims inc caff: harmful use          1   Current drinker   Heavy drinker |
249. |  398081000006117                                      [X]Mental and behav dis oth stim inc caffein: dependnce synd          1   Current drinker   Heavy drinker |
250. |  398681000006114                                      [X]Mnt/behav dis other stimlnts inc caffeine: withdrwl state          1   Current drinker   Heavy drinker |
     |-----------------------------------------------------------------------------------------------------------------------------------------------------------------|
251. |  398731000006116                                      [X]Mnt/bh dis oth stims inc caffne: withdr state wt delirium          1   Current drinker   Heavy drinker |
252. |  398091000006119                                       [X]Mental and behav dis oth stims inc caffeine: amnesic syn          1   Current drinker   Heavy drinker |
253. |  398161000006114                                      [X]Mental and behavioural disorders due to use hallucinogens          1   Current drinker   Heavy drinker |
254. |  397561000006118                                         [X]Mental & behav dis due hallucinogens: acute intoxicatn          1   Current drinker   Heavy drinker |
255. |  397871000006111                                      [X]Mental and behav dis due to use hallucinogens: harmfl use          1   Current drinker   Heavy drinker |
     |-----------------------------------------------------------------------------------------------------------------------------------------------------------------|
256. |  397741000006110                 [X]Mental and behavioural disorders due to use of hallucinogens: withdrawal state          1   Current drinker   Heavy drinker |
257. |  397151000006113   [X]Mental and behavioural disorders due to use of hallucinogens: withdrawal state with delirium          1   Current drinker   Heavy drinker |
258. |  398021000006116                                      [X]Mental and behav dis due use hallucinogens: amnesic syndr          1   Current drinker   Heavy drinker |
259. |  398701000006112                                      [X]Mnt/bh dis due hallucngns: resid & late-onset psychot dis          1   Current drinker   Heavy drinker |
260. |  423031000006112                                                          [X]Post hallucinogen perception disorder          1   Current drinker   Heavy drinker |
     |-----------------------------------------------------------------------------------------------------------------------------------------------------------------|
261. |  397331000006116                                      [X]Men/behav dis due to use hallucinogens: oth men/behav dis          1   Current drinker   Heavy drinker |
262. |  397511000006116                                      [X]Ment/behav dis due use hallucinogens: unsp ment/behav dis          1   Current drinker   Heavy drinker |
263. |  398041000006111                                        [X]Mental and behav dis due volatile solvents: harmful use          1   Current drinker   Heavy drinker |
264. |  398011000006112                                      [X]Mental and behav dis due to vol solvents: dependence synd          1   Current drinker   Heavy drinker |
265. |  398001000006114                                      [X]Mental and behav dis due to use vol solvents: amnesic syn          1   Current drinker   Heavy drinker |
     |-----------------------------------------------------------------------------------------------------------------------------------------------------------------|
266. |  398751000006111                                      [X]Mnt/bh dis vol solvents: resid & late-onset psychotic dis          1   Current drinker   Heavy drinker |
267. |  397351000006111                                      [X]Men/behav dis due to use vol solvents: oth men/behav disd          1   Current drinker   Heavy drinker |
268. |  397531000006110                                       [X]Ment/behav dis due use vol solvents: unsp ment/behav dis          1   Current drinker   Heavy drinker |
269. |  398271000006114                                      [X]Mental/behav dis multi drg use/psychoac subs: acute intox          1   Current drinker   Heavy drinker |
270. |  398061000006110                                      [X]Mental and behav dis mlti/oth psych sbs: dependence syndr          1   Current drinker   Heavy drinker |
     |-----------------------------------------------------------------------------------------------------------------------------------------------------------------|
271. |  398071000006115                                      [X]Mental and behav dis mlti/oth psychoa sbs: withdrwl state          1   Current drinker   Heavy drinker |
272. |  398721000006119                                      [X]Mnt/bh dis mlti drg use/oth psy sbs: wthdr state + dlrium          1   Current drinker   Heavy drinker |
273. |  397311000006110                                       [X]Men/beh dis mlt drg use/oth subs: resid/late psychot dis          1   Current drinker   Heavy drinker |
274. |  397301000006112                                       [X]Men/beh dis mlt drg use/oth psy sbs: oth men & behav dis          1   Current drinker   Heavy drinker |
275. |  397471000006114                                                                      Psychoactive substance abuse          1   Current drinker   Heavy drinker |
     |-----------------------------------------------------------------------------------------------------------------------------------------------------------------|
426. | 3984641000006113                                                        Disorder due to psychoactive substance use          1   Current drinker   Heavy drinker |
454. | 3984651000006110                                                            Psychoactive substance misuse disorder          1   Current drinker   Heavy drinker |
     +-----------------------------------------------------------------------------------------------------------------------------------------------------------------+

. 
. 
. //Remove substance abuse codes
. local snomed_remove "371422002 91388009"

. 
. foreach conceptid of local snomed_remove {
  2.         
.         list medcodeid term new_snomedct_synonym alcstatus ///
>                 if snomedctconceptid == "`conceptid'"
  3.         
.         list medcodeid term new_snomedct_synonym alcstatus ///
>                 if snomedctconceptid == "`conceptid'" & new_snomedct_synonym == 1
  4.                 
.         drop if snomedctconceptid == "`conceptid'" & new_snomedct_synonym == 1
  5. }

     +-------------------------------------------------------------------------------------------------+
     |         medcodeid                                                  term   new_sn~m    alcstatus |
     |-------------------------------------------------------------------------------------------------|
 23. |   497451000000119                           History of substance misuse          1   Ex-drinker |
 30. |         460276013                     [V]Personal history of alcoholism          0   Ex-drinker |
 31. |   346501000006111                            History of substance abuse          1   Ex-drinker |
 32. |         460277016   [V]Personal history of psychoactive substance abuse          1   Ex-drinker |
 33. | 12703401000006113                            History of substance abuse          1   Ex-drinker |
     +-------------------------------------------------------------------------------------------------+

     +-------------------------------------------------------------------------------------------------+
     |         medcodeid                                                  term   new_sn~m    alcstatus |
     |-------------------------------------------------------------------------------------------------|
 23. |   497451000000119                           History of substance misuse          1   Ex-drinker |
 31. |   346501000006111                            History of substance abuse          1   Ex-drinker |
 32. |         460277016   [V]Personal history of psychoactive substance abuse          1   Ex-drinker |
 33. | 12703401000006113                            History of substance abuse          1   Ex-drinker |
     +-------------------------------------------------------------------------------------------------+
(4 observations deleted)

     +-------------------------------------------------------------------------------------------------------------------------------------------------+
     |        medcodeid                                                                                              term   new_sn~m         alcstatus |
     |-------------------------------------------------------------------------------------------------------------------------------------------------|
222. |  397431000006111                                        [X]Ment & behav dis due use alcohol: unsp ment & behav dis          0   Current drinker |
223. |  397231000006112                                      [X]Men & behav dis due opioid: withdrawl state with delirium          1   Current drinker |
224. |  397921000006118                                      [X]Mental and behav dis due to use opioids: amnesic syndrome          1   Current drinker |
225. |  397451000006116                                        [X]Ment & behav dis due use opioids: unsp ment & behav dis          1   Current drinker |
226. |  397821000006110                                      [X]Mental and behav dis due to use cannabinoids: amnesic syn          1   Current drinker |
     |-------------------------------------------------------------------------------------------------------------------------------------------------|
227. |  398691000006112                                      [X]Mnt/bh dis due cannabinds: resid & late-onset psychot dis          1   Current drinker |
228. |  398111000006111                                         [X]Mental and behavioural dis due use sedatives/hypnotics          1   Current drinker |
229. |  397571000006113                                        [X]Mental & behav dis due seds/hypntcs: acute intoxication          1   Current drinker |
230. |  397961000006112                                      [X]Mental and behav dis due to use seds/hypntcs: harmful use          1   Current drinker |
231. |  397751000006112                                        [X]Mental and behav dis due seds/hypntcs: withdrawal state          1   Current drinker |
     |-------------------------------------------------------------------------------------------------------------------------------------------------|
232. |  397171000006115                                      [X]Men & beh dis due seds/hypns: withdrwl state wth delirium          1   Current drinker |
233. |  397951000006110                                      [X]Mental and behav dis due to use seds/hypntcs: amnesic syn          1   Current drinker |
234. |  398711000006110                                      [X]Mnt/bh dis due seds/hypns: resid & late-onset psychot dis          1   Current drinker |
235. |  397341000006114                                      [X]Men/behav dis due to use seds/hypntcs: oth men/behav disd          1   Current drinker |
236. |  397521000006112                                      [X]Ment/behav dis due use seds/hypntcs: unsp ment/behav disd          1   Current drinker |
     |-------------------------------------------------------------------------------------------------------------------------------------------------|
237. |  397631000006114                                      [X]Mental & behav dis due to use cocaine: acute intoxication          1   Current drinker |
238. |  397861000006116                                      [X]Mental and behav dis due to use cocaine: withdrawal state          1   Current drinker |
239. |  397221000006114                                      [X]Men & behav dis due cocaine: withdrawl state wth delirium          1   Current drinker |
240. |  397841000006115                                      [X]Mental and behav dis due to use cocaine: amnesic syndrome          1   Current drinker |
241. |  397141000006111                                      [X]Men & beh dis due cocaine: resid & late-onset psychot dis          1   Current drinker |
     |-------------------------------------------------------------------------------------------------------------------------------------------------|
242. |  397441000006118                                        [X]Ment & behav dis due use cocaine: unsp ment & behav dis          1   Current drinker |
243. |  397711000006111            [X]Mental and behavioural disorders due to use of other stimulants, including caffeine          1   Current drinker |
244. |  397491000006110                                      [X]Ment/behav dis due to use oth stims inc caff: harmful use          1   Current drinker |
245. |  398081000006117                                      [X]Mental and behav dis oth stim inc caffein: dependnce synd          1   Current drinker |
246. |  398681000006114                                      [X]Mnt/behav dis other stimlnts inc caffeine: withdrwl state          1   Current drinker |
     |-------------------------------------------------------------------------------------------------------------------------------------------------|
247. |  398731000006116                                      [X]Mnt/bh dis oth stims inc caffne: withdr state wt delirium          1   Current drinker |
248. |  398091000006119                                       [X]Mental and behav dis oth stims inc caffeine: amnesic syn          1   Current drinker |
249. |  398161000006114                                      [X]Mental and behavioural disorders due to use hallucinogens          1   Current drinker |
250. |  397561000006118                                         [X]Mental & behav dis due hallucinogens: acute intoxicatn          1   Current drinker |
251. |  397871000006111                                      [X]Mental and behav dis due to use hallucinogens: harmfl use          1   Current drinker |
     |-------------------------------------------------------------------------------------------------------------------------------------------------|
252. |  397741000006110                 [X]Mental and behavioural disorders due to use of hallucinogens: withdrawal state          1   Current drinker |
253. |  397151000006113   [X]Mental and behavioural disorders due to use of hallucinogens: withdrawal state with delirium          1   Current drinker |
254. |  398021000006116                                      [X]Mental and behav dis due use hallucinogens: amnesic syndr          1   Current drinker |
255. |  398701000006112                                      [X]Mnt/bh dis due hallucngns: resid & late-onset psychot dis          1   Current drinker |
256. |  423031000006112                                                          [X]Post hallucinogen perception disorder          1   Current drinker |
     |-------------------------------------------------------------------------------------------------------------------------------------------------|
257. |  397331000006116                                      [X]Men/behav dis due to use hallucinogens: oth men/behav dis          1   Current drinker |
258. |  397511000006116                                      [X]Ment/behav dis due use hallucinogens: unsp ment/behav dis          1   Current drinker |
259. |  398041000006111                                        [X]Mental and behav dis due volatile solvents: harmful use          1   Current drinker |
260. |  398011000006112                                      [X]Mental and behav dis due to vol solvents: dependence synd          1   Current drinker |
261. |  398001000006114                                      [X]Mental and behav dis due to use vol solvents: amnesic syn          1   Current drinker |
     |-------------------------------------------------------------------------------------------------------------------------------------------------|
262. |  398751000006111                                      [X]Mnt/bh dis vol solvents: resid & late-onset psychotic dis          1   Current drinker |
263. |  397351000006111                                      [X]Men/behav dis due to use vol solvents: oth men/behav disd          1   Current drinker |
264. |  397531000006110                                       [X]Ment/behav dis due use vol solvents: unsp ment/behav dis          1   Current drinker |
265. |  398271000006114                                      [X]Mental/behav dis multi drg use/psychoac subs: acute intox          1   Current drinker |
266. |  398061000006110                                      [X]Mental and behav dis mlti/oth psych sbs: dependence syndr          1   Current drinker |
     |-------------------------------------------------------------------------------------------------------------------------------------------------|
267. |  398071000006115                                      [X]Mental and behav dis mlti/oth psychoa sbs: withdrwl state          1   Current drinker |
268. |  398721000006119                                      [X]Mnt/bh dis mlti drg use/oth psy sbs: wthdr state + dlrium          1   Current drinker |
269. |  397311000006110                                       [X]Men/beh dis mlt drg use/oth subs: resid/late psychot dis          1   Current drinker |
270. |  397301000006112                                       [X]Men/beh dis mlt drg use/oth psy sbs: oth men & behav dis          1   Current drinker |
271. |  397471000006114                                                                      Psychoactive substance abuse          1   Current drinker |
     |-------------------------------------------------------------------------------------------------------------------------------------------------|
422. | 3984641000006113                                                        Disorder due to psychoactive substance use          1   Current drinker |
450. | 3984651000006110                                                            Psychoactive substance misuse disorder          1   Current drinker |
     +-------------------------------------------------------------------------------------------------------------------------------------------------+

     +-------------------------------------------------------------------------------------------------------------------------------------------------+
     |        medcodeid                                                                                              term   new_sn~m         alcstatus |
     |-------------------------------------------------------------------------------------------------------------------------------------------------|
223. |  397231000006112                                      [X]Men & behav dis due opioid: withdrawl state with delirium          1   Current drinker |
224. |  397921000006118                                      [X]Mental and behav dis due to use opioids: amnesic syndrome          1   Current drinker |
225. |  397451000006116                                        [X]Ment & behav dis due use opioids: unsp ment & behav dis          1   Current drinker |
226. |  397821000006110                                      [X]Mental and behav dis due to use cannabinoids: amnesic syn          1   Current drinker |
227. |  398691000006112                                      [X]Mnt/bh dis due cannabinds: resid & late-onset psychot dis          1   Current drinker |
     |-------------------------------------------------------------------------------------------------------------------------------------------------|
228. |  398111000006111                                         [X]Mental and behavioural dis due use sedatives/hypnotics          1   Current drinker |
229. |  397571000006113                                        [X]Mental & behav dis due seds/hypntcs: acute intoxication          1   Current drinker |
230. |  397961000006112                                      [X]Mental and behav dis due to use seds/hypntcs: harmful use          1   Current drinker |
231. |  397751000006112                                        [X]Mental and behav dis due seds/hypntcs: withdrawal state          1   Current drinker |
232. |  397171000006115                                      [X]Men & beh dis due seds/hypns: withdrwl state wth delirium          1   Current drinker |
     |-------------------------------------------------------------------------------------------------------------------------------------------------|
233. |  397951000006110                                      [X]Mental and behav dis due to use seds/hypntcs: amnesic syn          1   Current drinker |
234. |  398711000006110                                      [X]Mnt/bh dis due seds/hypns: resid & late-onset psychot dis          1   Current drinker |
235. |  397341000006114                                      [X]Men/behav dis due to use seds/hypntcs: oth men/behav disd          1   Current drinker |
236. |  397521000006112                                      [X]Ment/behav dis due use seds/hypntcs: unsp ment/behav disd          1   Current drinker |
237. |  397631000006114                                      [X]Mental & behav dis due to use cocaine: acute intoxication          1   Current drinker |
     |-------------------------------------------------------------------------------------------------------------------------------------------------|
238. |  397861000006116                                      [X]Mental and behav dis due to use cocaine: withdrawal state          1   Current drinker |
239. |  397221000006114                                      [X]Men & behav dis due cocaine: withdrawl state wth delirium          1   Current drinker |
240. |  397841000006115                                      [X]Mental and behav dis due to use cocaine: amnesic syndrome          1   Current drinker |
241. |  397141000006111                                      [X]Men & beh dis due cocaine: resid & late-onset psychot dis          1   Current drinker |
242. |  397441000006118                                        [X]Ment & behav dis due use cocaine: unsp ment & behav dis          1   Current drinker |
     |-------------------------------------------------------------------------------------------------------------------------------------------------|
243. |  397711000006111            [X]Mental and behavioural disorders due to use of other stimulants, including caffeine          1   Current drinker |
244. |  397491000006110                                      [X]Ment/behav dis due to use oth stims inc caff: harmful use          1   Current drinker |
245. |  398081000006117                                      [X]Mental and behav dis oth stim inc caffein: dependnce synd          1   Current drinker |
246. |  398681000006114                                      [X]Mnt/behav dis other stimlnts inc caffeine: withdrwl state          1   Current drinker |
247. |  398731000006116                                      [X]Mnt/bh dis oth stims inc caffne: withdr state wt delirium          1   Current drinker |
     |-------------------------------------------------------------------------------------------------------------------------------------------------|
248. |  398091000006119                                       [X]Mental and behav dis oth stims inc caffeine: amnesic syn          1   Current drinker |
249. |  398161000006114                                      [X]Mental and behavioural disorders due to use hallucinogens          1   Current drinker |
250. |  397561000006118                                         [X]Mental & behav dis due hallucinogens: acute intoxicatn          1   Current drinker |
251. |  397871000006111                                      [X]Mental and behav dis due to use hallucinogens: harmfl use          1   Current drinker |
252. |  397741000006110                 [X]Mental and behavioural disorders due to use of hallucinogens: withdrawal state          1   Current drinker |
     |-------------------------------------------------------------------------------------------------------------------------------------------------|
253. |  397151000006113   [X]Mental and behavioural disorders due to use of hallucinogens: withdrawal state with delirium          1   Current drinker |
254. |  398021000006116                                      [X]Mental and behav dis due use hallucinogens: amnesic syndr          1   Current drinker |
255. |  398701000006112                                      [X]Mnt/bh dis due hallucngns: resid & late-onset psychot dis          1   Current drinker |
256. |  423031000006112                                                          [X]Post hallucinogen perception disorder          1   Current drinker |
257. |  397331000006116                                      [X]Men/behav dis due to use hallucinogens: oth men/behav dis          1   Current drinker |
     |-------------------------------------------------------------------------------------------------------------------------------------------------|
258. |  397511000006116                                      [X]Ment/behav dis due use hallucinogens: unsp ment/behav dis          1   Current drinker |
259. |  398041000006111                                        [X]Mental and behav dis due volatile solvents: harmful use          1   Current drinker |
260. |  398011000006112                                      [X]Mental and behav dis due to vol solvents: dependence synd          1   Current drinker |
261. |  398001000006114                                      [X]Mental and behav dis due to use vol solvents: amnesic syn          1   Current drinker |
262. |  398751000006111                                      [X]Mnt/bh dis vol solvents: resid & late-onset psychotic dis          1   Current drinker |
     |-------------------------------------------------------------------------------------------------------------------------------------------------|
263. |  397351000006111                                      [X]Men/behav dis due to use vol solvents: oth men/behav disd          1   Current drinker |
264. |  397531000006110                                       [X]Ment/behav dis due use vol solvents: unsp ment/behav dis          1   Current drinker |
265. |  398271000006114                                      [X]Mental/behav dis multi drg use/psychoac subs: acute intox          1   Current drinker |
266. |  398061000006110                                      [X]Mental and behav dis mlti/oth psych sbs: dependence syndr          1   Current drinker |
267. |  398071000006115                                      [X]Mental and behav dis mlti/oth psychoa sbs: withdrwl state          1   Current drinker |
     |-------------------------------------------------------------------------------------------------------------------------------------------------|
268. |  398721000006119                                      [X]Mnt/bh dis mlti drg use/oth psy sbs: wthdr state + dlrium          1   Current drinker |
269. |  397311000006110                                       [X]Men/beh dis mlt drg use/oth subs: resid/late psychot dis          1   Current drinker |
270. |  397301000006112                                       [X]Men/beh dis mlt drg use/oth psy sbs: oth men & behav dis          1   Current drinker |
271. |  397471000006114                                                                      Psychoactive substance abuse          1   Current drinker |
422. | 3984641000006113                                                        Disorder due to psychoactive substance use          1   Current drinker |
     |-------------------------------------------------------------------------------------------------------------------------------------------------|
450. | 3984651000006110                                                            Psychoactive substance misuse disorder          1   Current drinker |
     +-------------------------------------------------------------------------------------------------------------------------------------------------+
(51 observations deleted)

. 
. 
. //Fix double-classification of codes
. list medcodeid term alcstatus alclevel alcvalue if alcvalue == 1 & alcstatus != .

     +-------------------------------------------------------------------------------------------------+
     |        medcodeid                                   term         alcstatus   alclevel   alcvalue |
     |-------------------------------------------------------------------------------------------------|
418. |        451082013                        [V] Alcohol use   Current drinker          .          1 |
419. | 4978411000006113     Drinks alcohol evenly through week   Current drinker          .          1 |
420. | 4978421000006117   Drinks alcohol unevenly through week   Current drinker          .          1 |
     +-------------------------------------------------------------------------------------------------+

. replace alcvalue = . if alcvalue == 1 & alcstatus != . 
(3 real changes made, 3 to missing)

. 
. 
. tab1 alcohol alcstatus alclevel alcvalue, missing

-> tabulation of alcohol  

    alcohol |      Freq.     Percent        Cum.
------------+-----------------------------------
          1 |        549      100.00      100.00
------------+-----------------------------------
      Total |        549      100.00

-> tabulation of alcstatus  

      alcstatus |      Freq.     Percent        Cum.
----------------+-----------------------------------
    Non-drinker |         15        2.73        2.73
     Ex-drinker |         22        4.01        6.74
Current drinker |        451       82.15       88.89
              . |         61       11.11      100.00
----------------+-----------------------------------
          Total |        549      100.00

-> tabulation of alclevel  

        alclevel |      Freq.     Percent        Cum.
-----------------+-----------------------------------
   Light drinker |         10        1.82        1.82
Moderate drinker |          2        0.36        2.19
   Heavy drinker |        368       67.03       69.22
               . |        169       30.78      100.00
-----------------+-----------------------------------
           Total |        549      100.00

-> tabulation of alcvalue  

   alcvalue |      Freq.     Percent        Cum.
------------+-----------------------------------
          1 |         61       11.11       11.11
          . |        488       88.89      100.00
------------+-----------------------------------
      Total |        549      100.00

. 
. 
. //STEP 6 - not required; already categorised
. 
. 
. //STEP 7 - not required; already using pre-existing list
. 
. 
. //STEP 8 - clinical review not required at present
. 
. 
. // STEP 9. SAVE CODELIST
. //=======================
. 
. //Save clinician approved codelist
. gsort alcstatus alclevel alcvalue snomedctconceptid snomedctdescriptionid originalreadcode

. drop new_snomedct_synonym

. compress
  (0 bytes saved)

. save `filename', replace
file alcohol_consumption.dta saved

. export delimited `filename', replace quote
file alcohol_consumption.csv saved

. 
. 
. // STEP 10. GENERATE METADATA FILE
. //=================================
. 
. //=**Update details here, everything else is automated**========================
. local description "Alcohol consumption"

. local code_type "medcodeid (SNOMED CT)"

. local database "CPRD Aurum"

. local database_version = ym(real(substr("`aurum_build'", 1, 4)), ///
>                                                         real(substr("`aurum_build'", 5, 2)))

. local author "Philip Stone"

. local date = ym(2025, 6)  //year, month

. local clinical_reviewer ""

. local date_approved = . //ym(2025, 6)  //year, month

. local notes "Created for PRIORITY study. Modified version of https://doi.org/10.17037/DATA.00004214 from LSHTM Data Compass"

. local keywords ""

. //==============================================================================
. 
. clear

. gen v1 = ""

. gen v2 = .

. format %tmMon_CCYY v2

. set obs 10
Number of observations (_N) was 0, now 10.

. 
. replace v1 = "`description'" in 1
variable v1 was str1 now str19
(1 real change made)

. replace v1 = "`code_type'" in 2
variable v1 was str19 now str21
(1 real change made)

. replace v1 = "`database'" in 3
(1 real change made)

. replace v2 = `database_version' in 4
(1 real change made)

. replace v1 = "`author'" in 5
(1 real change made)

. replace v2 = `date' in 6
(1 real change made)

. replace v1 = "`clinical_reviewer'" in 7
(0 real changes made)

. replace v2 = `date_approved' in 8
(0 real changes made)

. replace v1 = "`notes'" in 9
variable v1 was str21 now str110
(1 real change made)

. replace v1 = "`keywords'" in 10
(0 real changes made)

. 
. tostring v2, replace usedisplayformat force
v2 was float now str8
v2 was forced to string; some loss of information

. replace v1 = v2 in 4
(1 real change made)

. replace v1 = v2 in 6
(1 real change made)

. replace v1 = v2 in 8
(1 real change made)

. drop v2

. 
. export delimited "`filename'.meta", replace novarnames delimiter(tab)
file alcohol_consumption.meta saved

. 
. 
. use "`filename'", clear  //So that you can see results of search after do file run

. 
. 
. log close
      name:  <unnamed>
       log:  C:\Users\rmjlton.AD\Documents\GitHub\priority\codelists\alcohol_consumption.log
  log type:  text
 closed on:   1 Jul 2025, 22:34:03
--------------------------------------------------------------------------------------------------------------------------------------------------------------------------------
