--------------------------------------------------------------------------------------------------------------------------------------------------------------------------------
      name:  <unnamed>
       log:  C:\Users\rmjlton.AD\Documents\GitHub\priority\codelists\antipsychotics.log
  log type:  text
 opened on:  13 Mar 2025, 22:25:26

. 
. 
. //= CPRD LOOKUP LOCATION - would be good to get this in a shared location ======
. 
. //*Directory of product dictionary*
. local browser_dir "C:\Users\rmjlton.AD\OneDrive - University College London\CPRD\CPRD Aurum\Code Browser\CPRD_CodeBrowser_`aurum_build'_Aurum"

. 
. //*Directory of BNF to SNOMED mapping*
. local bnfsnomedmap_dir "C:\Users\rmjlton.AD\OneDrive - University College London\NHS TRUD\NHSBSA BNF SNOMED Mapping"

. 
. //==============================================================================
. 
. //Import BNF to SNOMED mapping
. import excel "`bnfsnomedmap_dir'/BNF Snomed Mapping data 20250221.xlsx", firstrow case(lower) clear
(11 vars, 388,832 obs)

. 
. drop if bnfcode == ""
(51,053 observations deleted)

. keep bnfcode bnfname snomedcode

. rename snomedcode dmdid

. 
. tempfile bnf_snomed_map

. save `bnf_snomed_map'
file C:\Users\rmjlton.AD\AppData\Local\Temp\ST_5244_000001.tmp saved as .dta format

. 
. 
. //Import latest product browser; force prodcodeid and DM+D ID to be string
. import delimited "`browser_dir'/CPRDAurumProduct.txt", stringcols(1 2 9) favorstrfixed bindquotes(nobind) clear
(encoding automatically selected: ISO-8859-1)
(10 vars, 73,490 obs)

. 
. order drugissues, after(prodcodeid)

. 
. //Merge with BNF mapping
. count
  73,490

. merge m:1 dmdid using `bnf_snomed_map'

    Result                      Number of obs
    -----------------------------------------
    Not matched                       297,391
        from master                    16,551  (_merge==1)
        from using                    280,840  (_merge==2)

    Matched                            56,939  (_merge==3)
    -----------------------------------------

. drop if _merge == 2
(280,840 observations deleted)

. drop _merge

. count
  73,490

. 
. //Save product code browser to a tempfile
. compress
  (0 bytes saved)

. tempfile product

. save `product'
file C:\Users\rmjlton.AD\AppData\Local\Temp\ST_5244_000002.tmp saved as .dta format

. 
. 
. // STEP 1. SELECT BNF CHAPTERS TO INCLUDE
. //========================================
. 
. //BNF Chapter information: https://openprescribing.net/bnf/
. //Leading zero isn't included in 'bnfchapter' variable
. 
. //BNF Chapter 4.2: Drugs used in psychoses and related disorders
. generate byte bnf0402 = 1 if strmatch(bnfchapter, "402*") ///
>         | strmatch(bnfcode, "0402*")
(73,007 missing values generated)

. 
. //BNF Chapter 4.2.1: Antipsychotic drugs
. generate byte bnf040201 = 1 if strmatch(bnfchapter, "40201*") ///
>         | strmatch(bnfcode, "040201*")
(73,110 missing values generated)

. 
. //BNF Chapter 4.2.2: Antipsychotic depot injections
. generate byte bnf040202 = 1 if strmatch(bnfchapter, "40202*") ///
>         | strmatch(bnfcode, "040202*")
(73,415 missing values generated)

. 
. //BNF Chapter 4.2.3: Drugs used for mania and hypomania
. generate byte bnf040203 = 1 if strmatch(bnfchapter, "40203*") ///
>         | strmatch(bnfcode, "040203*")
(73,462 missing values generated)

.         
. //Show drugs in each chapter
. foreach chapter in 0402 040201 040202 040203 {
  2.         
.         display "BNF Chapter: `chapter'"
  3.         tab drugsubstancename if bnf`chapter' == 1, missing
  4. }
BNF Chapter: 0402

                      DrugSubstanceName |      Freq.     Percent        Cum.
----------------------------------------+-----------------------------------
                            Amisulpride |         12        2.48        2.48
                           Aripiprazole |         23        4.76        7.25
                      Asenapine maleate |          4        0.83        8.07
                             Benperidol |          2        0.41        8.49
              Cariprazine hydrochloride |          5        1.04        9.52
                Chlorpromazine embonate |          2        0.41        9.94
           Chlorpromazine hydrochloride |         19        3.93       13.87
                              Clozapine |         21        4.35       18.22
                             Droperidol |          1        0.21       18.43
                  Flupentixol decanoate |         11        2.28       20.70
            Flupentixol dihydrochloride |          2        0.41       21.12
                 Fluphenazine decanoate |         18        3.73       24.84
             Fluphenazine hydrochloride |          6        1.24       26.09
                            Haloperidol |         35        7.25       33.33
                  Haloperidol decanoate |          4        0.83       34.16
          Levomepromazine hydrochloride |          3        0.62       34.78
                Levomepromazine maleate |          8        1.66       36.44
                      Lithium carbonate |         10        2.07       38.51
                        Lithium citrate |          8        1.66       40.17
                     Loxapine succinate |          6        1.24       41.41
               Lurasidone hydrochloride |          6        1.24       42.65
                Melperone hydrochloride |          1        0.21       42.86
                             Olanzapine |         41        8.49       51.35
        Olanzapine embonate monohydrate |          5        1.04       52.38
                             Oxypertine |          3        0.62       53.00
                           Paliperidone |          6        1.24       54.24
                 Paliperidone palmitate |         18        3.73       57.97
                            Pericyazine |          6        1.24       59.21
                           Perphenazine |          4        0.83       60.04
                               Pimozide |          5        1.04       61.08
                  Pipotiazine palmitate |          4        0.83       61.90
                Promazine hydrochloride |          4        0.83       62.73
                    Quetiapine fumarate |         78       16.15       78.88
                            Risperidone |         32        6.63       85.51
                             Sertindole |          8        1.66       87.16
                              Sulpiride |          7        1.45       88.61
                           Thioridazine |          4        0.83       89.44
             Thioridazine hydrochloride |         10        2.07       91.51
          Trifluoperazine hydrochloride |         14        2.90       94.41
                   Valproate semisodium |          6        1.24       95.65
              Ziprasidone hydrochloride |          1        0.21       95.86
                               Zotepine |          6        1.24       97.10
                 Zuclopenthixol acetate |          4        0.83       97.93
               Zuclopenthixol decanoate |          4        0.83       98.76
         Zuclopenthixol dihydrochloride |          6        1.24      100.00
----------------------------------------+-----------------------------------
                                  Total |        483      100.00
BNF Chapter: 040201

                      DrugSubstanceName |      Freq.     Percent        Cum.
----------------------------------------+-----------------------------------
                            Amisulpride |         12        3.16        3.16
                           Aripiprazole |         19        5.00        8.16
                             Benperidol |          2        0.53        8.68
              Cariprazine hydrochloride |          5        1.32       10.00
                Chlorpromazine embonate |          2        0.53       10.53
           Chlorpromazine hydrochloride |         19        5.00       15.53
                              Clozapine |         21        5.53       21.05
                             Droperidol |          1        0.26       21.32
            Flupentixol dihydrochloride |          2        0.53       21.84
             Fluphenazine hydrochloride |          6        1.58       23.42
                            Haloperidol |         35        9.21       32.63
          Levomepromazine hydrochloride |          3        0.79       33.42
                Levomepromazine maleate |          8        2.11       35.53
                     Loxapine succinate |          6        1.58       37.11
               Lurasidone hydrochloride |          6        1.58       38.68
                Melperone hydrochloride |          1        0.26       38.95
                             Olanzapine |         41       10.79       49.74
                             Oxypertine |          3        0.79       50.53
                           Paliperidone |          6        1.58       52.11
                            Pericyazine |          6        1.58       53.68
                           Perphenazine |          4        1.05       54.74
                               Pimozide |          5        1.32       56.05
                Promazine hydrochloride |          4        1.05       57.11
                    Quetiapine fumarate |         78       20.53       77.63
                            Risperidone |         25        6.58       84.21
                             Sertindole |          8        2.11       86.32
                              Sulpiride |          7        1.84       88.16
                           Thioridazine |          4        1.05       89.21
             Thioridazine hydrochloride |         10        2.63       91.84
          Trifluoperazine hydrochloride |         14        3.68       95.53
              Ziprasidone hydrochloride |          1        0.26       95.79
                               Zotepine |          6        1.58       97.37
                 Zuclopenthixol acetate |          4        1.05       98.42
         Zuclopenthixol dihydrochloride |          6        1.58      100.00
----------------------------------------+-----------------------------------
                                  Total |        380      100.00
BNF Chapter: 040202

                      DrugSubstanceName |      Freq.     Percent        Cum.
----------------------------------------+-----------------------------------
                           Aripiprazole |          4        5.33        5.33
                  Flupentixol decanoate |         11       14.67       20.00
                 Fluphenazine decanoate |         18       24.00       44.00
                  Haloperidol decanoate |          4        5.33       49.33
        Olanzapine embonate monohydrate |          5        6.67       56.00
                 Paliperidone palmitate |         18       24.00       80.00
                  Pipotiazine palmitate |          4        5.33       85.33
                            Risperidone |          7        9.33       94.67
               Zuclopenthixol decanoate |          4        5.33      100.00
----------------------------------------+-----------------------------------
                                  Total |         75      100.00
BNF Chapter: 040203

                      DrugSubstanceName |      Freq.     Percent        Cum.
----------------------------------------+-----------------------------------
                      Asenapine maleate |          4       14.29       14.29
                      Lithium carbonate |         10       35.71       50.00
                        Lithium citrate |          8       28.57       78.57
                   Valproate semisodium |          6       21.43      100.00
----------------------------------------+-----------------------------------
                                  Total |         28      100.00

. 
. 
. // STEP 2. USING INFOFORMATION FROM BNF AND STEP 1 CREATE SEARCH TERMS
. //         (ONE TERM FOR EACH DRUG THAT INCLUDES CHEMICAL NAME AND ANY 
. //         BRAND NAMES)
. //=====================================================================
. 
. //BNF chapter 4.2.1
. local amisulpride "amisulpride solian"

. local aripiprazole "aripiprazole abilify arpoya elozar"

. local benperidol "benperidol"

. local cariprazine "cariprazine reagila"

. local chlorpromazine "chlorpromazine largactil"

. local chlorprothixene "chlorprothixene truxal"

. local clozapine "clozapine clozaril denzapine zaponex"

. local droperidol "droperidol"  //not listed on OpenPrescribing

. local flupentixol "flupentixol depixol psytixol"

. local fluphenazine "fluphenazine modecate moditen"

. local haloperidol "haloperidol haldol halkid serenace dozic"

. local levomepromazine "levomepromazine levorol nozinan levinan"

. local loxapine "loxapine loxapac"

. local lurasidone "lurasidone latuda"

. local melperone "melperone"

. local olanzapine "olanzapine ceyxa xyquila zyprexa zypadhera zalasta"

. local oxypertine "oxypertine integrin"  //not listed on OpenPrescribing

. local paliperidone "paliperidone invega byannli trevicta xeplion"

. local pericyazine "pericyazine neulactil"

. local perphenazine "perphenazine fentazin"

. local pimozide "pimozide orap"

. local promazine "promazine"

. local quetiapine "quetiapine atrolak biquelle brancico mintreleq seroquel sondate zaluron tenprolide seotiapim ebesque psyquet"

. local risperidone "risperidone okedi risperdal"

. local sertindole "sertindole serdolect"  //not listed on OpenPrescribing

. local sulpiride "sulpiride sulpor sulpitil dolmatil"

. local thioridazine "thioridazine melleril"

. local trifluoperazine "trifluoperazine stelazine"

. local ziprasidone "ziprasidone zeldox"

. local zotepine "zotepine zoleptil"

. local zuclopenthixol "zuclopenthixol clopixol"

. 
. //BNF chapter 4.2.2 (excluding drugs in 4.2.1)
. local pipotiazine "pipotiazine piportil"

. 
. //BNF chapter 4.2.3 (excluding lithium and valproate)
. local asenapine "asenapine sycrest"

. 
. //Removed from old list (not an antipsychotic): isopropamide, tranylcypromine
. //Removed from old list (not in any BNF lists): remoxipride, thiopropazate, thioproperazine, trifluperidol
. 
. 
. // STEP 3. CREATE MACRO CONTAINING ALL DRUG MACROS CREATED IN STEP 2
. //         AND SEARCH THE PRODUCT DICTIONARY FOR EACH DRUG
. //===================================================================
. 
. local antipsychotics "amisulpride aripiprazole benperidol cariprazine chlorpromazine chlorprothixene clozapine droperidol flupentixol fluphenazine haloperidol levomepromazine
>  loxapine lurasidone melperone olanzapine oxypertine paliperidone pericyazine perphenazine pimozide promazine quetiapine risperidone sertindole sulpiride thioridazine trifluo
> perazine ziprasidone zotepine zuclopenthixol pipotiazine asenapine"

. 
. generate byte antipsychotic = 0

. 
. foreach antipsychotic of local antipsychotics {
  2.         
.         //display "Macroname: `antipsychotic'"  //for debugging
.         generate byte `antipsychotic' = 0
  3.         
.         foreach word of local `antipsychotic' {
  4.                 
.                 //display "Terms: `word'"  //for debugging
.                 foreach var of varlist termfromemis drugsubstancename bnfname {
  5.                 
.                         replace antipsychotic = antipsychotic | strpos(lower(`var'), "`word'")
  6.                         replace `antipsychotic' = 1 if strpos(lower(`var'), "`word'") > 0
  7.                 }
  8.         }
  9. }
(7 real changes made)
(7 real changes made)
(5 real changes made)
(5 real changes made)
(0 real changes made)
(0 real changes made)
(0 real changes made)
(0 real changes made)
(0 real changes made)
(0 real changes made)
(0 real changes made)
(0 real changes made)
(11 real changes made)
(11 real changes made)
(12 real changes made)
(12 real changes made)
(0 real changes made)
(0 real changes made)
(0 real changes made)
(0 real changes made)
(0 real changes made)
(0 real changes made)
(0 real changes made)
(0 real changes made)
(0 real changes made)
(0 real changes made)
(0 real changes made)
(0 real changes made)
(0 real changes made)
(0 real changes made)
(0 real changes made)
(0 real changes made)
(0 real changes made)
(0 real changes made)
(0 real changes made)
(0 real changes made)
(1 real change made)
(1 real change made)
(1 real change made)
(1 real change made)
(0 real changes made)
(0 real changes made)
(4 real changes made)
(4 real changes made)
(1 real change made)
(1 real change made)
(0 real changes made)
(0 real changes made)
(0 real changes made)
(0 real changes made)
(0 real changes made)
(0 real changes made)
(0 real changes made)
(0 real changes made)
(18 real changes made)
(18 real changes made)
(7 real changes made)
(7 real changes made)
(0 real changes made)
(0 real changes made)
(1 real change made)
(1 real change made)
(0 real changes made)
(0 real changes made)
(0 real changes made)
(0 real changes made)
(0 real changes made)
(0 real changes made)
(0 real changes made)
(0 real changes made)
(0 real changes made)
(0 real changes made)
(0 real changes made)
(0 real changes made)
(0 real changes made)
(0 real changes made)
(0 real changes made)
(0 real changes made)
(10 real changes made)
(10 real changes made)
(11 real changes made)
(11 real changes made)
(0 real changes made)
(0 real changes made)
(0 real changes made)
(0 real changes made)
(0 real changes made)
(0 real changes made)
(0 real changes made)
(0 real changes made)
(0 real changes made)
(0 real changes made)
(0 real changes made)
(0 real changes made)
(0 real changes made)
(0 real changes made)
(0 real changes made)
(0 real changes made)
(0 real changes made)
(0 real changes made)
(0 real changes made)
(0 real changes made)
(4 real changes made)
(4 real changes made)
(0 real changes made)
(0 real changes made)
(0 real changes made)
(0 real changes made)
(8 real changes made)
(8 real changes made)
(9 real changes made)
(9 real changes made)
(0 real changes made)
(0 real changes made)
(4 real changes made)
(4 real changes made)
(0 real changes made)
(0 real changes made)
(0 real changes made)
(0 real changes made)
(0 real changes made)
(0 real changes made)
(0 real changes made)
(0 real changes made)
(0 real changes made)
(0 real changes made)
(13 real changes made)
(13 real changes made)
(15 real changes made)
(15 real changes made)
(0 real changes made)
(0 real changes made)
(0 real changes made)
(0 real changes made)
(0 real changes made)
(0 real changes made)
(0 real changes made)
(0 real changes made)
(1 real change made)
(1 real change made)
(0 real changes made)
(0 real changes made)
(0 real changes made)
(0 real changes made)
(27 real changes made)
(27 real changes made)
(16 real changes made)
(16 real changes made)
(0 real changes made)
(0 real changes made)
(2 real changes made)
(2 real changes made)
(0 real changes made)
(0 real changes made)
(0 real changes made)
(0 real changes made)
(0 real changes made)
(0 real changes made)
(0 real changes made)
(0 real changes made)
(0 real changes made)
(0 real changes made)
(1 real change made)
(1 real change made)
(0 real changes made)
(0 real changes made)
(0 real changes made)
(0 real changes made)
(1 real change made)
(1 real change made)
(0 real changes made)
(0 real changes made)
(0 real changes made)
(0 real changes made)
(9 real changes made)
(9 real changes made)
(3 real changes made)
(3 real changes made)
(0 real changes made)
(0 real changes made)
(0 real changes made)
(0 real changes made)
(0 real changes made)
(0 real changes made)
(0 real changes made)
(0 real changes made)
(0 real changes made)
(0 real changes made)
(0 real changes made)
(0 real changes made)
(0 real changes made)
(0 real changes made)
(0 real changes made)
(0 real changes made)
(0 real changes made)
(0 real changes made)
(0 real changes made)
(0 real changes made)
(3 real changes made)
(3 real changes made)
(3 real changes made)
(3 real changes made)
(0 real changes made)
(0 real changes made)
(0 real changes made)
(0 real changes made)
(0 real changes made)
(0 real changes made)
(0 real changes made)
(0 real changes made)
(3 real changes made)
(3 real changes made)
(3 real changes made)
(3 real changes made)
(0 real changes made)
(0 real changes made)
(0 real changes made)
(0 real changes made)
(0 real changes made)
(0 real changes made)
(0 real changes made)
(0 real changes made)
(1 real change made)
(1 real change made)
(0 real changes made)
(0 real changes made)
(0 real changes made)
(0 real changes made)
(26 real changes made)
(26 real changes made)
(20 real changes made)
(20 real changes made)
(0 real changes made)
(0 real changes made)
(0 real changes made)
(0 real changes made)
(0 real changes made)
(0 real changes made)
(0 real changes made)
(0 real changes made)
(0 real changes made)
(0 real changes made)
(0 real changes made)
(0 real changes made)
(0 real changes made)
(0 real changes made)
(0 real changes made)
(0 real changes made)
(0 real changes made)
(0 real changes made)
(0 real changes made)
(0 real changes made)
(0 real changes made)
(0 real changes made)
(0 real changes made)
(0 real changes made)
(0 real changes made)
(0 real changes made)
(0 real changes made)
(0 real changes made)
(0 real changes made)
(0 real changes made)
(0 real changes made)
(0 real changes made)
(2 real changes made)
(2 real changes made)
(1 real change made)
(1 real change made)
(0 real changes made)
(0 real changes made)
(1 real change made)
(1 real change made)
(0 real changes made)
(0 real changes made)
(0 real changes made)
(0 real changes made)
(11 real changes made)
(11 real changes made)
(13 real changes made)
(13 real changes made)
(0 real changes made)
(0 real changes made)
(0 real changes made)
(0 real changes made)
(0 real changes made)
(0 real changes made)
(0 real changes made)
(0 real changes made)
(0 real changes made)
(0 real changes made)
(0 real changes made)
(0 real changes made)
(0 real changes made)
(0 real changes made)
(0 real changes made)
(0 real changes made)
(0 real changes made)
(0 real changes made)
(0 real changes made)
(0 real changes made)
(0 real changes made)
(0 real changes made)
(0 real changes made)
(0 real changes made)
(0 real changes made)
(0 real changes made)
(4 real changes made)
(4 real changes made)
(3 real changes made)
(3 real changes made)
(0 real changes made)
(0 real changes made)
(1 real change made)
(1 real change made)
(0 real changes made)
(0 real changes made)
(0 real changes made)
(0 real changes made)
(6 real changes made)
(6 real changes made)
(4 real changes made)
(4 real changes made)
(0 real changes made)
(0 real changes made)
(2 real changes made)
(2 real changes made)
(0 real changes made)
(0 real changes made)
(0 real changes made)
(0 real changes made)
(4 real changes made)
(4 real changes made)
(2 real changes made)
(2 real changes made)
(0 real changes made)
(0 real changes made)
(15 real changes made)
(15 real changes made)
(0 real changes made)
(0 real changes made)
(0 real changes made)
(0 real changes made)
(8 real changes made)
(35 real changes made)
(0 real changes made)
(10 real changes made)
(0 real changes made)
(0 real changes made)
(24 real changes made)
(24 real changes made)
(57 real changes made)
(57 real changes made)
(0 real changes made)
(0 real changes made)
(0 real changes made)
(0 real changes made)
(0 real changes made)
(0 real changes made)
(0 real changes made)
(0 real changes made)
(0 real changes made)
(0 real changes made)
(0 real changes made)
(0 real changes made)
(0 real changes made)
(0 real changes made)
(0 real changes made)
(0 real changes made)
(0 real changes made)
(0 real changes made)
(0 real changes made)
(0 real changes made)
(0 real changes made)
(0 real changes made)
(0 real changes made)
(0 real changes made)
(0 real changes made)
(0 real changes made)
(2 real changes made)
(2 real changes made)
(0 real changes made)
(0 real changes made)
(0 real changes made)
(0 real changes made)
(0 real changes made)
(0 real changes made)
(0 real changes made)
(0 real changes made)
(0 real changes made)
(0 real changes made)
(0 real changes made)
(0 real changes made)
(0 real changes made)
(0 real changes made)
(0 real changes made)
(0 real changes made)
(0 real changes made)
(0 real changes made)
(0 real changes made)
(0 real changes made)
(0 real changes made)
(0 real changes made)
(0 real changes made)
(0 real changes made)
(0 real changes made)
(0 real changes made)
(0 real changes made)
(0 real changes made)
(0 real changes made)
(0 real changes made)
(0 real changes made)
(0 real changes made)
(0 real changes made)
(0 real changes made)
(0 real changes made)
(0 real changes made)
(0 real changes made)
(0 real changes made)
(0 real changes made)
(0 real changes made)
(16 real changes made)
(16 real changes made)
(16 real changes made)
(16 real changes made)
(0 real changes made)
(0 real changes made)
(0 real changes made)
(0 real changes made)
(0 real changes made)
(0 real changes made)
(0 real changes made)
(0 real changes made)
(0 real changes made)
(0 real changes made)
(0 real changes made)
(0 real changes made)
(0 real changes made)
(0 real changes made)
(4 real changes made)
(4 real changes made)
(4 real changes made)
(4 real changes made)
(0 real changes made)
(0 real changes made)
(0 real changes made)
(0 real changes made)
(0 real changes made)
(0 real changes made)
(0 real changes made)
(0 real changes made)
(3 real changes made)
(3 real changes made)
(4 real changes made)
(4 real changes made)
(0 real changes made)
(0 real changes made)
(0 real changes made)
(0 real changes made)
(0 real changes made)
(0 real changes made)
(0 real changes made)
(0 real changes made)
(0 real changes made)
(0 real changes made)
(0 real changes made)
(0 real changes made)
(0 real changes made)
(0 real changes made)
(0 real changes made)
(0 real changes made)
(0 real changes made)
(0 real changes made)
(0 real changes made)
(0 real changes made)
(8 real changes made)
(8 real changes made)
(7 real changes made)
(7 real changes made)
(0 real changes made)
(0 real changes made)
(1 real change made)
(1 real change made)
(0 real changes made)
(0 real changes made)
(0 real changes made)
(0 real changes made)
(9 real changes made)
(9 real changes made)
(7 real changes made)
(7 real changes made)
(0 real changes made)
(0 real changes made)
(2 real changes made)
(2 real changes made)
(0 real changes made)
(0 real changes made)
(0 real changes made)
(0 real changes made)
(1 real change made)
(1 real change made)
(0 real changes made)
(0 real changes made)
(0 real changes made)
(0 real changes made)
(0 real changes made)
(0 real changes made)
(0 real changes made)
(0 real changes made)
(0 real changes made)
(0 real changes made)
(3 real changes made)
(3 real changes made)
(3 real changes made)
(3 real changes made)
(0 real changes made)
(0 real changes made)
(0 real changes made)
(0 real changes made)
(0 real changes made)
(0 real changes made)
(0 real changes made)
(0 real changes made)
(7 real changes made)
(7 real changes made)
(7 real changes made)
(7 real changes made)
(0 real changes made)
(0 real changes made)
(0 real changes made)
(0 real changes made)
(0 real changes made)
(0 real changes made)
(0 real changes made)
(0 real changes made)
(2 real changes made)
(2 real changes made)
(2 real changes made)
(2 real changes made)
(0 real changes made)
(0 real changes made)
(0 real changes made)
(0 real changes made)
(0 real changes made)
(0 real changes made)
(0 real changes made)
(0 real changes made)
(2 real changes made)
(2 real changes made)
(2 real changes made)
(2 real changes made)
(0 real changes made)
(0 real changes made)
(0 real changes made)
(0 real changes made)
(0 real changes made)
(0 real changes made)
(0 real changes made)
(0 real changes made)

. 
. tab antipsychotic, missing

antipsychot |
         ic |      Freq.     Percent        Cum.
------------+-----------------------------------
          0 |     72,959       99.28       99.28
          1 |        531        0.72      100.00
------------+-----------------------------------
      Total |     73,490      100.00

. 
. tab1 amisulpride aripiprazole benperidol cariprazine chlorpromazine chlorprothixene clozapine droperidol flupentixol fluphenazine haloperidol levomepromazine loxapine lurasid
> one melperone olanzapine oxypertine paliperidone pericyazine perphenazine pimozide promazine quetiapine risperidone sertindole sulpiride thioridazine trifluoperazine ziprasid
> one zotepine zuclopenthixol pipotiazine asenapine, missing

-> tabulation of amisulpride  

amisulpride |      Freq.     Percent        Cum.
------------+-----------------------------------
          0 |     73,478       99.98       99.98
          1 |         12        0.02      100.00
------------+-----------------------------------
      Total |     73,490      100.00

-> tabulation of aripiprazole  

aripiprazol |
          e |      Freq.     Percent        Cum.
------------+-----------------------------------
          0 |     73,467       99.97       99.97
          1 |         23        0.03      100.00
------------+-----------------------------------
      Total |     73,490      100.00

-> tabulation of benperidol  

 benperidol |      Freq.     Percent        Cum.
------------+-----------------------------------
          0 |     73,488      100.00      100.00
          1 |          2        0.00      100.00
------------+-----------------------------------
      Total |     73,490      100.00

-> tabulation of cariprazine  

cariprazine |      Freq.     Percent        Cum.
------------+-----------------------------------
          0 |     73,485       99.99       99.99
          1 |          5        0.01      100.00
------------+-----------------------------------
      Total |     73,490      100.00

-> tabulation of chlorpromazine  

chlorpromaz |
        ine |      Freq.     Percent        Cum.
------------+-----------------------------------
          0 |     73,464       99.96       99.96
          1 |         26        0.04      100.00
------------+-----------------------------------
      Total |     73,490      100.00

-> tabulation of chlorprothixene  

chlorprothi |
       xene |      Freq.     Percent        Cum.
------------+-----------------------------------
          0 |     73,490      100.00      100.00
------------+-----------------------------------
      Total |     73,490      100.00

-> tabulation of clozapine  

  clozapine |      Freq.     Percent        Cum.
------------+-----------------------------------
          0 |     73,469       99.97       99.97
          1 |         21        0.03      100.00
------------+-----------------------------------
      Total |     73,490      100.00

-> tabulation of droperidol  

 droperidol |      Freq.     Percent        Cum.
------------+-----------------------------------
          0 |     73,486       99.99       99.99
          1 |          4        0.01      100.00
------------+-----------------------------------
      Total |     73,490      100.00

-> tabulation of flupentixol  

flupentixol |      Freq.     Percent        Cum.
------------+-----------------------------------
          0 |     73,469       99.97       99.97
          1 |         21        0.03      100.00
------------+-----------------------------------
      Total |     73,490      100.00

-> tabulation of fluphenazine  

fluphenazin |
          e |      Freq.     Percent        Cum.
------------+-----------------------------------
          0 |     73,461       99.96       99.96
          1 |         29        0.04      100.00
------------+-----------------------------------
      Total |     73,490      100.00

-> tabulation of haloperidol  

haloperidol |      Freq.     Percent        Cum.
------------+-----------------------------------
          0 |     73,443       99.94       99.94
          1 |         47        0.06      100.00
------------+-----------------------------------
      Total |     73,490      100.00

-> tabulation of levomepromazine  

levomeproma |
       zine |      Freq.     Percent        Cum.
------------+-----------------------------------
          0 |     73,478       99.98       99.98
          1 |         12        0.02      100.00
------------+-----------------------------------
      Total |     73,490      100.00

-> tabulation of loxapine  

   loxapine |      Freq.     Percent        Cum.
------------+-----------------------------------
          0 |     73,484       99.99       99.99
          1 |          6        0.01      100.00
------------+-----------------------------------
      Total |     73,490      100.00

-> tabulation of lurasidone  

 lurasidone |      Freq.     Percent        Cum.
------------+-----------------------------------
          0 |     73,484       99.99       99.99
          1 |          6        0.01      100.00
------------+-----------------------------------
      Total |     73,490      100.00

-> tabulation of melperone  

  melperone |      Freq.     Percent        Cum.
------------+-----------------------------------
          0 |     73,489      100.00      100.00
          1 |          1        0.00      100.00
------------+-----------------------------------
      Total |     73,490      100.00

-> tabulation of olanzapine  

 olanzapine |      Freq.     Percent        Cum.
------------+-----------------------------------
          0 |     73,444       99.94       99.94
          1 |         46        0.06      100.00
------------+-----------------------------------
      Total |     73,490      100.00

-> tabulation of oxypertine  

 oxypertine |      Freq.     Percent        Cum.
------------+-----------------------------------
          0 |     73,486       99.99       99.99
          1 |          4        0.01      100.00
------------+-----------------------------------
      Total |     73,490      100.00

-> tabulation of paliperidone  

paliperidon |
          e |      Freq.     Percent        Cum.
------------+-----------------------------------
          0 |     73,466       99.97       99.97
          1 |         24        0.03      100.00
------------+-----------------------------------
      Total |     73,490      100.00

-> tabulation of pericyazine  

pericyazine |      Freq.     Percent        Cum.
------------+-----------------------------------
          0 |     73,482       99.99       99.99
          1 |          8        0.01      100.00
------------+-----------------------------------
      Total |     73,490      100.00

-> tabulation of perphenazine  

perphenazin |
          e |      Freq.     Percent        Cum.
------------+-----------------------------------
          0 |     73,478       99.98       99.98
          1 |         12        0.02      100.00
------------+-----------------------------------
      Total |     73,490      100.00

-> tabulation of pimozide  

   pimozide |      Freq.     Percent        Cum.
------------+-----------------------------------
          0 |     73,469       99.97       99.97
          1 |         21        0.03      100.00
------------+-----------------------------------
      Total |     73,490      100.00

-> tabulation of promazine  

  promazine |      Freq.     Percent        Cum.
------------+-----------------------------------
          0 |     73,445       99.94       99.94
          1 |         45        0.06      100.00
------------+-----------------------------------
      Total |     73,490      100.00

-> tabulation of quetiapine  

 quetiapine |      Freq.     Percent        Cum.
------------+-----------------------------------
          0 |     73,407       99.89       99.89
          1 |         83        0.11      100.00
------------+-----------------------------------
      Total |     73,490      100.00

-> tabulation of risperidone  

risperidone |      Freq.     Percent        Cum.
------------+-----------------------------------
          0 |     73,458       99.96       99.96
          1 |         32        0.04      100.00
------------+-----------------------------------
      Total |     73,490      100.00

-> tabulation of sertindole  

 sertindole |      Freq.     Percent        Cum.
------------+-----------------------------------
          0 |     73,482       99.99       99.99
          1 |          8        0.01      100.00
------------+-----------------------------------
      Total |     73,490      100.00

-> tabulation of sulpiride  

  sulpiride |      Freq.     Percent        Cum.
------------+-----------------------------------
          0 |     73,483       99.99       99.99
          1 |          7        0.01      100.00
------------+-----------------------------------
      Total |     73,490      100.00

-> tabulation of thioridazine  

thioridazin |
          e |      Freq.     Percent        Cum.
------------+-----------------------------------
          0 |     73,474       99.98       99.98
          1 |         16        0.02      100.00
------------+-----------------------------------
      Total |     73,490      100.00

-> tabulation of trifluoperazine  

trifluopera |
       zine |      Freq.     Percent        Cum.
------------+-----------------------------------
          0 |     73,472       99.98       99.98
          1 |         18        0.02      100.00
------------+-----------------------------------
      Total |     73,490      100.00

-> tabulation of ziprasidone  

ziprasidone |      Freq.     Percent        Cum.
------------+-----------------------------------
          0 |     73,489      100.00      100.00
          1 |          1        0.00      100.00
------------+-----------------------------------
      Total |     73,490      100.00

-> tabulation of zotepine  

   zotepine |      Freq.     Percent        Cum.
------------+-----------------------------------
          0 |     73,484       99.99       99.99
          1 |          6        0.01      100.00
------------+-----------------------------------
      Total |     73,490      100.00

-> tabulation of zuclopenthixol  

zuclopenthi |
        xol |      Freq.     Percent        Cum.
------------+-----------------------------------
          0 |     73,476       99.98       99.98
          1 |         14        0.02      100.00
------------+-----------------------------------
      Total |     73,490      100.00

-> tabulation of pipotiazine  

pipotiazine |      Freq.     Percent        Cum.
------------+-----------------------------------
          0 |     73,486       99.99       99.99
          1 |          4        0.01      100.00
------------+-----------------------------------
      Total |     73,490      100.00

-> tabulation of asenapine  

  asenapine |      Freq.     Percent        Cum.
------------+-----------------------------------
          0 |     73,486       99.99       99.99
          1 |          4        0.01      100.00
------------+-----------------------------------
      Total |     73,490      100.00

. 
. keep if antipsychotic == 1
(72,959 observations deleted)

. compress
  variable termfromemis was str211 now str144
  variable productname was str211 now str108
  variable formulation was str72 now str68
  variable routeofadministration was str115 now str40
  variable drugsubstancename was str999 now str55
  variable substancestrength was str433 now str41
  variable bnfchapter was str8 now str7
  variable bnfname was str100 now str60
  (863,406 bytes saved)

. count
  531

. 
. //Fix erroneous labelling due to "promazine" being a suffix in other drugs
. list termfromemis drugsubstancename promazine chlorpromazine levomepromazine ///
>         if promazine == 1 & (chlorpromazine == 1 | levomepromazine == 1)

     +----------------------------------------------------------------------------------------------------------------------------------+
     |                                                    termfromemis               drugsubstancename   promaz~e   chlo~ine   levome~e |
     |----------------------------------------------------------------------------------------------------------------------------------|
 10. |             Chlorpromazine Hydrochloride  Suppositories  100 mg                                          1          1          0 |
 29. |            Chlorpromazine Hydrochloride  Injection  100 mg/5 ml                                          1          1          0 |
 39. |                                 Chlorpromazine  Capsules  10 mg                                          1          1          0 |
 40. |               Chlorpromazine Hydrochloride  Injection  25 mg/ml                                          1          1          0 |
 74. |                         Levomepromazine 6mg/5ml oral suspension         Levomepromazine maleate          1          0          1 |
     |----------------------------------------------------------------------------------------------------------------------------------|
123. |                Chlorpromazine 25mg/5ml oral solution sugar free    Chlorpromazine hydrochloride          1          1          0 |
153. |                           Levinan 6mg tablets (Kyowa Kirin Ltd)         Levomepromazine maleate          1          0          1 |
154. |                                    Chlorpromazine 10mg capsules    Chlorpromazine hydrochloride          1          1          0 |
191. |                                   Levomepromazine 100mg tablets         Levomepromazine maleate          1          0          1 |
203. |              Largactil Forte 100mg/5ml oral suspension (Sanofi)         Chlorpromazine embonate          1          1          0 |
     |----------------------------------------------------------------------------------------------------------------------------------|
218. |                                     Chlorpromazine 10mg tablets    Chlorpromazine hydrochloride          1          1          0 |
219. |                                     Chlorpromazine 25mg tablets    Chlorpromazine hydrochloride          1          1          0 |
220. |                                     Chlorpromazine 50mg tablets    Chlorpromazine hydrochloride          1          1          0 |
221. |                                    Chlorpromazine 100mg tablets    Chlorpromazine hydrochloride          1          1          0 |
222. |                              Chlorpromazine 100mg suppositories    Chlorpromazine hydrochloride          1          1          0 |
     |----------------------------------------------------------------------------------------------------------------------------------|
235. |                                    Levomepromazine 25mg tablets         Levomepromazine maleate          1          0          1 |
305. |                      Levomepromazine 62.5mg/5ml oral suspension         Levomepromazine maleate          1          0          1 |
311. |                               Chlorpromazine 25mg suppositories    Chlorpromazine hydrochloride          1          1          0 |
342. |             Chlorpromazine 100mg/5ml oral suspension sugar free         Chlorpromazine embonate          1          1          0 |
343. |         Chlorpromazine 25mg/1ml solution for injection ampoules    Chlorpromazine hydrochloride          1          1          0 |
     |----------------------------------------------------------------------------------------------------------------------------------|
344. |                           Chlorpromazine 25mg/5ml oral solution    Chlorpromazine hydrochloride          1          1          0 |
345. |         Chlorpromazine 50mg/2ml solution for injection ampoules    Chlorpromazine hydrochloride          1          1          0 |
375. |                               Largactil 25mg/5ml syrup (Sanofi)    Chlorpromazine hydrochloride          1          1          0 |
388. |        Levomepromazine 25mg/1ml solution for injection ampoules   Levomepromazine hydrochloride          1          0          1 |
389. |                                    Levomepromazine 50mg tablets         Levomepromazine maleate          1          0          1 |
     |----------------------------------------------------------------------------------------------------------------------------------|
430. | Levomepromazine hydrochloride 25mg/5ml oral solution sugar free   Levomepromazine hydrochloride          1          0          1 |
437. |       Nozinan 25mg/1ml solution for injection ampoules (Sanofi)   Levomepromazine hydrochloride          1          0          1 |
444. |                                Largactil 100mg tablets (Sanofi)    Chlorpromazine hydrochloride          1          1          0 |
469. |                                 Largactil 25mg tablets (Sanofi)    Chlorpromazine hydrochloride          1          1          0 |
485. |                                   Nozinan 25mg tablets (Sanofi)         Levomepromazine maleate          1          0          1 |
     |----------------------------------------------------------------------------------------------------------------------------------|
502. |                          Chlorpromazine 100mg/5ml oral solution    Chlorpromazine hydrochloride          1          1          0 |
503. |                           Chlorpromazine 50mg/5ml oral solution    Chlorpromazine hydrochloride          1          1          0 |
510. |                       Levomepromazine 2.5mg/5ml oral suspension         Levomepromazine maleate          1          0          1 |
512. |     Largactil 50mg/2ml solution for injection ampoules (Sanofi)    Chlorpromazine hydrochloride          1          1          0 |
523. |                                 Largactil 50mg tablets (Sanofi)    Chlorpromazine hydrochloride          1          1          0 |
     |----------------------------------------------------------------------------------------------------------------------------------|
524. |                                 Largactil 10mg tablets (Sanofi)    Chlorpromazine hydrochloride          1          1          0 |
530. |                                     Levomepromazine 6mg tablets         Levomepromazine maleate          1          0          1 |
     +----------------------------------------------------------------------------------------------------------------------------------+

. replace promazine = 0 if chlorpromazine == 1 | levomepromazine == 1
(37 real changes made)

. list termfromemis drugsubstancename promazine chlorpromazine levomepromazine ///
>         if promazine == 1 & (chlorpromazine == 1 | levomepromazine == 1)

. 
. //Check included products for each drug
. //(Also use this to go back and add any brand names that may have been missed)
. foreach antipsychotic of local antipsychotics {
  2.         
.         display "Drug: `antipsychotic'"
  3.         tab1 `antipsychotic'
  4.         list prodcodeid termfromemis drugsubstancename bnfchapter bnfcode ///
>                 if `antipsychotic' == 1
  5. }
Drug: amisulpride

-> tabulation of amisulpride  

amisulpride |      Freq.     Percent        Cum.
------------+-----------------------------------
          0 |        519       97.74       97.74
          1 |         12        2.26      100.00
------------+-----------------------------------
      Total |        531      100.00

     +-------------------------------------------------------------------------------------------------------------+
     |       prodcodeid                                    termfromemis   drugsubst~e   bnfcha~r           bnfcode |
     |-------------------------------------------------------------------------------------------------------------|
 86. | 2216641000033113                       Amisulpride 400mg tablets   Amisulpride    4020100                   |
172. | 1366741000033110                      Solian 50 tablets (Sanofi)   Amisulpride              0402010A0BBABAB |
174. | 2216741000033116                     Solian 400 tablets (Sanofi)   Amisulpride              0402010A0BBACAE |
202. | 2835241000033119                     Solian 100 tablets (Sanofi)   Amisulpride              0402010A0BBAEAG |
217. | 1366641000033118                     Solian 200 tablets (Sanofi)   Amisulpride              0402010A0BBAAAA |
     |-------------------------------------------------------------------------------------------------------------|
273. |   59041000033114                        Amisulpride 50mg tablets   Amisulpride    4020100                   |
274. |   58941000033117                       Amisulpride 200mg tablets   Amisulpride    4020100                   |
319. | 2644841000033114   Amisulpride 100mg/ml oral solution sugar free   Amisulpride    4020100   0402010A0AAAHAH |
397. | 2644941000033118          Solian 100mg/ml oral solution (Sanofi)   Amisulpride              0402010A0BBAFAH |
413. | 2835141000033114                       Amisulpride 100mg tablets   Amisulpride    4020100                   |
     |-------------------------------------------------------------------------------------------------------------|
500. | 4940141000033119              Amisulpride 25mg/5ml oral solution   Amisulpride    4020100   0402010A0AAADAD |
501. | 5890941000033114            Amisulpride 25mg/5ml oral suspension   Amisulpride    4020100   0402010A0AAADAD |
     +-------------------------------------------------------------------------------------------------------------+
Drug: aripiprazole

-> tabulation of aripiprazole  

aripiprazol |
          e |      Freq.     Percent        Cum.
------------+-----------------------------------
          0 |        508       95.67       95.67
          1 |         23        4.33      100.00
------------+-----------------------------------
      Total |        531      100.00

     +----------------------------------------------------------------------------------------------------------------------------------------------------------------------+
 47. |        prodcodeid |                                                                                                                                     termfromemis |
     |  3950641000033111 |                                                                          Abilify 10mg orodispersible tablets (Otsuka Pharmaceuticals (U.K.) Ltd) |
     |----------------------------------------------------------------------------------------------------------------------------------------------------------------------|
     |                     drugsubsta~e                      |                     bnfcha~r                      |                             bnfcode                      |
     |                     Aripiprazole                      |                                                   |                     0402010ADBBAEAE                      |
     +----------------------------------------------------------------------------------------------------------------------------------------------------------------------+

     +----------------------------------------------------------------------------------------------------------------------------------------------------------------------+
 48. |        prodcodeid |                                                                                                                                     termfromemis |
     |  3950741000033119 |                                                                          Abilify 15mg orodispersible tablets (Otsuka Pharmaceuticals (U.K.) Ltd) |
     |----------------------------------------------------------------------------------------------------------------------------------------------------------------------|
     |                     drugsubsta~e                      |                     bnfcha~r                      |                             bnfcode                      |
     |                     Aripiprazole                      |                                                   |                     0402010ADBBAFAF                      |
     +----------------------------------------------------------------------------------------------------------------------------------------------------------------------+

     +----------------------------------------------------------------------------------------------------------------------------------------------------------------------+
 49. |        prodcodeid |                                                                                                                                     termfromemis |
     |  3950841000033112 |                                                                                 Abilify 1mg/ml oral solution (Otsuka Pharmaceuticals (U.K.) Ltd) |
     |----------------------------------------------------------------------------------------------------------------------------------------------------------------------|
     |                     drugsubsta~e                      |                     bnfcha~r                      |                             bnfcode                      |
     |                     Aripiprazole                      |                                                   |                     0402010ADBBAGAG                      |
     +----------------------------------------------------------------------------------------------------------------------------------------------------------------------+

     +----------------------------------------------------------------------------------------------------------------------------------------------------------------------+
 50. |        prodcodeid |                                                                                                                                     termfromemis |
     |  3950341000033115 |                                                                                              Aripiprazole 10mg orodispersible tablets sugar free |
     |----------------------------------------------------------------------------------------------------------------------------------------------------------------------|
     |                     drugsubsta~e                      |                     bnfcha~r                      |                             bnfcode                      |
     |                     Aripiprazole                      |                      4020100                      |                     0402010ADAAAEAE                      |
     +----------------------------------------------------------------------------------------------------------------------------------------------------------------------+

     +----------------------------------------------------------------------------------------------------------------------------------------------------------------------+
 51. |        prodcodeid |                                                                                                                                     termfromemis |
     |  3950441000033114 |                                                                                              Aripiprazole 15mg orodispersible tablets sugar free |
     |----------------------------------------------------------------------------------------------------------------------------------------------------------------------|
     |                     drugsubsta~e                      |                     bnfcha~r                      |                             bnfcode                      |
     |                     Aripiprazole                      |                      4020100                      |                     0402010ADAAAFAF                      |
     +----------------------------------------------------------------------------------------------------------------------------------------------------------------------+

     +----------------------------------------------------------------------------------------------------------------------------------------------------------------------+
 85. |        prodcodeid |                                                                                                                                     termfromemis |
     |  4456841000033110 |                                                            Abilify 9.75mg/1.3ml solution for injection vials (Otsuka Pharmaceuticals (U.K.) Ltd) |
     |----------------------------------------------------------------------------------------------------------------------------------------------------------------------|
     |                     drugsubsta~e                      |                     bnfcha~r                      |                             bnfcode                      |
     |                     Aripiprazole                      |                                                   |                     0402010ADBBAHAH                      |
     +----------------------------------------------------------------------------------------------------------------------------------------------------------------------+

     +----------------------------------------------------------------------------------------------------------------------------------------------------------------------+
 87. |        prodcodeid |                                                                                                                                     termfromemis |
     |  4456741000033117 |                                                                                           Aripiprazole 9.75mg/1.3ml solution for injection vials |
     |----------------------------------------------------------------------------------------------------------------------------------------------------------------------|
     |                     drugsubsta~e                      |                     bnfcha~r                      |                             bnfcode                      |
     |                     Aripiprazole                      |                      4020100                      |                     0402010ADAAAHAH                      |
     +----------------------------------------------------------------------------------------------------------------------------------------------------------------------+

     +----------------------------------------------------------------------------------------------------------------------------------------------------------------------+
170. |        prodcodeid |                                                                                                                                     termfromemis |
     |  8960441000033116 |               Abilify Maintena 400mg powder and solvent for prolonged-release suspension for injection vials (Otsuka Pharmaceuticals (U.K.) Ltd) |
     |----------------------------------------------------------------------------------------------------------------------------------------------------------------------|
     |                     drugsubsta~e                      |                     bnfcha~r                      |                             bnfcode                      |
     |                     Aripiprazole                      |                                                   |                     0402020ADBBAAAA                      |
     +----------------------------------------------------------------------------------------------------------------------------------------------------------------------+

     +----------------------------------------------------------------------------------------------------------------------------------------------------------------------+
171. |        prodcodeid |                                                                                                                                     termfromemis |
     |  8960241000033117 |                                                                         Aripiprazole 400mg powder and solvent for suspension for injection vials |
     |----------------------------------------------------------------------------------------------------------------------------------------------------------------------|
     |                     drugsubsta~e                      |                     bnfcha~r                      |                             bnfcode                      |
     |                     Aripiprazole                      |                      4020200                      |                     0402020ADAAAAAA                      |
     +----------------------------------------------------------------------------------------------------------------------------------------------------------------------+

     +----------------------------------------------------------------------------------------------------------------------------------------------------------------------+
215. |        prodcodeid |                                                                                                                                     termfromemis |
     | 10946441000033110 | Abilify Maintena 400mg powder and solvent for prolonged-release suspension for injection pre-filled syringes (Otsuka Pharmaceuticals (U.K.) Ltd) |
     |----------------------------------------------------------------------------------------------------------------------------------------------------------------------|
     |                     drugsubsta~e                      |                     bnfcha~r                      |                             bnfcode                      |
     |                     Aripiprazole                      |                                                   |                     0402020ADBBABAB                      |
     +----------------------------------------------------------------------------------------------------------------------------------------------------------------------+

     +----------------------------------------------------------------------------------------------------------------------------------------------------------------------+
216. |        prodcodeid |                                                                                                                                     termfromemis |
     | 10946341000033116 |                                                           Aripiprazole 400mg powder and solvent for suspension for injection pre-filled syringes |
     |----------------------------------------------------------------------------------------------------------------------------------------------------------------------|
     |                     drugsubsta~e                      |                     bnfcha~r                      |                             bnfcode                      |
     |                     Aripiprazole                      |                      4020200                      |                     0402020ADAAABAB                      |
     +----------------------------------------------------------------------------------------------------------------------------------------------------------------------+

     +----------------------------------------------------------------------------------------------------------------------------------------------------------------------+
358. |        prodcodeid |                                                                                                                                     termfromemis |
     | 12990341000033118 |                                                                                                     Arpoya 5mg tablets (Torrent Pharma (UK) Ltd) |
     |----------------------------------------------------------------------------------------------------------------------------------------------------------------------|
     |                     drugsubsta~e                      |                     bnfcha~r                      |                             bnfcode                      |
     |                     Aripiprazole                      |                                                   |                     0402010ADBDAAAD                      |
     +----------------------------------------------------------------------------------------------------------------------------------------------------------------------+

     +----------------------------------------------------------------------------------------------------------------------------------------------------------------------+
359. |        prodcodeid |                                                                                                                                     termfromemis |
     | 12990441000033112 |                                                                                                    Arpoya 10mg tablets (Torrent Pharma (UK) Ltd) |
     |----------------------------------------------------------------------------------------------------------------------------------------------------------------------|
     |                     drugsubsta~e                      |                     bnfcha~r                      |                             bnfcode                      |
     |                     Aripiprazole                      |                                                   |                     0402010ADBDABAA                      |
     +----------------------------------------------------------------------------------------------------------------------------------------------------------------------+

     +----------------------------------------------------------------------------------------------------------------------------------------------------------------------+
363. |        prodcodeid |                                                                                                                                     termfromemis |
     | 13353241000033112 |                                                                                                     Aripiprazole 1mg/ml oral solution sugar free |
     |----------------------------------------------------------------------------------------------------------------------------------------------------------------------|
     |                     drugsubsta~e                      |                     bnfcha~r                      |                             bnfcode                      |
     |                     Aripiprazole                      |                      4020100                      |                     0402010ADAAAKAK                      |
     +----------------------------------------------------------------------------------------------------------------------------------------------------------------------+

     +----------------------------------------------------------------------------------------------------------------------------------------------------------------------+
422. |        prodcodeid |                                                                                                                                     termfromemis |
     |  3225241000033118 |                                                                                                                         Aripiprazole 5mg tablets |
     |----------------------------------------------------------------------------------------------------------------------------------------------------------------------|
     |                     drugsubsta~e                      |                     bnfcha~r                      |                             bnfcode                      |
     |                     Aripiprazole                      |                      4020100                      |                                                          |
     +----------------------------------------------------------------------------------------------------------------------------------------------------------------------+

     +----------------------------------------------------------------------------------------------------------------------------------------------------------------------+
423. |        prodcodeid |                                                                                                                                     termfromemis |
     |  3137541000033113 |                                                                                                                        Aripiprazole 10mg tablets |
     |----------------------------------------------------------------------------------------------------------------------------------------------------------------------|
     |                     drugsubsta~e                      |                     bnfcha~r                      |                             bnfcode                      |
     |                     Aripiprazole                      |                      4020100                      |                                                          |
     +----------------------------------------------------------------------------------------------------------------------------------------------------------------------+

     +----------------------------------------------------------------------------------------------------------------------------------------------------------------------+
424. |        prodcodeid |                                                                                                                                     termfromemis |
     |  3137641000033114 |                                                                                                                        Aripiprazole 15mg tablets |
     |----------------------------------------------------------------------------------------------------------------------------------------------------------------------|
     |                     drugsubsta~e                      |                     bnfcha~r                      |                             bnfcode                      |
     |                     Aripiprazole                      |                      4020100                      |                                                          |
     +----------------------------------------------------------------------------------------------------------------------------------------------------------------------+

     +----------------------------------------------------------------------------------------------------------------------------------------------------------------------+
425. |        prodcodeid |                                                                                                                                     termfromemis |
     |  3137741000033117 |                                                                                                                        Aripiprazole 30mg tablets |
     |----------------------------------------------------------------------------------------------------------------------------------------------------------------------|
     |                     drugsubsta~e                      |                     bnfcha~r                      |                             bnfcode                      |
     |                     Aripiprazole                      |                      4020100                      |                                                          |
     +----------------------------------------------------------------------------------------------------------------------------------------------------------------------+

     +----------------------------------------------------------------------------------------------------------------------------------------------------------------------+
434. |        prodcodeid |                                                                                                                                     termfromemis |
     |  3950541000033110 |                                                                                                                Aripiprazole 1mg/ml oral solution |
     |----------------------------------------------------------------------------------------------------------------------------------------------------------------------|
     |                     drugsubsta~e                      |                     bnfcha~r                      |                             bnfcode                      |
     |                     Aripiprazole                      |                      4020100                      |                                                          |
     +----------------------------------------------------------------------------------------------------------------------------------------------------------------------+

     +----------------------------------------------------------------------------------------------------------------------------------------------------------------------+
490. |        prodcodeid |                                                                                                                                     termfromemis |
     |  3137841000033110 |                                                                                         Abilify 10mg tablets (Otsuka Pharmaceuticals (U.K.) Ltd) |
     |----------------------------------------------------------------------------------------------------------------------------------------------------------------------|
     |                     drugsubsta~e                      |                     bnfcha~r                      |                             bnfcode                      |
     |                     Aripiprazole                      |                                                   |                     0402010ADBBAAAA                      |
     +----------------------------------------------------------------------------------------------------------------------------------------------------------------------+

     +----------------------------------------------------------------------------------------------------------------------------------------------------------------------+
491. |        prodcodeid |                                                                                                                                     termfromemis |
     |  3137941000033119 |                                                                                         Abilify 15mg tablets (Otsuka Pharmaceuticals (U.K.) Ltd) |
     |----------------------------------------------------------------------------------------------------------------------------------------------------------------------|
     |                     drugsubsta~e                      |                     bnfcha~r                      |                             bnfcode                      |
     |                     Aripiprazole                      |                                                   |                     0402010ADBBABAB                      |
     +----------------------------------------------------------------------------------------------------------------------------------------------------------------------+

     +----------------------------------------------------------------------------------------------------------------------------------------------------------------------+
492. |        prodcodeid |                                                                                                                                     termfromemis |
     |  3138041000033116 |                                                                                         Abilify 30mg tablets (Otsuka Pharmaceuticals (U.K.) Ltd) |
     |----------------------------------------------------------------------------------------------------------------------------------------------------------------------|
     |                     drugsubsta~e                      |                     bnfcha~r                      |                             bnfcode                      |
     |                     Aripiprazole                      |                                                   |                     0402010ADBBACAC                      |
     +----------------------------------------------------------------------------------------------------------------------------------------------------------------------+

     +----------------------------------------------------------------------------------------------------------------------------------------------------------------------+
520. |        prodcodeid |                                                                                                                                     termfromemis |
     |  3225341000033111 |                                                                                          Abilify 5mg tablets (Otsuka Pharmaceuticals (U.K.) Ltd) |
     |----------------------------------------------------------------------------------------------------------------------------------------------------------------------|
     |                     drugsubsta~e                      |                     bnfcha~r                      |                             bnfcode                      |
     |                     Aripiprazole                      |                                                   |                     0402010ADBBADAD                      |
     +----------------------------------------------------------------------------------------------------------------------------------------------------------------------+
Drug: benperidol

-> tabulation of benperidol  

 benperidol |      Freq.     Percent        Cum.
------------+-----------------------------------
          0 |        529       99.62       99.62
          1 |          2        0.38      100.00
------------+-----------------------------------
      Total |        531      100.00

     +---------------------------------------------------------------------------------------------------------------+
     |      prodcodeid                                        termfromemis   drugsubs~e   bnfcha~r           bnfcode |
     |---------------------------------------------------------------------------------------------------------------|
223. | 145141000033119                     Benperidol 250microgram tablets   Benperidol    4020100                   |
528. |  69041000033115   Anquil 250microgram tablets (Neon Healthcare Ltd)   Benperidol              0402010B0BBAAAA |
     +---------------------------------------------------------------------------------------------------------------+
Drug: cariprazine

-> tabulation of cariprazine  

cariprazine |      Freq.     Percent        Cum.
------------+-----------------------------------
          0 |        526       99.06       99.06
          1 |          5        0.94      100.00
------------+-----------------------------------
      Total |        531      100.00

     +-----------------------------------------------------------------------------------------------------------------------------------+
     |        prodcodeid                                           termfromemis           drugsubstancename   bnfcha~r           bnfcode |
     |-----------------------------------------------------------------------------------------------------------------------------------|
314. | 12665841000033118   Reagila 3mg capsules (Recordati Pharmaceuticals Ltd)   Cariprazine hydrochloride              0402010AJBBABAB |
315. | 12665341000033110                             Cariprazine 1.5mg capsules   Cariprazine hydrochloride    4020100   0402010AJAAAAAA |
316. | 12665441000033116                               Cariprazine 3mg capsules   Cariprazine hydrochloride    4020100   0402010AJAAABAB |
317. | 12665541000033115                             Cariprazine 4.5mg capsules   Cariprazine hydrochloride    4020100   0402010AJAAACAC |
318. | 12665641000033119                               Cariprazine 6mg capsules   Cariprazine hydrochloride    4020100   0402010AJAAADAD |
     +-----------------------------------------------------------------------------------------------------------------------------------+
Drug: chlorpromazine

-> tabulation of chlorpromazine  

chlorpromaz |
        ine |      Freq.     Percent        Cum.
------------+-----------------------------------
          0 |        505       95.10       95.10
          1 |         26        4.90      100.00
------------+-----------------------------------
      Total |        531      100.00

     +---------------------------------------------------------------------------------------------------------------------------------------------+
     |        prodcodeid                                                  termfromemis              drugsubstancename   bnfcha~r           bnfcode |
     |---------------------------------------------------------------------------------------------------------------------------------------------|
 10. |   246541000033119           Chlorpromazine Hydrochloride  Suppositories  100 mg                                                             |
 13. |   813341000033115                              Largactil  Suppositories  100 mg                                                             |
 29. |   242241000033115          Chlorpromazine Hydrochloride  Injection  100 mg/5 ml                                                             |
 39. |  4148441000033110                               Chlorpromazine  Capsules  10 mg                                                             |
 40. |   242341000033113             Chlorpromazine Hydrochloride  Injection  25 mg/ml                                                             |
     |---------------------------------------------------------------------------------------------------------------------------------------------|
123. | 11876741000033116              Chlorpromazine 25mg/5ml oral solution sugar free   Chlorpromazine hydrochloride    4020100   0402010D0AAAVAV |
154. |  8886041000033118                                  Chlorpromazine 10mg capsules   Chlorpromazine hydrochloride    4020100   0402010D0AABDBD |
203. |   813441000033114            Largactil Forte 100mg/5ml oral suspension (Sanofi)        Chlorpromazine embonate              0402010D0BDAFAP |
218. |   249041000033117                                   Chlorpromazine 10mg tablets   Chlorpromazine hydrochloride    4020100                   |
219. |   249241000033113                                   Chlorpromazine 25mg tablets   Chlorpromazine hydrochloride    4020100                   |
     |---------------------------------------------------------------------------------------------------------------------------------------------|
220. |   249341000033115                                   Chlorpromazine 50mg tablets   Chlorpromazine hydrochloride    4020100                   |
221. |   249141000033118                                  Chlorpromazine 100mg tablets   Chlorpromazine hydrochloride    4020100                   |
222. | 12667641000033113                            Chlorpromazine 100mg suppositories   Chlorpromazine hydrochloride    4020100                   |
311. |  8885941000033111                             Chlorpromazine 25mg suppositories   Chlorpromazine hydrochloride    4020100                   |
342. |   246641000033118           Chlorpromazine 100mg/5ml oral suspension sugar free        Chlorpromazine embonate    4020100   0402010D0AAAPAP |
     |---------------------------------------------------------------------------------------------------------------------------------------------|
343. |  3858941000033110       Chlorpromazine 25mg/1ml solution for injection ampoules   Chlorpromazine hydrochloride    4020100   0402010D0AAADAD |
344. |   240041000033110                         Chlorpromazine 25mg/5ml oral solution   Chlorpromazine hydrochloride    4020100   0402010D0AAABAB |
345. |   241341000033116       Chlorpromazine 50mg/2ml solution for injection ampoules   Chlorpromazine hydrochloride    4020100   0402010D0AAAMAM |
375. |   813741000033119                             Largactil 25mg/5ml syrup (Sanofi)   Chlorpromazine hydrochloride              0402010D0BDAEAB |
444. |   815841000033113                              Largactil 100mg tablets (Sanofi)   Chlorpromazine hydrochloride              0402010D0BDADAK |
     |---------------------------------------------------------------------------------------------------------------------------------------------|
469. |   815941000033117                               Largactil 25mg tablets (Sanofi)   Chlorpromazine hydrochloride              0402010D0BDABAI |
502. |  1719341000033115                        Chlorpromazine 100mg/5ml oral solution   Chlorpromazine hydrochloride    4020100   0402010D0AAAFAF |
503. |  3849441000033112                         Chlorpromazine 50mg/5ml oral solution   Chlorpromazine hydrochloride    4020100   0402010D0AAA3A3 |
512. |   811041000033116   Largactil 50mg/2ml solution for injection ampoules (Sanofi)   Chlorpromazine hydrochloride              0402010D0BDALAM |
523. |   816041000033110                               Largactil 50mg tablets (Sanofi)   Chlorpromazine hydrochloride              0402010D0BDACAJ |
     |---------------------------------------------------------------------------------------------------------------------------------------------|
524. |   815741000033115                               Largactil 10mg tablets (Sanofi)   Chlorpromazine hydrochloride              0402010D0BDAAAH |
     +---------------------------------------------------------------------------------------------------------------------------------------------+
Drug: chlorprothixene

-> tabulation of chlorprothixene  

chlorprothi |
       xene |      Freq.     Percent        Cum.
------------+-----------------------------------
          0 |        531      100.00      100.00
------------+-----------------------------------
      Total |        531      100.00
Drug: clozapine

-> tabulation of clozapine  

  clozapine |      Freq.     Percent        Cum.
------------+-----------------------------------
          0 |        510       96.05       96.05
          1 |         21        3.95      100.00
------------+-----------------------------------
      Total |        531      100.00

     +--------------------------------------------------------------------------------------------------------------------------------+
     |        prodcodeid                                                        termfromemis   drugsub~e   bnfcha~r           bnfcode |
     |--------------------------------------------------------------------------------------------------------------------------------|
105. |  5078241000033113              Denzapine 50mg tablets (Britannia Pharmaceuticals Ltd)   Clozapine              0402010C0BCACAC |
106. |  5078141000033118             Denzapine 200mg tablets (Britannia Pharmaceuticals Ltd)   Clozapine              0402010C0BCADAD |
107. |  5077741000033118   Denzapine 50mg/ml oral suspension (Britannia Pharmaceuticals Ltd)   Clozapine              0402010C0BCAEAE |
108. |  5077941000033115                                             Clozapine 200mg tablets   Clozapine    4020100   0402010C0AAADAD |
109. |  5077641000033110                        Clozapine 50mg/ml oral suspension sugar free   Clozapine    4020100   0402010C0AAAEAE |
     |--------------------------------------------------------------------------------------------------------------------------------|
255. |   287641000033113                                              Clozapine 25mg tablets   Clozapine    4020100                   |
256. |   287541000033112                                             Clozapine 100mg tablets   Clozapine    4020100                   |
368. | 13158841000033111            Zaponex 100mg orodispersible tablets (Leyden Delta B.V.)   Clozapine              0402010C0BDAFAK |
369. | 13159041000033112            Zaponex 200mg orodispersible tablets (Leyden Delta B.V.)   Clozapine              0402010C0BDAGAL |
370. | 13158341000033119                   Clozapine 100mg orodispersible tablets sugar free   Clozapine    4020100   0402010C0AAAKAK |
     |--------------------------------------------------------------------------------------------------------------------------------|
371. | 13158441000033113                  Clozapine 12.5mg orodispersible tablets sugar free   Clozapine    4020100   0402010C0AAAHAH |
372. | 13158541000033114                   Clozapine 200mg orodispersible tablets sugar free   Clozapine    4020100   0402010C0AAALAL |
373. | 13158641000033110                    Clozapine 25mg orodispersible tablets sugar free   Clozapine    4020100   0402010C0AAAIAI |
374. | 13158741000033118                    Clozapine 50mg orodispersible tablets sugar free   Clozapine    4020100   0402010C0AAAJAJ |
379. |   284941000033113                   Clozaril 25mg tablets (Viatris UK Healthcare Ltd)   Clozapine              0402010C0BBAAAA |
     |--------------------------------------------------------------------------------------------------------------------------------|
380. |   285041000033113                  Clozaril 100mg tablets (Viatris UK Healthcare Ltd)   Clozapine              0402010C0BBABAB |
438. |  5078041000033117                                              Clozapine 50mg tablets   Clozapine    4020100                   |
497. |  3158941000033116              Denzapine 25mg tablets (Britannia Pharmaceuticals Ltd)   Clozapine              0402010C0BCAAAA |
498. |  3159041000033113             Denzapine 100mg tablets (Britannia Pharmaceuticals Ltd)   Clozapine              0402010C0BCABAB |
514. |  3226341000033115                            Zaponex 25mg tablets (Leyden Delta B.V.)   Clozapine              0402010C0BDAAAA |
     |--------------------------------------------------------------------------------------------------------------------------------|
516. |  3226441000033114                           Zaponex 100mg tablets (Leyden Delta B.V.)   Clozapine              0402010C0BDABAB |
     +--------------------------------------------------------------------------------------------------------------------------------+
Drug: droperidol

-> tabulation of droperidol  

 droperidol |      Freq.     Percent        Cum.
------------+-----------------------------------
          0 |        527       99.25       99.25
          1 |          4        0.75      100.00
------------+-----------------------------------
      Total |        531      100.00

     +-----------------------------------------------------------------------------------------------------------+
     |       prodcodeid                                           termfromemis   drugsubs~e   bnfcha~r   bnfcode |
     |-----------------------------------------------------------------------------------------------------------|
 16. |  485041000033112                             Droperidol  Tablets  10 mg                                   |
 19. |  483541000033115                             Droperidol  Liquid  1mg/ml                                   |
 41. |  483141000033112                          Droperidol  Injection  5mg/ml                                   |
102. | 5055241000033117   Droperidol 2.5mg/1ml solution for injection ampoules   Droperidol    4020100           |
     +-----------------------------------------------------------------------------------------------------------+
Drug: flupentixol

-> tabulation of flupentixol  

flupentixol |      Freq.     Percent        Cum.
------------+-----------------------------------
          0 |        510       96.05       96.05
          1 |         21        3.95      100.00
------------+-----------------------------------
      Total |        531      100.00

     +---------------------------------------------------------------------------------------------------------------------------------------------------------------+
     |       prodcodeid                                                                      termfromemis             drugsubstancename   bnfcha~r           bnfcode |
     |---------------------------------------------------------------------------------------------------------------------------------------------------------------|
 33. |  420541000033118                                             Depixol Conc.  Injection  500 mg/5 ml                                                            |
 34. |  420341000033113                                          Depixol  Injection (syringe)  40 mg/2 ml                                                            |
 38. |  420241000033115                                          Depixol  Injection (syringe)  20 mg/1 ml                                                            |
 44. |  420041000033111                                                  Depixol  Injection  200 mg/10 ml                                                            |
210. |  420441000033119            Depixol Conc 50mg/0.5ml solution for injection ampoules (Lundbeck Ltd)         Flupentixol decanoate              0402020G0BBAFAH |
     |---------------------------------------------------------------------------------------------------------------------------------------------------------------|
211. |  423041000033115             Depixol Conc 100mg/1ml solution for injection ampoules (Lundbeck Ltd)         Flupentixol decanoate              0402020G0BBADAB |
212. |  420141000033110                   Depixol 40mg/2ml solution for injection ampoules (Lundbeck Ltd)         Flupentixol decanoate              0402020G0BBABAC |
213. |  422941000033113                   Depixol 20mg/1ml solution for injection ampoules (Lundbeck Ltd)         Flupentixol decanoate              0402020G0BBAAAA |
214. |  419941000033113       Depixol Low Volume 200mg/1ml solution for injection ampoules (Lundbeck Ltd)         Flupentixol decanoate              0402020G0BBAGAI |
329. | 3090541000033111                            Flupentixol 50mg/0.5ml solution for injection ampoules         Flupentixol decanoate    4020200   0402020G0AAAHAH |
     |---------------------------------------------------------------------------------------------------------------------------------------------------------------|
338. | 3090641000033112                             Flupentixol 100mg/1ml solution for injection ampoules         Flupentixol decanoate    4020200   0402020G0AAABAB |
339. | 3090741000033115                             Flupentixol 200mg/1ml solution for injection ampoules         Flupentixol decanoate    4020200   0402020G0AAAIAI |
340. | 3090841000033113                              Flupentixol 20mg/1ml solution for injection ampoules         Flupentixol decanoate    4020200   0402020G0AAAAAA |
341. | 3090941000033117                              Flupentixol 40mg/2ml solution for injection ampoules         Flupentixol decanoate    4020200   0402020G0AAACAC |
354. |  431741000033118                                                Depixol 3mg tablets (Lundbeck Ltd)   Flupentixol dihydrochloride              0402010H0BBAAAA |
     |---------------------------------------------------------------------------------------------------------------------------------------------------------------|
398. | 3091041000033110                                                           Flupentixol 1mg tablets   Flupentixol dihydrochloride    4030400   0403040F0AAABAB |
399. | 3091241000033119                                                           Flupentixol 3mg tablets   Flupentixol dihydrochloride    4020100   0402010H0AAAAAA |
400. | 3091141000033114                                                  Flupentixol 500microgram tablets   Flupentixol dihydrochloride    4030400   0403040F0AAAAAA |
468. |  593541000033112                                      Fluanxol 500microgram tablets (Lundbeck Ltd)   Flupentixol dihydrochloride              0403040F0BBAAAA |
505. |  593441000033111                                               Fluanxol 1mg tablets (Lundbeck Ltd)   Flupentixol dihydrochloride              0403040F0BBABAB |
     |---------------------------------------------------------------------------------------------------------------------------------------------------------------|
529. | 8540041000033111   Psytixol 50mg/0.5ml solution for injection ampoules (Viatris UK Healthcare Ltd)         Flupentixol decanoate              0402020G0BCACAH |
     +---------------------------------------------------------------------------------------------------------------------------------------------------------------+
Drug: fluphenazine

-> tabulation of fluphenazine  

fluphenazin |
          e |      Freq.     Percent        Cum.
------------+-----------------------------------
          0 |        502       94.54       94.54
          1 |         29        5.46      100.00
------------+-----------------------------------
      Total |        531      100.00

     +--------------------------------------------------------------------------------------------------------------------------------------------------------------------+
 22. |        prodcodeid |                                                                         termfromemis |                                       drugsubstancename |
     |   584741000033119 |                                          Fluphenazine Enanthate  Injection  25 mg/ml |                                                         |
     |--------------------------------------------------------------------------------------------------------------------------------------------------------------------|
     |                                   bnfcha~r                                   |                                           bnfcode                                   |
     |                                                                              |                                                                                     |
     +--------------------------------------------------------------------------------------------------------------------------------------------------------------------+

     +--------------------------------------------------------------------------------------------------------------------------------------------------------------------+
 32. |        prodcodeid |                                                                         termfromemis |                                       drugsubstancename |
     |   926041000033110 |                                               Moditen Enanthate  Injection  25 mg/ml |                                                         |
     |--------------------------------------------------------------------------------------------------------------------------------------------------------------------|
     |                                   bnfcha~r                                   |                                           bnfcode                                   |
     |                                                                              |                                                                                     |
     +--------------------------------------------------------------------------------------------------------------------------------------------------------------------+

     +--------------------------------------------------------------------------------------------------------------------------------------------------------------------+
 66. |        prodcodeid |                                                                         termfromemis |                                       drugsubstancename |
     |   925341000033116 |                           Modecate 50mg/2ml solution for injection ampoules (Sanofi) |                                  Fluphenazine decanoate |
     |--------------------------------------------------------------------------------------------------------------------------------------------------------------------|
     |                                   bnfcha~r                                   |                                           bnfcode                                   |
     |                                                                              |                                   0402020L0BBACAD                                   |
     +--------------------------------------------------------------------------------------------------------------------------------------------------------------------+

     +--------------------------------------------------------------------------------------------------------------------------------------------------------------------+
 73. |        prodcodeid |                                                                         termfromemis |                                       drugsubstancename |
     |   938941000033114 |                                           Motival 10mg/500microgram tablets (Sanofi) | Fluphenazine hydrochloride/ Nortriptyline hydrochloride |
     |--------------------------------------------------------------------------------------------------------------------------------------------------------------------|
     |                                   bnfcha~r                                   |                                           bnfcode                                   |
     |                                                                              |                                   0403010V0BEAAAM                                   |
     +--------------------------------------------------------------------------------------------------------------------------------------------------------------------+

     +--------------------------------------------------------------------------------------------------------------------------------------------------------------------+
100. |        prodcodeid |                                                                         termfromemis |                                       drugsubstancename |
     |   924341000033117 | Modecate 50mg/2ml solution for injection pre-filled syringes (Sanofi-Synthelabo Ltd) |                                  Fluphenazine decanoate |
     |--------------------------------------------------------------------------------------------------------------------------------------------------------------------|
     |                                   bnfcha~r                                   |                                           bnfcode                                   |
     |                                                                              |                                   0402020L0BBAEAH                                   |
     +--------------------------------------------------------------------------------------------------------------------------------------------------------------------+

     +--------------------------------------------------------------------------------------------------------------------------------------------------------------------+
224. |        prodcodeid |                                                                         termfromemis |                                       drugsubstancename |
     |   595441000033112 |                                                             Fluphenazine 1mg tablets |                              Fluphenazine hydrochloride |
     |--------------------------------------------------------------------------------------------------------------------------------------------------------------------|
     |                                   bnfcha~r                                   |                                           bnfcode                                   |
     |                                    4020100                                   |                                                                                     |
     +--------------------------------------------------------------------------------------------------------------------------------------------------------------------+

     +--------------------------------------------------------------------------------------------------------------------------------------------------------------------+
225. |        prodcodeid |                                                                         termfromemis |                                       drugsubstancename |
     |   595641000033114 |                                                           Fluphenazine 2.5mg tablets |                              Fluphenazine hydrochloride |
     |--------------------------------------------------------------------------------------------------------------------------------------------------------------------|
     |                                   bnfcha~r                                   |                                           bnfcode                                   |
     |                                    4020100                                   |                                                                                     |
     +--------------------------------------------------------------------------------------------------------------------------------------------------------------------+

     +--------------------------------------------------------------------------------------------------------------------------------------------------------------------+
226. |        prodcodeid |                                                                         termfromemis |                                       drugsubstancename |
     |   595741000033117 |                                                             Fluphenazine 5mg tablets |                              Fluphenazine hydrochloride |
     |--------------------------------------------------------------------------------------------------------------------------------------------------------------------|
     |                                   bnfcha~r                                   |                                           bnfcode                                   |
     |                                    4020100                                   |                                                                                     |
     +--------------------------------------------------------------------------------------------------------------------------------------------------------------------+

     +--------------------------------------------------------------------------------------------------------------------------------------------------------------------+
330. |        prodcodeid |                                                                         termfromemis |                                       drugsubstancename |
     |   587741000033113 |                     Fluphenazine decanoate 100mg/1ml solution for injection ampoules |                                  Fluphenazine decanoate |
     |--------------------------------------------------------------------------------------------------------------------------------------------------------------------|
     |                                   bnfcha~r                                   |                                           bnfcode                                   |
     |                                    4020200                                   |                                   0402020L0AAAFAF                                   |
     +--------------------------------------------------------------------------------------------------------------------------------------------------------------------+

     +--------------------------------------------------------------------------------------------------------------------------------------------------------------------+
331. |        prodcodeid |                                                                         termfromemis |                                       drugsubstancename |
     |   586641000033119 |                  Fluphenazine decanoate 12.5mg/0.5ml solution for injection ampoules |                                  Fluphenazine decanoate |
     |--------------------------------------------------------------------------------------------------------------------------------------------------------------------|
     |                                   bnfcha~r                                   |                                           bnfcode                                   |
     |                                    4020200                                   |                                   0402020L0AAAAAA                                   |
     +--------------------------------------------------------------------------------------------------------------------------------------------------------------------+

     +--------------------------------------------------------------------------------------------------------------------------------------------------------------------+
332. |        prodcodeid |                                                                         termfromemis |                                       drugsubstancename |
     |   586741000033111 |                       Fluphenazine decanoate 250mg/10ml solution for injection vials |                                  Fluphenazine decanoate |
     |--------------------------------------------------------------------------------------------------------------------------------------------------------------------|
     |                                   bnfcha~r                                   |                                           bnfcode                                   |
     |                                    4020200                                   |                                   0402020L0AAAEAE                                   |
     +--------------------------------------------------------------------------------------------------------------------------------------------------------------------+

     +--------------------------------------------------------------------------------------------------------------------------------------------------------------------+
333. |        prodcodeid |                                                                         termfromemis |                                       drugsubstancename |
     |   584641000033111 |                      Fluphenazine decanoate 25mg/1ml solution for injection ampoules |                                  Fluphenazine decanoate |
     |--------------------------------------------------------------------------------------------------------------------------------------------------------------------|
     |                                   bnfcha~r                                   |                                           bnfcode                                   |
     |                                    4020200                                   |                                   0402020L0AAACAC                                   |
     +--------------------------------------------------------------------------------------------------------------------------------------------------------------------+

     +--------------------------------------------------------------------------------------------------------------------------------------------------------------------+
334. |        prodcodeid |                                                                         termfromemis |                                       drugsubstancename |
     |   582041000033112 |           Fluphenazine decanoate 25mg/1ml solution for injection pre-filled syringes |                                  Fluphenazine decanoate |
     |--------------------------------------------------------------------------------------------------------------------------------------------------------------------|
     |                                   bnfcha~r                                   |                                           bnfcode                                   |
     |                                    4020200                                   |                                   0402020L0AAAGAG                                   |
     +--------------------------------------------------------------------------------------------------------------------------------------------------------------------+

     +--------------------------------------------------------------------------------------------------------------------------------------------------------------------+
335. |        prodcodeid |                                                                         termfromemis |                                       drugsubstancename |
     |   586941000033114 |                    Fluphenazine decanoate 50mg/0.5ml solution for injection ampoules |                                  Fluphenazine decanoate |
     |--------------------------------------------------------------------------------------------------------------------------------------------------------------------|
     |                                   bnfcha~r                                   |                                           bnfcode                                   |
     |                                    4020200                                   |                                   0402020L0AAABAB                                   |
     +--------------------------------------------------------------------------------------------------------------------------------------------------------------------+

     +--------------------------------------------------------------------------------------------------------------------------------------------------------------------+
336. |        prodcodeid |                                                                         termfromemis |                                       drugsubstancename |
     |   586841000033118 |                      Fluphenazine decanoate 50mg/2ml solution for injection ampoules |                                  Fluphenazine decanoate |
     |--------------------------------------------------------------------------------------------------------------------------------------------------------------------|
     |                                   bnfcha~r                                   |                                           bnfcode                                   |
     |                                    4020200                                   |                                   0402020L0AAADAD                                   |
     +--------------------------------------------------------------------------------------------------------------------------------------------------------------------+

     +--------------------------------------------------------------------------------------------------------------------------------------------------------------------+
337. |        prodcodeid |                                                                         termfromemis |                                       drugsubstancename |
     |   582141000033111 |           Fluphenazine decanoate 50mg/2ml solution for injection pre-filled syringes |                                  Fluphenazine decanoate |
     |--------------------------------------------------------------------------------------------------------------------------------------------------------------------|
     |                                   bnfcha~r                                   |                                           bnfcode                                   |
     |                                    4020200                                   |                                   0402020L0AAAHAH                                   |
     +--------------------------------------------------------------------------------------------------------------------------------------------------------------------+

     +--------------------------------------------------------------------------------------------------------------------------------------------------------------------+
357. |        prodcodeid |                                                                         termfromemis |                                       drugsubstancename |
     |   935041000033115 |                                                         Moditen 1mg tablets (Sanofi) |                              Fluphenazine hydrochloride |
     |--------------------------------------------------------------------------------------------------------------------------------------------------------------------|
     |                                   bnfcha~r                                   |                                           bnfcode                                   |
     |                                                                              |                                   0402010I0BBAAAB                                   |
     +--------------------------------------------------------------------------------------------------------------------------------------------------------------------+

     +--------------------------------------------------------------------------------------------------------------------------------------------------------------------+
377. |        prodcodeid |                                                                         termfromemis |                                       drugsubstancename |
     |   935141000033116 |                                                       Moditen 2.5mg tablets (Sanofi) |                              Fluphenazine hydrochloride |
     |--------------------------------------------------------------------------------------------------------------------------------------------------------------------|
     |                                   bnfcha~r                                   |                                           bnfcode                                   |
     |                                                                              |                                   0402010I0BBABAC                                   |
     +--------------------------------------------------------------------------------------------------------------------------------------------------------------------+

     +--------------------------------------------------------------------------------------------------------------------------------------------------------------------+
378. |        prodcodeid |                                                                         termfromemis |                                       drugsubstancename |
     |   935241000033111 |                                          Moditen 5mg tablets (Sanofi-Synthelabo Ltd) |                              Fluphenazine hydrochloride |
     |--------------------------------------------------------------------------------------------------------------------------------------------------------------------|
     |                                   bnfcha~r                                   |                                           bnfcode                                   |
     |                                                                              |                                   0402010I0BBACAD                                   |
     +--------------------------------------------------------------------------------------------------------------------------------------------------------------------+

     +--------------------------------------------------------------------------------------------------------------------------------------------------------------------+
394. |        prodcodeid |                                                                         termfromemis |                                       drugsubstancename |
     | 13746541000033119 |               Modecate 25mg/1ml solution for injection ampoules (Imported (Denmark)) |                                  Fluphenazine decanoate |
     |--------------------------------------------------------------------------------------------------------------------------------------------------------------------|
     |                                   bnfcha~r                                   |                                           bnfcode                                   |
     |                                                                              |                                   0402020L0BBAHAC                                   |
     +--------------------------------------------------------------------------------------------------------------------------------------------------------------------+

     +--------------------------------------------------------------------------------------------------------------------------------------------------------------------+
395. |        prodcodeid |                                                                         termfromemis |                                       drugsubstancename |
     | 13746741000033110 |  Modecate Concentrate 100mg/1ml solution for injection ampoules (Imported (Germany)) |                                  Fluphenazine decanoate |
     |--------------------------------------------------------------------------------------------------------------------------------------------------------------------|
     |                                   bnfcha~r                                   |                                           bnfcode                                   |
     |                                                                              |                                   0402020L0BBAJAF                                   |
     +--------------------------------------------------------------------------------------------------------------------------------------------------------------------+

     +--------------------------------------------------------------------------------------------------------------------------------------------------------------------+
401. |        prodcodeid |                                                                         termfromemis |                                       drugsubstancename |
     |  3179941000033111 |                               Nortriptyline 10mg / Fluphenazine 500microgram tablets | Fluphenazine hydrochloride/ Nortriptyline hydrochloride |
     |--------------------------------------------------------------------------------------------------------------------------------------------------------------------|
     |                                   bnfcha~r                                   |                                           bnfcode                                   |
     |                                    4030100                                   |                                   0403010V0AAAMAM                                   |
     +--------------------------------------------------------------------------------------------------------------------------------------------------------------------+

     +--------------------------------------------------------------------------------------------------------------------------------------------------------------------+
465. |        prodcodeid |                                                                         termfromemis |                                       drugsubstancename |
     |   938841000033118 |                                            Motipress tablets (Sanofi-Synthelabo Ltd) | Fluphenazine hydrochloride/ Nortriptyline hydrochloride |
     |--------------------------------------------------------------------------------------------------------------------------------------------------------------------|
     |                                   bnfcha~r                                   |                                           bnfcode                                   |
     |                                                                              |                                   0403010V0BDAAAL                                   |
     +--------------------------------------------------------------------------------------------------------------------------------------------------------------------+

     +--------------------------------------------------------------------------------------------------------------------------------------------------------------------+
476. |        prodcodeid |                                                                         termfromemis |                                       drugsubstancename |
     |   934841000033111 |                           Modecate 25mg/1ml solution for injection ampoules (Sanofi) |                                  Fluphenazine decanoate |
     |--------------------------------------------------------------------------------------------------------------------------------------------------------------------|
     |                                   bnfcha~r                                   |                                           bnfcode                                   |
     |                                                                              |                                   0402020L0BBABAC                                   |
     +--------------------------------------------------------------------------------------------------------------------------------------------------------------------+

     +--------------------------------------------------------------------------------------------------------------------------------------------------------------------+
477. |        prodcodeid |                                                                         termfromemis |                                       drugsubstancename |
     |   925941000033117 |              Modecate Concentrate 100mg/1ml solution for injection ampoules (Sanofi) |                                  Fluphenazine decanoate |
     |--------------------------------------------------------------------------------------------------------------------------------------------------------------------|
     |                                   bnfcha~r                                   |                                           bnfcode                                   |
     |                                                                              |                                   0402020L0BBAGAF                                   |
     +--------------------------------------------------------------------------------------------------------------------------------------------------------------------+

     +--------------------------------------------------------------------------------------------------------------------------------------------------------------------+
484. |        prodcodeid |                                                                         termfromemis |                                       drugsubstancename |
     |   924241000033110 | Modecate 25mg/1ml solution for injection pre-filled syringes (Sanofi-Synthelabo Ltd) |                                  Fluphenazine decanoate |
     |--------------------------------------------------------------------------------------------------------------------------------------------------------------------|
     |                                   bnfcha~r                                   |                                           bnfcode                                   |
     |                                                                              |                                   0402020L0BBADAG                                   |
     +--------------------------------------------------------------------------------------------------------------------------------------------------------------------+

     +--------------------------------------------------------------------------------------------------------------------------------------------------------------------+
496. |        prodcodeid |                                                                         termfromemis |                                       drugsubstancename |
     |   925841000033113 |                       Modecate 12.5mg/0.5ml solution for injection ampoules (Sanofi) |                                  Fluphenazine decanoate |
     |--------------------------------------------------------------------------------------------------------------------------------------------------------------------|
     |                                   bnfcha~r                                   |                                           bnfcode                                   |
     |                                                                              |                                   0402020L0BBAAAA                                   |
     +--------------------------------------------------------------------------------------------------------------------------------------------------------------------+

     +--------------------------------------------------------------------------------------------------------------------------------------------------------------------+
504. |        prodcodeid |                                                                         termfromemis |                                       drugsubstancename |
     |   927841000033117 |             Modecate Concentrate 50mg/0.5ml solution for injection ampoules (Sanofi) |                                  Fluphenazine decanoate |
     |--------------------------------------------------------------------------------------------------------------------------------------------------------------------|
     |                                   bnfcha~r                                   |                                           bnfcode                                   |
     |                                                                              |                                   0402020L0BBAFAB                                   |
     +--------------------------------------------------------------------------------------------------------------------------------------------------------------------+

     +--------------------------------------------------------------------------------------------------------------------------------------------------------------------+
527. |        prodcodeid |                                                                         termfromemis |                                       drugsubstancename |
     |   927741000033110 |             Modecate 250mg/10ml solution for injection vials (Sanofi-Synthelabo Ltd) |                                  Fluphenazine decanoate |
     |--------------------------------------------------------------------------------------------------------------------------------------------------------------------|
     |                                   bnfcha~r                                   |                                           bnfcode                                   |
     |                                                                              |                                   0402020L0BBADAE                                   |
     +--------------------------------------------------------------------------------------------------------------------------------------------------------------------+
Drug: haloperidol

-> tabulation of haloperidol  

haloperidol |      Freq.     Percent        Cum.
------------+-----------------------------------
          0 |        484       91.15       91.15
          1 |         47        8.85      100.00
------------+-----------------------------------
      Total |        531      100.00

     +----------------------------------------------------------------------------------------------------------------------------------------------------------+
     |        prodcodeid                                                                      termfromemis       drugsubstancename   bnfcha~r           bnfcode |
     |----------------------------------------------------------------------------------------------------------------------------------------------------------|
  8. |  1269641000033115                                                       Serenace  Elixir  2 mg/5 ml                                                      |
  9. |   659941000033116                                                   Haloperidol  Injection  5 mg/ml                                                      |
 11. |   476641000033118                                                             Dozic  Liquid  2mg/ml                                                      |
 24. |   661641000033116                                               Haldol  Oral liquid conc.  10 mg/ml                                                      |
 26. |   659241000033113                                                    Haloperidol  Elixir  2 mg/5 ml                                                      |
     |----------------------------------------------------------------------------------------------------------------------------------------------------------|
 27. |   661441000033118                                          Haloperidol  Oral liquid conc.  10 mg/ml                                                      |
 31. |   660441000033110                                                       Haloperidol  Liquid  2mg/ml                                                      |
 45. |   660041000033118                                                        Haldol  Injection  5 mg/ml                                                      |
 58. |  1276041000033113                                               Serenace 10mg tablets (Teva UK Ltd)             Haloperidol              0402010J0BEADAL |
 65. |   661541000033117                                   Haldol 2mg/ml oral solution (Janssen-Cilag Ltd)             Haloperidol              0402010J0BDACAG |
     |----------------------------------------------------------------------------------------------------------------------------------------------------------|
 67. |  5969441000033117                                               Haloperidol 1.5mg/5ml oral solution             Haloperidol    4020100   0402010J0AABBBB |
 68. |  5969541000033116                                             Haloperidol 1.5mg/5ml oral suspension             Haloperidol    4020100   0402010J0AABBBB |
 69. |  5969641000033115                                       Haloperidol 250micrograms/5ml oral solution             Haloperidol    4020100   0402010J0AAA5A5 |
 70. |  5969741000033112                                     Haloperidol 250micrograms/5ml oral suspension             Haloperidol    4020100   0402010J0AAA5A5 |
 71. |  4424541000033119                                                 Haloperidol 5mg/5ml oral solution             Haloperidol    4020100   0402010J0AAA4A4 |
     |----------------------------------------------------------------------------------------------------------------------------------------------------------|
 72. |  5993541000033117                                               Haloperidol 5mg/5ml oral suspension             Haloperidol    4020100   0402010J0AAA4A4 |
 98. |   663541000033116                                            Haldol 5mg tablets (Janssen-Cilag Ltd)             Haloperidol              0402010J0BDAAAK |
169. |  1276241000033117                                                Serenace 5mg tablets (Teva UK Ltd)             Haloperidol              0402010J0BEACAK |
186. |   663441000033117                                           Haldol 10mg tablets (Janssen-Cilag Ltd)             Haloperidol              0402010J0BDABAL |
209. |  2758141000033116                             Haloperidol 200micrograms/ml oral solution sugar free             Haloperidol    4020100   0402010J0AABNBN |
     |----------------------------------------------------------------------------------------------------------------------------------------------------------|
227. |   662341000033115                                                         Haloperidol 1.5mg tablets             Haloperidol    4020100                   |
228. |   662541000033110                                                           Haloperidol 5mg tablets             Haloperidol    4020100                   |
229. |   663241000033118                                                          Haloperidol 10mg tablets             Haloperidol    4020100                   |
230. |   662441000033114                                                          Haloperidol 20mg tablets             Haloperidol    4020100                   |
231. |   661341000033112                                     Haloperidol 10mg/5ml oral solution sugar free             Haloperidol    4020100                   |
     |----------------------------------------------------------------------------------------------------------------------------------------------------------|
232. |   658341000033110                                                 Haloperidol 500microgram capsules             Haloperidol    4020100                   |
233. |   660341000033116                                      Haloperidol 5mg/5ml oral solution sugar free             Haloperidol    4020100                   |
234. |   663341000033111                                                  Haloperidol 500microgram tablets             Haloperidol    4020100                   |
278. |  1271641000033113    Serenace 5mg/1ml solution for injection ampoules (IVAX Pharmaceuticals UK Ltd)             Haloperidol              0402010J0BEAGAC |
279. |  2929841000033111                Haldol 5mg/1ml solution for injection ampoules (Janssen-Cilag Ltd)             Haloperidol              0402010J0BDAEAC |
     |----------------------------------------------------------------------------------------------------------------------------------------------------------|
313. | 13155441000033117                    Halkid 200micrograms/ml oral solution (Thame Laboratories Ltd)             Haloperidol              0402010J0BHAABN |
325. |   659641000033111                              Haloperidol 20mg/2ml solution for injection ampoules             Haloperidol    4020100   0402010J0AAADAD |
326. |  2929741000033118                               Haloperidol 5mg/1ml solution for injection ampoules             Haloperidol    4020100   0402010J0AAACAC |
327. |   659741000033119                   Haloperidol decanoate 100mg/1ml solution for injection ampoules   Haloperidol decanoate    4020200   0402020T0AAABAB |
328. |   659841000033112                    Haloperidol decanoate 50mg/1ml solution for injection ampoules   Haloperidol decanoate    4020200   0402020T0AAAAAA |
     |----------------------------------------------------------------------------------------------------------------------------------------------------------|
365. |   659541000033110     Haldol decanoate 50mg/1ml solution for injection ampoules (Janssen-Cilag Ltd)   Haloperidol decanoate              0402020T0BBAAAA |
366. |   659441000033114    Haldol decanoate 100mg/1ml solution for injection ampoules (Janssen-Cilag Ltd)   Haloperidol decanoate              0402020T0BBABAB |
384. |  1276141000033112                                               Serenace 20mg tablets (Teva UK Ltd)             Haloperidol              0402010J0BEAEAM |
396. |  1271541000033112   Serenace 20mg/2ml solution for injection ampoules (IVAX Pharmaceuticals UK Ltd)             Haloperidol              0402010J0BEAHAD |
452. |   476541000033119                        Dozic 5mg/5ml oral solution (Rosemont Pharmaceuticals Ltd)             Haloperidol              0402010J0BBAABC |
     |----------------------------------------------------------------------------------------------------------------------------------------------------------|
467. |  1269741000033112                                              Serenace 2mg/ml liquid (Teva UK Ltd)             Haloperidol              0402010J0BEAFAG |
473. |  1268341000033116                                      Serenace 500microgram capsules (Teva UK Ltd)             Haloperidol              0402010J0BEAAAA |
506. |  5054641000033118                                                 Haloperidol 1mg/5ml oral solution             Haloperidol    4020100   0402010J0AAA7A7 |
507. |  5890741000033111                                               Haloperidol 1mg/5ml oral suspension             Haloperidol    4020100   0402010J0AAA7A7 |
508. | 10493341000033115                                       Haloperidol 500micrograms/5ml oral solution             Haloperidol    4020100   0402010J0AAA8A8 |
     |----------------------------------------------------------------------------------------------------------------------------------------------------------|
509. | 10493441000033114                                     Haloperidol 500micrograms/5ml oral suspension             Haloperidol    4020100   0402010J0AAA8A8 |
519. |  1275941000033115                                              Serenace 1.5mg tablets (Teva UK Ltd)             Haloperidol              0402010J0BEABAJ |
     +----------------------------------------------------------------------------------------------------------------------------------------------------------+
Drug: levomepromazine

-> tabulation of levomepromazine  

levomeproma |
       zine |      Freq.     Percent        Cum.
------------+-----------------------------------
          0 |        519       97.74       97.74
          1 |         12        2.26      100.00
------------+-----------------------------------
      Total |        531      100.00

     +--------------------------------------------------------------------------------------------------------------------------------------------------+
     |        prodcodeid                                                      termfromemis               drugsubstancename   bnfcha~r           bnfcode |
     |--------------------------------------------------------------------------------------------------------------------------------------------------|
 74. |  6445641000033110                           Levomepromazine 6mg/5ml oral suspension         Levomepromazine maleate    4020100   0402010K0AAAUAU |
153. |  2653841000033110                             Levinan 6mg tablets (Kyowa Kirin Ltd)         Levomepromazine maleate              0402010K0BDAAAM |
191. | 13719141000033112                                     Levomepromazine 100mg tablets         Levomepromazine maleate                              |
235. |  3063541000033118                                      Levomepromazine 25mg tablets         Levomepromazine maleate    4020100                   |
305. | 11821541000033119                        Levomepromazine 62.5mg/5ml oral suspension         Levomepromazine maleate    4020100   0402010K0AAASAS |
     |--------------------------------------------------------------------------------------------------------------------------------------------------|
388. |  3063441000033119          Levomepromazine 25mg/1ml solution for injection ampoules   Levomepromazine hydrochloride    4020100   0402010L0AAAAAA |
389. | 13719041000033113                                      Levomepromazine 50mg tablets         Levomepromazine maleate    4020100   0402010K0AAAVAV |
430. | 14174341000033110   Levomepromazine hydrochloride 25mg/5ml oral solution sugar free   Levomepromazine hydrochloride    4020100   0402010L0AAAEAE |
437. |   981641000033117         Nozinan 25mg/1ml solution for injection ampoules (Sanofi)   Levomepromazine hydrochloride              0402010L0BBAAAA |
485. |  1512741000033113                                     Nozinan 25mg tablets (Sanofi)         Levomepromazine maleate              0402010K0BCAAAA |
     |--------------------------------------------------------------------------------------------------------------------------------------------------|
510. |  5814341000033116                         Levomepromazine 2.5mg/5ml oral suspension         Levomepromazine maleate    4020100   0402010K0AAARAR |
530. |  3063641000033117                                       Levomepromazine 6mg tablets         Levomepromazine maleate    4020100   0402010K0AAAMAM |
     +--------------------------------------------------------------------------------------------------------------------------------------------------+
Drug: loxapine

-> tabulation of loxapine  

   loxapine |      Freq.     Percent        Cum.
------------+-----------------------------------
          0 |        525       98.87       98.87
          1 |          6        1.13      100.00
------------+-----------------------------------
      Total |        531      100.00

     +-------------------------------------------------------------------------------------------------------------------+
     |      prodcodeid                                    termfromemis    drugsubstancename   bnfcha~r           bnfcode |
     |-------------------------------------------------------------------------------------------------------------------|
383. | 842041000033117   Loxapac 10mg capsules (Wyeth Pharmaceuticals)   Loxapine succinate              0402010M0BBAAAA |
385. | 842241000033113   Loxapac 50mg capsules (Wyeth Pharmaceuticals)   Loxapine succinate              0402010M0BBACAC |
402. | 840741000033115                          Loxapine 10mg capsules   Loxapine succinate    4020100   0402010M0AAAAAA |
403. | 840841000033113                          Loxapine 25mg capsules   Loxapine succinate    4020100   0402010M0AAABAB |
404. | 840941000033117                          Loxapine 50mg capsules   Loxapine succinate    4020100   0402010M0AAACAC |
     |-------------------------------------------------------------------------------------------------------------------|
414. | 842141000033118   Loxapac 25mg capsules (Wyeth Pharmaceuticals)   Loxapine succinate              0402010M0BBABAB |
     +-------------------------------------------------------------------------------------------------------------------+
Drug: lurasidone

-> tabulation of lurasidone  

 lurasidone |      Freq.     Percent        Cum.
------------+-----------------------------------
          0 |        525       98.87       98.87
          1 |          6        1.13      100.00
------------+-----------------------------------
      Total |        531      100.00

     +-------------------------------------------------------------------------------------------------------------------------+
     |       prodcodeid                                   termfromemis          drugsubstancename   bnfcha~r           bnfcode |
     |-------------------------------------------------------------------------------------------------------------------------|
180. | 9809241000033119   Latuda 18.5mg tablets (CNX Therapeutics Ltd)   Lurasidone hydrochloride              0402010AIBBAAAA |
181. | 9809341000033112     Latuda 37mg tablets (CNX Therapeutics Ltd)   Lurasidone hydrochloride              0402010AIBBABAB |
182. | 9809441000033118     Latuda 74mg tablets (CNX Therapeutics Ltd)   Lurasidone hydrochloride              0402010AIBBACAC |
183. | 9808941000033118                      Lurasidone 18.5mg tablets   Lurasidone hydrochloride    4020100   0402010AIAAAAAA |
184. | 9809041000033110                        Lurasidone 37mg tablets   Lurasidone hydrochloride    4020100   0402010AIAAABAB |
     |-------------------------------------------------------------------------------------------------------------------------|
185. | 9809141000033114                        Lurasidone 74mg tablets   Lurasidone hydrochloride    4020100   0402010AIAAACAC |
     +-------------------------------------------------------------------------------------------------------------------------+
Drug: melperone

-> tabulation of melperone  

  melperone |      Freq.     Percent        Cum.
------------+-----------------------------------
          0 |        530       99.81       99.81
          1 |          1        0.19      100.00
------------+-----------------------------------
      Total |        531      100.00

     +------------------------------------------------------------------------------------------------------------------+
     |        prodcodeid                            termfromemis         drugsubstancename   bnfcha~r           bnfcode |
     |------------------------------------------------------------------------------------------------------------------|
 79. | 10253841000033119   Melperone hydrochloride 100mg tablets   Melperone hydrochloride    4020100   0402010AFAAAAAA |
     +------------------------------------------------------------------------------------------------------------------+
Drug: olanzapine

-> tabulation of olanzapine  

 olanzapine |      Freq.     Percent        Cum.
------------+-----------------------------------
          0 |        485       91.34       91.34
          1 |         46        8.66      100.00
------------+-----------------------------------
      Total |        531      100.00

     +--------------------------------------------------------------------------------------------------------------------------------------------------------------------+
 52. |        prodcodeid |                                                                                      termfromemis |               drugsubstancename | bnfcha~r |
     |  3996341000033110 |                                                  Zyprexa 20mg tablets (Eli Lilly and Company Ltd) |                      Olanzapine |          |
     |--------------------------------------------------------------------------------------------------------------------------------------------------------------------|
     |                                                                                  bnfcode                                                                           |
     |                                                                          040201060BBAKAQ                                                                           |
     +--------------------------------------------------------------------------------------------------------------------------------------------------------------------+

     +--------------------------------------------------------------------------------------------------------------------------------------------------------------------+
 88. |        prodcodeid |                                                                                      termfromemis |               drugsubstancename | bnfcha~r |
     |  5997341000033118 |                                                                Olanzapine 2.5mg/5ml oral solution |                      Olanzapine |  4020100 |
     |--------------------------------------------------------------------------------------------------------------------------------------------------------------------|
     |                                                                                  bnfcode                                                                           |
     |                                                                          040201060AAAIAI                                                                           |
     +--------------------------------------------------------------------------------------------------------------------------------------------------------------------+

     +--------------------------------------------------------------------------------------------------------------------------------------------------------------------+
 89. |        prodcodeid |                                                                                      termfromemis |               drugsubstancename | bnfcha~r |
     |  3892541000033114 |                                                              Olanzapine 2.5mg/5ml oral suspension |                      Olanzapine |  4020100 |
     |--------------------------------------------------------------------------------------------------------------------------------------------------------------------|
     |                                                                                  bnfcode                                                                           |
     |                                                                          040201060AABABA                                                                           |
     +--------------------------------------------------------------------------------------------------------------------------------------------------------------------+

     +--------------------------------------------------------------------------------------------------------------------------------------------------------------------+
111. |        prodcodeid |                                                                                      termfromemis |               drugsubstancename | bnfcha~r |
     |  5575741000033110 |                   Olanzapine embonate 210mg powder and solvent for suspension for injection vials | Olanzapine embonate monohydrate |  4020200 |
     |--------------------------------------------------------------------------------------------------------------------------------------------------------------------|
     |                                                                                  bnfcode                                                                           |
     |                                                                          0402020ACAAAAAA                                                                           |
     +--------------------------------------------------------------------------------------------------------------------------------------------------------------------+

     +--------------------------------------------------------------------------------------------------------------------------------------------------------------------+
112. |        prodcodeid |                                                                                      termfromemis |               drugsubstancename | bnfcha~r |
     |  5575841000033117 |                   Olanzapine embonate 300mg powder and solvent for suspension for injection vials | Olanzapine embonate monohydrate |  4020200 |
     |--------------------------------------------------------------------------------------------------------------------------------------------------------------------|
     |                                                                                  bnfcode                                                                           |
     |                                                                          0402020ACAAABAB                                                                           |
     +--------------------------------------------------------------------------------------------------------------------------------------------------------------------+

     +--------------------------------------------------------------------------------------------------------------------------------------------------------------------+
113. |        prodcodeid |                                                                                      termfromemis |               drugsubstancename | bnfcha~r |
     |  5565141000033118 | Zypadhera 300mg powder and solvent for suspension for injection vials (Eli Lilly and Company Ltd) | Olanzapine embonate monohydrate |          |
     |--------------------------------------------------------------------------------------------------------------------------------------------------------------------|
     |                                                                                  bnfcode                                                                           |
     |                                                                          0402020ACBBABAB                                                                           |
     +--------------------------------------------------------------------------------------------------------------------------------------------------------------------+

     +--------------------------------------------------------------------------------------------------------------------------------------------------------------------+
114. |        prodcodeid |                                                                                      termfromemis |               drugsubstancename | bnfcha~r |
     |  5575941000033113 |                   Olanzapine embonate 405mg powder and solvent for suspension for injection vials | Olanzapine embonate monohydrate |  4020200 |
     |--------------------------------------------------------------------------------------------------------------------------------------------------------------------|
     |                                                                                  bnfcode                                                                           |
     |                                                                          0402020ACAAACAC                                                                           |
     +--------------------------------------------------------------------------------------------------------------------------------------------------------------------+

     +--------------------------------------------------------------------------------------------------------------------------------------------------------------------+
115. |        prodcodeid |                                                                                      termfromemis |               drugsubstancename | bnfcha~r |
     |  5565241000033113 | Zypadhera 405mg powder and solvent for suspension for injection vials (Eli Lilly and Company Ltd) | Olanzapine embonate monohydrate |          |
     |--------------------------------------------------------------------------------------------------------------------------------------------------------------------|
     |                                                                                  bnfcode                                                                           |
     |                                                                          0402020ACBBACAC                                                                           |
     +--------------------------------------------------------------------------------------------------------------------------------------------------------------------+

     +--------------------------------------------------------------------------------------------------------------------------------------------------------------------+
137. |        prodcodeid |                                                                                      termfromemis |               drugsubstancename | bnfcha~r |
     |  6456941000033112 |                                                               Zalasta 2.5mg tablets (Krka UK Ltd) |                      Olanzapine |          |
     |--------------------------------------------------------------------------------------------------------------------------------------------------------------------|
     |                                                                                  bnfcode                                                                           |
     |                                                                          040201060BCAAAD                                                                           |
     +--------------------------------------------------------------------------------------------------------------------------------------------------------------------+

     +--------------------------------------------------------------------------------------------------------------------------------------------------------------------+
138. |        prodcodeid |                                                                                      termfromemis |               drugsubstancename | bnfcha~r |
     |  6457141000033112 |                                                                 Zalasta 5mg tablets (Krka UK Ltd) |                      Olanzapine |          |
     |--------------------------------------------------------------------------------------------------------------------------------------------------------------------|
     |                                                                                  bnfcode                                                                           |
     |                                                                          040201060BCABAA                                                                           |
     +--------------------------------------------------------------------------------------------------------------------------------------------------------------------+

     +--------------------------------------------------------------------------------------------------------------------------------------------------------------------+
139. |        prodcodeid |                                                                                      termfromemis |               drugsubstancename | bnfcha~r |
     |  6456741000033114 |                                                                Zalasta 10mg tablets (Krka UK Ltd) |                      Olanzapine |          |
     |--------------------------------------------------------------------------------------------------------------------------------------------------------------------|
     |                                                                                  bnfcode                                                                           |
     |                                                                          040201060BCADAC                                                                           |
     +--------------------------------------------------------------------------------------------------------------------------------------------------------------------+

     +--------------------------------------------------------------------------------------------------------------------------------------------------------------------+
140. |        prodcodeid |                                                                                      termfromemis |               drugsubstancename | bnfcha~r |
     |  6456841000033116 |                                                                Zalasta 15mg tablets (Krka UK Ltd) |                      Olanzapine |          |
     |--------------------------------------------------------------------------------------------------------------------------------------------------------------------|
     |                                                                                  bnfcode                                                                           |
     |                                                                          040201060BCAEAL                                                                           |
     +--------------------------------------------------------------------------------------------------------------------------------------------------------------------+

     +--------------------------------------------------------------------------------------------------------------------------------------------------------------------+
141. |        prodcodeid |                                                                                      termfromemis |               drugsubstancename | bnfcha~r |
     |  6457041000033113 |                                                                Zalasta 20mg tablets (Krka UK Ltd) |                      Olanzapine |          |
     |--------------------------------------------------------------------------------------------------------------------------------------------------------------------|
     |                                                                                  bnfcode                                                                           |
     |                                                                          040201060BCAFAQ                                                                           |
     +--------------------------------------------------------------------------------------------------------------------------------------------------------------------+

     +--------------------------------------------------------------------------------------------------------------------------------------------------------------------+
142. |        prodcodeid |                                                                                      termfromemis |               drugsubstancename | bnfcha~r |
     |  6465641000033118 |                                                  Zalasta 5mg orodispersible tablets (Krka UK Ltd) |                      Olanzapine |          |
     |--------------------------------------------------------------------------------------------------------------------------------------------------------------------|
     |                                                                                  bnfcode                                                                           |
     |                                                                          040201060BCAGAS                                                                           |
     +--------------------------------------------------------------------------------------------------------------------------------------------------------------------+

     +--------------------------------------------------------------------------------------------------------------------------------------------------------------------+
143. |        prodcodeid |                                                                                      termfromemis |               drugsubstancename | bnfcha~r |
     |  6466041000033115 |                                                 Olanzapine 10mg orodispersible tablets sugar free |                      Olanzapine |  4020100 |
     |--------------------------------------------------------------------------------------------------------------------------------------------------------------------|
     |                                                                                  bnfcode                                                                           |
     |                                                                          040201060AAATAT                                                                           |
     +--------------------------------------------------------------------------------------------------------------------------------------------------------------------+

     +--------------------------------------------------------------------------------------------------------------------------------------------------------------------+
144. |        prodcodeid |                                                                                      termfromemis |               drugsubstancename | bnfcha~r |
     |  6466141000033116 |                                                 Olanzapine 15mg orodispersible tablets sugar free |                      Olanzapine |  4020100 |
     |--------------------------------------------------------------------------------------------------------------------------------------------------------------------|
     |                                                                                  bnfcode                                                                           |
     |                                                                          040201060AAAUAU                                                                           |
     +--------------------------------------------------------------------------------------------------------------------------------------------------------------------+

     +--------------------------------------------------------------------------------------------------------------------------------------------------------------------+
145. |        prodcodeid |                                                                                      termfromemis |               drugsubstancename | bnfcha~r |
     |  6466241000033111 |                                                 Olanzapine 20mg orodispersible tablets sugar free |                      Olanzapine |  4020100 |
     |--------------------------------------------------------------------------------------------------------------------------------------------------------------------|
     |                                                                                  bnfcode                                                                           |
     |                                                                          040201060AAAVAV                                                                           |
     +--------------------------------------------------------------------------------------------------------------------------------------------------------------------+

     +--------------------------------------------------------------------------------------------------------------------------------------------------------------------+
146. |        prodcodeid |                                                                                      termfromemis |               drugsubstancename | bnfcha~r |
     |  6465941000033113 |                                                  Olanzapine 5mg orodispersible tablets sugar free |                      Olanzapine |  4020100 |
     |--------------------------------------------------------------------------------------------------------------------------------------------------------------------|
     |                                                                                  bnfcode                                                                           |
     |                                                                          040201060AAASAS                                                                           |
     +--------------------------------------------------------------------------------------------------------------------------------------------------------------------+

     +--------------------------------------------------------------------------------------------------------------------------------------------------------------------+
147. |        prodcodeid |                                                                                      termfromemis |               drugsubstancename | bnfcha~r |
     |  6465341000033114 |                                                 Zalasta 10mg orodispersible tablets (Krka UK Ltd) |                      Olanzapine |          |
     |--------------------------------------------------------------------------------------------------------------------------------------------------------------------|
     |                                                                                  bnfcode                                                                           |
     |                                                                          040201060BCAHAT                                                                           |
     +--------------------------------------------------------------------------------------------------------------------------------------------------------------------+

     +--------------------------------------------------------------------------------------------------------------------------------------------------------------------+
148. |        prodcodeid |                                                                                      termfromemis |               drugsubstancename | bnfcha~r |
     |  6465441000033115 |                                                 Zalasta 15mg orodispersible tablets (Krka UK Ltd) |                      Olanzapine |          |
     |--------------------------------------------------------------------------------------------------------------------------------------------------------------------|
     |                                                                                  bnfcode                                                                           |
     |                                                                          040201060BCAIAU                                                                           |
     +--------------------------------------------------------------------------------------------------------------------------------------------------------------------+

     +--------------------------------------------------------------------------------------------------------------------------------------------------------------------+
149. |        prodcodeid |                                                                                      termfromemis |               drugsubstancename | bnfcha~r |
     |  7681641000033116 |                                                            Olanzapine 10mg orodispersible tablets |                      Olanzapine |  4020100 |
     |--------------------------------------------------------------------------------------------------------------------------------------------------------------------|
     |                                                                                  bnfcode                                                                           |
     |                                                                          040201060AAAXAX                                                                           |
     +--------------------------------------------------------------------------------------------------------------------------------------------------------------------+

     +--------------------------------------------------------------------------------------------------------------------------------------------------------------------+
150. |        prodcodeid |                                                                                      termfromemis |               drugsubstancename | bnfcha~r |
     |  7681741000033113 |                                                            Olanzapine 15mg orodispersible tablets |                      Olanzapine |  4020100 |
     |--------------------------------------------------------------------------------------------------------------------------------------------------------------------|
     |                                                                                  bnfcode                                                                           |
     |                                                                          040201060AAAYAY                                                                           |
     +--------------------------------------------------------------------------------------------------------------------------------------------------------------------+

     +--------------------------------------------------------------------------------------------------------------------------------------------------------------------+
151. |        prodcodeid |                                                                                      termfromemis |               drugsubstancename | bnfcha~r |
     |  7681841000033115 |                                                            Olanzapine 20mg orodispersible tablets |                      Olanzapine |  4020100 |
     |--------------------------------------------------------------------------------------------------------------------------------------------------------------------|
     |                                                                                  bnfcode                                                                           |
     |                                                                          040201060AAAZAZ                                                                           |
     +--------------------------------------------------------------------------------------------------------------------------------------------------------------------+

     +--------------------------------------------------------------------------------------------------------------------------------------------------------------------+
152. |        prodcodeid |                                                                                      termfromemis |               drugsubstancename | bnfcha~r |
     |  7681941000033111 |                                                             Olanzapine 5mg orodispersible tablets |                      Olanzapine |  4020100 |
     |--------------------------------------------------------------------------------------------------------------------------------------------------------------------|
     |                                                                                  bnfcode                                                                           |
     |                                                                          040201060AAAWAW                                                                           |
     +--------------------------------------------------------------------------------------------------------------------------------------------------------------------+

     +--------------------------------------------------------------------------------------------------------------------------------------------------------------------+
264. |        prodcodeid |                                                                                      termfromemis |               drugsubstancename | bnfcha~r |
     |  1003741000033116 |                                                                            Olanzapine 5mg tablets |                      Olanzapine |  4020100 |
     |--------------------------------------------------------------------------------------------------------------------------------------------------------------------|
     |                                                                                  bnfcode                                                                           |
     |                                                                                                                                                                    |
     +--------------------------------------------------------------------------------------------------------------------------------------------------------------------+

     +--------------------------------------------------------------------------------------------------------------------------------------------------------------------+
265. |        prodcodeid |                                                                                      termfromemis |               drugsubstancename | bnfcha~r |
     |  1003841000033114 |                                                                          Olanzapine 7.5mg tablets |                      Olanzapine |  4020100 |
     |--------------------------------------------------------------------------------------------------------------------------------------------------------------------|
     |                                                                                  bnfcode                                                                           |
     |                                                                                                                                                                    |
     +--------------------------------------------------------------------------------------------------------------------------------------------------------------------+

     +--------------------------------------------------------------------------------------------------------------------------------------------------------------------+
266. |        prodcodeid |                                                                                      termfromemis |               drugsubstancename | bnfcha~r |
     |  1003641000033113 |                                                                           Olanzapine 10mg tablets |                      Olanzapine |  4020100 |
     |--------------------------------------------------------------------------------------------------------------------------------------------------------------------|
     |                                                                                  bnfcode                                                                           |
     |                                                                                                                                                                    |
     +--------------------------------------------------------------------------------------------------------------------------------------------------------------------+

     +--------------------------------------------------------------------------------------------------------------------------------------------------------------------+
267. |        prodcodeid |                                                                                      termfromemis |               drugsubstancename | bnfcha~r |
     |  1661141000033114 |                                                                          Olanzapine 2.5mg tablets |                      Olanzapine |  4020100 |
     |--------------------------------------------------------------------------------------------------------------------------------------------------------------------|
     |                                                                                  bnfcode                                                                           |
     |                                                                                                                                                                    |
     +--------------------------------------------------------------------------------------------------------------------------------------------------------------------+

     +--------------------------------------------------------------------------------------------------------------------------------------------------------------------+
268. |        prodcodeid |                                                                                      termfromemis |               drugsubstancename | bnfcha~r |
     |  2077741000033115 |                                                      Olanzapine 5mg oral lyophilisates sugar free |                      Olanzapine |  4020100 |
     |--------------------------------------------------------------------------------------------------------------------------------------------------------------------|
     |                                                                                  bnfcode                                                                           |
     |                                                                                                                                                                    |
     +--------------------------------------------------------------------------------------------------------------------------------------------------------------------+

     +--------------------------------------------------------------------------------------------------------------------------------------------------------------------+
269. |        prodcodeid |                                                                                      termfromemis |               drugsubstancename | bnfcha~r |
     |  2077841000033113 |                                                     Olanzapine 10mg oral lyophilisates sugar free |                      Olanzapine |  4020100 |
     |--------------------------------------------------------------------------------------------------------------------------------------------------------------------|
     |                                                                                  bnfcode                                                                           |
     |                                                                                                                                                                    |
     +--------------------------------------------------------------------------------------------------------------------------------------------------------------------+

     +--------------------------------------------------------------------------------------------------------------------------------------------------------------------+
306. |        prodcodeid |                                                                                      termfromemis |               drugsubstancename | bnfcha~r |
     |  1713941000033118 |                                                 Zyprexa 2.5mg tablets (Eli Lilly and Company Ltd) |                      Olanzapine |          |
     |--------------------------------------------------------------------------------------------------------------------------------------------------------------------|
     |                                                                                  bnfcode                                                                           |
     |                                                                          040201060BBADAD                                                                           |
     +--------------------------------------------------------------------------------------------------------------------------------------------------------------------+

     +--------------------------------------------------------------------------------------------------------------------------------------------------------------------+
310. |        prodcodeid |                                                                                      termfromemis |               drugsubstancename | bnfcha~r |
     |  2759741000033114 |                                                     Olanzapine 15mg oral lyophilisates sugar free |                      Olanzapine |  4020100 |
     |--------------------------------------------------------------------------------------------------------------------------------------------------------------------|
     |                                                                                  bnfcode                                                                           |
     |                                                                          040201060AAAKAK                                                                           |
     +--------------------------------------------------------------------------------------------------------------------------------------------------------------------+

     +--------------------------------------------------------------------------------------------------------------------------------------------------------------------+
361. |        prodcodeid |                                                                                      termfromemis |               drugsubstancename | bnfcha~r |
     | 12988741000033118 |                                                Olanzapine 2.5mg orodispersible tablets sugar free |                      Olanzapine |  4020100 |
     |--------------------------------------------------------------------------------------------------------------------------------------------------------------------|
     |                                                                                  bnfcode                                                                           |
     |                                                                          040201060AABGBG                                                                           |
     +--------------------------------------------------------------------------------------------------------------------------------------------------------------------+

     +--------------------------------------------------------------------------------------------------------------------------------------------------------------------+
362. |        prodcodeid |                                                                                      termfromemis |               drugsubstancename | bnfcha~r |
     | 12988841000033111 |                                                Olanzapine 7.5mg orodispersible tablets sugar free |                      Olanzapine |  4020100 |
     |--------------------------------------------------------------------------------------------------------------------------------------------------------------------|
     |                                                                                  bnfcode                                                                           |
     |                                                                          040201060AABHBH                                                                           |
     +--------------------------------------------------------------------------------------------------------------------------------------------------------------------+

     +--------------------------------------------------------------------------------------------------------------------------------------------------------------------+
364. |        prodcodeid |                                                                                      termfromemis |               drugsubstancename | bnfcha~r |
     |  3996241000033117 |                                                                           Olanzapine 20mg tablets |                      Olanzapine |  4020100 |
     |--------------------------------------------------------------------------------------------------------------------------------------------------------------------|
     |                                                                                  bnfcode                                                                           |
     |                                                                                                                                                                    |
     +--------------------------------------------------------------------------------------------------------------------------------------------------------------------+

     +--------------------------------------------------------------------------------------------------------------------------------------------------------------------+
367. |        prodcodeid |                                                                                      termfromemis |               drugsubstancename | bnfcha~r |
     |  2759641000033117 |                                                                           Olanzapine 15mg tablets |                      Olanzapine |  4020100 |
     |--------------------------------------------------------------------------------------------------------------------------------------------------------------------|
     |                                                                                  bnfcode                                                                           |
     |                                                                                                                                                                    |
     +--------------------------------------------------------------------------------------------------------------------------------------------------------------------+

     +--------------------------------------------------------------------------------------------------------------------------------------------------------------------+
381. |        prodcodeid |                                                                                      termfromemis |               drugsubstancename | bnfcha~r |
     |  3866541000033110 |                                                     Olanzapine 20mg oral lyophilisates sugar free |                      Olanzapine |  4020100 |
     |--------------------------------------------------------------------------------------------------------------------------------------------------------------------|
     |                                                                                  bnfcode                                                                           |
     |                                                                                                                                                                    |
     +--------------------------------------------------------------------------------------------------------------------------------------------------------------------+

     +--------------------------------------------------------------------------------------------------------------------------------------------------------------------+
445. |        prodcodeid |                                                                                      termfromemis |               drugsubstancename | bnfcha~r |
     |  2759941000033112 |                                                 Zyprexa 15mg Velotabs (Eli Lilly and Company Ltd) |                      Olanzapine |          |
     |--------------------------------------------------------------------------------------------------------------------------------------------------------------------|
     |                                                                                  bnfcode                                                                           |
     |                                                                          040201060BBAGAK                                                                           |
     +--------------------------------------------------------------------------------------------------------------------------------------------------------------------+

     +--------------------------------------------------------------------------------------------------------------------------------------------------------------------+
453. |        prodcodeid |                                                                                      termfromemis |               drugsubstancename | bnfcha~r |
     |  1565241000033114 |                                                   Zyprexa 5mg tablets (Eli Lilly and Company Ltd) |                      Olanzapine |          |
     |--------------------------------------------------------------------------------------------------------------------------------------------------------------------|
     |                                                                                  bnfcode                                                                           |
     |                                                                          040201060BBAAAA                                                                           |
     +--------------------------------------------------------------------------------------------------------------------------------------------------------------------+

     +--------------------------------------------------------------------------------------------------------------------------------------------------------------------+
464. |        prodcodeid |                                                                                      termfromemis |               drugsubstancename | bnfcha~r |
     |  1565141000033119 |                                                  Zyprexa 10mg tablets (Eli Lilly and Company Ltd) |                      Olanzapine |          |
     |--------------------------------------------------------------------------------------------------------------------------------------------------------------------|
     |                                                                                  bnfcode                                                                           |
     |                                                                          040201060BBACAC                                                                           |
     +--------------------------------------------------------------------------------------------------------------------------------------------------------------------+

     +--------------------------------------------------------------------------------------------------------------------------------------------------------------------+
470. |        prodcodeid |                                                                                      termfromemis |               drugsubstancename | bnfcha~r |
     |  2759841000033116 |                                                  Zyprexa 15mg tablets (Eli Lilly and Company Ltd) |                      Olanzapine |          |
     |--------------------------------------------------------------------------------------------------------------------------------------------------------------------|
     |                                                                                  bnfcode                                                                           |
     |                                                                          040201060BBAHAL                                                                           |
     +--------------------------------------------------------------------------------------------------------------------------------------------------------------------+

     +--------------------------------------------------------------------------------------------------------------------------------------------------------------------+
478. |        prodcodeid |                                                                                      termfromemis |               drugsubstancename | bnfcha~r |
     |  3030841000033118 |                                           Olanzapine 10mg powder for solution for injection vials |                      Olanzapine |  4020100 |
     |--------------------------------------------------------------------------------------------------------------------------------------------------------------------|
     |                                                                                  bnfcode                                                                           |
     |                                                                          040201060AAANAN                                                                           |
     +--------------------------------------------------------------------------------------------------------------------------------------------------------------------+

     +--------------------------------------------------------------------------------------------------------------------------------------------------------------------+
494. |        prodcodeid |                                                                                      termfromemis |               drugsubstancename | bnfcha~r |
     |  1565341000033116 |                                                 Zyprexa 7.5mg tablets (Eli Lilly and Company Ltd) |                      Olanzapine |          |
     |--------------------------------------------------------------------------------------------------------------------------------------------------------------------|
     |                                                                                  bnfcode                                                                           |
     |                                                                          040201060BBABAB                                                                           |
     +--------------------------------------------------------------------------------------------------------------------------------------------------------------------+

     +--------------------------------------------------------------------------------------------------------------------------------------------------------------------+
518. |        prodcodeid |                                                                                      termfromemis |               drugsubstancename | bnfcha~r |
     |  2078041000033119 |                                                 Zyprexa 10mg Velotabs (Eli Lilly and Company Ltd) |                      Olanzapine |          |
     |--------------------------------------------------------------------------------------------------------------------------------------------------------------------|
     |                                                                                  bnfcode                                                                           |
     |                                                                          040201060BBAFAF                                                                           |
     +--------------------------------------------------------------------------------------------------------------------------------------------------------------------+

     +--------------------------------------------------------------------------------------------------------------------------------------------------------------------+
525. |        prodcodeid |                                                                                      termfromemis |               drugsubstancename | bnfcha~r |
     |  2077941000033117 |                                                  Zyprexa 5mg Velotabs (Eli Lilly and Company Ltd) |                      Olanzapine |          |
     |--------------------------------------------------------------------------------------------------------------------------------------------------------------------|
     |                                                                                  bnfcode                                                                           |
     |                                                                          040201060BBAEAE                                                                           |
     +--------------------------------------------------------------------------------------------------------------------------------------------------------------------+

     +--------------------------------------------------------------------------------------------------------------------------------------------------------------------+
531. |        prodcodeid |                                                                                      termfromemis |               drugsubstancename | bnfcha~r |
     |  3866641000033111 |                                                 Zyprexa 20mg Velotabs (Eli Lilly and Company Ltd) |                      Olanzapine |          |
     |--------------------------------------------------------------------------------------------------------------------------------------------------------------------|
     |                                                                                  bnfcode                                                                           |
     |                                                                          040201060BBAJAP                                                                           |
     +--------------------------------------------------------------------------------------------------------------------------------------------------------------------+
Drug: oxypertine

-> tabulation of oxypertine  

 oxypertine |      Freq.     Percent        Cum.
------------+-----------------------------------
          0 |        527       99.25       99.25
          1 |          4        0.75      100.00
------------+-----------------------------------
      Total |        531      100.00

     +---------------------------------------------------------------------------------------------------------+
     |       prodcodeid                                 termfromemis   drugsubs~e   bnfcha~r           bnfcode |
     |---------------------------------------------------------------------------------------------------------|
 37. |  769641000033110                     Integrin  Tablets  40 mg                                           |
236. | 1022741000033116                     Oxypertine 10mg capsules   Oxypertine    4020100                   |
237. | 1026941000033117                      Oxypertine 40mg tablets   Oxypertine    4020100                   |
449. |  757541000033111   Integrin 10mg capsules (Sterling-Winthrop)   Oxypertine              0402010N0BBAAAA |
     +---------------------------------------------------------------------------------------------------------+
Drug: paliperidone

-> tabulation of paliperidone  

paliperidon |
          e |      Freq.     Percent        Cum.
------------+-----------------------------------
          0 |        507       95.48       95.48
          1 |         24        4.52      100.00
------------+-----------------------------------
      Total |        531      100.00

     +-------------------------------------------------------------------------------------------------------------------------------------------------------------------+
 59. |        prodcodeid |                                                                                              termfromemis |      drugsubstancename | bnfcha~r |
     |  4200941000033113 |                                                   Invega 3mg modified-release tablets (Janssen-Cilag Ltd) |           Paliperidone |          |
     |-------------------------------------------------------------------------------------------------------------------------------------------------------------------|
     |                                                                                  bnfcode                                                                          |
     |                                                                          0402010AEBBAAAA                                                                          |
     +-------------------------------------------------------------------------------------------------------------------------------------------------------------------+

     +-------------------------------------------------------------------------------------------------------------------------------------------------------------------+
 60. |        prodcodeid |                                                                                              termfromemis |      drugsubstancename | bnfcha~r |
     |  4201041000033115 |                                                   Invega 6mg modified-release tablets (Janssen-Cilag Ltd) |           Paliperidone |          |
     |-------------------------------------------------------------------------------------------------------------------------------------------------------------------|
     |                                                                                  bnfcode                                                                          |
     |                                                                          0402010AEBBABAB                                                                          |
     +-------------------------------------------------------------------------------------------------------------------------------------------------------------------+

     +-------------------------------------------------------------------------------------------------------------------------------------------------------------------+
 61. |        prodcodeid |                                                                                              termfromemis |      drugsubstancename | bnfcha~r |
     |  4201141000033116 |                                                   Invega 9mg modified-release tablets (Janssen-Cilag Ltd) |           Paliperidone |          |
     |-------------------------------------------------------------------------------------------------------------------------------------------------------------------|
     |                                                                                  bnfcode                                                                          |
     |                                                                          0402010AEBBACAC                                                                          |
     +-------------------------------------------------------------------------------------------------------------------------------------------------------------------+

     +-------------------------------------------------------------------------------------------------------------------------------------------------------------------+
 62. |        prodcodeid |                                                                                              termfromemis |      drugsubstancename | bnfcha~r |
     |  4200641000033118 |                                                                 Paliperidone 3mg modified-release tablets |           Paliperidone |  4020100 |
     |-------------------------------------------------------------------------------------------------------------------------------------------------------------------|
     |                                                                                  bnfcode                                                                          |
     |                                                                          0402010AEAAAAAA                                                                          |
     +-------------------------------------------------------------------------------------------------------------------------------------------------------------------+

     +-------------------------------------------------------------------------------------------------------------------------------------------------------------------+
 63. |        prodcodeid |                                                                                              termfromemis |      drugsubstancename | bnfcha~r |
     |  4200741000033110 |                                                                 Paliperidone 6mg modified-release tablets |           Paliperidone |  4020100 |
     |-------------------------------------------------------------------------------------------------------------------------------------------------------------------|
     |                                                                                  bnfcode                                                                          |
     |                                                                          0402010AEAAABAB                                                                          |
     +-------------------------------------------------------------------------------------------------------------------------------------------------------------------+

     +-------------------------------------------------------------------------------------------------------------------------------------------------------------------+
 64. |        prodcodeid |                                                                                              termfromemis |      drugsubstancename | bnfcha~r |
     |  4200841000033117 |                                                                 Paliperidone 9mg modified-release tablets |           Paliperidone |  4020100 |
     |-------------------------------------------------------------------------------------------------------------------------------------------------------------------|
     |                                                                                  bnfcode                                                                          |
     |                                                                          0402010AEAAACAC                                                                          |
     +-------------------------------------------------------------------------------------------------------------------------------------------------------------------+

     +-------------------------------------------------------------------------------------------------------------------------------------------------------------------+
124. |        prodcodeid |                                                                                              termfromemis |      drugsubstancename | bnfcha~r |
     |  6359841000033118 |     Xeplion 50mg/0.5ml prolonged-release suspension for injection pre-filled syringes (Janssen-Cilag Ltd) | Paliperidone palmitate |          |
     |-------------------------------------------------------------------------------------------------------------------------------------------------------------------|
     |                                                                                  bnfcode                                                                          |
     |                                                                          0402020ABBBAAAA                                                                          |
     +-------------------------------------------------------------------------------------------------------------------------------------------------------------------+

     +-------------------------------------------------------------------------------------------------------------------------------------------------------------------+
125. |        prodcodeid |                                                                                              termfromemis |      drugsubstancename | bnfcha~r |
     |  6359941000033114 |    Xeplion 75mg/0.75ml prolonged-release suspension for injection pre-filled syringes (Janssen-Cilag Ltd) | Paliperidone palmitate |          |
     |-------------------------------------------------------------------------------------------------------------------------------------------------------------------|
     |                                                                                  bnfcode                                                                          |
     |                                                                          0402020ABBBABAB                                                                          |
     +-------------------------------------------------------------------------------------------------------------------------------------------------------------------+

     +-------------------------------------------------------------------------------------------------------------------------------------------------------------------+
126. |        prodcodeid |                                                                                              termfromemis |      drugsubstancename | bnfcha~r |
     |  6360041000033112 |      Xeplion 100mg/1ml prolonged-release suspension for injection pre-filled syringes (Janssen-Cilag Ltd) | Paliperidone palmitate |          |
     |-------------------------------------------------------------------------------------------------------------------------------------------------------------------|
     |                                                                                  bnfcode                                                                          |
     |                                                                          0402020ABBBACAC                                                                          |
     +-------------------------------------------------------------------------------------------------------------------------------------------------------------------+

     +-------------------------------------------------------------------------------------------------------------------------------------------------------------------+
127. |        prodcodeid |                                                                                              termfromemis |      drugsubstancename | bnfcha~r |
     |  6360141000033111 |    Xeplion 150mg/1.5ml prolonged-release suspension for injection pre-filled syringes (Janssen-Cilag Ltd) | Paliperidone palmitate |          |
     |-------------------------------------------------------------------------------------------------------------------------------------------------------------------|
     |                                                                                  bnfcode                                                                          |
     |                                                                          0402020ABBBADAD                                                                          |
     +-------------------------------------------------------------------------------------------------------------------------------------------------------------------+

     +-------------------------------------------------------------------------------------------------------------------------------------------------------------------+
128. |        prodcodeid |                                                                                              termfromemis |      drugsubstancename | bnfcha~r |
     |  6359641000033119 |                     Paliperidone 100mg/1ml prolonged-release suspension for injection pre-filled syringes | Paliperidone palmitate |  4020200 |
     |-------------------------------------------------------------------------------------------------------------------------------------------------------------------|
     |                                                                                  bnfcode                                                                          |
     |                                                                          0402020ABAAACAC                                                                          |
     +-------------------------------------------------------------------------------------------------------------------------------------------------------------------+

     +-------------------------------------------------------------------------------------------------------------------------------------------------------------------+
129. |        prodcodeid |                                                                                              termfromemis |      drugsubstancename | bnfcha~r |
     |  6359741000033111 |                   Paliperidone 150mg/1.5ml prolonged-release suspension for injection pre-filled syringes | Paliperidone palmitate |  4020200 |
     |-------------------------------------------------------------------------------------------------------------------------------------------------------------------|
     |                                                                                  bnfcode                                                                          |
     |                                                                          0402020ABAAADAD                                                                          |
     +-------------------------------------------------------------------------------------------------------------------------------------------------------------------+

     +-------------------------------------------------------------------------------------------------------------------------------------------------------------------+
130. |        prodcodeid |                                                                                              termfromemis |      drugsubstancename | bnfcha~r |
     |  6359441000033116 |                    Paliperidone 50mg/0.5ml prolonged-release suspension for injection pre-filled syringes | Paliperidone palmitate |  4020200 |
     |-------------------------------------------------------------------------------------------------------------------------------------------------------------------|
     |                                                                                  bnfcode                                                                          |
     |                                                                          0402020ABAAAAAA                                                                          |
     +-------------------------------------------------------------------------------------------------------------------------------------------------------------------+

     +-------------------------------------------------------------------------------------------------------------------------------------------------------------------+
131. |        prodcodeid |                                                                                              termfromemis |      drugsubstancename | bnfcha~r |
     |  6359541000033115 |                   Paliperidone 75mg/0.75ml prolonged-release suspension for injection pre-filled syringes | Paliperidone palmitate |  4020200 |
     |-------------------------------------------------------------------------------------------------------------------------------------------------------------------|
     |                                                                                  bnfcode                                                                          |
     |                                                                          0402020ABAAABAB                                                                          |
     +-------------------------------------------------------------------------------------------------------------------------------------------------------------------+

     +-------------------------------------------------------------------------------------------------------------------------------------------------------------------+
290. |        prodcodeid |                                                                                              termfromemis |      drugsubstancename | bnfcha~r |
     | 11694741000033112 | Trevicta 175mg/0.875ml prolonged-release suspension for injection pre-filled syringes (Janssen-Cilag Ltd) | Paliperidone palmitate |          |
     |-------------------------------------------------------------------------------------------------------------------------------------------------------------------|
     |                                                                                  bnfcode                                                                          |
     |                                                                          0402020ABBCAAAF                                                                          |
     +-------------------------------------------------------------------------------------------------------------------------------------------------------------------+

     +-------------------------------------------------------------------------------------------------------------------------------------------------------------------+
291. |        prodcodeid |                                                                                              termfromemis |      drugsubstancename | bnfcha~r |
     | 11694841000033119 | Trevicta 263mg/1.315ml prolonged-release suspension for injection pre-filled syringes (Janssen-Cilag Ltd) | Paliperidone palmitate |          |
     |-------------------------------------------------------------------------------------------------------------------------------------------------------------------|
     |                                                                                  bnfcode                                                                          |
     |                                                                          0402020ABBCABAG                                                                          |
     +-------------------------------------------------------------------------------------------------------------------------------------------------------------------+

     +-------------------------------------------------------------------------------------------------------------------------------------------------------------------+
292. |        prodcodeid |                                                                                              termfromemis |      drugsubstancename | bnfcha~r |
     | 11694941000033110 |  Trevicta 350mg/1.75ml prolonged-release suspension for injection pre-filled syringes (Janssen-Cilag Ltd) | Paliperidone palmitate |          |
     |-------------------------------------------------------------------------------------------------------------------------------------------------------------------|
     |                                                                                  bnfcode                                                                          |
     |                                                                          0402020ABBCACAH                                                                          |
     +-------------------------------------------------------------------------------------------------------------------------------------------------------------------+

     +-------------------------------------------------------------------------------------------------------------------------------------------------------------------+
293. |        prodcodeid |                                                                                              termfromemis |      drugsubstancename | bnfcha~r |
     | 11695041000033110 | Trevicta 525mg/2.625ml prolonged-release suspension for injection pre-filled syringes (Janssen-Cilag Ltd) | Paliperidone palmitate |          |
     |-------------------------------------------------------------------------------------------------------------------------------------------------------------------|
     |                                                                                  bnfcode                                                                          |
     |                                                                          0402020ABBCADAI                                                                          |
     +-------------------------------------------------------------------------------------------------------------------------------------------------------------------+

     +-------------------------------------------------------------------------------------------------------------------------------------------------------------------+
294. |        prodcodeid |                                                                                              termfromemis |      drugsubstancename | bnfcha~r |
     | 11694341000033111 |                 Paliperidone 175mg/0.875ml prolonged-release suspension for injection pre-filled syringes | Paliperidone palmitate |  4020200 |
     |-------------------------------------------------------------------------------------------------------------------------------------------------------------------|
     |                                                                                  bnfcode                                                                          |
     |                                                                          0402020ABAAAFAF                                                                          |
     +-------------------------------------------------------------------------------------------------------------------------------------------------------------------+

     +-------------------------------------------------------------------------------------------------------------------------------------------------------------------+
295. |        prodcodeid |                                                                                              termfromemis |      drugsubstancename | bnfcha~r |
     | 11694441000033117 |                 Paliperidone 263mg/1.315ml prolonged-release suspension for injection pre-filled syringes | Paliperidone palmitate |  4020200 |
     |-------------------------------------------------------------------------------------------------------------------------------------------------------------------|
     |                                                                                  bnfcode                                                                          |
     |                                                                          0402020ABAAAGAG                                                                          |
     +-------------------------------------------------------------------------------------------------------------------------------------------------------------------+

     +-------------------------------------------------------------------------------------------------------------------------------------------------------------------+
296. |        prodcodeid |                                                                                              termfromemis |      drugsubstancename | bnfcha~r |
     | 11694541000033116 |                  Paliperidone 350mg/1.75ml prolonged-release suspension for injection pre-filled syringes | Paliperidone palmitate |  4020200 |
     |-------------------------------------------------------------------------------------------------------------------------------------------------------------------|
     |                                                                                  bnfcode                                                                          |
     |                                                                          0402020ABAAAHAH                                                                          |
     +-------------------------------------------------------------------------------------------------------------------------------------------------------------------+

     +-------------------------------------------------------------------------------------------------------------------------------------------------------------------+
297. |        prodcodeid |                                                                                              termfromemis |      drugsubstancename | bnfcha~r |
     | 11694641000033115 |                 Paliperidone 525mg/2.625ml prolonged-release suspension for injection pre-filled syringes | Paliperidone palmitate |  4020200 |
     |-------------------------------------------------------------------------------------------------------------------------------------------------------------------|
     |                                                                                  bnfcode                                                                          |
     |                                                                          0402020ABAAAIAI                                                                          |
     +-------------------------------------------------------------------------------------------------------------------------------------------------------------------+

     +-------------------------------------------------------------------------------------------------------------------------------------------------------------------+
419. |        prodcodeid |                                                                                              termfromemis |      drugsubstancename | bnfcha~r |
     | 14024141000033115 |     Byannli 1000mg/5ml prolonged-release suspension for injection pre-filled syringes (Janssen-Cilag Ltd) | Paliperidone palmitate |          |
     |-------------------------------------------------------------------------------------------------------------------------------------------------------------------|
     |                                                                                  bnfcode                                                                          |
     |                                                                          0402020ABBDABAJ                                                                          |
     +-------------------------------------------------------------------------------------------------------------------------------------------------------------------+

     +-------------------------------------------------------------------------------------------------------------------------------------------------------------------+
420. |        prodcodeid |                                                                                              termfromemis |      drugsubstancename | bnfcha~r |
     | 14024241000033110 |    Byannli 700mg/3.5ml prolonged-release suspension for injection pre-filled syringes (Janssen-Cilag Ltd) | Paliperidone palmitate |          |
     |-------------------------------------------------------------------------------------------------------------------------------------------------------------------|
     |                                                                                  bnfcode                                                                          |
     |                                                                          0402020ABBDAAAK                                                                          |
     +-------------------------------------------------------------------------------------------------------------------------------------------------------------------+
Drug: pericyazine

-> tabulation of pericyazine  

pericyazine |      Freq.     Percent        Cum.
------------+-----------------------------------
          0 |        523       98.49       98.49
          1 |          8        1.51      100.00
------------+-----------------------------------
      Total |        531      100.00

     +--------------------------------------------------------------------------------------------------+
     |       prodcodeid                         termfromemis   drugsubst~e   bnfcha~r           bnfcode |
     |--------------------------------------------------------------------------------------------------|
 35. |  965741000033110            Neulactil  Tablets  25 mg                                            |
 42. | 1067141000033114          Pericyazine  Tablets  25 mg                                            |
238. | 1067041000033110            Pericyazine 2.5mg tablets   Pericyazine    4020100                   |
239. | 1066741000033111             Pericyazine 10mg tablets   Pericyazine    4020100                   |
307. |  965541000033119      Neulactil 10mg tablets (Sanofi)   Pericyazine              0402010P0BBABAE |
     |--------------------------------------------------------------------------------------------------|
324. | 1063541000033113   Pericyazine 10mg/5ml oral solution   Pericyazine    4020100   0402010P0AAACAC |
489. |  965641000033118     Neulactil 2.5mg tablets (Sanofi)   Pericyazine              0402010P0BBAAAD |
526. |  965041000033112       Neulactil Forte syrup (Sanofi)   Pericyazine              0402010P0BBADAC |
     +--------------------------------------------------------------------------------------------------+
Drug: perphenazine

-> tabulation of perphenazine  

perphenazin |
          e |      Freq.     Percent        Cum.
------------+-----------------------------------
          0 |        519       97.74       97.74
          1 |         12        2.26      100.00
------------+-----------------------------------
      Total |        531      100.00

     +--------------------------------------------------------------------------------------------------------------------------------------------+
     |       prodcodeid                                     termfromemis                           drugsubstancename   bnfcha~r           bnfcode |
     |--------------------------------------------------------------------------------------------------------------------------------------------|
 15. | 1065341000033119                      Perphenazine  Tablets  8 mg                                                                          |
 20. |  571141000033114                          Fentazin  Tablets  8 mg                                                                          |
 21. |  567141000033111                     Fentazin  Injection  5 mg/ml                                                                          |
 30. | 1052041000033118                 Perphenazine  Injection  5 mg/ml                                                                          |
240. | 1065141000033117                         Perphenazine 2mg tablets                                Perphenazine    4020100                   |
     |--------------------------------------------------------------------------------------------------------------------------------------------|
241. | 1065241000033112                         Perphenazine 4mg tablets                                Perphenazine    4020100                   |
355. |  570941000033117             Fentazin 2mg tablets (Advanz Pharma)                                Perphenazine              0402010Q0BBAAAC |
356. |  571041000033110             Fentazin 4mg tablets (Advanz Pharma)                                Perphenazine              0402010Q0BBABAD |
411. | 3180541000033117    Amitriptyline 10mg / Perphenazine 2mg tablets   Amitriptyline hydrochloride/ Perphenazine    4030100   0403010B0AAA9A9 |
412. | 3180441000033118    Amitriptyline 25mg / Perphenazine 2mg tablets   Amitriptyline hydrochloride/ Perphenazine    4030100   0403010B0AAA8A8 |
     |--------------------------------------------------------------------------------------------------------------------------------------------|
463. | 1473441000033111   Triptafen-M tablets (Mercury Pharma Group Ltd)   Amitriptyline hydrochloride/ Perphenazine              0403010B0BIABA9 |
471. | 1473341000033117                Triptafen tablets (Advanz Pharma)   Amitriptyline hydrochloride/ Perphenazine              0403010B0BIAAA8 |
     +--------------------------------------------------------------------------------------------------------------------------------------------+
Drug: pimozide

-> tabulation of pimozide  

   pimozide |      Freq.     Percent        Cum.
------------+-----------------------------------
          0 |        510       96.05       96.05
          1 |         21        3.95      100.00
------------+-----------------------------------
      Total |        531      100.00

     +----------------------------------------------------------------------------------------------------------------------------------------------------------------+
  6. |        prodcodeid |                                                                                  termfromemis |                          drugsubstancename |
     |  1016341000033111 |                                                                          Orap  Tablets  10 mg |                                            |
     |----------------------------------------------------------------------------------------------------------------------------------------------------------------|
     |                                  bnfcha~r                                  |                                          bnfcode                                  |
     |                                                                            |                                                                                   |
     +----------------------------------------------------------------------------------------------------------------------------------------------------------------+

     +----------------------------------------------------------------------------------------------------------------------------------------------------------------+
  7. |        prodcodeid |                                                                                  termfromemis |                          drugsubstancename |
     |  1090841000033118 |                                                                      Pimozide  Tablets  10 mg |                                            |
     |----------------------------------------------------------------------------------------------------------------------------------------------------------------|
     |                                  bnfcha~r                                  |                                          bnfcode                                  |
     |                                                                            |                                                                                   |
     +----------------------------------------------------------------------------------------------------------------------------------------------------------------+

     +----------------------------------------------------------------------------------------------------------------------------------------------------------------+
 53. |        prodcodeid |                                                                                  termfromemis |                          drugsubstancename |
     |  4011641000033115 |                                ChloraPrep solution 3ml applicators (Becton, Dickinson UK Ltd) | Chlorhexidine gluconate/ Isopropyl alcohol |
     |----------------------------------------------------------------------------------------------------------------------------------------------------------------|
     |                                  bnfcha~r                                  |                                          bnfcode                                  |
     |                                                                            |                                  1311020L0CHAABV                                  |
     +----------------------------------------------------------------------------------------------------------------------------------------------------------------+

     +----------------------------------------------------------------------------------------------------------------------------------------------------------------+
 75. |        prodcodeid |                                                                                  termfromemis |                          drugsubstancename |
     |  4505041000033112 |                             ChloraPrep solution 0.67ml applicators (Becton, Dickinson UK Ltd) | Chlorhexidine gluconate/ Isopropyl alcohol |
     |----------------------------------------------------------------------------------------------------------------------------------------------------------------|
     |                                  bnfcha~r                                  |                                          bnfcode                                  |
     |                                                                            |                                  1311020L0CHABBW                                  |
     +----------------------------------------------------------------------------------------------------------------------------------------------------------------+

     +----------------------------------------------------------------------------------------------------------------------------------------------------------------+
 76. |        prodcodeid |                                                                                  termfromemis |                          drugsubstancename |
     |  4505141000033111 |                              ChloraPrep solution 1.5ml applicators (Becton, Dickinson UK Ltd) | Chlorhexidine gluconate/ Isopropyl alcohol |
     |----------------------------------------------------------------------------------------------------------------------------------------------------------------|
     |                                  bnfcha~r                                  |                                          bnfcode                                  |
     |                                                                            |                                  1311020L0CHACBX                                  |
     +----------------------------------------------------------------------------------------------------------------------------------------------------------------+

     +----------------------------------------------------------------------------------------------------------------------------------------------------------------+
 77. |        prodcodeid |                                                                                  termfromemis |                          drugsubstancename |
     |  4505241000033116 |                             ChloraPrep solution 10.5ml applicators (Becton, Dickinson UK Ltd) | Chlorhexidine gluconate/ Isopropyl alcohol |
     |----------------------------------------------------------------------------------------------------------------------------------------------------------------|
     |                                  bnfcha~r                                  |                                          bnfcode                                  |
     |                                                                            |                                  1311020L0CHADBY                                  |
     +----------------------------------------------------------------------------------------------------------------------------------------------------------------+

     +----------------------------------------------------------------------------------------------------------------------------------------------------------------+
 78. |        prodcodeid |                                                                                  termfromemis |                          drugsubstancename |
     |  4505341000033114 |                               ChloraPrep solution 26ml applicators (Becton, Dickinson UK Ltd) | Chlorhexidine gluconate/ Isopropyl alcohol |
     |----------------------------------------------------------------------------------------------------------------------------------------------------------------|
     |                                  bnfcha~r                                  |                                          bnfcode                                  |
     |                                                                            |                                  1311020L0CHAEBZ                                  |
     +----------------------------------------------------------------------------------------------------------------------------------------------------------------+

     +----------------------------------------------------------------------------------------------------------------------------------------------------------------+
 84. |        prodcodeid |                                                                                  termfromemis |                          drugsubstancename |
     | 11798841000033118 |                                                              Pimozide 2mg/5ml oral suspension |                                   Pimozide |
     |----------------------------------------------------------------------------------------------------------------------------------------------------------------|
     |                                  bnfcha~r                                  |                                          bnfcode                                  |
     |                                   4020100                                  |                                  0402010R0AAAHAH                                  |
     +----------------------------------------------------------------------------------------------------------------------------------------------------------------+

     +----------------------------------------------------------------------------------------------------------------------------------------------------------------+
119. |        prodcodeid |                                                                                  termfromemis |                          drugsubstancename |
     |  5977041000033110 |                      ChloraPrep with Tint solution 3ml applicators (Becton, Dickinson UK Ltd) | Chlorhexidine gluconate/ Isopropyl alcohol |
     |----------------------------------------------------------------------------------------------------------------------------------------------------------------|
     |                                  bnfcha~r                                  |                                          bnfcode                                  |
     |                                                                            |                                  1311020L0CHAFBV                                  |
     +----------------------------------------------------------------------------------------------------------------------------------------------------------------+

     +----------------------------------------------------------------------------------------------------------------------------------------------------------------+
120. |        prodcodeid |                                                                                  termfromemis |                          drugsubstancename |
     |  5977141000033114 |                   ChloraPrep with Tint solution 10.5ml applicators (Becton, Dickinson UK Ltd) | Chlorhexidine gluconate/ Isopropyl alcohol |
     |----------------------------------------------------------------------------------------------------------------------------------------------------------------|
     |                                  bnfcha~r                                  |                                          bnfcode                                  |
     |                                                                            |                                  1311020L0CHAGBY                                  |
     +----------------------------------------------------------------------------------------------------------------------------------------------------------------+

     +----------------------------------------------------------------------------------------------------------------------------------------------------------------+
121. |        prodcodeid |                                                                                  termfromemis |                          drugsubstancename |
     |  5977241000033119 |                     ChloraPrep with Tint solution 26ml applicators (Becton, Dickinson UK Ltd) | Chlorhexidine gluconate/ Isopropyl alcohol |
     |----------------------------------------------------------------------------------------------------------------------------------------------------------------|
     |                                  bnfcha~r                                  |                                          bnfcode                                  |
     |                                                                            |                                  1311020L0CHAHBZ                                  |
     +----------------------------------------------------------------------------------------------------------------------------------------------------------------+

     +----------------------------------------------------------------------------------------------------------------------------------------------------------------+
136. |        prodcodeid |                                                                                  termfromemis |                          drugsubstancename |
     |  6456441000033119 | NovoRapid FlexTouch 100units/ml solution for injection 3ml pre-filled pens (Novo Nordisk Ltd) |                             Insulin aspart |
     |----------------------------------------------------------------------------------------------------------------------------------------------------------------|
     |                                  bnfcha~r                                  |                                          bnfcode                                  |
     |                                                                            |                                  0601011A0BBAEAC                                  |
     +----------------------------------------------------------------------------------------------------------------------------------------------------------------+

     +----------------------------------------------------------------------------------------------------------------------------------------------------------------+
179. |        prodcodeid |                                                                                  termfromemis |                          drugsubstancename |
     |  9677141000033117 |     NovoRapid PumpCart 100units/ml solution for injection 1.6ml cartridges (Novo Nordisk Ltd) |                             Insulin aspart |
     |----------------------------------------------------------------------------------------------------------------------------------------------------------------|
     |                                  bnfcha~r                                  |                                          bnfcode                                  |
     |                                                                            |                                  0601011A0BBAFAD                                  |
     +----------------------------------------------------------------------------------------------------------------------------------------------------------------+

     +----------------------------------------------------------------------------------------------------------------------------------------------------------------+
242. |        prodcodeid |                                                                                  termfromemis |                          drugsubstancename |
     |  1090941000033114 |                                                                          Pimozide 2mg tablets |                                   Pimozide |
     |----------------------------------------------------------------------------------------------------------------------------------------------------------------|
     |                                  bnfcha~r                                  |                                          bnfcode                                  |
     |                                   4020100                                  |                                                                                   |
     +----------------------------------------------------------------------------------------------------------------------------------------------------------------+

     +----------------------------------------------------------------------------------------------------------------------------------------------------------------+
243. |        prodcodeid |                                                                                  termfromemis |                          drugsubstancename |
     |  1091041000033116 |                                                                          Pimozide 4mg tablets |                                   Pimozide |
     |----------------------------------------------------------------------------------------------------------------------------------------------------------------|
     |                                  bnfcha~r                                  |                                          bnfcode                                  |
     |                                   4020100                                  |                                                                                   |
     +----------------------------------------------------------------------------------------------------------------------------------------------------------------+

     +----------------------------------------------------------------------------------------------------------------------------------------------------------------+
286. |        prodcodeid |                                                                                  termfromemis |                          drugsubstancename |
     |  1862341000033110 |        NovoRapid Penfill 100units/ml solution for injection 3ml cartridges (Novo Nordisk Ltd) |                             Insulin aspart |
     |----------------------------------------------------------------------------------------------------------------------------------------------------------------|
     |                                  bnfcha~r                                  |                                          bnfcode                                  |
     |                                                                            |                                  0601011A0BBABAB                                  |
     +----------------------------------------------------------------------------------------------------------------------------------------------------------------+

     +----------------------------------------------------------------------------------------------------------------------------------------------------------------+
287. |        prodcodeid |                                                                                  termfromemis |                          drugsubstancename |
     |  1862241000033117 |                    NovoRapid 100units/ml solution for injection 10ml vials (Novo Nordisk Ltd) |                             Insulin aspart |
     |----------------------------------------------------------------------------------------------------------------------------------------------------------------|
     |                                  bnfcha~r                                  |                                          bnfcode                                  |
     |                                                                            |                                  0601011A0BBAAAA                                  |
     +----------------------------------------------------------------------------------------------------------------------------------------------------------------+

     +----------------------------------------------------------------------------------------------------------------------------------------------------------------+
288. |        prodcodeid |                                                                                  termfromemis |                          drugsubstancename |
     |  1862441000033116 |                       NovoRapid Novolet 100units/ml solution for injection (Novo Nordisk Ltd) |                             Insulin aspart |
     |----------------------------------------------------------------------------------------------------------------------------------------------------------------|
     |                                  bnfcha~r                                  |                                          bnfcode                                  |
     |                                                                            |                                  0601011A0BBACAC                                  |
     +----------------------------------------------------------------------------------------------------------------------------------------------------------------+

     +----------------------------------------------------------------------------------------------------------------------------------------------------------------+
289. |        prodcodeid |                                                                                  termfromemis |                          drugsubstancename |
     |  2796641000033115 |   NovoRapid FlexPen 100units/ml solution for injection 3ml pre-filled pens (Novo Nordisk Ltd) |                             Insulin aspart |
     |----------------------------------------------------------------------------------------------------------------------------------------------------------------|
     |                                  bnfcha~r                                  |                                          bnfcode                                  |
     |                                                                            |                                  0601011A0BBADAC                                  |
     +----------------------------------------------------------------------------------------------------------------------------------------------------------------+

     +----------------------------------------------------------------------------------------------------------------------------------------------------------------+
360. |        prodcodeid |                                                                                  termfromemis |                          drugsubstancename |
     |  1016541000033116 |                                                        Orap 4mg tablets (Eumedica Pharma Ltd) |                                   Pimozide |
     |----------------------------------------------------------------------------------------------------------------------------------------------------------------|
     |                                  bnfcha~r                                  |                                          bnfcode                                  |
     |                                                                            |                                  0402010R0BBABAB                                  |
     +----------------------------------------------------------------------------------------------------------------------------------------------------------------+

     +----------------------------------------------------------------------------------------------------------------------------------------------------------------+
448. |        prodcodeid |                                                                                  termfromemis |                          drugsubstancename |
     |  1016441000033117 |                                                          Orap 2mg tablets (Janssen-Cilag Ltd) |                                   Pimozide |
     |----------------------------------------------------------------------------------------------------------------------------------------------------------------|
     |                                  bnfcha~r                                  |                                          bnfcode                                  |
     |                                                                            |                                  0402010R0BBAAAA                                  |
     +----------------------------------------------------------------------------------------------------------------------------------------------------------------+
Drug: promazine

-> tabulation of promazine  

  promazine |      Freq.     Percent        Cum.
------------+-----------------------------------
          0 |        523       98.49       98.49
          1 |          8        1.51      100.00
------------+-----------------------------------
      Total |        531      100.00

     +---------------------------------------------------------------------------------------------------------------------------+
     |       prodcodeid                                      termfromemis         drugsubstancename   bnfcha~r           bnfcode |
     |---------------------------------------------------------------------------------------------------------------------------|
  2. | 1129141000033118   Promazine Hydrochloride  Suspension  50 mg/5 ml                                                        |
  4. | 1117541000033112      Promazine Hydrochloride  Injection  50 mg/ml                                                        |
 28. | 2730641000033111        Promazine Hydrochloride  Syrup  50 mg/5 ml                                                        |
 36. | 1134241000033114          Promazine Hydrochloride  Tablets  100 mg                                                        |
244. | 1134341000033116                            Promazine 25mg tablets   Promazine hydrochloride    4020100                   |
     |---------------------------------------------------------------------------------------------------------------------------|
245. | 1134441000033110                            Promazine 50mg tablets   Promazine hydrochloride    4020100                   |
321. | 1129641000033111                  Promazine 25mg/5ml oral solution   Promazine hydrochloride    4020100   0402010S0AAADAD |
387. | 2640141000033112                  Promazine 50mg/5ml oral solution   Promazine hydrochloride    4020100   0402010S0AAAIAI |
     +---------------------------------------------------------------------------------------------------------------------------+
Drug: quetiapine

-> tabulation of quetiapine  

 quetiapine |      Freq.     Percent        Cum.
------------+-----------------------------------
          0 |        448       84.37       84.37
          1 |         83       15.63      100.00
------------+-----------------------------------
      Total |        531      100.00

     +-------------------------------------------------------------------------------------------------------------------------------------------------+
     |        prodcodeid                                                               termfromemis     drugsubstancename   bnfcha~r           bnfcode |
     |-------------------------------------------------------------------------------------------------------------------------------------------------|
 12. |  1150341000033113         Quetiapine Fumarate  Tablets (starter pack)  6 x 25 mg, 2 x 100 mg                                                    |
 14. |  1832841000033113   Quetiapine Fumarate  Tablets (starter pack)  6x25 mg, 2x100 mg, 2x150 mg                                                    |
 17. |  4133841000033118                       Quetiapine  Oral Suspension Sugar Free  12.5 mg/5 ml                                                    |
 25. |  1277941000033111                    Seroquel  Tablets (starter pack)  6 x 25 mg, 2 x 100 mg                                                    |
 43. |  1832941000033117              Seroquel  Tablets (starter pack)  6x25 mg, 2x100 mg, 2x150 mg                                                    |
     |-------------------------------------------------------------------------------------------------------------------------------------------------|
 80. |  5889741000033118                                        Quetiapine 12.5mg/5ml oral solution   Quetiapine fumarate    4020100   0402010ABAAAIAI |
 81. |  5889841000033111                                      Quetiapine 12.5mg/5ml oral suspension   Quetiapine fumarate    4020100   0402010ABAABBBB |
 82. |  5974841000033112                                          Quetiapine 25mg/5ml oral solution   Quetiapine fumarate    4020100   0402010ABAAAHAH |
 83. |  5974941000033116                                        Quetiapine 25mg/5ml oral suspension   Quetiapine fumarate    4020100   0402010ABAABDBD |
 90. |  5891141000033117                                         Quetiapine 100mg/5ml oral solution   Quetiapine fumarate    4020100   0402010ABAAAMAM |
     |-------------------------------------------------------------------------------------------------------------------------------------------------|
 91. |  4422541000033110                                       Quetiapine 100mg/5ml oral suspension   Quetiapine fumarate    4020100   0402010ABAAAMAM |
 92. |  4592241000033114                                Seroquel XL 200mg tablets (Luye Pharma Ltd)   Quetiapine fumarate              0402010ABBBAIAW |
 93. |  4592441000033110                                Seroquel XL 400mg tablets (Luye Pharma Ltd)   Quetiapine fumarate              0402010ABBBAKAY |
 94. |  4592341000033116                                Seroquel XL 300mg tablets (Luye Pharma Ltd)   Quetiapine fumarate              0402010ABBBAJAX |
 95. |  4592141000033119                                 Seroquel XL 50mg tablets (Luye Pharma Ltd)   Quetiapine fumarate              0402010ABBBAHAV |
     |-------------------------------------------------------------------------------------------------------------------------------------------------|
 96. |  4591741000033114                                   Quetiapine 50mg modified-release tablets   Quetiapine fumarate    4020100   0402010ABAAAVAV |
103. |  5975041000033116                                          Quetiapine 50mg/5ml oral solution   Quetiapine fumarate    4020100   0402010ABAAALAL |
104. |  5975141000033117                                        Quetiapine 50mg/5ml oral suspension   Quetiapine fumarate    4020100   0402010ABAABEBE |
116. |  5909441000033118                                Seroquel XL 150mg tablets (Luye Pharma Ltd)   Quetiapine fumarate              0402010ABBBALBA |
117. |  5909341000033112                                  Quetiapine 150mg modified-release tablets   Quetiapine fumarate    4020100   0402010ABAABABA |
     |-------------------------------------------------------------------------------------------------------------------------------------------------|
155. |  7687841000033114                                      Sondate XL 50mg tablets (Teva UK Ltd)   Quetiapine fumarate              0402010ABBCAAAV |
156. |  7687941000033118                                     Sondate XL 200mg tablets (Teva UK Ltd)   Quetiapine fumarate              0402010ABBCABAW |
157. |  7688041000033115                                     Sondate XL 300mg tablets (Teva UK Ltd)   Quetiapine fumarate              0402010ABBCACAX |
158. |  7688141000033116                                     Sondate XL 400mg tablets (Teva UK Ltd)   Quetiapine fumarate              0402010ABBCADAY |
159. |  8112941000033114                                Tenprolide XL 50mg tablets (Actavis UK Ltd)   Quetiapine fumarate              0402010ABBDAAAV |
     |-------------------------------------------------------------------------------------------------------------------------------------------------|
160. |  8113041000033116                               Tenprolide XL 200mg tablets (Actavis UK Ltd)   Quetiapine fumarate              0402010ABBDABAW |
161. |  8113141000033117                               Tenprolide XL 300mg tablets (Actavis UK Ltd)   Quetiapine fumarate              0402010ABBDACAX |
163. |  8246241000033114                                     Sondate XL 150mg tablets (Teva UK Ltd)   Quetiapine fumarate              0402010ABBCAEBA |
164. |  8298341000033111                                    Seotiapim XL 200mg tablets (Sandoz Ltd)   Quetiapine fumarate              0402010ABBEAAAW |
165. |  8298541000033116                                    Seotiapim XL 400mg tablets (Sandoz Ltd)   Quetiapine fumarate              0402010ABBEABAY |
     |-------------------------------------------------------------------------------------------------------------------------------------------------|
166. |  8298441000033117                                    Seotiapim XL 300mg tablets (Sandoz Ltd)   Quetiapine fumarate              0402010ABBEACAX |
167. |  8349141000033117                               Tenprolide XL 400mg tablets (Actavis UK Ltd)   Quetiapine fumarate              0402010ABBDADAY |
168. | 11730041000033115                                       Quetiapine 200mg/5ml oral suspension   Quetiapine fumarate    4020100   0402010ABAAARAR |
175. |  9604441000033112                                 Ebesque XL 50mg tablets (Ethypharm UK Ltd)   Quetiapine fumarate              0402010ABBFAAAV |
176. |  9605541000033112                                Ebesque XL 200mg tablets (Ethypharm UK Ltd)   Quetiapine fumarate              0402010ABBFABAW |
     |-------------------------------------------------------------------------------------------------------------------------------------------------|
177. |  9605941000033118                                Ebesque XL 300mg tablets (Ethypharm UK Ltd)   Quetiapine fumarate              0402010ABBFACAX |
178. |  9606341000033113                                Ebesque XL 400mg tablets (Ethypharm UK Ltd)   Quetiapine fumarate              0402010ABBFADAY |
187. | 10615141000033115                            Atrolak XL 50mg tablets (Accord Healthcare Ltd)   Quetiapine fumarate              0402010ABBGAAAV |
188. | 10615241000033110                           Atrolak XL 200mg tablets (Accord Healthcare Ltd)   Quetiapine fumarate              0402010ABBGABAW |
189. | 10615341000033117                           Atrolak XL 300mg tablets (Accord Healthcare Ltd)   Quetiapine fumarate              0402010ABBGACAX |
     |-------------------------------------------------------------------------------------------------------------------------------------------------|
190. | 10615441000033111                           Atrolak XL 400mg tablets (Accord Healthcare Ltd)   Quetiapine fumarate              0402010ABBGADAY |
192. | 10041141000033118                               Biquelle XL 50mg tablets (Aspire Pharma Ltd)   Quetiapine fumarate              0402010ABBIAAAV |
193. | 10041241000033113                              Biquelle XL 150mg tablets (Aspire Pharma Ltd)   Quetiapine fumarate              0402010ABBIABBA |
194. | 10041441000033114                              Biquelle XL 300mg tablets (Aspire Pharma Ltd)   Quetiapine fumarate              0402010ABBIADAX |
195. | 10041541000033110                              Biquelle XL 400mg tablets (Aspire Pharma Ltd)   Quetiapine fumarate              0402010ABBIAEAY |
     |-------------------------------------------------------------------------------------------------------------------------------------------------|
196. | 10041341000033115                              Biquelle XL 200mg tablets (Aspire Pharma Ltd)   Quetiapine fumarate              0402010ABBIACAW |
197. | 10041741000033119                                Zaluron XL 50mg tablets (Fontus Health Ltd)   Quetiapine fumarate              0402010ABBHAAAV |
198. | 10041841000033112                               Zaluron XL 150mg tablets (Fontus Health Ltd)   Quetiapine fumarate              0402010ABBHABBA |
199. | 10041941000033116                               Zaluron XL 200mg tablets (Fontus Health Ltd)   Quetiapine fumarate              0402010ABBHACAW |
200. | 10042041000033110                               Zaluron XL 300mg tablets (Fontus Health Ltd)   Quetiapine fumarate              0402010ABBHADAX |
     |-------------------------------------------------------------------------------------------------------------------------------------------------|
201. | 10042141000033114                               Zaluron XL 400mg tablets (Fontus Health Ltd)   Quetiapine fumarate              0402010ABBHAEAY |
204. | 10254741000033110                              Mintreleq XL 50mg tablets (Aristo Pharma Ltd)   Quetiapine fumarate              0402010ABBJAAAV |
205. | 10254841000033117                             Mintreleq XL 150mg tablets (Aristo Pharma Ltd)   Quetiapine fumarate              0402010ABBJABBA |
206. | 10254941000033113                             Mintreleq XL 200mg tablets (Aristo Pharma Ltd)   Quetiapine fumarate              0402010ABBJACAW |
207. | 10255041000033113                             Mintreleq XL 300mg tablets (Aristo Pharma Ltd)   Quetiapine fumarate              0402010ABBJADAX |
     |-------------------------------------------------------------------------------------------------------------------------------------------------|
208. | 10255141000033112                             Mintreleq XL 400mg tablets (Aristo Pharma Ltd)   Quetiapine fumarate              0402010ABBJAEAY |
270. |  1150241000033115                                                    Quetiapine 25mg tablets   Quetiapine fumarate    4020100                   |
271. |  1150041000033111                                                   Quetiapine 100mg tablets   Quetiapine fumarate    4020100                   |
272. |  1150141000033110                                                   Quetiapine 200mg tablets   Quetiapine fumarate    4020100                   |
280. | 11578941000033118                                       Psyquet XL 50mg tablets (Sandoz Ltd)   Quetiapine fumarate              0402010ABBKAAAV |
     |-------------------------------------------------------------------------------------------------------------------------------------------------|
281. | 11579241000033119                                      Psyquet XL 150mg tablets (Sandoz Ltd)   Quetiapine fumarate              0402010ABBKABBA |
282. | 11579341000033112                                      Psyquet XL 200mg tablets (Sandoz Ltd)   Quetiapine fumarate              0402010ABBKACAW |
283. | 11579441000033118                                      Psyquet XL 300mg tablets (Sandoz Ltd)   Quetiapine fumarate              0402010ABBKADAX |
284. | 11579541000033117                                      Psyquet XL 400mg tablets (Sandoz Ltd)   Quetiapine fumarate              0402010ABBKAEAY |
299. | 11753641000033118                              Quetiapine 20mg/ml oral suspension sugar free   Quetiapine fumarate    4020100   0402010ABAABFBF |
     |-------------------------------------------------------------------------------------------------------------------------------------------------|
300. | 11782141000033111                          Brancico XL 300mg tablets (Zentiva Pharma UK Ltd)   Quetiapine fumarate              0402010ABBLAAAX |
301. | 11782041000033112                          Brancico XL 200mg tablets (Zentiva Pharma UK Ltd)   Quetiapine fumarate              0402010ABBLABAW |
302. | 11781941000033118                          Brancico XL 150mg tablets (Zentiva Pharma UK Ltd)   Quetiapine fumarate              0402010ABBLACBA |
303. | 11782341000033114                           Brancico XL 50mg tablets (Zentiva Pharma UK Ltd)   Quetiapine fumarate              0402010ABBLADAV |
304. | 11782241000033116                          Brancico XL 400mg tablets (Zentiva Pharma UK Ltd)   Quetiapine fumarate              0402010ABBLAEAY |
     |-------------------------------------------------------------------------------------------------------------------------------------------------|
308. |  1277641000033116                                   Seroquel 100mg tablets (Luye Pharma Ltd)   Quetiapine fumarate              0402010ABBBACAC |
312. | 12428041000033114                           Atrolak XL 150mg tablets (Accord Healthcare Ltd)   Quetiapine fumarate              0402010ABBGAEBA |
390. | 13734941000033119                              Biquelle XL 600mg tablets (Aspire Pharma Ltd)   Quetiapine fumarate              0402010ABBIAFBG |
391. | 13734841000033110                                  Quetiapine 600mg modified-release tablets   Quetiapine fumarate    4020100   0402010ABAABGBG |
405. |  1844641000033118                                                   Quetiapine 150mg tablets   Quetiapine fumarate    4020100   0402010ABAAAFAF |
     |-------------------------------------------------------------------------------------------------------------------------------------------------|
426. |  1844741000033110                                Seroquel 150mg tablets (AstraZeneca UK Ltd)   Quetiapine fumarate              0402010ABBBAEAF |
439. |  4591941000033112                                  Quetiapine 300mg modified-release tablets   Quetiapine fumarate    4020100                   |
440. |  4591841000033116                                  Quetiapine 200mg modified-release tablets   Quetiapine fumarate    4020100                   |
441. |  4592041000033118                                  Quetiapine 400mg modified-release tablets   Quetiapine fumarate    4020100                   |
443. |  2975841000033113                                                   Quetiapine 300mg tablets   Quetiapine fumarate    4020100                   |
     |-------------------------------------------------------------------------------------------------------------------------------------------------|
462. |  1277741000033113                                   Seroquel 200mg tablets (Luye Pharma Ltd)   Quetiapine fumarate              0402010ABBBADAD |
466. |  2975941000033117                                   Seroquel 300mg tablets (Luye Pharma Ltd)   Quetiapine fumarate              0402010ABBBAGAK |
481. |  1277841000033115                                    Seroquel 25mg tablets (Luye Pharma Ltd)   Quetiapine fumarate              0402010ABBBABAB |
     +-------------------------------------------------------------------------------------------------------------------------------------------------+
Drug: risperidone

-> tabulation of risperidone  

risperidone |      Freq.     Percent        Cum.
------------+-----------------------------------
          0 |        499       93.97       93.97
          1 |         32        6.03      100.00
------------+-----------------------------------
      Total |        531      100.00

     +-------------------------------------------------------------------------------------------------------------------------------------------------------------------+
 54. |        prodcodeid |                                                                                                         termfromemis | drugsubst~e | bnfcha~r |
     |  4012341000033119 |                                                    Risperdal Quicklet 4mg orodispersible tablets (Janssen-Cilag Ltd) | Risperidone |          |
     |-------------------------------------------------------------------------------------------------------------------------------------------------------------------|
     |                                                                                  bnfcode                                                                          |
     |                                                                          040201030BBALAQ                                                                          |
     +-------------------------------------------------------------------------------------------------------------------------------------------------------------------+

     +-------------------------------------------------------------------------------------------------------------------------------------------------------------------+
 55. |        prodcodeid |                                                                                                         termfromemis | drugsubst~e | bnfcha~r |
     |  4012241000033112 |                                                    Risperdal Quicklet 3mg orodispersible tablets (Janssen-Cilag Ltd) | Risperidone |          |
     |-------------------------------------------------------------------------------------------------------------------------------------------------------------------|
     |                                                                                  bnfcode                                                                          |
     |                                                                          040201030BBAKAP                                                                          |
     +-------------------------------------------------------------------------------------------------------------------------------------------------------------------+

     +-------------------------------------------------------------------------------------------------------------------------------------------------------------------+
 56. |        prodcodeid |                                                                                                         termfromemis | drugsubst~e | bnfcha~r |
     |  4012041000033116 |                                                                    Risperidone 3mg orodispersible tablets sugar free | Risperidone |  4020100 |
     |-------------------------------------------------------------------------------------------------------------------------------------------------------------------|
     |                                                                                  bnfcode                                                                          |
     |                                                                          040201030AAAPAP                                                                          |
     +-------------------------------------------------------------------------------------------------------------------------------------------------------------------+

     +-------------------------------------------------------------------------------------------------------------------------------------------------------------------+
 57. |        prodcodeid |                                                                                                         termfromemis | drugsubst~e | bnfcha~r |
     |  4012141000033117 |                                                                    Risperidone 4mg orodispersible tablets sugar free | Risperidone |  4020100 |
     |-------------------------------------------------------------------------------------------------------------------------------------------------------------------|
     |                                                                                  bnfcode                                                                          |
     |                                                                          040201030AAAQAQ                                                                          |
     +-------------------------------------------------------------------------------------------------------------------------------------------------------------------+

     +-------------------------------------------------------------------------------------------------------------------------------------------------------------------+
 99. |        prodcodeid |                                                                                                         termfromemis | drugsubst~e | bnfcha~r |
     |  1177641000033119 |                                                                            Risperdal 6mg tablets (Janssen-Cilag Ltd) | Risperidone |          |
     |-------------------------------------------------------------------------------------------------------------------------------------------------------------------|
     |                                                                                  bnfcode                                                                          |
     |                                                                          040201030BBAFAF                                                                          |
     +-------------------------------------------------------------------------------------------------------------------------------------------------------------------+

     +-------------------------------------------------------------------------------------------------------------------------------------------------------------------+
257. |        prodcodeid |                                                                                                         termfromemis | drugsubst~e | bnfcha~r |
     |  1176641000033117 |                                                                                              Risperidone 1mg tablets | Risperidone |  4020100 |
     |-------------------------------------------------------------------------------------------------------------------------------------------------------------------|
     |                                                                                  bnfcode                                                                          |
     |                                                                                                                                                                   |
     +-------------------------------------------------------------------------------------------------------------------------------------------------------------------+

     +-------------------------------------------------------------------------------------------------------------------------------------------------------------------+
258. |        prodcodeid |                                                                                                         termfromemis | drugsubst~e | bnfcha~r |
     |  1176741000033114 |                                                                                              Risperidone 2mg tablets | Risperidone |  4020100 |
     |-------------------------------------------------------------------------------------------------------------------------------------------------------------------|
     |                                                                                  bnfcode                                                                          |
     |                                                                                                                                                                   |
     +-------------------------------------------------------------------------------------------------------------------------------------------------------------------+

     +-------------------------------------------------------------------------------------------------------------------------------------------------------------------+
259. |        prodcodeid |                                                                                                         termfromemis | drugsubst~e | bnfcha~r |
     |  1176841000033116 |                                                                                              Risperidone 3mg tablets | Risperidone |  4020100 |
     |-------------------------------------------------------------------------------------------------------------------------------------------------------------------|
     |                                                                                  bnfcode                                                                          |
     |                                                                                                                                                                   |
     +-------------------------------------------------------------------------------------------------------------------------------------------------------------------+

     +-------------------------------------------------------------------------------------------------------------------------------------------------------------------+
260. |        prodcodeid |                                                                                                         termfromemis | drugsubst~e | bnfcha~r |
     |  1176941000033112 |                                                                                              Risperidone 4mg tablets | Risperidone |  4020100 |
     |-------------------------------------------------------------------------------------------------------------------------------------------------------------------|
     |                                                                                  bnfcode                                                                          |
     |                                                                                                                                                                   |
     +-------------------------------------------------------------------------------------------------------------------------------------------------------------------+

     +-------------------------------------------------------------------------------------------------------------------------------------------------------------------+
261. |        prodcodeid |                                                                                                         termfromemis | drugsubst~e | bnfcha~r |
     |  1173941000033117 |                                                                          Risperidone 1mg/ml oral solution sugar free | Risperidone |  4020100 |
     |-------------------------------------------------------------------------------------------------------------------------------------------------------------------|
     |                                                                                  bnfcode                                                                          |
     |                                                                                                                                                                   |
     +-------------------------------------------------------------------------------------------------------------------------------------------------------------------+

     +-------------------------------------------------------------------------------------------------------------------------------------------------------------------+
262. |        prodcodeid |                                                                                                         termfromemis | drugsubst~e | bnfcha~r |
     |  1177741000033111 |                                                                                              Risperidone 6mg tablets | Risperidone |  4020100 |
     |-------------------------------------------------------------------------------------------------------------------------------------------------------------------|
     |                                                                                  bnfcode                                                                          |
     |                                                                                                                                                                   |
     +-------------------------------------------------------------------------------------------------------------------------------------------------------------------+

     +-------------------------------------------------------------------------------------------------------------------------------------------------------------------+
263. |        prodcodeid |                                                                                                         termfromemis | drugsubst~e | bnfcha~r |
     |  2188241000033110 |                                                                                     Risperidone 500microgram tablets | Risperidone |  4020100 |
     |-------------------------------------------------------------------------------------------------------------------------------------------------------------------|
     |                                                                                  bnfcode                                                                          |
     |                                                                                                                                                                   |
     +-------------------------------------------------------------------------------------------------------------------------------------------------------------------+

     +-------------------------------------------------------------------------------------------------------------------------------------------------------------------+
309. |        prodcodeid |                                                                                                         termfromemis | drugsubst~e | bnfcha~r |
     |  1173841000033113 |                                                                   Risperdal 1mg/ml oral solution (Janssen-Cilag Ltd) | Risperidone |          |
     |-------------------------------------------------------------------------------------------------------------------------------------------------------------------|
     |                                                                                  bnfcode                                                                          |
     |                                                                          040201030BBAEAE                                                                          |
     +-------------------------------------------------------------------------------------------------------------------------------------------------------------------+

     +-------------------------------------------------------------------------------------------------------------------------------------------------------------------+
382. |        prodcodeid |                                                                                                         termfromemis | drugsubst~e | bnfcha~r |
     | 13581641000033117 |                                                                                     Risperidone 250microgram tablets | Risperidone |  4020100 |
     |-------------------------------------------------------------------------------------------------------------------------------------------------------------------|
     |                                                                                  bnfcode                                                                          |
     |                                                                          040201030AAATAT                                                                          |
     +-------------------------------------------------------------------------------------------------------------------------------------------------------------------+

     +-------------------------------------------------------------------------------------------------------------------------------------------------------------------+
415. |        prodcodeid |                                                                                                         termfromemis | drugsubst~e | bnfcha~r |
     |  2869041000033115 |                                                    Risperdal Quicklet 1mg orodispersible tablets (Janssen-Cilag Ltd) | Risperidone |          |
     |-------------------------------------------------------------------------------------------------------------------------------------------------------------------|
     |                                                                                  bnfcode                                                                          |
     |                                                                          040201030BBAHAL                                                                          |
     +-------------------------------------------------------------------------------------------------------------------------------------------------------------------+

     +-------------------------------------------------------------------------------------------------------------------------------------------------------------------+
416. |        prodcodeid |                                                                                                         termfromemis | drugsubst~e | bnfcha~r |
     |  2869141000033116 |                                                    Risperdal Quicklet 2mg orodispersible tablets (Janssen-Cilag Ltd) | Risperidone |          |
     |-------------------------------------------------------------------------------------------------------------------------------------------------------------------|
     |                                                                                  bnfcode                                                                          |
     |                                                                          040201030BBAIAM                                                                          |
     +-------------------------------------------------------------------------------------------------------------------------------------------------------------------+

     +-------------------------------------------------------------------------------------------------------------------------------------------------------------------+
417. |        prodcodeid |                                                                                                         termfromemis | drugsubst~e | bnfcha~r |
     |  2868841000033116 |                                                                    Risperidone 1mg orodispersible tablets sugar free | Risperidone |  4020100 |
     |-------------------------------------------------------------------------------------------------------------------------------------------------------------------|
     |                                                                                  bnfcode                                                                          |
     |                                                                          040201030AAALAL                                                                          |
     +-------------------------------------------------------------------------------------------------------------------------------------------------------------------+

     +-------------------------------------------------------------------------------------------------------------------------------------------------------------------+
418. |        prodcodeid |                                                                                                         termfromemis | drugsubst~e | bnfcha~r |
     |  2868941000033112 |                                                                    Risperidone 2mg orodispersible tablets sugar free | Risperidone |  4020100 |
     |-------------------------------------------------------------------------------------------------------------------------------------------------------------------|
     |                                                                                  bnfcode                                                                          |
     |                                                                          040201030AAAMAM                                                                          |
     +-------------------------------------------------------------------------------------------------------------------------------------------------------------------+

     +-------------------------------------------------------------------------------------------------------------------------------------------------------------------+
421. |        prodcodeid |                                                                                                         termfromemis | drugsubst~e | bnfcha~r |
     | 14025941000033117 | Okedi 100mg powder and solvent for prolonged-release suspension for injection pre-filled syringes (ROVI Biotech Ltd) | Risperidone |          |
     |-------------------------------------------------------------------------------------------------------------------------------------------------------------------|
     |                                                                                  bnfcode                                                                          |
     |                                                                          0402020AABCABAE                                                                          |
     +-------------------------------------------------------------------------------------------------------------------------------------------------------------------+

     +-------------------------------------------------------------------------------------------------------------------------------------------------------------------+
432. |        prodcodeid |                                                                                                         termfromemis | drugsubst~e | bnfcha~r |
     |  2779941000033114 |                    Risperdal Consta 37.5mg powder and solvent for suspension for injection vials (Janssen-Cilag Ltd) | Risperidone |          |
     |-------------------------------------------------------------------------------------------------------------------------------------------------------------------|
     |                                                                                  bnfcode                                                                          |
     |                                                                          0402020AABBACAC                                                                          |
     +-------------------------------------------------------------------------------------------------------------------------------------------------------------------+

     +-------------------------------------------------------------------------------------------------------------------------------------------------------------------+
433. |        prodcodeid |                                                                                                         termfromemis | drugsubst~e | bnfcha~r |
     |  2780041000033113 |                      Risperdal Consta 50mg powder and solvent for suspension for injection vials (Janssen-Cilag Ltd) | Risperidone |          |
     |-------------------------------------------------------------------------------------------------------------------------------------------------------------------|
     |                                                                                  bnfcode                                                                          |
     |                                                                          0402020AABBABAB                                                                          |
     +-------------------------------------------------------------------------------------------------------------------------------------------------------------------+

     +-------------------------------------------------------------------------------------------------------------------------------------------------------------------+
435. |        prodcodeid |                                                                                                         termfromemis | drugsubst~e | bnfcha~r |
     |  2780241000033117 |                                             Risperidone 37.5mg powder and solvent for suspension for injection vials | Risperidone |  4020200 |
     |-------------------------------------------------------------------------------------------------------------------------------------------------------------------|
     |                                                                                  bnfcode                                                                          |
     |                                                                          0402020AAAAACAC                                                                          |
     +-------------------------------------------------------------------------------------------------------------------------------------------------------------------+

     +-------------------------------------------------------------------------------------------------------------------------------------------------------------------+
436. |        prodcodeid |                                                                                                         termfromemis | drugsubst~e | bnfcha~r |
     |  2780341000033110 |                                               Risperidone 50mg powder and solvent for suspension for injection vials | Risperidone |  4020200 |
     |-------------------------------------------------------------------------------------------------------------------------------------------------------------------|
     |                                                                                  bnfcode                                                                          |
     |                                                                          0402020AAAAABAB                                                                          |
     +-------------------------------------------------------------------------------------------------------------------------------------------------------------------+

     +-------------------------------------------------------------------------------------------------------------------------------------------------------------------+
442. |        prodcodeid |                                                                                                         termfromemis | drugsubst~e | bnfcha~r |
     |  1176541000033118 |                                                                            Risperdal 4mg tablets (Janssen-Cilag Ltd) | Risperidone |          |
     |-------------------------------------------------------------------------------------------------------------------------------------------------------------------|
     |                                                                                  bnfcode                                                                          |
     |                                                                          040201030BBADAD                                                                          |
     +-------------------------------------------------------------------------------------------------------------------------------------------------------------------+

     +-------------------------------------------------------------------------------------------------------------------------------------------------------------------+
447. |        prodcodeid |                                                                                                         termfromemis | drugsubst~e | bnfcha~r |
     |  2779841000033118 |                      Risperdal Consta 25mg powder and solvent for suspension for injection vials (Janssen-Cilag Ltd) | Risperidone |          |
     |-------------------------------------------------------------------------------------------------------------------------------------------------------------------|
     |                                                                                  bnfcode                                                                          |
     |                                                                          0402020AABBAAAA                                                                          |
     +-------------------------------------------------------------------------------------------------------------------------------------------------------------------+

     +-------------------------------------------------------------------------------------------------------------------------------------------------------------------+
450. |        prodcodeid |                                                                                                         termfromemis | drugsubst~e | bnfcha~r |
     |  2780141000033112 |                                               Risperidone 25mg powder and solvent for suspension for injection vials | Risperidone |  4020200 |
     |-------------------------------------------------------------------------------------------------------------------------------------------------------------------|
     |                                                                                  bnfcode                                                                          |
     |                                                                          0402020AAAAAAAA                                                                          |
     +-------------------------------------------------------------------------------------------------------------------------------------------------------------------+

     +-------------------------------------------------------------------------------------------------------------------------------------------------------------------+
472. |        prodcodeid |                                                                                                         termfromemis | drugsubst~e | bnfcha~r |
     |  1176441000033119 |                                                                            Risperdal 3mg tablets (Janssen-Cilag Ltd) | Risperidone |          |
     |-------------------------------------------------------------------------------------------------------------------------------------------------------------------|
     |                                                                                  bnfcode                                                                          |
     |                                                                          040201030BBACAC                                                                          |
     +-------------------------------------------------------------------------------------------------------------------------------------------------------------------+

     +-------------------------------------------------------------------------------------------------------------------------------------------------------------------+
474. |        prodcodeid |                                                                                                         termfromemis | drugsubst~e | bnfcha~r |
     |  2188141000033115 |                                                                   Risperdal 500microgram tablets (Janssen-Cilag Ltd) | Risperidone |          |
     |-------------------------------------------------------------------------------------------------------------------------------------------------------------------|
     |                                                                                  bnfcode                                                                          |
     |                                                                          040201030BBAGAK                                                                          |
     +-------------------------------------------------------------------------------------------------------------------------------------------------------------------+

     +-------------------------------------------------------------------------------------------------------------------------------------------------------------------+
480. |        prodcodeid |                                                                                                         termfromemis | drugsubst~e | bnfcha~r |
     |  1176241000033115 |                                                                            Risperdal 1mg tablets (Janssen-Cilag Ltd) | Risperidone |          |
     |-------------------------------------------------------------------------------------------------------------------------------------------------------------------|
     |                                                                                  bnfcode                                                                          |
     |                                                                          040201030BBAAAA                                                                          |
     +-------------------------------------------------------------------------------------------------------------------------------------------------------------------+

     +-------------------------------------------------------------------------------------------------------------------------------------------------------------------+
511. |        prodcodeid |                                                                                                         termfromemis | drugsubst~e | bnfcha~r |
     |  1176341000033113 |                                                                            Risperdal 2mg tablets (Janssen-Cilag Ltd) | Risperidone |          |
     |-------------------------------------------------------------------------------------------------------------------------------------------------------------------|
     |                                                                                  bnfcode                                                                          |
     |                                                                          040201030BBABAB                                                                          |
     +-------------------------------------------------------------------------------------------------------------------------------------------------------------------+

     +-------------------------------------------------------------------------------------------------------------------------------------------------------------------+
521. |        prodcodeid |                                                                                                         termfromemis | drugsubst~e | bnfcha~r |
     |  3246141000033115 |                                           Risperdal Quicklet 500microgram orodispersible tablets (Janssen-Cilag Ltd) | Risperidone |          |
     |-------------------------------------------------------------------------------------------------------------------------------------------------------------------|
     |                                                                                  bnfcode                                                                          |
     |                                                                          040201030BBAJAN                                                                          |
     +-------------------------------------------------------------------------------------------------------------------------------------------------------------------+

     +-------------------------------------------------------------------------------------------------------------------------------------------------------------------+
522. |        prodcodeid |                                                                                                         termfromemis | drugsubst~e | bnfcha~r |
     |  3246041000033119 |                                                           Risperidone 500microgram orodispersible tablets sugar free | Risperidone |  4020100 |
     |-------------------------------------------------------------------------------------------------------------------------------------------------------------------|
     |                                                                                  bnfcode                                                                          |
     |                                                                          040201030AAANAN                                                                          |
     +-------------------------------------------------------------------------------------------------------------------------------------------------------------------+
Drug: sertindole

-> tabulation of sertindole  

 sertindole |      Freq.     Percent        Cum.
------------+-----------------------------------
          0 |        523       98.49       98.49
          1 |          8        1.51      100.00
------------+-----------------------------------
      Total |        531      100.00

     +----------------------------------------------------------------------------------------------------------+
     |       prodcodeid                                  termfromemis   drugsubs~e   bnfcha~r           bnfcode |
     |----------------------------------------------------------------------------------------------------------|
454. | 1277141000033114    Serdolect 4mg tablets (Imported (Denmark))   Sertindole              040201050BBAAAA |
455. | 1276841000033118   Serdolect 12mg tablets (Imported (Denmark))   Sertindole              040201050BBABAB |
456. | 1276941000033114   Serdolect 16mg tablets (Imported (Denmark))   Sertindole              040201050BBACAC |
457. | 1277041000033110   Serdolect 20mg tablets (Imported (Denmark))   Sertindole              040201050BBADAD |
458. | 1277241000033119                       Sertindole 12mg tablets   Sertindole    4020100   040201050AAABAB |
     |----------------------------------------------------------------------------------------------------------|
459. | 1277341000033112                       Sertindole 16mg tablets   Sertindole    4020100   040201050AAACAC |
460. | 1277441000033118                       Sertindole 20mg tablets   Sertindole    4020100   040201050AAADAD |
461. | 1277541000033117                        Sertindole 4mg tablets   Sertindole    4020100   040201050AAAAAA |
     +----------------------------------------------------------------------------------------------------------+
Drug: sulpiride

-> tabulation of sulpiride  

  sulpiride |      Freq.     Percent        Cum.
------------+-----------------------------------
          0 |        524       98.68       98.68
          1 |          7        1.32      100.00
------------+-----------------------------------
      Total |        531      100.00

     +---------------------------------------------------------------------------------------------------------------------------+
     |       prodcodeid                                                    termfromemis   drugsub~e   bnfcha~r           bnfcode |
     |---------------------------------------------------------------------------------------------------------------------------|
 97. | 2658941000033110   Sulpor 200mg/5ml oral solution (Rosemont Pharmaceuticals Ltd)   Sulpiride              0402010U0BFAAAE |
173. | 1396541000033116                             Sulpitil 200mg tablets (Pfizer Ltd)   Sulpiride              0402010U0BCAAAH |
246. | 1397641000033117                                         Sulpiride 400mg tablets   Sulpiride    4020100                   |
247. | 1396441000033117                                         Sulpiride 200mg tablets   Sulpiride    4020100                   |
320. | 1698441000033110                    Sulpiride 200mg/5ml oral solution sugar free   Sulpiride    4020100   0402010U0AAAEAE |
     |---------------------------------------------------------------------------------------------------------------------------|
431. |  479841000033112                                 Dolmatil 400mg tablets (Sanofi)   Sulpiride              0402010U0BBABAQ |
446. |  480941000033116                                 Dolmatil 200mg tablets (Sanofi)   Sulpiride              0402010U0BBAAAH |
     +---------------------------------------------------------------------------------------------------------------------------+
Drug: thioridazine

-> tabulation of thioridazine  

thioridazin |
          e |      Freq.     Percent        Cum.
------------+-----------------------------------
          0 |        515       96.99       96.99
          1 |         16        3.01      100.00
------------+-----------------------------------
      Total |        531      100.00

     +---------------------------------------------------------------------------------------------------------------------------------------------------+
     |       prodcodeid                                                           termfromemis            drugsubstancename   bnfcha~r           bnfcode |
     |---------------------------------------------------------------------------------------------------------------------------------------------------|
  1. |  894141000033116                                             Melleril  Syrup  3mg/10 ml                                                           |
  5. | 1432741000033112                                       Thioridazine  Syrup  12.5mg/5 ml                                                           |
110. |  896041000033111                Melleril 25mg tablets (Novartis Pharmaceuticals UK Ltd)   Thioridazine hydrochloride              0402010W0BBABAF |
248. | 1433641000033111                                              Thioridazine 10mg tablets   Thioridazine hydrochloride    4020100                   |
249. | 1433841000033112                                              Thioridazine 25mg tablets   Thioridazine hydrochloride    4020100                   |
     |---------------------------------------------------------------------------------------------------------------------------------------------------|
250. | 1433941000033116                                              Thioridazine 50mg tablets   Thioridazine hydrochloride    4020100                   |
251. | 1433741000033119                                             Thioridazine 100mg tablets   Thioridazine hydrochloride    4020100                   |
252. | 1432441000033117                                  Thioridazine 25mg/5ml oral suspension                 Thioridazine    4020100                   |
253. | 1432341000033111                                 Thioridazine 100mg/5ml oral suspension                 Thioridazine    4020100                   |
254. | 1432541000033116                                    Thioridazine 25mg/5ml oral solution   Thioridazine hydrochloride    4020100                   |
     |---------------------------------------------------------------------------------------------------------------------------------------------------|
475. |  892141000033114   Melleril 100mg/5ml oral suspension (Novartis Pharmaceuticals UK Ltd)                 Thioridazine              0402010W0BBAFAB |
479. |  892241000033119    Melleril 25mg/5ml oral suspension (Novartis Pharmaceuticals UK Ltd)                 Thioridazine              0402010W0BBAEAA |
487. |  895841000033114                Melleril 10mg tablets (Novartis Pharmaceuticals UK Ltd)   Thioridazine hydrochloride              0402010W0BBAAAE |
495. |  893741000033115              Melleril 25mg/5ml syrup (Novartis Pharmaceuticals UK Ltd)   Thioridazine hydrochloride              0402010W0BBAGAC |
515. |  896141000033110                Melleril 50mg tablets (Novartis Pharmaceuticals UK Ltd)   Thioridazine hydrochloride              0402010W0BBACAG |
     |---------------------------------------------------------------------------------------------------------------------------------------------------|
517. |  895941000033118               Melleril 100mg tablets (Novartis Pharmaceuticals UK Ltd)   Thioridazine hydrochloride              0402010W0BBADAH |
     +---------------------------------------------------------------------------------------------------------------------------------------------------+
Drug: trifluoperazine

-> tabulation of trifluoperazine  

trifluopera |
       zine |      Freq.     Percent        Cum.
------------+-----------------------------------
          0 |        513       96.61       96.61
          1 |         18        3.39      100.00
------------+-----------------------------------
      Total |        531      100.00

     +-------------------------------------------------------------------------------------------------------------------------------------------------+
     |       prodcodeid                                                      termfromemis               drugsubstancename   bnfcha~r           bnfcode |
     |-------------------------------------------------------------------------------------------------------------------------------------------------|
  3. | 1379241000033117                                     Stelazine  Injection  1 mg/ml                                                              |
 18. | 1462041000033119                                  Trifluoperazine  Liquid  10mg/ml                                                              |
 23. | 1459841000033114                               Trifluoperazine  Injection  1 mg/ml                                                              |
 46. | 1381441000033113                                        Stelazine  Liquid  10mg/ml                                                              |
162. | 1385341000033116               Stelazine 10mg Spansules (Mercury Pharma Group Ltd)   Trifluoperazine hydrochloride              0402010X0BBADAB |
     |-------------------------------------------------------------------------------------------------------------------------------------------------|
285. | 1386341000033112                  Stelazine 1mg tablets (Mercury Pharma Group Ltd)   Trifluoperazine hydrochloride              0402010X0BBAAAH |
346. | 1466941000033117                    Trifluoperazine 10mg modified-release capsules   Trifluoperazine hydrochloride    4020100   0402010X0AAABAB |
347. | 1467041000033116                    Trifluoperazine 15mg modified-release capsules   Trifluoperazine hydrochloride    4020100   0402010X0AAACAC |
348. | 1467641000033110                  Trifluoperazine 1mg/5ml oral solution sugar free   Trifluoperazine hydrochloride    4020100   0402010X0AAAFAF |
349. | 1467141000033117                     Trifluoperazine 2mg modified-release capsules   Trifluoperazine hydrochloride    4020100   0402010X0AAAAAA |
     |-------------------------------------------------------------------------------------------------------------------------------------------------|
386. | 1464141000033113                  Trifluoperazine 5mg/5ml oral solution sugar free   Trifluoperazine hydrochloride    4020100   0402010X0AAAKAK |
406. | 1470641000033116                                       Trifluoperazine 1mg tablets   Trifluoperazine hydrochloride    4020100   0402010X0AAAHAH |
407. | 1470741000033113                                       Trifluoperazine 5mg tablets   Trifluoperazine hydrochloride    4020100   0402010X0AAAIAI |
451. | 1386441000033118                  Stelazine 5mg tablets (Mercury Pharma Group Ltd)   Trifluoperazine hydrochloride              0402010X0BBABAI |
483. | 1385941000033117                Stelazine 1mg/5ml syrup (Mercury Pharma Group Ltd)   Trifluoperazine hydrochloride              0402010X0BBAFAF |
     |-------------------------------------------------------------------------------------------------------------------------------------------------|
486. | 1385441000033110               Stelazine 15mg Spansules (Mercury Pharma Group Ltd)   Trifluoperazine hydrochloride              0402010X0BBAEAC |
488. | 1385541000033111                Stelazine 2mg Spansules (Mercury Pharma Group Ltd)   Trifluoperazine hydrochloride              0402010X0BBACAA |
493. | 3141141000033114   Stelazine Forte 1mg/ml oral solution (Mercury Pharma Group Ltd)   Trifluoperazine hydrochloride              0402010X0BBAJAK |
     +-------------------------------------------------------------------------------------------------------------------------------------------------+
Drug: ziprasidone

-> tabulation of ziprasidone  

ziprasidone |      Freq.     Percent        Cum.
------------+-----------------------------------
          0 |        530       99.81       99.81
          1 |          1        0.19      100.00
------------+-----------------------------------
      Total |        531      100.00

     +-------------------------------------------------------------------------------------------------------+
     |       prodcodeid                termfromemis           drugsubstancename   bnfcha~r           bnfcode |
     |-------------------------------------------------------------------------------------------------------|
122. | 6455741000033116   Ziprasidone 40mg capsules   Ziprasidone hydrochloride    4020100   0402010AGAAAAAA |
     +-------------------------------------------------------------------------------------------------------+
Drug: zotepine

-> tabulation of zotepine  

   zotepine |      Freq.     Percent        Cum.
------------+-----------------------------------
          0 |        525       98.87       98.87
          1 |          6        1.13      100.00
------------+-----------------------------------
      Total |        531      100.00

     +---------------------------------------------------------------------------------------------------+
     |       prodcodeid                             termfromemis   drugsu~e   bnfcha~r           bnfcode |
     |---------------------------------------------------------------------------------------------------|
275. | 1766141000033110                    Zotepine 25mg tablets   Zotepine    4020100                   |
276. | 1766241000033115                    Zotepine 50mg tablets   Zotepine    4020100                   |
277. | 1766041000033111                   Zotepine 100mg tablets   Zotepine    4020100                   |
392. | 1765841000033114    Zoleptil 25 tablets (Movianto UK Ltd)   Zotepine              0402010ACBBAAAA |
393. | 1765941000033118    Zoleptil 50 tablets (Movianto UK Ltd)   Zotepine              0402010ACBBABAB |
     |---------------------------------------------------------------------------------------------------|
427. | 1765741000033116   Zoleptil 100 tablets (Movianto UK Ltd)   Zotepine              0402010ACBBACAC |
     +---------------------------------------------------------------------------------------------------+
Drug: zuclopenthixol

-> tabulation of zuclopenthixol  

zuclopenthi |
        xol |      Freq.     Percent        Cum.
------------+-----------------------------------
          0 |        517       97.36       97.36
          1 |         14        2.64      100.00
------------+-----------------------------------
      Total |        531      100.00

     +-------------------------------------------------------------------------------------------------------------------------------------------------------------+
     |       prodcodeid                                                                 termfromemis                drugsubstancename   bnfcha~r           bnfcode |
     |-------------------------------------------------------------------------------------------------------------------------------------------------------------|
101. |  287041000033119                                          Clopixol 2mg tablets (Lundbeck Ltd)   Zuclopenthixol dihydrochloride              0402010T0BBAAAA |
118. |  276041000033113            Clopixol 200mg/1ml solution for injection ampoules (Lundbeck Ltd)         Zuclopenthixol decanoate              0402020Z0BBAAAA |
298. |  276141000033112       Clopixol Conc 500mg/1ml solution for injection ampoules (Lundbeck Ltd)         Zuclopenthixol decanoate              0402020Z0BBACAB |
350. | 1563441000033114             Zuclopenthixol acetate 100mg/2ml solution for injection ampoules           Zuclopenthixol acetate    4020100   040201010AAABAB |
351. | 1563541000033110              Zuclopenthixol acetate 50mg/1ml solution for injection ampoules           Zuclopenthixol acetate    4020100   040201010AAAAAA |
     |-------------------------------------------------------------------------------------------------------------------------------------------------------------|
352. | 1563641000033111           Zuclopenthixol decanoate 200mg/1ml solution for injection ampoules         Zuclopenthixol decanoate    4020200   0402020Z0AAAAAA |
353. | 1563741000033119           Zuclopenthixol decanoate 500mg/1ml solution for injection ampoules         Zuclopenthixol decanoate    4020200   0402020Z0AAABAB |
408. | 1564041000033119                                                  Zuclopenthixol 10mg tablets   Zuclopenthixol dihydrochloride    4020100   0402010T0AAABAB |
409. | 1564141000033115                                                   Zuclopenthixol 2mg tablets   Zuclopenthixol dihydrochloride    4020100   0402010T0AAAAAA |
410. | 1564241000033110                                                  Zuclopenthixol 25mg tablets   Zuclopenthixol dihydrochloride    4020100   0402010T0AAACAC |
     |-------------------------------------------------------------------------------------------------------------------------------------------------------------|
428. |  273641000033114    Clopixol Acuphase 50mg/1ml solution for injection ampoules (Lundbeck Ltd)           Zuclopenthixol acetate              040201010BBAAAA |
429. |  274841000033112   Clopixol Acuphase 100mg/2ml solution for injection ampoules (Lundbeck Ltd)           Zuclopenthixol acetate              040201010BBABAB |
482. |  287141000033115                                         Clopixol 25mg tablets (Lundbeck Ltd)   Zuclopenthixol dihydrochloride              0402010T0BBACAC |
499. |  286941000033115                                         Clopixol 10mg tablets (Lundbeck Ltd)   Zuclopenthixol dihydrochloride              0402010T0BBABAB |
     +-------------------------------------------------------------------------------------------------------------------------------------------------------------+
Drug: pipotiazine

-> tabulation of pipotiazine  

pipotiazine |      Freq.     Percent        Cum.
------------+-----------------------------------
          0 |        527       99.25       99.25
          1 |          4        0.75      100.00
------------+-----------------------------------
      Total |        531      100.00

     +-------------------------------------------------------------------------------------------------------------------------------------------+
     |       prodcodeid                                                        termfromemis       drugsubstancename   bnfcha~r           bnfcode |
     |-------------------------------------------------------------------------------------------------------------------------------------------|
322. | 3103841000033110               Pipotiazine 100mg/2ml solution for injection ampoules   Pipotiazine palmitate    4020200   0402020V0AAABAB |
323. | 3104041000033117                Pipotiazine 50mg/1ml solution for injection ampoules   Pipotiazine palmitate    4020200   0402020V0AAAAAA |
376. | 1086741000033114    Piportil Depot 50mg/1ml solution for injection ampoules (Sanofi)   Pipotiazine palmitate              0402020V0BBAAAA |
513. | 1087341000033110   Piportil Depot 100mg/2ml solution for injection ampoules (Sanofi)   Pipotiazine palmitate              0402020V0BBABAB |
     +-------------------------------------------------------------------------------------------------------------------------------------------+
Drug: asenapine

-> tabulation of asenapine  

  asenapine |      Freq.     Percent        Cum.
------------+-----------------------------------
          0 |        527       99.25       99.25
          1 |          4        0.75      100.00
------------+-----------------------------------
      Total |        531      100.00

     +-------------------------------------------------------------------------------------------------------------------------------+
     |       prodcodeid                                                termfromemis   drugsubstancename   bnfcha~r           bnfcode |
     |-------------------------------------------------------------------------------------------------------------------------------|
132. | 6443341000033118   Sycrest 10mg sublingual tablets (Organon Pharma (UK) Ltd)   Asenapine maleate              0402030R0BBAAAA |
133. | 6443241000033111    Sycrest 5mg sublingual tablets (Organon Pharma (UK) Ltd)   Asenapine maleate              0402030R0BBABAB |
134. | 6443141000033116                Asenapine 10mg sublingual tablets sugar free   Asenapine maleate    4020300   0402030R0AAAAAA |
135. | 6443041000033115                 Asenapine 5mg sublingual tablets sugar free   Asenapine maleate    4020300   0402030R0AAABAB |
     +-------------------------------------------------------------------------------------------------------------------------------+

. 
. 
. // (OPTIONAL) STEP 4. PERFORM SECOND SEARCH TO EXCLUDE UNDESIRED PRODUCTS
. //========================================================================
. 
. //Comment out this section if not required.
. 
. // **Exclusion terms**
. 
. local exclude " "*nortriptyline*" "*motival*" "*motipress*" "*chloraprep*" "*novorapid*" "

. 
. //Search for codes to exclude
. foreach excludeterm in exclude {
  2. 
.         gen byte `excludeterm' = .
  3. 
.         foreach codeterm in lower(term) {
  4.                 
.                 foreach searchterm in ``excludeterm'' {         
  5.                         
.                         replace `excludeterm' = 1 if strmatch(`codeterm', "`searchterm'")
  6.                 }
  7.         }
  8. }
(531 missing values generated)
(1 real change made)
(1 real change made)
(1 real change made)
(8 real changes made)
(6 real changes made)

. 
. //Check that nothing important is highlighted for exclusion before dropping
. list prodcodeid termfromemis drugsubstancename bnfchapter bnfcode if exclude == 1

     +------------------------------------------------------------------------------------------------------------------+
 53. |       prodcodeid |                                                                                  termfromemis |
     | 4011641000033115 |                                ChloraPrep solution 3ml applicators (Becton, Dickinson UK Ltd) |
     |------------------------------------------------------------------------------------------------------------------|
     |                                           drugsubstancename      |     bnfcha~r      |              bnfcode      |
     |                  Chlorhexidine gluconate/ Isopropyl alcohol      |                   |      1311020L0CHAABV      |
     +------------------------------------------------------------------------------------------------------------------+

     +------------------------------------------------------------------------------------------------------------------+
 73. |       prodcodeid |                                                                                  termfromemis |
     |  938941000033114 |                                                    Motival 10mg/500microgram tablets (Sanofi) |
     |------------------------------------------------------------------------------------------------------------------|
     |                                           drugsubstancename      |     bnfcha~r      |              bnfcode      |
     |     Fluphenazine hydrochloride/ Nortriptyline hydrochloride      |                   |      0403010V0BEAAAM      |
     +------------------------------------------------------------------------------------------------------------------+

     +------------------------------------------------------------------------------------------------------------------+
 75. |       prodcodeid |                                                                                  termfromemis |
     | 4505041000033112 |                             ChloraPrep solution 0.67ml applicators (Becton, Dickinson UK Ltd) |
     |------------------------------------------------------------------------------------------------------------------|
     |                                           drugsubstancename      |     bnfcha~r      |              bnfcode      |
     |                  Chlorhexidine gluconate/ Isopropyl alcohol      |                   |      1311020L0CHABBW      |
     +------------------------------------------------------------------------------------------------------------------+

     +------------------------------------------------------------------------------------------------------------------+
 76. |       prodcodeid |                                                                                  termfromemis |
     | 4505141000033111 |                              ChloraPrep solution 1.5ml applicators (Becton, Dickinson UK Ltd) |
     |------------------------------------------------------------------------------------------------------------------|
     |                                           drugsubstancename      |     bnfcha~r      |              bnfcode      |
     |                  Chlorhexidine gluconate/ Isopropyl alcohol      |                   |      1311020L0CHACBX      |
     +------------------------------------------------------------------------------------------------------------------+

     +------------------------------------------------------------------------------------------------------------------+
 77. |       prodcodeid |                                                                                  termfromemis |
     | 4505241000033116 |                             ChloraPrep solution 10.5ml applicators (Becton, Dickinson UK Ltd) |
     |------------------------------------------------------------------------------------------------------------------|
     |                                           drugsubstancename      |     bnfcha~r      |              bnfcode      |
     |                  Chlorhexidine gluconate/ Isopropyl alcohol      |                   |      1311020L0CHADBY      |
     +------------------------------------------------------------------------------------------------------------------+

     +------------------------------------------------------------------------------------------------------------------+
 78. |       prodcodeid |                                                                                  termfromemis |
     | 4505341000033114 |                               ChloraPrep solution 26ml applicators (Becton, Dickinson UK Ltd) |
     |------------------------------------------------------------------------------------------------------------------|
     |                                           drugsubstancename      |     bnfcha~r      |              bnfcode      |
     |                  Chlorhexidine gluconate/ Isopropyl alcohol      |                   |      1311020L0CHAEBZ      |
     +------------------------------------------------------------------------------------------------------------------+

     +------------------------------------------------------------------------------------------------------------------+
119. |       prodcodeid |                                                                                  termfromemis |
     | 5977041000033110 |                      ChloraPrep with Tint solution 3ml applicators (Becton, Dickinson UK Ltd) |
     |------------------------------------------------------------------------------------------------------------------|
     |                                           drugsubstancename      |     bnfcha~r      |              bnfcode      |
     |                  Chlorhexidine gluconate/ Isopropyl alcohol      |                   |      1311020L0CHAFBV      |
     +------------------------------------------------------------------------------------------------------------------+

     +------------------------------------------------------------------------------------------------------------------+
120. |       prodcodeid |                                                                                  termfromemis |
     | 5977141000033114 |                   ChloraPrep with Tint solution 10.5ml applicators (Becton, Dickinson UK Ltd) |
     |------------------------------------------------------------------------------------------------------------------|
     |                                           drugsubstancename      |     bnfcha~r      |              bnfcode      |
     |                  Chlorhexidine gluconate/ Isopropyl alcohol      |                   |      1311020L0CHAGBY      |
     +------------------------------------------------------------------------------------------------------------------+

     +------------------------------------------------------------------------------------------------------------------+
121. |       prodcodeid |                                                                                  termfromemis |
     | 5977241000033119 |                     ChloraPrep with Tint solution 26ml applicators (Becton, Dickinson UK Ltd) |
     |------------------------------------------------------------------------------------------------------------------|
     |                                           drugsubstancename      |     bnfcha~r      |              bnfcode      |
     |                  Chlorhexidine gluconate/ Isopropyl alcohol      |                   |      1311020L0CHAHBZ      |
     +------------------------------------------------------------------------------------------------------------------+

     +------------------------------------------------------------------------------------------------------------------+
136. |       prodcodeid |                                                                                  termfromemis |
     | 6456441000033119 | NovoRapid FlexTouch 100units/ml solution for injection 3ml pre-filled pens (Novo Nordisk Ltd) |
     |------------------------------------------------------------------------------------------------------------------|
     |                                           drugsubstancename      |     bnfcha~r      |              bnfcode      |
     |                                              Insulin aspart      |                   |      0601011A0BBAEAC      |
     +------------------------------------------------------------------------------------------------------------------+

     +------------------------------------------------------------------------------------------------------------------+
179. |       prodcodeid |                                                                                  termfromemis |
     | 9677141000033117 |     NovoRapid PumpCart 100units/ml solution for injection 1.6ml cartridges (Novo Nordisk Ltd) |
     |------------------------------------------------------------------------------------------------------------------|
     |                                           drugsubstancename      |     bnfcha~r      |              bnfcode      |
     |                                              Insulin aspart      |                   |      0601011A0BBAFAD      |
     +------------------------------------------------------------------------------------------------------------------+

     +------------------------------------------------------------------------------------------------------------------+
286. |       prodcodeid |                                                                                  termfromemis |
     | 1862341000033110 |        NovoRapid Penfill 100units/ml solution for injection 3ml cartridges (Novo Nordisk Ltd) |
     |------------------------------------------------------------------------------------------------------------------|
     |                                           drugsubstancename      |     bnfcha~r      |              bnfcode      |
     |                                              Insulin aspart      |                   |      0601011A0BBABAB      |
     +------------------------------------------------------------------------------------------------------------------+

     +------------------------------------------------------------------------------------------------------------------+
287. |       prodcodeid |                                                                                  termfromemis |
     | 1862241000033117 |                    NovoRapid 100units/ml solution for injection 10ml vials (Novo Nordisk Ltd) |
     |------------------------------------------------------------------------------------------------------------------|
     |                                           drugsubstancename      |     bnfcha~r      |              bnfcode      |
     |                                              Insulin aspart      |                   |      0601011A0BBAAAA      |
     +------------------------------------------------------------------------------------------------------------------+

     +------------------------------------------------------------------------------------------------------------------+
288. |       prodcodeid |                                                                                  termfromemis |
     | 1862441000033116 |                       NovoRapid Novolet 100units/ml solution for injection (Novo Nordisk Ltd) |
     |------------------------------------------------------------------------------------------------------------------|
     |                                           drugsubstancename      |     bnfcha~r      |              bnfcode      |
     |                                              Insulin aspart      |                   |      0601011A0BBACAC      |
     +------------------------------------------------------------------------------------------------------------------+

     +------------------------------------------------------------------------------------------------------------------+
289. |       prodcodeid |                                                                                  termfromemis |
     | 2796641000033115 |   NovoRapid FlexPen 100units/ml solution for injection 3ml pre-filled pens (Novo Nordisk Ltd) |
     |------------------------------------------------------------------------------------------------------------------|
     |                                           drugsubstancename      |     bnfcha~r      |              bnfcode      |
     |                                              Insulin aspart      |                   |      0601011A0BBADAC      |
     +------------------------------------------------------------------------------------------------------------------+

     +------------------------------------------------------------------------------------------------------------------+
401. |       prodcodeid |                                                                                  termfromemis |
     | 3179941000033111 |                                        Nortriptyline 10mg / Fluphenazine 500microgram tablets |
     |------------------------------------------------------------------------------------------------------------------|
     |                                           drugsubstancename      |     bnfcha~r      |              bnfcode      |
     |     Fluphenazine hydrochloride/ Nortriptyline hydrochloride      |      4030100      |      0403010V0AAAMAM      |
     +------------------------------------------------------------------------------------------------------------------+

     +------------------------------------------------------------------------------------------------------------------+
465. |       prodcodeid |                                                                                  termfromemis |
     |  938841000033118 |                                                     Motipress tablets (Sanofi-Synthelabo Ltd) |
     |------------------------------------------------------------------------------------------------------------------|
     |                                           drugsubstancename      |     bnfcha~r      |              bnfcode      |
     |     Fluphenazine hydrochloride/ Nortriptyline hydrochloride      |                   |      0403010V0BDAAAL      |
     +------------------------------------------------------------------------------------------------------------------+

. drop if exclude == 1
(17 observations deleted)

. drop exclude

. count
  514

. compress
  variable drugsubstancename was str55 now str41
  variable substancestrength was str41 now str24
  (15,934 bytes saved)

. 
. //Check included products for each drug
. //(Also use this to go back and add any brand names that may have been missed)
. foreach antipsychotic of local antipsychotics {
  2.         
.         display "Drug: `antipsychotic'"
  3.         tab1 `antipsychotic'
  4.         list prodcodeid termfromemis drugsubstancename bnfchapter bnfcode ///
>                 if `antipsychotic' == 1
  5. }
Drug: amisulpride

-> tabulation of amisulpride  

amisulpride |      Freq.     Percent        Cum.
------------+-----------------------------------
          0 |        502       97.67       97.67
          1 |         12        2.33      100.00
------------+-----------------------------------
      Total |        514      100.00

     +-------------------------------------------------------------------------------------------------------------+
     |       prodcodeid                                    termfromemis   drugsubst~e   bnfcha~r           bnfcode |
     |-------------------------------------------------------------------------------------------------------------|
 80. | 2216641000033113                       Amisulpride 400mg tablets   Amisulpride    4020100                   |
162. | 1366741000033110                      Solian 50 tablets (Sanofi)   Amisulpride              0402010A0BBABAB |
164. | 2216741000033116                     Solian 400 tablets (Sanofi)   Amisulpride              0402010A0BBACAE |
191. | 2835241000033119                     Solian 100 tablets (Sanofi)   Amisulpride              0402010A0BBAEAG |
206. | 1366641000033118                     Solian 200 tablets (Sanofi)   Amisulpride              0402010A0BBAAAA |
     |-------------------------------------------------------------------------------------------------------------|
262. |   59041000033114                        Amisulpride 50mg tablets   Amisulpride    4020100                   |
263. |   58941000033117                       Amisulpride 200mg tablets   Amisulpride    4020100                   |
304. | 2644841000033114   Amisulpride 100mg/ml oral solution sugar free   Amisulpride    4020100   0402010A0AAAHAH |
382. | 2644941000033118          Solian 100mg/ml oral solution (Sanofi)   Amisulpride              0402010A0BBAFAH |
397. | 2835141000033114                       Amisulpride 100mg tablets   Amisulpride    4020100                   |
     |-------------------------------------------------------------------------------------------------------------|
483. | 4940141000033119              Amisulpride 25mg/5ml oral solution   Amisulpride    4020100   0402010A0AAADAD |
484. | 5890941000033114            Amisulpride 25mg/5ml oral suspension   Amisulpride    4020100   0402010A0AAADAD |
     +-------------------------------------------------------------------------------------------------------------+
Drug: aripiprazole

-> tabulation of aripiprazole  

aripiprazol |
          e |      Freq.     Percent        Cum.
------------+-----------------------------------
          0 |        491       95.53       95.53
          1 |         23        4.47      100.00
------------+-----------------------------------
      Total |        514      100.00

     +----------------------------------------------------------------------------------------------------------------------------------------------------------------------+
 47. |        prodcodeid |                                                                                                                                     termfromemis |
     |  3950641000033111 |                                                                          Abilify 10mg orodispersible tablets (Otsuka Pharmaceuticals (U.K.) Ltd) |
     |----------------------------------------------------------------------------------------------------------------------------------------------------------------------|
     |                     drugsubsta~e                      |                     bnfcha~r                      |                             bnfcode                      |
     |                     Aripiprazole                      |                                                   |                     0402010ADBBAEAE                      |
     +----------------------------------------------------------------------------------------------------------------------------------------------------------------------+

     +----------------------------------------------------------------------------------------------------------------------------------------------------------------------+
 48. |        prodcodeid |                                                                                                                                     termfromemis |
     |  3950741000033119 |                                                                          Abilify 15mg orodispersible tablets (Otsuka Pharmaceuticals (U.K.) Ltd) |
     |----------------------------------------------------------------------------------------------------------------------------------------------------------------------|
     |                     drugsubsta~e                      |                     bnfcha~r                      |                             bnfcode                      |
     |                     Aripiprazole                      |                                                   |                     0402010ADBBAFAF                      |
     +----------------------------------------------------------------------------------------------------------------------------------------------------------------------+

     +----------------------------------------------------------------------------------------------------------------------------------------------------------------------+
 49. |        prodcodeid |                                                                                                                                     termfromemis |
     |  3950841000033112 |                                                                                 Abilify 1mg/ml oral solution (Otsuka Pharmaceuticals (U.K.) Ltd) |
     |----------------------------------------------------------------------------------------------------------------------------------------------------------------------|
     |                     drugsubsta~e                      |                     bnfcha~r                      |                             bnfcode                      |
     |                     Aripiprazole                      |                                                   |                     0402010ADBBAGAG                      |
     +----------------------------------------------------------------------------------------------------------------------------------------------------------------------+

     +----------------------------------------------------------------------------------------------------------------------------------------------------------------------+
 50. |        prodcodeid |                                                                                                                                     termfromemis |
     |  3950341000033115 |                                                                                              Aripiprazole 10mg orodispersible tablets sugar free |
     |----------------------------------------------------------------------------------------------------------------------------------------------------------------------|
     |                     drugsubsta~e                      |                     bnfcha~r                      |                             bnfcode                      |
     |                     Aripiprazole                      |                      4020100                      |                     0402010ADAAAEAE                      |
     +----------------------------------------------------------------------------------------------------------------------------------------------------------------------+

     +----------------------------------------------------------------------------------------------------------------------------------------------------------------------+
 51. |        prodcodeid |                                                                                                                                     termfromemis |
     |  3950441000033114 |                                                                                              Aripiprazole 15mg orodispersible tablets sugar free |
     |----------------------------------------------------------------------------------------------------------------------------------------------------------------------|
     |                     drugsubsta~e                      |                     bnfcha~r                      |                             bnfcode                      |
     |                     Aripiprazole                      |                      4020100                      |                     0402010ADAAAFAF                      |
     +----------------------------------------------------------------------------------------------------------------------------------------------------------------------+

     +----------------------------------------------------------------------------------------------------------------------------------------------------------------------+
 79. |        prodcodeid |                                                                                                                                     termfromemis |
     |  4456841000033110 |                                                            Abilify 9.75mg/1.3ml solution for injection vials (Otsuka Pharmaceuticals (U.K.) Ltd) |
     |----------------------------------------------------------------------------------------------------------------------------------------------------------------------|
     |                     drugsubsta~e                      |                     bnfcha~r                      |                             bnfcode                      |
     |                     Aripiprazole                      |                                                   |                     0402010ADBBAHAH                      |
     +----------------------------------------------------------------------------------------------------------------------------------------------------------------------+

     +----------------------------------------------------------------------------------------------------------------------------------------------------------------------+
 81. |        prodcodeid |                                                                                                                                     termfromemis |
     |  4456741000033117 |                                                                                           Aripiprazole 9.75mg/1.3ml solution for injection vials |
     |----------------------------------------------------------------------------------------------------------------------------------------------------------------------|
     |                     drugsubsta~e                      |                     bnfcha~r                      |                             bnfcode                      |
     |                     Aripiprazole                      |                      4020100                      |                     0402010ADAAAHAH                      |
     +----------------------------------------------------------------------------------------------------------------------------------------------------------------------+

     +----------------------------------------------------------------------------------------------------------------------------------------------------------------------+
160. |        prodcodeid |                                                                                                                                     termfromemis |
     |  8960441000033116 |               Abilify Maintena 400mg powder and solvent for prolonged-release suspension for injection vials (Otsuka Pharmaceuticals (U.K.) Ltd) |
     |----------------------------------------------------------------------------------------------------------------------------------------------------------------------|
     |                     drugsubsta~e                      |                     bnfcha~r                      |                             bnfcode                      |
     |                     Aripiprazole                      |                                                   |                     0402020ADBBAAAA                      |
     +----------------------------------------------------------------------------------------------------------------------------------------------------------------------+

     +----------------------------------------------------------------------------------------------------------------------------------------------------------------------+
161. |        prodcodeid |                                                                                                                                     termfromemis |
     |  8960241000033117 |                                                                         Aripiprazole 400mg powder and solvent for suspension for injection vials |
     |----------------------------------------------------------------------------------------------------------------------------------------------------------------------|
     |                     drugsubsta~e                      |                     bnfcha~r                      |                             bnfcode                      |
     |                     Aripiprazole                      |                      4020200                      |                     0402020ADAAAAAA                      |
     +----------------------------------------------------------------------------------------------------------------------------------------------------------------------+

     +----------------------------------------------------------------------------------------------------------------------------------------------------------------------+
204. |        prodcodeid |                                                                                                                                     termfromemis |
     | 10946441000033110 | Abilify Maintena 400mg powder and solvent for prolonged-release suspension for injection pre-filled syringes (Otsuka Pharmaceuticals (U.K.) Ltd) |
     |----------------------------------------------------------------------------------------------------------------------------------------------------------------------|
     |                     drugsubsta~e                      |                     bnfcha~r                      |                             bnfcode                      |
     |                     Aripiprazole                      |                                                   |                     0402020ADBBABAB                      |
     +----------------------------------------------------------------------------------------------------------------------------------------------------------------------+

     +----------------------------------------------------------------------------------------------------------------------------------------------------------------------+
205. |        prodcodeid |                                                                                                                                     termfromemis |
     | 10946341000033116 |                                                           Aripiprazole 400mg powder and solvent for suspension for injection pre-filled syringes |
     |----------------------------------------------------------------------------------------------------------------------------------------------------------------------|
     |                     drugsubsta~e                      |                     bnfcha~r                      |                             bnfcode                      |
     |                     Aripiprazole                      |                      4020200                      |                     0402020ADAAABAB                      |
     +----------------------------------------------------------------------------------------------------------------------------------------------------------------------+

     +----------------------------------------------------------------------------------------------------------------------------------------------------------------------+
343. |        prodcodeid |                                                                                                                                     termfromemis |
     | 12990341000033118 |                                                                                                     Arpoya 5mg tablets (Torrent Pharma (UK) Ltd) |
     |----------------------------------------------------------------------------------------------------------------------------------------------------------------------|
     |                     drugsubsta~e                      |                     bnfcha~r                      |                             bnfcode                      |
     |                     Aripiprazole                      |                                                   |                     0402010ADBDAAAD                      |
     +----------------------------------------------------------------------------------------------------------------------------------------------------------------------+

     +----------------------------------------------------------------------------------------------------------------------------------------------------------------------+
344. |        prodcodeid |                                                                                                                                     termfromemis |
     | 12990441000033112 |                                                                                                    Arpoya 10mg tablets (Torrent Pharma (UK) Ltd) |
     |----------------------------------------------------------------------------------------------------------------------------------------------------------------------|
     |                     drugsubsta~e                      |                     bnfcha~r                      |                             bnfcode                      |
     |                     Aripiprazole                      |                                                   |                     0402010ADBDABAA                      |
     +----------------------------------------------------------------------------------------------------------------------------------------------------------------------+

     +----------------------------------------------------------------------------------------------------------------------------------------------------------------------+
348. |        prodcodeid |                                                                                                                                     termfromemis |
     | 13353241000033112 |                                                                                                     Aripiprazole 1mg/ml oral solution sugar free |
     |----------------------------------------------------------------------------------------------------------------------------------------------------------------------|
     |                     drugsubsta~e                      |                     bnfcha~r                      |                             bnfcode                      |
     |                     Aripiprazole                      |                      4020100                      |                     0402010ADAAAKAK                      |
     +----------------------------------------------------------------------------------------------------------------------------------------------------------------------+

     +----------------------------------------------------------------------------------------------------------------------------------------------------------------------+
406. |        prodcodeid |                                                                                                                                     termfromemis |
     |  3225241000033118 |                                                                                                                         Aripiprazole 5mg tablets |
     |----------------------------------------------------------------------------------------------------------------------------------------------------------------------|
     |                     drugsubsta~e                      |                     bnfcha~r                      |                             bnfcode                      |
     |                     Aripiprazole                      |                      4020100                      |                                                          |
     +----------------------------------------------------------------------------------------------------------------------------------------------------------------------+

     +----------------------------------------------------------------------------------------------------------------------------------------------------------------------+
407. |        prodcodeid |                                                                                                                                     termfromemis |
     |  3137541000033113 |                                                                                                                        Aripiprazole 10mg tablets |
     |----------------------------------------------------------------------------------------------------------------------------------------------------------------------|
     |                     drugsubsta~e                      |                     bnfcha~r                      |                             bnfcode                      |
     |                     Aripiprazole                      |                      4020100                      |                                                          |
     +----------------------------------------------------------------------------------------------------------------------------------------------------------------------+

     +----------------------------------------------------------------------------------------------------------------------------------------------------------------------+
408. |        prodcodeid |                                                                                                                                     termfromemis |
     |  3137641000033114 |                                                                                                                        Aripiprazole 15mg tablets |
     |----------------------------------------------------------------------------------------------------------------------------------------------------------------------|
     |                     drugsubsta~e                      |                     bnfcha~r                      |                             bnfcode                      |
     |                     Aripiprazole                      |                      4020100                      |                                                          |
     +----------------------------------------------------------------------------------------------------------------------------------------------------------------------+

     +----------------------------------------------------------------------------------------------------------------------------------------------------------------------+
409. |        prodcodeid |                                                                                                                                     termfromemis |
     |  3137741000033117 |                                                                                                                        Aripiprazole 30mg tablets |
     |----------------------------------------------------------------------------------------------------------------------------------------------------------------------|
     |                     drugsubsta~e                      |                     bnfcha~r                      |                             bnfcode                      |
     |                     Aripiprazole                      |                      4020100                      |                                                          |
     +----------------------------------------------------------------------------------------------------------------------------------------------------------------------+

     +----------------------------------------------------------------------------------------------------------------------------------------------------------------------+
418. |        prodcodeid |                                                                                                                                     termfromemis |
     |  3950541000033110 |                                                                                                                Aripiprazole 1mg/ml oral solution |
     |----------------------------------------------------------------------------------------------------------------------------------------------------------------------|
     |                     drugsubsta~e                      |                     bnfcha~r                      |                             bnfcode                      |
     |                     Aripiprazole                      |                      4020100                      |                                                          |
     +----------------------------------------------------------------------------------------------------------------------------------------------------------------------+

     +----------------------------------------------------------------------------------------------------------------------------------------------------------------------+
473. |        prodcodeid |                                                                                                                                     termfromemis |
     |  3137841000033110 |                                                                                         Abilify 10mg tablets (Otsuka Pharmaceuticals (U.K.) Ltd) |
     |----------------------------------------------------------------------------------------------------------------------------------------------------------------------|
     |                     drugsubsta~e                      |                     bnfcha~r                      |                             bnfcode                      |
     |                     Aripiprazole                      |                                                   |                     0402010ADBBAAAA                      |
     +----------------------------------------------------------------------------------------------------------------------------------------------------------------------+

     +----------------------------------------------------------------------------------------------------------------------------------------------------------------------+
474. |        prodcodeid |                                                                                                                                     termfromemis |
     |  3137941000033119 |                                                                                         Abilify 15mg tablets (Otsuka Pharmaceuticals (U.K.) Ltd) |
     |----------------------------------------------------------------------------------------------------------------------------------------------------------------------|
     |                     drugsubsta~e                      |                     bnfcha~r                      |                             bnfcode                      |
     |                     Aripiprazole                      |                                                   |                     0402010ADBBABAB                      |
     +----------------------------------------------------------------------------------------------------------------------------------------------------------------------+

     +----------------------------------------------------------------------------------------------------------------------------------------------------------------------+
475. |        prodcodeid |                                                                                                                                     termfromemis |
     |  3138041000033116 |                                                                                         Abilify 30mg tablets (Otsuka Pharmaceuticals (U.K.) Ltd) |
     |----------------------------------------------------------------------------------------------------------------------------------------------------------------------|
     |                     drugsubsta~e                      |                     bnfcha~r                      |                             bnfcode                      |
     |                     Aripiprazole                      |                                                   |                     0402010ADBBACAC                      |
     +----------------------------------------------------------------------------------------------------------------------------------------------------------------------+

     +----------------------------------------------------------------------------------------------------------------------------------------------------------------------+
503. |        prodcodeid |                                                                                                                                     termfromemis |
     |  3225341000033111 |                                                                                          Abilify 5mg tablets (Otsuka Pharmaceuticals (U.K.) Ltd) |
     |----------------------------------------------------------------------------------------------------------------------------------------------------------------------|
     |                     drugsubsta~e                      |                     bnfcha~r                      |                             bnfcode                      |
     |                     Aripiprazole                      |                                                   |                     0402010ADBBADAD                      |
     +----------------------------------------------------------------------------------------------------------------------------------------------------------------------+
Drug: benperidol

-> tabulation of benperidol  

 benperidol |      Freq.     Percent        Cum.
------------+-----------------------------------
          0 |        512       99.61       99.61
          1 |          2        0.39      100.00
------------+-----------------------------------
      Total |        514      100.00

     +---------------------------------------------------------------------------------------------------------------+
     |      prodcodeid                                        termfromemis   drugsubs~e   bnfcha~r           bnfcode |
     |---------------------------------------------------------------------------------------------------------------|
212. | 145141000033119                     Benperidol 250microgram tablets   Benperidol    4020100                   |
511. |  69041000033115   Anquil 250microgram tablets (Neon Healthcare Ltd)   Benperidol              0402010B0BBAAAA |
     +---------------------------------------------------------------------------------------------------------------+
Drug: cariprazine

-> tabulation of cariprazine  

cariprazine |      Freq.     Percent        Cum.
------------+-----------------------------------
          0 |        509       99.03       99.03
          1 |          5        0.97      100.00
------------+-----------------------------------
      Total |        514      100.00

     +-----------------------------------------------------------------------------------------------------------------------------------+
     |        prodcodeid                                           termfromemis           drugsubstancename   bnfcha~r           bnfcode |
     |-----------------------------------------------------------------------------------------------------------------------------------|
299. | 12665841000033118   Reagila 3mg capsules (Recordati Pharmaceuticals Ltd)   Cariprazine hydrochloride              0402010AJBBABAB |
300. | 12665341000033110                             Cariprazine 1.5mg capsules   Cariprazine hydrochloride    4020100   0402010AJAAAAAA |
301. | 12665441000033116                               Cariprazine 3mg capsules   Cariprazine hydrochloride    4020100   0402010AJAAABAB |
302. | 12665541000033115                             Cariprazine 4.5mg capsules   Cariprazine hydrochloride    4020100   0402010AJAAACAC |
303. | 12665641000033119                               Cariprazine 6mg capsules   Cariprazine hydrochloride    4020100   0402010AJAAADAD |
     +-----------------------------------------------------------------------------------------------------------------------------------+
Drug: chlorpromazine

-> tabulation of chlorpromazine  

chlorpromaz |
        ine |      Freq.     Percent        Cum.
------------+-----------------------------------
          0 |        488       94.94       94.94
          1 |         26        5.06      100.00
------------+-----------------------------------
      Total |        514      100.00

     +---------------------------------------------------------------------------------------------------------------------------------------------+
     |        prodcodeid                                                  termfromemis              drugsubstancename   bnfcha~r           bnfcode |
     |---------------------------------------------------------------------------------------------------------------------------------------------|
 10. |   246541000033119           Chlorpromazine Hydrochloride  Suppositories  100 mg                                                             |
 13. |   813341000033115                              Largactil  Suppositories  100 mg                                                             |
 29. |   242241000033115          Chlorpromazine Hydrochloride  Injection  100 mg/5 ml                                                             |
 39. |  4148441000033110                               Chlorpromazine  Capsules  10 mg                                                             |
 40. |   242341000033113             Chlorpromazine Hydrochloride  Injection  25 mg/ml                                                             |
     |---------------------------------------------------------------------------------------------------------------------------------------------|
114. | 11876741000033116              Chlorpromazine 25mg/5ml oral solution sugar free   Chlorpromazine hydrochloride    4020100   0402010D0AAAVAV |
144. |  8886041000033118                                  Chlorpromazine 10mg capsules   Chlorpromazine hydrochloride    4020100   0402010D0AABDBD |
192. |   813441000033114            Largactil Forte 100mg/5ml oral suspension (Sanofi)        Chlorpromazine embonate              0402010D0BDAFAP |
207. |   249041000033117                                   Chlorpromazine 10mg tablets   Chlorpromazine hydrochloride    4020100                   |
208. |   249241000033113                                   Chlorpromazine 25mg tablets   Chlorpromazine hydrochloride    4020100                   |
     |---------------------------------------------------------------------------------------------------------------------------------------------|
209. |   249341000033115                                   Chlorpromazine 50mg tablets   Chlorpromazine hydrochloride    4020100                   |
210. |   249141000033118                                  Chlorpromazine 100mg tablets   Chlorpromazine hydrochloride    4020100                   |
211. | 12667641000033113                            Chlorpromazine 100mg suppositories   Chlorpromazine hydrochloride    4020100                   |
296. |  8885941000033111                             Chlorpromazine 25mg suppositories   Chlorpromazine hydrochloride    4020100                   |
327. |   246641000033118           Chlorpromazine 100mg/5ml oral suspension sugar free        Chlorpromazine embonate    4020100   0402010D0AAAPAP |
     |---------------------------------------------------------------------------------------------------------------------------------------------|
328. |  3858941000033110       Chlorpromazine 25mg/1ml solution for injection ampoules   Chlorpromazine hydrochloride    4020100   0402010D0AAADAD |
329. |   240041000033110                         Chlorpromazine 25mg/5ml oral solution   Chlorpromazine hydrochloride    4020100   0402010D0AAABAB |
330. |   241341000033116       Chlorpromazine 50mg/2ml solution for injection ampoules   Chlorpromazine hydrochloride    4020100   0402010D0AAAMAM |
360. |   813741000033119                             Largactil 25mg/5ml syrup (Sanofi)   Chlorpromazine hydrochloride              0402010D0BDAEAB |
428. |   815841000033113                              Largactil 100mg tablets (Sanofi)   Chlorpromazine hydrochloride              0402010D0BDADAK |
     |---------------------------------------------------------------------------------------------------------------------------------------------|
452. |   815941000033117                               Largactil 25mg tablets (Sanofi)   Chlorpromazine hydrochloride              0402010D0BDABAI |
485. |  1719341000033115                        Chlorpromazine 100mg/5ml oral solution   Chlorpromazine hydrochloride    4020100   0402010D0AAAFAF |
486. |  3849441000033112                         Chlorpromazine 50mg/5ml oral solution   Chlorpromazine hydrochloride    4020100   0402010D0AAA3A3 |
495. |   811041000033116   Largactil 50mg/2ml solution for injection ampoules (Sanofi)   Chlorpromazine hydrochloride              0402010D0BDALAM |
506. |   816041000033110                               Largactil 50mg tablets (Sanofi)   Chlorpromazine hydrochloride              0402010D0BDACAJ |
     |---------------------------------------------------------------------------------------------------------------------------------------------|
507. |   815741000033115                               Largactil 10mg tablets (Sanofi)   Chlorpromazine hydrochloride              0402010D0BDAAAH |
     +---------------------------------------------------------------------------------------------------------------------------------------------+
Drug: chlorprothixene

-> tabulation of chlorprothixene  

chlorprothi |
       xene |      Freq.     Percent        Cum.
------------+-----------------------------------
          0 |        514      100.00      100.00
------------+-----------------------------------
      Total |        514      100.00
Drug: clozapine

-> tabulation of clozapine  

  clozapine |      Freq.     Percent        Cum.
------------+-----------------------------------
          0 |        493       95.91       95.91
          1 |         21        4.09      100.00
------------+-----------------------------------
      Total |        514      100.00

     +--------------------------------------------------------------------------------------------------------------------------------+
     |        prodcodeid                                                        termfromemis   drugsub~e   bnfcha~r           bnfcode |
     |--------------------------------------------------------------------------------------------------------------------------------|
 99. |  5078241000033113              Denzapine 50mg tablets (Britannia Pharmaceuticals Ltd)   Clozapine              0402010C0BCACAC |
100. |  5078141000033118             Denzapine 200mg tablets (Britannia Pharmaceuticals Ltd)   Clozapine              0402010C0BCADAD |
101. |  5077741000033118   Denzapine 50mg/ml oral suspension (Britannia Pharmaceuticals Ltd)   Clozapine              0402010C0BCAEAE |
102. |  5077941000033115                                             Clozapine 200mg tablets   Clozapine    4020100   0402010C0AAADAD |
103. |  5077641000033110                        Clozapine 50mg/ml oral suspension sugar free   Clozapine    4020100   0402010C0AAAEAE |
     |--------------------------------------------------------------------------------------------------------------------------------|
244. |   287641000033113                                              Clozapine 25mg tablets   Clozapine    4020100                   |
245. |   287541000033112                                             Clozapine 100mg tablets   Clozapine    4020100                   |
353. | 13158841000033111            Zaponex 100mg orodispersible tablets (Leyden Delta B.V.)   Clozapine              0402010C0BDAFAK |
354. | 13159041000033112            Zaponex 200mg orodispersible tablets (Leyden Delta B.V.)   Clozapine              0402010C0BDAGAL |
355. | 13158341000033119                   Clozapine 100mg orodispersible tablets sugar free   Clozapine    4020100   0402010C0AAAKAK |
     |--------------------------------------------------------------------------------------------------------------------------------|
356. | 13158441000033113                  Clozapine 12.5mg orodispersible tablets sugar free   Clozapine    4020100   0402010C0AAAHAH |
357. | 13158541000033114                   Clozapine 200mg orodispersible tablets sugar free   Clozapine    4020100   0402010C0AAALAL |
358. | 13158641000033110                    Clozapine 25mg orodispersible tablets sugar free   Clozapine    4020100   0402010C0AAAIAI |
359. | 13158741000033118                    Clozapine 50mg orodispersible tablets sugar free   Clozapine    4020100   0402010C0AAAJAJ |
364. |   284941000033113                   Clozaril 25mg tablets (Viatris UK Healthcare Ltd)   Clozapine              0402010C0BBAAAA |
     |--------------------------------------------------------------------------------------------------------------------------------|
365. |   285041000033113                  Clozaril 100mg tablets (Viatris UK Healthcare Ltd)   Clozapine              0402010C0BBABAB |
422. |  5078041000033117                                              Clozapine 50mg tablets   Clozapine    4020100                   |
480. |  3158941000033116              Denzapine 25mg tablets (Britannia Pharmaceuticals Ltd)   Clozapine              0402010C0BCAAAA |
481. |  3159041000033113             Denzapine 100mg tablets (Britannia Pharmaceuticals Ltd)   Clozapine              0402010C0BCABAB |
497. |  3226341000033115                            Zaponex 25mg tablets (Leyden Delta B.V.)   Clozapine              0402010C0BDAAAA |
     |--------------------------------------------------------------------------------------------------------------------------------|
499. |  3226441000033114                           Zaponex 100mg tablets (Leyden Delta B.V.)   Clozapine              0402010C0BDABAB |
     +--------------------------------------------------------------------------------------------------------------------------------+
Drug: droperidol

-> tabulation of droperidol  

 droperidol |      Freq.     Percent        Cum.
------------+-----------------------------------
          0 |        510       99.22       99.22
          1 |          4        0.78      100.00
------------+-----------------------------------
      Total |        514      100.00

     +-----------------------------------------------------------------------------------------------------------+
     |       prodcodeid                                           termfromemis   drugsubs~e   bnfcha~r   bnfcode |
     |-----------------------------------------------------------------------------------------------------------|
 16. |  485041000033112                             Droperidol  Tablets  10 mg                                   |
 19. |  483541000033115                             Droperidol  Liquid  1mg/ml                                   |
 41. |  483141000033112                          Droperidol  Injection  5mg/ml                                   |
 96. | 5055241000033117   Droperidol 2.5mg/1ml solution for injection ampoules   Droperidol    4020100           |
     +-----------------------------------------------------------------------------------------------------------+
Drug: flupentixol

-> tabulation of flupentixol  

flupentixol |      Freq.     Percent        Cum.
------------+-----------------------------------
          0 |        493       95.91       95.91
          1 |         21        4.09      100.00
------------+-----------------------------------
      Total |        514      100.00

     +---------------------------------------------------------------------------------------------------------------------------------------------------------------+
     |       prodcodeid                                                                      termfromemis             drugsubstancename   bnfcha~r           bnfcode |
     |---------------------------------------------------------------------------------------------------------------------------------------------------------------|
 33. |  420541000033118                                             Depixol Conc.  Injection  500 mg/5 ml                                                            |
 34. |  420341000033113                                          Depixol  Injection (syringe)  40 mg/2 ml                                                            |
 38. |  420241000033115                                          Depixol  Injection (syringe)  20 mg/1 ml                                                            |
 44. |  420041000033111                                                  Depixol  Injection  200 mg/10 ml                                                            |
199. |  420441000033119            Depixol Conc 50mg/0.5ml solution for injection ampoules (Lundbeck Ltd)         Flupentixol decanoate              0402020G0BBAFAH |
     |---------------------------------------------------------------------------------------------------------------------------------------------------------------|
200. |  423041000033115             Depixol Conc 100mg/1ml solution for injection ampoules (Lundbeck Ltd)         Flupentixol decanoate              0402020G0BBADAB |
201. |  420141000033110                   Depixol 40mg/2ml solution for injection ampoules (Lundbeck Ltd)         Flupentixol decanoate              0402020G0BBABAC |
202. |  422941000033113                   Depixol 20mg/1ml solution for injection ampoules (Lundbeck Ltd)         Flupentixol decanoate              0402020G0BBAAAA |
203. |  419941000033113       Depixol Low Volume 200mg/1ml solution for injection ampoules (Lundbeck Ltd)         Flupentixol decanoate              0402020G0BBAGAI |
314. | 3090541000033111                            Flupentixol 50mg/0.5ml solution for injection ampoules         Flupentixol decanoate    4020200   0402020G0AAAHAH |
     |---------------------------------------------------------------------------------------------------------------------------------------------------------------|
323. | 3090641000033112                             Flupentixol 100mg/1ml solution for injection ampoules         Flupentixol decanoate    4020200   0402020G0AAABAB |
324. | 3090741000033115                             Flupentixol 200mg/1ml solution for injection ampoules         Flupentixol decanoate    4020200   0402020G0AAAIAI |
325. | 3090841000033113                              Flupentixol 20mg/1ml solution for injection ampoules         Flupentixol decanoate    4020200   0402020G0AAAAAA |
326. | 3090941000033117                              Flupentixol 40mg/2ml solution for injection ampoules         Flupentixol decanoate    4020200   0402020G0AAACAC |
339. |  431741000033118                                                Depixol 3mg tablets (Lundbeck Ltd)   Flupentixol dihydrochloride              0402010H0BBAAAA |
     |---------------------------------------------------------------------------------------------------------------------------------------------------------------|
383. | 3091041000033110                                                           Flupentixol 1mg tablets   Flupentixol dihydrochloride    4030400   0403040F0AAABAB |
384. | 3091241000033119                                                           Flupentixol 3mg tablets   Flupentixol dihydrochloride    4020100   0402010H0AAAAAA |
385. | 3091141000033114                                                  Flupentixol 500microgram tablets   Flupentixol dihydrochloride    4030400   0403040F0AAAAAA |
451. |  593541000033112                                      Fluanxol 500microgram tablets (Lundbeck Ltd)   Flupentixol dihydrochloride              0403040F0BBAAAA |
488. |  593441000033111                                               Fluanxol 1mg tablets (Lundbeck Ltd)   Flupentixol dihydrochloride              0403040F0BBABAB |
     |---------------------------------------------------------------------------------------------------------------------------------------------------------------|
512. | 8540041000033111   Psytixol 50mg/0.5ml solution for injection ampoules (Viatris UK Healthcare Ltd)         Flupentixol decanoate              0402020G0BCACAH |
     +---------------------------------------------------------------------------------------------------------------------------------------------------------------+
Drug: fluphenazine

-> tabulation of fluphenazine  

fluphenazin |
          e |      Freq.     Percent        Cum.
------------+-----------------------------------
          0 |        488       94.94       94.94
          1 |         26        5.06      100.00
------------+-----------------------------------
      Total |        514      100.00

     +--------------------------------------------------------------------------------------------------------------------------------------------------------------------+
     |        prodcodeid                                                                           termfromemis            drugsubstancename   bnfcha~r           bnfcode |
     |--------------------------------------------------------------------------------------------------------------------------------------------------------------------|
 22. |   584741000033119                                            Fluphenazine Enanthate  Injection  25 mg/ml                                                           |
 32. |   926041000033110                                                 Moditen Enanthate  Injection  25 mg/ml                                                           |
 65. |   925341000033116                             Modecate 50mg/2ml solution for injection ampoules (Sanofi)       Fluphenazine decanoate              0402020L0BBACAD |
 94. |   924341000033117   Modecate 50mg/2ml solution for injection pre-filled syringes (Sanofi-Synthelabo Ltd)       Fluphenazine decanoate              0402020L0BBAEAH |
213. |   595441000033112                                                               Fluphenazine 1mg tablets   Fluphenazine hydrochloride    4020100                   |
     |--------------------------------------------------------------------------------------------------------------------------------------------------------------------|
214. |   595641000033114                                                             Fluphenazine 2.5mg tablets   Fluphenazine hydrochloride    4020100                   |
215. |   595741000033117                                                               Fluphenazine 5mg tablets   Fluphenazine hydrochloride    4020100                   |
315. |   587741000033113                       Fluphenazine decanoate 100mg/1ml solution for injection ampoules       Fluphenazine decanoate    4020200   0402020L0AAAFAF |
316. |   586641000033119                    Fluphenazine decanoate 12.5mg/0.5ml solution for injection ampoules       Fluphenazine decanoate    4020200   0402020L0AAAAAA |
317. |   586741000033111                         Fluphenazine decanoate 250mg/10ml solution for injection vials       Fluphenazine decanoate    4020200   0402020L0AAAEAE |
     |--------------------------------------------------------------------------------------------------------------------------------------------------------------------|
318. |   584641000033111                        Fluphenazine decanoate 25mg/1ml solution for injection ampoules       Fluphenazine decanoate    4020200   0402020L0AAACAC |
319. |   582041000033112             Fluphenazine decanoate 25mg/1ml solution for injection pre-filled syringes       Fluphenazine decanoate    4020200   0402020L0AAAGAG |
320. |   586941000033114                      Fluphenazine decanoate 50mg/0.5ml solution for injection ampoules       Fluphenazine decanoate    4020200   0402020L0AAABAB |
321. |   586841000033118                        Fluphenazine decanoate 50mg/2ml solution for injection ampoules       Fluphenazine decanoate    4020200   0402020L0AAADAD |
322. |   582141000033111             Fluphenazine decanoate 50mg/2ml solution for injection pre-filled syringes       Fluphenazine decanoate    4020200   0402020L0AAAHAH |
     |--------------------------------------------------------------------------------------------------------------------------------------------------------------------|
342. |   935041000033115                                                           Moditen 1mg tablets (Sanofi)   Fluphenazine hydrochloride              0402010I0BBAAAB |
362. |   935141000033116                                                         Moditen 2.5mg tablets (Sanofi)   Fluphenazine hydrochloride              0402010I0BBABAC |
363. |   935241000033111                                            Moditen 5mg tablets (Sanofi-Synthelabo Ltd)   Fluphenazine hydrochloride              0402010I0BBACAD |
379. | 13746541000033119                 Modecate 25mg/1ml solution for injection ampoules (Imported (Denmark))       Fluphenazine decanoate              0402020L0BBAHAC |
380. | 13746741000033110    Modecate Concentrate 100mg/1ml solution for injection ampoules (Imported (Germany))       Fluphenazine decanoate              0402020L0BBAJAF |
     |--------------------------------------------------------------------------------------------------------------------------------------------------------------------|
459. |   934841000033111                             Modecate 25mg/1ml solution for injection ampoules (Sanofi)       Fluphenazine decanoate              0402020L0BBABAC |
460. |   925941000033117                Modecate Concentrate 100mg/1ml solution for injection ampoules (Sanofi)       Fluphenazine decanoate              0402020L0BBAGAF |
467. |   924241000033110   Modecate 25mg/1ml solution for injection pre-filled syringes (Sanofi-Synthelabo Ltd)       Fluphenazine decanoate              0402020L0BBADAG |
479. |   925841000033113                         Modecate 12.5mg/0.5ml solution for injection ampoules (Sanofi)       Fluphenazine decanoate              0402020L0BBAAAA |
487. |   927841000033117               Modecate Concentrate 50mg/0.5ml solution for injection ampoules (Sanofi)       Fluphenazine decanoate              0402020L0BBAFAB |
     |--------------------------------------------------------------------------------------------------------------------------------------------------------------------|
510. |   927741000033110               Modecate 250mg/10ml solution for injection vials (Sanofi-Synthelabo Ltd)       Fluphenazine decanoate              0402020L0BBADAE |
     +--------------------------------------------------------------------------------------------------------------------------------------------------------------------+
Drug: haloperidol

-> tabulation of haloperidol  

haloperidol |      Freq.     Percent        Cum.
------------+-----------------------------------
          0 |        467       90.86       90.86
          1 |         47        9.14      100.00
------------+-----------------------------------
      Total |        514      100.00

     +----------------------------------------------------------------------------------------------------------------------------------------------------------+
     |        prodcodeid                                                                      termfromemis       drugsubstancename   bnfcha~r           bnfcode |
     |----------------------------------------------------------------------------------------------------------------------------------------------------------|
  8. |  1269641000033115                                                       Serenace  Elixir  2 mg/5 ml                                                      |
  9. |   659941000033116                                                   Haloperidol  Injection  5 mg/ml                                                      |
 11. |   476641000033118                                                             Dozic  Liquid  2mg/ml                                                      |
 24. |   661641000033116                                               Haldol  Oral liquid conc.  10 mg/ml                                                      |
 26. |   659241000033113                                                    Haloperidol  Elixir  2 mg/5 ml                                                      |
     |----------------------------------------------------------------------------------------------------------------------------------------------------------|
 27. |   661441000033118                                          Haloperidol  Oral liquid conc.  10 mg/ml                                                      |
 31. |   660441000033110                                                       Haloperidol  Liquid  2mg/ml                                                      |
 45. |   660041000033118                                                        Haldol  Injection  5 mg/ml                                                      |
 57. |  1276041000033113                                               Serenace 10mg tablets (Teva UK Ltd)             Haloperidol              0402010J0BEADAL |
 64. |   661541000033117                                   Haldol 2mg/ml oral solution (Janssen-Cilag Ltd)             Haloperidol              0402010J0BDACAG |
     |----------------------------------------------------------------------------------------------------------------------------------------------------------|
 66. |  5969441000033117                                               Haloperidol 1.5mg/5ml oral solution             Haloperidol    4020100   0402010J0AABBBB |
 67. |  5969541000033116                                             Haloperidol 1.5mg/5ml oral suspension             Haloperidol    4020100   0402010J0AABBBB |
 68. |  5969641000033115                                       Haloperidol 250micrograms/5ml oral solution             Haloperidol    4020100   0402010J0AAA5A5 |
 69. |  5969741000033112                                     Haloperidol 250micrograms/5ml oral suspension             Haloperidol    4020100   0402010J0AAA5A5 |
 70. |  4424541000033119                                                 Haloperidol 5mg/5ml oral solution             Haloperidol    4020100   0402010J0AAA4A4 |
     |----------------------------------------------------------------------------------------------------------------------------------------------------------|
 71. |  5993541000033117                                               Haloperidol 5mg/5ml oral suspension             Haloperidol    4020100   0402010J0AAA4A4 |
 92. |   663541000033116                                            Haldol 5mg tablets (Janssen-Cilag Ltd)             Haloperidol              0402010J0BDAAAK |
159. |  1276241000033117                                                Serenace 5mg tablets (Teva UK Ltd)             Haloperidol              0402010J0BEACAK |
175. |   663441000033117                                           Haldol 10mg tablets (Janssen-Cilag Ltd)             Haloperidol              0402010J0BDABAL |
198. |  2758141000033116                             Haloperidol 200micrograms/ml oral solution sugar free             Haloperidol    4020100   0402010J0AABNBN |
     |----------------------------------------------------------------------------------------------------------------------------------------------------------|
216. |   662341000033115                                                         Haloperidol 1.5mg tablets             Haloperidol    4020100                   |
217. |   662541000033110                                                           Haloperidol 5mg tablets             Haloperidol    4020100                   |
218. |   663241000033118                                                          Haloperidol 10mg tablets             Haloperidol    4020100                   |
219. |   662441000033114                                                          Haloperidol 20mg tablets             Haloperidol    4020100                   |
220. |   661341000033112                                     Haloperidol 10mg/5ml oral solution sugar free             Haloperidol    4020100                   |
     |----------------------------------------------------------------------------------------------------------------------------------------------------------|
221. |   658341000033110                                                 Haloperidol 500microgram capsules             Haloperidol    4020100                   |
222. |   660341000033116                                      Haloperidol 5mg/5ml oral solution sugar free             Haloperidol    4020100                   |
223. |   663341000033111                                                  Haloperidol 500microgram tablets             Haloperidol    4020100                   |
267. |  1271641000033113    Serenace 5mg/1ml solution for injection ampoules (IVAX Pharmaceuticals UK Ltd)             Haloperidol              0402010J0BEAGAC |
268. |  2929841000033111                Haldol 5mg/1ml solution for injection ampoules (Janssen-Cilag Ltd)             Haloperidol              0402010J0BDAEAC |
     |----------------------------------------------------------------------------------------------------------------------------------------------------------|
298. | 13155441000033117                    Halkid 200micrograms/ml oral solution (Thame Laboratories Ltd)             Haloperidol              0402010J0BHAABN |
310. |   659641000033111                              Haloperidol 20mg/2ml solution for injection ampoules             Haloperidol    4020100   0402010J0AAADAD |
311. |  2929741000033118                               Haloperidol 5mg/1ml solution for injection ampoules             Haloperidol    4020100   0402010J0AAACAC |
312. |   659741000033119                   Haloperidol decanoate 100mg/1ml solution for injection ampoules   Haloperidol decanoate    4020200   0402020T0AAABAB |
313. |   659841000033112                    Haloperidol decanoate 50mg/1ml solution for injection ampoules   Haloperidol decanoate    4020200   0402020T0AAAAAA |
     |----------------------------------------------------------------------------------------------------------------------------------------------------------|
350. |   659541000033110     Haldol decanoate 50mg/1ml solution for injection ampoules (Janssen-Cilag Ltd)   Haloperidol decanoate              0402020T0BBAAAA |
351. |   659441000033114    Haldol decanoate 100mg/1ml solution for injection ampoules (Janssen-Cilag Ltd)   Haloperidol decanoate              0402020T0BBABAB |
369. |  1276141000033112                                               Serenace 20mg tablets (Teva UK Ltd)             Haloperidol              0402010J0BEAEAM |
381. |  1271541000033112   Serenace 20mg/2ml solution for injection ampoules (IVAX Pharmaceuticals UK Ltd)             Haloperidol              0402010J0BEAHAD |
436. |   476541000033119                        Dozic 5mg/5ml oral solution (Rosemont Pharmaceuticals Ltd)             Haloperidol              0402010J0BBAABC |
     |----------------------------------------------------------------------------------------------------------------------------------------------------------|
450. |  1269741000033112                                              Serenace 2mg/ml liquid (Teva UK Ltd)             Haloperidol              0402010J0BEAFAG |
456. |  1268341000033116                                      Serenace 500microgram capsules (Teva UK Ltd)             Haloperidol              0402010J0BEAAAA |
489. |  5054641000033118                                                 Haloperidol 1mg/5ml oral solution             Haloperidol    4020100   0402010J0AAA7A7 |
490. |  5890741000033111                                               Haloperidol 1mg/5ml oral suspension             Haloperidol    4020100   0402010J0AAA7A7 |
491. | 10493341000033115                                       Haloperidol 500micrograms/5ml oral solution             Haloperidol    4020100   0402010J0AAA8A8 |
     |----------------------------------------------------------------------------------------------------------------------------------------------------------|
492. | 10493441000033114                                     Haloperidol 500micrograms/5ml oral suspension             Haloperidol    4020100   0402010J0AAA8A8 |
502. |  1275941000033115                                              Serenace 1.5mg tablets (Teva UK Ltd)             Haloperidol              0402010J0BEABAJ |
     +----------------------------------------------------------------------------------------------------------------------------------------------------------+
Drug: levomepromazine

-> tabulation of levomepromazine  

levomeproma |
       zine |      Freq.     Percent        Cum.
------------+-----------------------------------
          0 |        502       97.67       97.67
          1 |         12        2.33      100.00
------------+-----------------------------------
      Total |        514      100.00

     +--------------------------------------------------------------------------------------------------------------------------------------------------+
     |        prodcodeid                                                      termfromemis               drugsubstancename   bnfcha~r           bnfcode |
     |--------------------------------------------------------------------------------------------------------------------------------------------------|
 72. |  6445641000033110                           Levomepromazine 6mg/5ml oral suspension         Levomepromazine maleate    4020100   0402010K0AAAUAU |
143. |  2653841000033110                             Levinan 6mg tablets (Kyowa Kirin Ltd)         Levomepromazine maleate              0402010K0BDAAAM |
180. | 13719141000033112                                     Levomepromazine 100mg tablets         Levomepromazine maleate                              |
224. |  3063541000033118                                      Levomepromazine 25mg tablets         Levomepromazine maleate    4020100                   |
290. | 11821541000033119                        Levomepromazine 62.5mg/5ml oral suspension         Levomepromazine maleate    4020100   0402010K0AAASAS |
     |--------------------------------------------------------------------------------------------------------------------------------------------------|
373. |  3063441000033119          Levomepromazine 25mg/1ml solution for injection ampoules   Levomepromazine hydrochloride    4020100   0402010L0AAAAAA |
374. | 13719041000033113                                      Levomepromazine 50mg tablets         Levomepromazine maleate    4020100   0402010K0AAAVAV |
414. | 14174341000033110   Levomepromazine hydrochloride 25mg/5ml oral solution sugar free   Levomepromazine hydrochloride    4020100   0402010L0AAAEAE |
421. |   981641000033117         Nozinan 25mg/1ml solution for injection ampoules (Sanofi)   Levomepromazine hydrochloride              0402010L0BBAAAA |
468. |  1512741000033113                                     Nozinan 25mg tablets (Sanofi)         Levomepromazine maleate              0402010K0BCAAAA |
     |--------------------------------------------------------------------------------------------------------------------------------------------------|
493. |  5814341000033116                         Levomepromazine 2.5mg/5ml oral suspension         Levomepromazine maleate    4020100   0402010K0AAARAR |
513. |  3063641000033117                                       Levomepromazine 6mg tablets         Levomepromazine maleate    4020100   0402010K0AAAMAM |
     +--------------------------------------------------------------------------------------------------------------------------------------------------+
Drug: loxapine

-> tabulation of loxapine  

   loxapine |      Freq.     Percent        Cum.
------------+-----------------------------------
          0 |        508       98.83       98.83
          1 |          6        1.17      100.00
------------+-----------------------------------
      Total |        514      100.00

     +-------------------------------------------------------------------------------------------------------------------+
     |      prodcodeid                                    termfromemis    drugsubstancename   bnfcha~r           bnfcode |
     |-------------------------------------------------------------------------------------------------------------------|
368. | 842041000033117   Loxapac 10mg capsules (Wyeth Pharmaceuticals)   Loxapine succinate              0402010M0BBAAAA |
370. | 842241000033113   Loxapac 50mg capsules (Wyeth Pharmaceuticals)   Loxapine succinate              0402010M0BBACAC |
386. | 840741000033115                          Loxapine 10mg capsules   Loxapine succinate    4020100   0402010M0AAAAAA |
387. | 840841000033113                          Loxapine 25mg capsules   Loxapine succinate    4020100   0402010M0AAABAB |
388. | 840941000033117                          Loxapine 50mg capsules   Loxapine succinate    4020100   0402010M0AAACAC |
     |-------------------------------------------------------------------------------------------------------------------|
398. | 842141000033118   Loxapac 25mg capsules (Wyeth Pharmaceuticals)   Loxapine succinate              0402010M0BBABAB |
     +-------------------------------------------------------------------------------------------------------------------+
Drug: lurasidone

-> tabulation of lurasidone  

 lurasidone |      Freq.     Percent        Cum.
------------+-----------------------------------
          0 |        508       98.83       98.83
          1 |          6        1.17      100.00
------------+-----------------------------------
      Total |        514      100.00

     +-------------------------------------------------------------------------------------------------------------------------+
     |       prodcodeid                                   termfromemis          drugsubstancename   bnfcha~r           bnfcode |
     |-------------------------------------------------------------------------------------------------------------------------|
169. | 9809241000033119   Latuda 18.5mg tablets (CNX Therapeutics Ltd)   Lurasidone hydrochloride              0402010AIBBAAAA |
170. | 9809341000033112     Latuda 37mg tablets (CNX Therapeutics Ltd)   Lurasidone hydrochloride              0402010AIBBABAB |
171. | 9809441000033118     Latuda 74mg tablets (CNX Therapeutics Ltd)   Lurasidone hydrochloride              0402010AIBBACAC |
172. | 9808941000033118                      Lurasidone 18.5mg tablets   Lurasidone hydrochloride    4020100   0402010AIAAAAAA |
173. | 9809041000033110                        Lurasidone 37mg tablets   Lurasidone hydrochloride    4020100   0402010AIAAABAB |
     |-------------------------------------------------------------------------------------------------------------------------|
174. | 9809141000033114                        Lurasidone 74mg tablets   Lurasidone hydrochloride    4020100   0402010AIAAACAC |
     +-------------------------------------------------------------------------------------------------------------------------+
Drug: melperone

-> tabulation of melperone  

  melperone |      Freq.     Percent        Cum.
------------+-----------------------------------
          0 |        513       99.81       99.81
          1 |          1        0.19      100.00
------------+-----------------------------------
      Total |        514      100.00

     +------------------------------------------------------------------------------------------------------------------+
     |        prodcodeid                            termfromemis         drugsubstancename   bnfcha~r           bnfcode |
     |------------------------------------------------------------------------------------------------------------------|
 73. | 10253841000033119   Melperone hydrochloride 100mg tablets   Melperone hydrochloride    4020100   0402010AFAAAAAA |
     +------------------------------------------------------------------------------------------------------------------+
Drug: olanzapine

-> tabulation of olanzapine  

 olanzapine |      Freq.     Percent        Cum.
------------+-----------------------------------
          0 |        468       91.05       91.05
          1 |         46        8.95      100.00
------------+-----------------------------------
      Total |        514      100.00

     +--------------------------------------------------------------------------------------------------------------------------------------------------------------------+
 52. |        prodcodeid |                                                                                      termfromemis |               drugsubstancename | bnfcha~r |
     |  3996341000033110 |                                                  Zyprexa 20mg tablets (Eli Lilly and Company Ltd) |                      Olanzapine |          |
     |--------------------------------------------------------------------------------------------------------------------------------------------------------------------|
     |                                                                                  bnfcode                                                                           |
     |                                                                          040201060BBAKAQ                                                                           |
     +--------------------------------------------------------------------------------------------------------------------------------------------------------------------+

     +--------------------------------------------------------------------------------------------------------------------------------------------------------------------+
 82. |        prodcodeid |                                                                                      termfromemis |               drugsubstancename | bnfcha~r |
     |  5997341000033118 |                                                                Olanzapine 2.5mg/5ml oral solution |                      Olanzapine |  4020100 |
     |--------------------------------------------------------------------------------------------------------------------------------------------------------------------|
     |                                                                                  bnfcode                                                                           |
     |                                                                          040201060AAAIAI                                                                           |
     +--------------------------------------------------------------------------------------------------------------------------------------------------------------------+

     +--------------------------------------------------------------------------------------------------------------------------------------------------------------------+
 83. |        prodcodeid |                                                                                      termfromemis |               drugsubstancename | bnfcha~r |
     |  3892541000033114 |                                                              Olanzapine 2.5mg/5ml oral suspension |                      Olanzapine |  4020100 |
     |--------------------------------------------------------------------------------------------------------------------------------------------------------------------|
     |                                                                                  bnfcode                                                                           |
     |                                                                          040201060AABABA                                                                           |
     +--------------------------------------------------------------------------------------------------------------------------------------------------------------------+

     +--------------------------------------------------------------------------------------------------------------------------------------------------------------------+
105. |        prodcodeid |                                                                                      termfromemis |               drugsubstancename | bnfcha~r |
     |  5575741000033110 |                   Olanzapine embonate 210mg powder and solvent for suspension for injection vials | Olanzapine embonate monohydrate |  4020200 |
     |--------------------------------------------------------------------------------------------------------------------------------------------------------------------|
     |                                                                                  bnfcode                                                                           |
     |                                                                          0402020ACAAAAAA                                                                           |
     +--------------------------------------------------------------------------------------------------------------------------------------------------------------------+

     +--------------------------------------------------------------------------------------------------------------------------------------------------------------------+
106. |        prodcodeid |                                                                                      termfromemis |               drugsubstancename | bnfcha~r |
     |  5575841000033117 |                   Olanzapine embonate 300mg powder and solvent for suspension for injection vials | Olanzapine embonate monohydrate |  4020200 |
     |--------------------------------------------------------------------------------------------------------------------------------------------------------------------|
     |                                                                                  bnfcode                                                                           |
     |                                                                          0402020ACAAABAB                                                                           |
     +--------------------------------------------------------------------------------------------------------------------------------------------------------------------+

     +--------------------------------------------------------------------------------------------------------------------------------------------------------------------+
107. |        prodcodeid |                                                                                      termfromemis |               drugsubstancename | bnfcha~r |
     |  5565141000033118 | Zypadhera 300mg powder and solvent for suspension for injection vials (Eli Lilly and Company Ltd) | Olanzapine embonate monohydrate |          |
     |--------------------------------------------------------------------------------------------------------------------------------------------------------------------|
     |                                                                                  bnfcode                                                                           |
     |                                                                          0402020ACBBABAB                                                                           |
     +--------------------------------------------------------------------------------------------------------------------------------------------------------------------+

     +--------------------------------------------------------------------------------------------------------------------------------------------------------------------+
108. |        prodcodeid |                                                                                      termfromemis |               drugsubstancename | bnfcha~r |
     |  5575941000033113 |                   Olanzapine embonate 405mg powder and solvent for suspension for injection vials | Olanzapine embonate monohydrate |  4020200 |
     |--------------------------------------------------------------------------------------------------------------------------------------------------------------------|
     |                                                                                  bnfcode                                                                           |
     |                                                                          0402020ACAAACAC                                                                           |
     +--------------------------------------------------------------------------------------------------------------------------------------------------------------------+

     +--------------------------------------------------------------------------------------------------------------------------------------------------------------------+
109. |        prodcodeid |                                                                                      termfromemis |               drugsubstancename | bnfcha~r |
     |  5565241000033113 | Zypadhera 405mg powder and solvent for suspension for injection vials (Eli Lilly and Company Ltd) | Olanzapine embonate monohydrate |          |
     |--------------------------------------------------------------------------------------------------------------------------------------------------------------------|
     |                                                                                  bnfcode                                                                           |
     |                                                                          0402020ACBBACAC                                                                           |
     +--------------------------------------------------------------------------------------------------------------------------------------------------------------------+

     +--------------------------------------------------------------------------------------------------------------------------------------------------------------------+
127. |        prodcodeid |                                                                                      termfromemis |               drugsubstancename | bnfcha~r |
     |  6456941000033112 |                                                               Zalasta 2.5mg tablets (Krka UK Ltd) |                      Olanzapine |          |
     |--------------------------------------------------------------------------------------------------------------------------------------------------------------------|
     |                                                                                  bnfcode                                                                           |
     |                                                                          040201060BCAAAD                                                                           |
     +--------------------------------------------------------------------------------------------------------------------------------------------------------------------+

     +--------------------------------------------------------------------------------------------------------------------------------------------------------------------+
128. |        prodcodeid |                                                                                      termfromemis |               drugsubstancename | bnfcha~r |
     |  6457141000033112 |                                                                 Zalasta 5mg tablets (Krka UK Ltd) |                      Olanzapine |          |
     |--------------------------------------------------------------------------------------------------------------------------------------------------------------------|
     |                                                                                  bnfcode                                                                           |
     |                                                                          040201060BCABAA                                                                           |
     +--------------------------------------------------------------------------------------------------------------------------------------------------------------------+

     +--------------------------------------------------------------------------------------------------------------------------------------------------------------------+
129. |        prodcodeid |                                                                                      termfromemis |               drugsubstancename | bnfcha~r |
     |  6456741000033114 |                                                                Zalasta 10mg tablets (Krka UK Ltd) |                      Olanzapine |          |
     |--------------------------------------------------------------------------------------------------------------------------------------------------------------------|
     |                                                                                  bnfcode                                                                           |
     |                                                                          040201060BCADAC                                                                           |
     +--------------------------------------------------------------------------------------------------------------------------------------------------------------------+

     +--------------------------------------------------------------------------------------------------------------------------------------------------------------------+
130. |        prodcodeid |                                                                                      termfromemis |               drugsubstancename | bnfcha~r |
     |  6456841000033116 |                                                                Zalasta 15mg tablets (Krka UK Ltd) |                      Olanzapine |          |
     |--------------------------------------------------------------------------------------------------------------------------------------------------------------------|
     |                                                                                  bnfcode                                                                           |
     |                                                                          040201060BCAEAL                                                                           |
     +--------------------------------------------------------------------------------------------------------------------------------------------------------------------+

     +--------------------------------------------------------------------------------------------------------------------------------------------------------------------+
131. |        prodcodeid |                                                                                      termfromemis |               drugsubstancename | bnfcha~r |
     |  6457041000033113 |                                                                Zalasta 20mg tablets (Krka UK Ltd) |                      Olanzapine |          |
     |--------------------------------------------------------------------------------------------------------------------------------------------------------------------|
     |                                                                                  bnfcode                                                                           |
     |                                                                          040201060BCAFAQ                                                                           |
     +--------------------------------------------------------------------------------------------------------------------------------------------------------------------+

     +--------------------------------------------------------------------------------------------------------------------------------------------------------------------+
132. |        prodcodeid |                                                                                      termfromemis |               drugsubstancename | bnfcha~r |
     |  6465641000033118 |                                                  Zalasta 5mg orodispersible tablets (Krka UK Ltd) |                      Olanzapine |          |
     |--------------------------------------------------------------------------------------------------------------------------------------------------------------------|
     |                                                                                  bnfcode                                                                           |
     |                                                                          040201060BCAGAS                                                                           |
     +--------------------------------------------------------------------------------------------------------------------------------------------------------------------+

     +--------------------------------------------------------------------------------------------------------------------------------------------------------------------+
133. |        prodcodeid |                                                                                      termfromemis |               drugsubstancename | bnfcha~r |
     |  6466041000033115 |                                                 Olanzapine 10mg orodispersible tablets sugar free |                      Olanzapine |  4020100 |
     |--------------------------------------------------------------------------------------------------------------------------------------------------------------------|
     |                                                                                  bnfcode                                                                           |
     |                                                                          040201060AAATAT                                                                           |
     +--------------------------------------------------------------------------------------------------------------------------------------------------------------------+

     +--------------------------------------------------------------------------------------------------------------------------------------------------------------------+
134. |        prodcodeid |                                                                                      termfromemis |               drugsubstancename | bnfcha~r |
     |  6466141000033116 |                                                 Olanzapine 15mg orodispersible tablets sugar free |                      Olanzapine |  4020100 |
     |--------------------------------------------------------------------------------------------------------------------------------------------------------------------|
     |                                                                                  bnfcode                                                                           |
     |                                                                          040201060AAAUAU                                                                           |
     +--------------------------------------------------------------------------------------------------------------------------------------------------------------------+

     +--------------------------------------------------------------------------------------------------------------------------------------------------------------------+
135. |        prodcodeid |                                                                                      termfromemis |               drugsubstancename | bnfcha~r |
     |  6466241000033111 |                                                 Olanzapine 20mg orodispersible tablets sugar free |                      Olanzapine |  4020100 |
     |--------------------------------------------------------------------------------------------------------------------------------------------------------------------|
     |                                                                                  bnfcode                                                                           |
     |                                                                          040201060AAAVAV                                                                           |
     +--------------------------------------------------------------------------------------------------------------------------------------------------------------------+

     +--------------------------------------------------------------------------------------------------------------------------------------------------------------------+
136. |        prodcodeid |                                                                                      termfromemis |               drugsubstancename | bnfcha~r |
     |  6465941000033113 |                                                  Olanzapine 5mg orodispersible tablets sugar free |                      Olanzapine |  4020100 |
     |--------------------------------------------------------------------------------------------------------------------------------------------------------------------|
     |                                                                                  bnfcode                                                                           |
     |                                                                          040201060AAASAS                                                                           |
     +--------------------------------------------------------------------------------------------------------------------------------------------------------------------+

     +--------------------------------------------------------------------------------------------------------------------------------------------------------------------+
137. |        prodcodeid |                                                                                      termfromemis |               drugsubstancename | bnfcha~r |
     |  6465341000033114 |                                                 Zalasta 10mg orodispersible tablets (Krka UK Ltd) |                      Olanzapine |          |
     |--------------------------------------------------------------------------------------------------------------------------------------------------------------------|
     |                                                                                  bnfcode                                                                           |
     |                                                                          040201060BCAHAT                                                                           |
     +--------------------------------------------------------------------------------------------------------------------------------------------------------------------+

     +--------------------------------------------------------------------------------------------------------------------------------------------------------------------+
138. |        prodcodeid |                                                                                      termfromemis |               drugsubstancename | bnfcha~r |
     |  6465441000033115 |                                                 Zalasta 15mg orodispersible tablets (Krka UK Ltd) |                      Olanzapine |          |
     |--------------------------------------------------------------------------------------------------------------------------------------------------------------------|
     |                                                                                  bnfcode                                                                           |
     |                                                                          040201060BCAIAU                                                                           |
     +--------------------------------------------------------------------------------------------------------------------------------------------------------------------+

     +--------------------------------------------------------------------------------------------------------------------------------------------------------------------+
139. |        prodcodeid |                                                                                      termfromemis |               drugsubstancename | bnfcha~r |
     |  7681641000033116 |                                                            Olanzapine 10mg orodispersible tablets |                      Olanzapine |  4020100 |
     |--------------------------------------------------------------------------------------------------------------------------------------------------------------------|
     |                                                                                  bnfcode                                                                           |
     |                                                                          040201060AAAXAX                                                                           |
     +--------------------------------------------------------------------------------------------------------------------------------------------------------------------+

     +--------------------------------------------------------------------------------------------------------------------------------------------------------------------+
140. |        prodcodeid |                                                                                      termfromemis |               drugsubstancename | bnfcha~r |
     |  7681741000033113 |                                                            Olanzapine 15mg orodispersible tablets |                      Olanzapine |  4020100 |
     |--------------------------------------------------------------------------------------------------------------------------------------------------------------------|
     |                                                                                  bnfcode                                                                           |
     |                                                                          040201060AAAYAY                                                                           |
     +--------------------------------------------------------------------------------------------------------------------------------------------------------------------+

     +--------------------------------------------------------------------------------------------------------------------------------------------------------------------+
141. |        prodcodeid |                                                                                      termfromemis |               drugsubstancename | bnfcha~r |
     |  7681841000033115 |                                                            Olanzapine 20mg orodispersible tablets |                      Olanzapine |  4020100 |
     |--------------------------------------------------------------------------------------------------------------------------------------------------------------------|
     |                                                                                  bnfcode                                                                           |
     |                                                                          040201060AAAZAZ                                                                           |
     +--------------------------------------------------------------------------------------------------------------------------------------------------------------------+

     +--------------------------------------------------------------------------------------------------------------------------------------------------------------------+
142. |        prodcodeid |                                                                                      termfromemis |               drugsubstancename | bnfcha~r |
     |  7681941000033111 |                                                             Olanzapine 5mg orodispersible tablets |                      Olanzapine |  4020100 |
     |--------------------------------------------------------------------------------------------------------------------------------------------------------------------|
     |                                                                                  bnfcode                                                                           |
     |                                                                          040201060AAAWAW                                                                           |
     +--------------------------------------------------------------------------------------------------------------------------------------------------------------------+

     +--------------------------------------------------------------------------------------------------------------------------------------------------------------------+
253. |        prodcodeid |                                                                                      termfromemis |               drugsubstancename | bnfcha~r |
     |  1003741000033116 |                                                                            Olanzapine 5mg tablets |                      Olanzapine |  4020100 |
     |--------------------------------------------------------------------------------------------------------------------------------------------------------------------|
     |                                                                                  bnfcode                                                                           |
     |                                                                                                                                                                    |
     +--------------------------------------------------------------------------------------------------------------------------------------------------------------------+

     +--------------------------------------------------------------------------------------------------------------------------------------------------------------------+
254. |        prodcodeid |                                                                                      termfromemis |               drugsubstancename | bnfcha~r |
     |  1003841000033114 |                                                                          Olanzapine 7.5mg tablets |                      Olanzapine |  4020100 |
     |--------------------------------------------------------------------------------------------------------------------------------------------------------------------|
     |                                                                                  bnfcode                                                                           |
     |                                                                                                                                                                    |
     +--------------------------------------------------------------------------------------------------------------------------------------------------------------------+

     +--------------------------------------------------------------------------------------------------------------------------------------------------------------------+
255. |        prodcodeid |                                                                                      termfromemis |               drugsubstancename | bnfcha~r |
     |  1003641000033113 |                                                                           Olanzapine 10mg tablets |                      Olanzapine |  4020100 |
     |--------------------------------------------------------------------------------------------------------------------------------------------------------------------|
     |                                                                                  bnfcode                                                                           |
     |                                                                                                                                                                    |
     +--------------------------------------------------------------------------------------------------------------------------------------------------------------------+

     +--------------------------------------------------------------------------------------------------------------------------------------------------------------------+
256. |        prodcodeid |                                                                                      termfromemis |               drugsubstancename | bnfcha~r |
     |  1661141000033114 |                                                                          Olanzapine 2.5mg tablets |                      Olanzapine |  4020100 |
     |--------------------------------------------------------------------------------------------------------------------------------------------------------------------|
     |                                                                                  bnfcode                                                                           |
     |                                                                                                                                                                    |
     +--------------------------------------------------------------------------------------------------------------------------------------------------------------------+

     +--------------------------------------------------------------------------------------------------------------------------------------------------------------------+
257. |        prodcodeid |                                                                                      termfromemis |               drugsubstancename | bnfcha~r |
     |  2077741000033115 |                                                      Olanzapine 5mg oral lyophilisates sugar free |                      Olanzapine |  4020100 |
     |--------------------------------------------------------------------------------------------------------------------------------------------------------------------|
     |                                                                                  bnfcode                                                                           |
     |                                                                                                                                                                    |
     +--------------------------------------------------------------------------------------------------------------------------------------------------------------------+

     +--------------------------------------------------------------------------------------------------------------------------------------------------------------------+
258. |        prodcodeid |                                                                                      termfromemis |               drugsubstancename | bnfcha~r |
     |  2077841000033113 |                                                     Olanzapine 10mg oral lyophilisates sugar free |                      Olanzapine |  4020100 |
     |--------------------------------------------------------------------------------------------------------------------------------------------------------------------|
     |                                                                                  bnfcode                                                                           |
     |                                                                                                                                                                    |
     +--------------------------------------------------------------------------------------------------------------------------------------------------------------------+

     +--------------------------------------------------------------------------------------------------------------------------------------------------------------------+
291. |        prodcodeid |                                                                                      termfromemis |               drugsubstancename | bnfcha~r |
     |  1713941000033118 |                                                 Zyprexa 2.5mg tablets (Eli Lilly and Company Ltd) |                      Olanzapine |          |
     |--------------------------------------------------------------------------------------------------------------------------------------------------------------------|
     |                                                                                  bnfcode                                                                           |
     |                                                                          040201060BBADAD                                                                           |
     +--------------------------------------------------------------------------------------------------------------------------------------------------------------------+

     +--------------------------------------------------------------------------------------------------------------------------------------------------------------------+
295. |        prodcodeid |                                                                                      termfromemis |               drugsubstancename | bnfcha~r |
     |  2759741000033114 |                                                     Olanzapine 15mg oral lyophilisates sugar free |                      Olanzapine |  4020100 |
     |--------------------------------------------------------------------------------------------------------------------------------------------------------------------|
     |                                                                                  bnfcode                                                                           |
     |                                                                          040201060AAAKAK                                                                           |
     +--------------------------------------------------------------------------------------------------------------------------------------------------------------------+

     +--------------------------------------------------------------------------------------------------------------------------------------------------------------------+
346. |        prodcodeid |                                                                                      termfromemis |               drugsubstancename | bnfcha~r |
     | 12988741000033118 |                                                Olanzapine 2.5mg orodispersible tablets sugar free |                      Olanzapine |  4020100 |
     |--------------------------------------------------------------------------------------------------------------------------------------------------------------------|
     |                                                                                  bnfcode                                                                           |
     |                                                                          040201060AABGBG                                                                           |
     +--------------------------------------------------------------------------------------------------------------------------------------------------------------------+

     +--------------------------------------------------------------------------------------------------------------------------------------------------------------------+
347. |        prodcodeid |                                                                                      termfromemis |               drugsubstancename | bnfcha~r |
     | 12988841000033111 |                                                Olanzapine 7.5mg orodispersible tablets sugar free |                      Olanzapine |  4020100 |
     |--------------------------------------------------------------------------------------------------------------------------------------------------------------------|
     |                                                                                  bnfcode                                                                           |
     |                                                                          040201060AABHBH                                                                           |
     +--------------------------------------------------------------------------------------------------------------------------------------------------------------------+

     +--------------------------------------------------------------------------------------------------------------------------------------------------------------------+
349. |        prodcodeid |                                                                                      termfromemis |               drugsubstancename | bnfcha~r |
     |  3996241000033117 |                                                                           Olanzapine 20mg tablets |                      Olanzapine |  4020100 |
     |--------------------------------------------------------------------------------------------------------------------------------------------------------------------|
     |                                                                                  bnfcode                                                                           |
     |                                                                                                                                                                    |
     +--------------------------------------------------------------------------------------------------------------------------------------------------------------------+

     +--------------------------------------------------------------------------------------------------------------------------------------------------------------------+
352. |        prodcodeid |                                                                                      termfromemis |               drugsubstancename | bnfcha~r |
     |  2759641000033117 |                                                                           Olanzapine 15mg tablets |                      Olanzapine |  4020100 |
     |--------------------------------------------------------------------------------------------------------------------------------------------------------------------|
     |                                                                                  bnfcode                                                                           |
     |                                                                                                                                                                    |
     +--------------------------------------------------------------------------------------------------------------------------------------------------------------------+

     +--------------------------------------------------------------------------------------------------------------------------------------------------------------------+
366. |        prodcodeid |                                                                                      termfromemis |               drugsubstancename | bnfcha~r |
     |  3866541000033110 |                                                     Olanzapine 20mg oral lyophilisates sugar free |                      Olanzapine |  4020100 |
     |--------------------------------------------------------------------------------------------------------------------------------------------------------------------|
     |                                                                                  bnfcode                                                                           |
     |                                                                                                                                                                    |
     +--------------------------------------------------------------------------------------------------------------------------------------------------------------------+

     +--------------------------------------------------------------------------------------------------------------------------------------------------------------------+
429. |        prodcodeid |                                                                                      termfromemis |               drugsubstancename | bnfcha~r |
     |  2759941000033112 |                                                 Zyprexa 15mg Velotabs (Eli Lilly and Company Ltd) |                      Olanzapine |          |
     |--------------------------------------------------------------------------------------------------------------------------------------------------------------------|
     |                                                                                  bnfcode                                                                           |
     |                                                                          040201060BBAGAK                                                                           |
     +--------------------------------------------------------------------------------------------------------------------------------------------------------------------+

     +--------------------------------------------------------------------------------------------------------------------------------------------------------------------+
437. |        prodcodeid |                                                                                      termfromemis |               drugsubstancename | bnfcha~r |
     |  1565241000033114 |                                                   Zyprexa 5mg tablets (Eli Lilly and Company Ltd) |                      Olanzapine |          |
     |--------------------------------------------------------------------------------------------------------------------------------------------------------------------|
     |                                                                                  bnfcode                                                                           |
     |                                                                          040201060BBAAAA                                                                           |
     +--------------------------------------------------------------------------------------------------------------------------------------------------------------------+

     +--------------------------------------------------------------------------------------------------------------------------------------------------------------------+
448. |        prodcodeid |                                                                                      termfromemis |               drugsubstancename | bnfcha~r |
     |  1565141000033119 |                                                  Zyprexa 10mg tablets (Eli Lilly and Company Ltd) |                      Olanzapine |          |
     |--------------------------------------------------------------------------------------------------------------------------------------------------------------------|
     |                                                                                  bnfcode                                                                           |
     |                                                                          040201060BBACAC                                                                           |
     +--------------------------------------------------------------------------------------------------------------------------------------------------------------------+

     +--------------------------------------------------------------------------------------------------------------------------------------------------------------------+
453. |        prodcodeid |                                                                                      termfromemis |               drugsubstancename | bnfcha~r |
     |  2759841000033116 |                                                  Zyprexa 15mg tablets (Eli Lilly and Company Ltd) |                      Olanzapine |          |
     |--------------------------------------------------------------------------------------------------------------------------------------------------------------------|
     |                                                                                  bnfcode                                                                           |
     |                                                                          040201060BBAHAL                                                                           |
     +--------------------------------------------------------------------------------------------------------------------------------------------------------------------+

     +--------------------------------------------------------------------------------------------------------------------------------------------------------------------+
461. |        prodcodeid |                                                                                      termfromemis |               drugsubstancename | bnfcha~r |
     |  3030841000033118 |                                           Olanzapine 10mg powder for solution for injection vials |                      Olanzapine |  4020100 |
     |--------------------------------------------------------------------------------------------------------------------------------------------------------------------|
     |                                                                                  bnfcode                                                                           |
     |                                                                          040201060AAANAN                                                                           |
     +--------------------------------------------------------------------------------------------------------------------------------------------------------------------+

     +--------------------------------------------------------------------------------------------------------------------------------------------------------------------+
477. |        prodcodeid |                                                                                      termfromemis |               drugsubstancename | bnfcha~r |
     |  1565341000033116 |                                                 Zyprexa 7.5mg tablets (Eli Lilly and Company Ltd) |                      Olanzapine |          |
     |--------------------------------------------------------------------------------------------------------------------------------------------------------------------|
     |                                                                                  bnfcode                                                                           |
     |                                                                          040201060BBABAB                                                                           |
     +--------------------------------------------------------------------------------------------------------------------------------------------------------------------+

     +--------------------------------------------------------------------------------------------------------------------------------------------------------------------+
501. |        prodcodeid |                                                                                      termfromemis |               drugsubstancename | bnfcha~r |
     |  2078041000033119 |                                                 Zyprexa 10mg Velotabs (Eli Lilly and Company Ltd) |                      Olanzapine |          |
     |--------------------------------------------------------------------------------------------------------------------------------------------------------------------|
     |                                                                                  bnfcode                                                                           |
     |                                                                          040201060BBAFAF                                                                           |
     +--------------------------------------------------------------------------------------------------------------------------------------------------------------------+

     +--------------------------------------------------------------------------------------------------------------------------------------------------------------------+
508. |        prodcodeid |                                                                                      termfromemis |               drugsubstancename | bnfcha~r |
     |  2077941000033117 |                                                  Zyprexa 5mg Velotabs (Eli Lilly and Company Ltd) |                      Olanzapine |          |
     |--------------------------------------------------------------------------------------------------------------------------------------------------------------------|
     |                                                                                  bnfcode                                                                           |
     |                                                                          040201060BBAEAE                                                                           |
     +--------------------------------------------------------------------------------------------------------------------------------------------------------------------+

     +--------------------------------------------------------------------------------------------------------------------------------------------------------------------+
514. |        prodcodeid |                                                                                      termfromemis |               drugsubstancename | bnfcha~r |
     |  3866641000033111 |                                                 Zyprexa 20mg Velotabs (Eli Lilly and Company Ltd) |                      Olanzapine |          |
     |--------------------------------------------------------------------------------------------------------------------------------------------------------------------|
     |                                                                                  bnfcode                                                                           |
     |                                                                          040201060BBAJAP                                                                           |
     +--------------------------------------------------------------------------------------------------------------------------------------------------------------------+
Drug: oxypertine

-> tabulation of oxypertine  

 oxypertine |      Freq.     Percent        Cum.
------------+-----------------------------------
          0 |        510       99.22       99.22
          1 |          4        0.78      100.00
------------+-----------------------------------
      Total |        514      100.00

     +---------------------------------------------------------------------------------------------------------+
     |       prodcodeid                                 termfromemis   drugsubs~e   bnfcha~r           bnfcode |
     |---------------------------------------------------------------------------------------------------------|
 37. |  769641000033110                     Integrin  Tablets  40 mg                                           |
225. | 1022741000033116                     Oxypertine 10mg capsules   Oxypertine    4020100                   |
226. | 1026941000033117                      Oxypertine 40mg tablets   Oxypertine    4020100                   |
433. |  757541000033111   Integrin 10mg capsules (Sterling-Winthrop)   Oxypertine              0402010N0BBAAAA |
     +---------------------------------------------------------------------------------------------------------+
Drug: paliperidone

-> tabulation of paliperidone  

paliperidon |
          e |      Freq.     Percent        Cum.
------------+-----------------------------------
          0 |        490       95.33       95.33
          1 |         24        4.67      100.00
------------+-----------------------------------
      Total |        514      100.00

     +-------------------------------------------------------------------------------------------------------------------------------------------------------------------+
 58. |        prodcodeid |                                                                                              termfromemis |      drugsubstancename | bnfcha~r |
     |  4200941000033113 |                                                   Invega 3mg modified-release tablets (Janssen-Cilag Ltd) |           Paliperidone |          |
     |-------------------------------------------------------------------------------------------------------------------------------------------------------------------|
     |                                                                                  bnfcode                                                                          |
     |                                                                          0402010AEBBAAAA                                                                          |
     +-------------------------------------------------------------------------------------------------------------------------------------------------------------------+

     +-------------------------------------------------------------------------------------------------------------------------------------------------------------------+
 59. |        prodcodeid |                                                                                              termfromemis |      drugsubstancename | bnfcha~r |
     |  4201041000033115 |                                                   Invega 6mg modified-release tablets (Janssen-Cilag Ltd) |           Paliperidone |          |
     |-------------------------------------------------------------------------------------------------------------------------------------------------------------------|
     |                                                                                  bnfcode                                                                          |
     |                                                                          0402010AEBBABAB                                                                          |
     +-------------------------------------------------------------------------------------------------------------------------------------------------------------------+

     +-------------------------------------------------------------------------------------------------------------------------------------------------------------------+
 60. |        prodcodeid |                                                                                              termfromemis |      drugsubstancename | bnfcha~r |
     |  4201141000033116 |                                                   Invega 9mg modified-release tablets (Janssen-Cilag Ltd) |           Paliperidone |          |
     |-------------------------------------------------------------------------------------------------------------------------------------------------------------------|
     |                                                                                  bnfcode                                                                          |
     |                                                                          0402010AEBBACAC                                                                          |
     +-------------------------------------------------------------------------------------------------------------------------------------------------------------------+

     +-------------------------------------------------------------------------------------------------------------------------------------------------------------------+
 61. |        prodcodeid |                                                                                              termfromemis |      drugsubstancename | bnfcha~r |
     |  4200641000033118 |                                                                 Paliperidone 3mg modified-release tablets |           Paliperidone |  4020100 |
     |-------------------------------------------------------------------------------------------------------------------------------------------------------------------|
     |                                                                                  bnfcode                                                                          |
     |                                                                          0402010AEAAAAAA                                                                          |
     +-------------------------------------------------------------------------------------------------------------------------------------------------------------------+

     +-------------------------------------------------------------------------------------------------------------------------------------------------------------------+
 62. |        prodcodeid |                                                                                              termfromemis |      drugsubstancename | bnfcha~r |
     |  4200741000033110 |                                                                 Paliperidone 6mg modified-release tablets |           Paliperidone |  4020100 |
     |-------------------------------------------------------------------------------------------------------------------------------------------------------------------|
     |                                                                                  bnfcode                                                                          |
     |                                                                          0402010AEAAABAB                                                                          |
     +-------------------------------------------------------------------------------------------------------------------------------------------------------------------+

     +-------------------------------------------------------------------------------------------------------------------------------------------------------------------+
 63. |        prodcodeid |                                                                                              termfromemis |      drugsubstancename | bnfcha~r |
     |  4200841000033117 |                                                                 Paliperidone 9mg modified-release tablets |           Paliperidone |  4020100 |
     |-------------------------------------------------------------------------------------------------------------------------------------------------------------------|
     |                                                                                  bnfcode                                                                          |
     |                                                                          0402010AEAAACAC                                                                          |
     +-------------------------------------------------------------------------------------------------------------------------------------------------------------------+

     +-------------------------------------------------------------------------------------------------------------------------------------------------------------------+
115. |        prodcodeid |                                                                                              termfromemis |      drugsubstancename | bnfcha~r |
     |  6359841000033118 |     Xeplion 50mg/0.5ml prolonged-release suspension for injection pre-filled syringes (Janssen-Cilag Ltd) | Paliperidone palmitate |          |
     |-------------------------------------------------------------------------------------------------------------------------------------------------------------------|
     |                                                                                  bnfcode                                                                          |
     |                                                                          0402020ABBBAAAA                                                                          |
     +-------------------------------------------------------------------------------------------------------------------------------------------------------------------+

     +-------------------------------------------------------------------------------------------------------------------------------------------------------------------+
116. |        prodcodeid |                                                                                              termfromemis |      drugsubstancename | bnfcha~r |
     |  6359941000033114 |    Xeplion 75mg/0.75ml prolonged-release suspension for injection pre-filled syringes (Janssen-Cilag Ltd) | Paliperidone palmitate |          |
     |-------------------------------------------------------------------------------------------------------------------------------------------------------------------|
     |                                                                                  bnfcode                                                                          |
     |                                                                          0402020ABBBABAB                                                                          |
     +-------------------------------------------------------------------------------------------------------------------------------------------------------------------+

     +-------------------------------------------------------------------------------------------------------------------------------------------------------------------+
117. |        prodcodeid |                                                                                              termfromemis |      drugsubstancename | bnfcha~r |
     |  6360041000033112 |      Xeplion 100mg/1ml prolonged-release suspension for injection pre-filled syringes (Janssen-Cilag Ltd) | Paliperidone palmitate |          |
     |-------------------------------------------------------------------------------------------------------------------------------------------------------------------|
     |                                                                                  bnfcode                                                                          |
     |                                                                          0402020ABBBACAC                                                                          |
     +-------------------------------------------------------------------------------------------------------------------------------------------------------------------+

     +-------------------------------------------------------------------------------------------------------------------------------------------------------------------+
118. |        prodcodeid |                                                                                              termfromemis |      drugsubstancename | bnfcha~r |
     |  6360141000033111 |    Xeplion 150mg/1.5ml prolonged-release suspension for injection pre-filled syringes (Janssen-Cilag Ltd) | Paliperidone palmitate |          |
     |-------------------------------------------------------------------------------------------------------------------------------------------------------------------|
     |                                                                                  bnfcode                                                                          |
     |                                                                          0402020ABBBADAD                                                                          |
     +-------------------------------------------------------------------------------------------------------------------------------------------------------------------+

     +-------------------------------------------------------------------------------------------------------------------------------------------------------------------+
119. |        prodcodeid |                                                                                              termfromemis |      drugsubstancename | bnfcha~r |
     |  6359641000033119 |                     Paliperidone 100mg/1ml prolonged-release suspension for injection pre-filled syringes | Paliperidone palmitate |  4020200 |
     |-------------------------------------------------------------------------------------------------------------------------------------------------------------------|
     |                                                                                  bnfcode                                                                          |
     |                                                                          0402020ABAAACAC                                                                          |
     +-------------------------------------------------------------------------------------------------------------------------------------------------------------------+

     +-------------------------------------------------------------------------------------------------------------------------------------------------------------------+
120. |        prodcodeid |                                                                                              termfromemis |      drugsubstancename | bnfcha~r |
     |  6359741000033111 |                   Paliperidone 150mg/1.5ml prolonged-release suspension for injection pre-filled syringes | Paliperidone palmitate |  4020200 |
     |-------------------------------------------------------------------------------------------------------------------------------------------------------------------|
     |                                                                                  bnfcode                                                                          |
     |                                                                          0402020ABAAADAD                                                                          |
     +-------------------------------------------------------------------------------------------------------------------------------------------------------------------+

     +-------------------------------------------------------------------------------------------------------------------------------------------------------------------+
121. |        prodcodeid |                                                                                              termfromemis |      drugsubstancename | bnfcha~r |
     |  6359441000033116 |                    Paliperidone 50mg/0.5ml prolonged-release suspension for injection pre-filled syringes | Paliperidone palmitate |  4020200 |
     |-------------------------------------------------------------------------------------------------------------------------------------------------------------------|
     |                                                                                  bnfcode                                                                          |
     |                                                                          0402020ABAAAAAA                                                                          |
     +-------------------------------------------------------------------------------------------------------------------------------------------------------------------+

     +-------------------------------------------------------------------------------------------------------------------------------------------------------------------+
122. |        prodcodeid |                                                                                              termfromemis |      drugsubstancename | bnfcha~r |
     |  6359541000033115 |                   Paliperidone 75mg/0.75ml prolonged-release suspension for injection pre-filled syringes | Paliperidone palmitate |  4020200 |
     |-------------------------------------------------------------------------------------------------------------------------------------------------------------------|
     |                                                                                  bnfcode                                                                          |
     |                                                                          0402020ABAAABAB                                                                          |
     +-------------------------------------------------------------------------------------------------------------------------------------------------------------------+

     +-------------------------------------------------------------------------------------------------------------------------------------------------------------------+
275. |        prodcodeid |                                                                                              termfromemis |      drugsubstancename | bnfcha~r |
     | 11694741000033112 | Trevicta 175mg/0.875ml prolonged-release suspension for injection pre-filled syringes (Janssen-Cilag Ltd) | Paliperidone palmitate |          |
     |-------------------------------------------------------------------------------------------------------------------------------------------------------------------|
     |                                                                                  bnfcode                                                                          |
     |                                                                          0402020ABBCAAAF                                                                          |
     +-------------------------------------------------------------------------------------------------------------------------------------------------------------------+

     +-------------------------------------------------------------------------------------------------------------------------------------------------------------------+
276. |        prodcodeid |                                                                                              termfromemis |      drugsubstancename | bnfcha~r |
     | 11694841000033119 | Trevicta 263mg/1.315ml prolonged-release suspension for injection pre-filled syringes (Janssen-Cilag Ltd) | Paliperidone palmitate |          |
     |-------------------------------------------------------------------------------------------------------------------------------------------------------------------|
     |                                                                                  bnfcode                                                                          |
     |                                                                          0402020ABBCABAG                                                                          |
     +-------------------------------------------------------------------------------------------------------------------------------------------------------------------+

     +-------------------------------------------------------------------------------------------------------------------------------------------------------------------+
277. |        prodcodeid |                                                                                              termfromemis |      drugsubstancename | bnfcha~r |
     | 11694941000033110 |  Trevicta 350mg/1.75ml prolonged-release suspension for injection pre-filled syringes (Janssen-Cilag Ltd) | Paliperidone palmitate |          |
     |-------------------------------------------------------------------------------------------------------------------------------------------------------------------|
     |                                                                                  bnfcode                                                                          |
     |                                                                          0402020ABBCACAH                                                                          |
     +-------------------------------------------------------------------------------------------------------------------------------------------------------------------+

     +-------------------------------------------------------------------------------------------------------------------------------------------------------------------+
278. |        prodcodeid |                                                                                              termfromemis |      drugsubstancename | bnfcha~r |
     | 11695041000033110 | Trevicta 525mg/2.625ml prolonged-release suspension for injection pre-filled syringes (Janssen-Cilag Ltd) | Paliperidone palmitate |          |
     |-------------------------------------------------------------------------------------------------------------------------------------------------------------------|
     |                                                                                  bnfcode                                                                          |
     |                                                                          0402020ABBCADAI                                                                          |
     +-------------------------------------------------------------------------------------------------------------------------------------------------------------------+

     +-------------------------------------------------------------------------------------------------------------------------------------------------------------------+
279. |        prodcodeid |                                                                                              termfromemis |      drugsubstancename | bnfcha~r |
     | 11694341000033111 |                 Paliperidone 175mg/0.875ml prolonged-release suspension for injection pre-filled syringes | Paliperidone palmitate |  4020200 |
     |-------------------------------------------------------------------------------------------------------------------------------------------------------------------|
     |                                                                                  bnfcode                                                                          |
     |                                                                          0402020ABAAAFAF                                                                          |
     +-------------------------------------------------------------------------------------------------------------------------------------------------------------------+

     +-------------------------------------------------------------------------------------------------------------------------------------------------------------------+
280. |        prodcodeid |                                                                                              termfromemis |      drugsubstancename | bnfcha~r |
     | 11694441000033117 |                 Paliperidone 263mg/1.315ml prolonged-release suspension for injection pre-filled syringes | Paliperidone palmitate |  4020200 |
     |-------------------------------------------------------------------------------------------------------------------------------------------------------------------|
     |                                                                                  bnfcode                                                                          |
     |                                                                          0402020ABAAAGAG                                                                          |
     +-------------------------------------------------------------------------------------------------------------------------------------------------------------------+

     +-------------------------------------------------------------------------------------------------------------------------------------------------------------------+
281. |        prodcodeid |                                                                                              termfromemis |      drugsubstancename | bnfcha~r |
     | 11694541000033116 |                  Paliperidone 350mg/1.75ml prolonged-release suspension for injection pre-filled syringes | Paliperidone palmitate |  4020200 |
     |-------------------------------------------------------------------------------------------------------------------------------------------------------------------|
     |                                                                                  bnfcode                                                                          |
     |                                                                          0402020ABAAAHAH                                                                          |
     +-------------------------------------------------------------------------------------------------------------------------------------------------------------------+

     +-------------------------------------------------------------------------------------------------------------------------------------------------------------------+
282. |        prodcodeid |                                                                                              termfromemis |      drugsubstancename | bnfcha~r |
     | 11694641000033115 |                 Paliperidone 525mg/2.625ml prolonged-release suspension for injection pre-filled syringes | Paliperidone palmitate |  4020200 |
     |-------------------------------------------------------------------------------------------------------------------------------------------------------------------|
     |                                                                                  bnfcode                                                                          |
     |                                                                          0402020ABAAAIAI                                                                          |
     +-------------------------------------------------------------------------------------------------------------------------------------------------------------------+

     +-------------------------------------------------------------------------------------------------------------------------------------------------------------------+
403. |        prodcodeid |                                                                                              termfromemis |      drugsubstancename | bnfcha~r |
     | 14024141000033115 |     Byannli 1000mg/5ml prolonged-release suspension for injection pre-filled syringes (Janssen-Cilag Ltd) | Paliperidone palmitate |          |
     |-------------------------------------------------------------------------------------------------------------------------------------------------------------------|
     |                                                                                  bnfcode                                                                          |
     |                                                                          0402020ABBDABAJ                                                                          |
     +-------------------------------------------------------------------------------------------------------------------------------------------------------------------+

     +-------------------------------------------------------------------------------------------------------------------------------------------------------------------+
404. |        prodcodeid |                                                                                              termfromemis |      drugsubstancename | bnfcha~r |
     | 14024241000033110 |    Byannli 700mg/3.5ml prolonged-release suspension for injection pre-filled syringes (Janssen-Cilag Ltd) | Paliperidone palmitate |          |
     |-------------------------------------------------------------------------------------------------------------------------------------------------------------------|
     |                                                                                  bnfcode                                                                          |
     |                                                                          0402020ABBDAAAK                                                                          |
     +-------------------------------------------------------------------------------------------------------------------------------------------------------------------+
Drug: pericyazine

-> tabulation of pericyazine  

pericyazine |      Freq.     Percent        Cum.
------------+-----------------------------------
          0 |        506       98.44       98.44
          1 |          8        1.56      100.00
------------+-----------------------------------
      Total |        514      100.00

     +--------------------------------------------------------------------------------------------------+
     |       prodcodeid                         termfromemis   drugsubst~e   bnfcha~r           bnfcode |
     |--------------------------------------------------------------------------------------------------|
 35. |  965741000033110            Neulactil  Tablets  25 mg                                            |
 42. | 1067141000033114          Pericyazine  Tablets  25 mg                                            |
227. | 1067041000033110            Pericyazine 2.5mg tablets   Pericyazine    4020100                   |
228. | 1066741000033111             Pericyazine 10mg tablets   Pericyazine    4020100                   |
292. |  965541000033119      Neulactil 10mg tablets (Sanofi)   Pericyazine              0402010P0BBABAE |
     |--------------------------------------------------------------------------------------------------|
309. | 1063541000033113   Pericyazine 10mg/5ml oral solution   Pericyazine    4020100   0402010P0AAACAC |
472. |  965641000033118     Neulactil 2.5mg tablets (Sanofi)   Pericyazine              0402010P0BBAAAD |
509. |  965041000033112       Neulactil Forte syrup (Sanofi)   Pericyazine              0402010P0BBADAC |
     +--------------------------------------------------------------------------------------------------+
Drug: perphenazine

-> tabulation of perphenazine  

perphenazin |
          e |      Freq.     Percent        Cum.
------------+-----------------------------------
          0 |        502       97.67       97.67
          1 |         12        2.33      100.00
------------+-----------------------------------
      Total |        514      100.00

     +--------------------------------------------------------------------------------------------------------------------------------------------+
     |       prodcodeid                                     termfromemis                           drugsubstancename   bnfcha~r           bnfcode |
     |--------------------------------------------------------------------------------------------------------------------------------------------|
 15. | 1065341000033119                      Perphenazine  Tablets  8 mg                                                                          |
 20. |  571141000033114                          Fentazin  Tablets  8 mg                                                                          |
 21. |  567141000033111                     Fentazin  Injection  5 mg/ml                                                                          |
 30. | 1052041000033118                 Perphenazine  Injection  5 mg/ml                                                                          |
229. | 1065141000033117                         Perphenazine 2mg tablets                                Perphenazine    4020100                   |
     |--------------------------------------------------------------------------------------------------------------------------------------------|
230. | 1065241000033112                         Perphenazine 4mg tablets                                Perphenazine    4020100                   |
340. |  570941000033117             Fentazin 2mg tablets (Advanz Pharma)                                Perphenazine              0402010Q0BBAAAC |
341. |  571041000033110             Fentazin 4mg tablets (Advanz Pharma)                                Perphenazine              0402010Q0BBABAD |
395. | 3180541000033117    Amitriptyline 10mg / Perphenazine 2mg tablets   Amitriptyline hydrochloride/ Perphenazine    4030100   0403010B0AAA9A9 |
396. | 3180441000033118    Amitriptyline 25mg / Perphenazine 2mg tablets   Amitriptyline hydrochloride/ Perphenazine    4030100   0403010B0AAA8A8 |
     |--------------------------------------------------------------------------------------------------------------------------------------------|
447. | 1473441000033111   Triptafen-M tablets (Mercury Pharma Group Ltd)   Amitriptyline hydrochloride/ Perphenazine              0403010B0BIABA9 |
454. | 1473341000033117                Triptafen tablets (Advanz Pharma)   Amitriptyline hydrochloride/ Perphenazine              0403010B0BIAAA8 |
     +--------------------------------------------------------------------------------------------------------------------------------------------+
Drug: pimozide

-> tabulation of pimozide  

   pimozide |      Freq.     Percent        Cum.
------------+-----------------------------------
          0 |        507       98.64       98.64
          1 |          7        1.36      100.00
------------+-----------------------------------
      Total |        514      100.00

     +----------------------------------------------------------------------------------------------------+
     |        prodcodeid                             termfromemis   drugsu~e   bnfcha~r           bnfcode |
     |----------------------------------------------------------------------------------------------------|
  6. |  1016341000033111                     Orap  Tablets  10 mg                                         |
  7. |  1090841000033118                 Pimozide  Tablets  10 mg                                         |
 78. | 11798841000033118         Pimozide 2mg/5ml oral suspension   Pimozide    4020100   0402010R0AAAHAH |
231. |  1090941000033114                     Pimozide 2mg tablets   Pimozide    4020100                   |
232. |  1091041000033116                     Pimozide 4mg tablets   Pimozide    4020100                   |
     |----------------------------------------------------------------------------------------------------|
345. |  1016541000033116   Orap 4mg tablets (Eumedica Pharma Ltd)   Pimozide              0402010R0BBABAB |
432. |  1016441000033117     Orap 2mg tablets (Janssen-Cilag Ltd)   Pimozide              0402010R0BBAAAA |
     +----------------------------------------------------------------------------------------------------+
Drug: promazine

-> tabulation of promazine  

  promazine |      Freq.     Percent        Cum.
------------+-----------------------------------
          0 |        506       98.44       98.44
          1 |          8        1.56      100.00
------------+-----------------------------------
      Total |        514      100.00

     +---------------------------------------------------------------------------------------------------------------------------+
     |       prodcodeid                                      termfromemis         drugsubstancename   bnfcha~r           bnfcode |
     |---------------------------------------------------------------------------------------------------------------------------|
  2. | 1129141000033118   Promazine Hydrochloride  Suspension  50 mg/5 ml                                                        |
  4. | 1117541000033112      Promazine Hydrochloride  Injection  50 mg/ml                                                        |
 28. | 2730641000033111        Promazine Hydrochloride  Syrup  50 mg/5 ml                                                        |
 36. | 1134241000033114          Promazine Hydrochloride  Tablets  100 mg                                                        |
233. | 1134341000033116                            Promazine 25mg tablets   Promazine hydrochloride    4020100                   |
     |---------------------------------------------------------------------------------------------------------------------------|
234. | 1134441000033110                            Promazine 50mg tablets   Promazine hydrochloride    4020100                   |
306. | 1129641000033111                  Promazine 25mg/5ml oral solution   Promazine hydrochloride    4020100   0402010S0AAADAD |
372. | 2640141000033112                  Promazine 50mg/5ml oral solution   Promazine hydrochloride    4020100   0402010S0AAAIAI |
     +---------------------------------------------------------------------------------------------------------------------------+
Drug: quetiapine

-> tabulation of quetiapine  

 quetiapine |      Freq.     Percent        Cum.
------------+-----------------------------------
          0 |        431       83.85       83.85
          1 |         83       16.15      100.00
------------+-----------------------------------
      Total |        514      100.00

     +-------------------------------------------------------------------------------------------------------------------------------------------------+
     |        prodcodeid                                                               termfromemis     drugsubstancename   bnfcha~r           bnfcode |
     |-------------------------------------------------------------------------------------------------------------------------------------------------|
 12. |  1150341000033113         Quetiapine Fumarate  Tablets (starter pack)  6 x 25 mg, 2 x 100 mg                                                    |
 14. |  1832841000033113   Quetiapine Fumarate  Tablets (starter pack)  6x25 mg, 2x100 mg, 2x150 mg                                                    |
 17. |  4133841000033118                       Quetiapine  Oral Suspension Sugar Free  12.5 mg/5 ml                                                    |
 25. |  1277941000033111                    Seroquel  Tablets (starter pack)  6 x 25 mg, 2 x 100 mg                                                    |
 43. |  1832941000033117              Seroquel  Tablets (starter pack)  6x25 mg, 2x100 mg, 2x150 mg                                                    |
     |-------------------------------------------------------------------------------------------------------------------------------------------------|
 74. |  5889741000033118                                        Quetiapine 12.5mg/5ml oral solution   Quetiapine fumarate    4020100   0402010ABAAAIAI |
 75. |  5889841000033111                                      Quetiapine 12.5mg/5ml oral suspension   Quetiapine fumarate    4020100   0402010ABAABBBB |
 76. |  5974841000033112                                          Quetiapine 25mg/5ml oral solution   Quetiapine fumarate    4020100   0402010ABAAAHAH |
 77. |  5974941000033116                                        Quetiapine 25mg/5ml oral suspension   Quetiapine fumarate    4020100   0402010ABAABDBD |
 84. |  5891141000033117                                         Quetiapine 100mg/5ml oral solution   Quetiapine fumarate    4020100   0402010ABAAAMAM |
     |-------------------------------------------------------------------------------------------------------------------------------------------------|
 85. |  4422541000033110                                       Quetiapine 100mg/5ml oral suspension   Quetiapine fumarate    4020100   0402010ABAAAMAM |
 86. |  4592241000033114                                Seroquel XL 200mg tablets (Luye Pharma Ltd)   Quetiapine fumarate              0402010ABBBAIAW |
 87. |  4592441000033110                                Seroquel XL 400mg tablets (Luye Pharma Ltd)   Quetiapine fumarate              0402010ABBBAKAY |
 88. |  4592341000033116                                Seroquel XL 300mg tablets (Luye Pharma Ltd)   Quetiapine fumarate              0402010ABBBAJAX |
 89. |  4592141000033119                                 Seroquel XL 50mg tablets (Luye Pharma Ltd)   Quetiapine fumarate              0402010ABBBAHAV |
     |-------------------------------------------------------------------------------------------------------------------------------------------------|
 90. |  4591741000033114                                   Quetiapine 50mg modified-release tablets   Quetiapine fumarate    4020100   0402010ABAAAVAV |
 97. |  5975041000033116                                          Quetiapine 50mg/5ml oral solution   Quetiapine fumarate    4020100   0402010ABAAALAL |
 98. |  5975141000033117                                        Quetiapine 50mg/5ml oral suspension   Quetiapine fumarate    4020100   0402010ABAABEBE |
110. |  5909441000033118                                Seroquel XL 150mg tablets (Luye Pharma Ltd)   Quetiapine fumarate              0402010ABBBALBA |
111. |  5909341000033112                                  Quetiapine 150mg modified-release tablets   Quetiapine fumarate    4020100   0402010ABAABABA |
     |-------------------------------------------------------------------------------------------------------------------------------------------------|
145. |  7687841000033114                                      Sondate XL 50mg tablets (Teva UK Ltd)   Quetiapine fumarate              0402010ABBCAAAV |
146. |  7687941000033118                                     Sondate XL 200mg tablets (Teva UK Ltd)   Quetiapine fumarate              0402010ABBCABAW |
147. |  7688041000033115                                     Sondate XL 300mg tablets (Teva UK Ltd)   Quetiapine fumarate              0402010ABBCACAX |
148. |  7688141000033116                                     Sondate XL 400mg tablets (Teva UK Ltd)   Quetiapine fumarate              0402010ABBCADAY |
149. |  8112941000033114                                Tenprolide XL 50mg tablets (Actavis UK Ltd)   Quetiapine fumarate              0402010ABBDAAAV |
     |-------------------------------------------------------------------------------------------------------------------------------------------------|
150. |  8113041000033116                               Tenprolide XL 200mg tablets (Actavis UK Ltd)   Quetiapine fumarate              0402010ABBDABAW |
151. |  8113141000033117                               Tenprolide XL 300mg tablets (Actavis UK Ltd)   Quetiapine fumarate              0402010ABBDACAX |
153. |  8246241000033114                                     Sondate XL 150mg tablets (Teva UK Ltd)   Quetiapine fumarate              0402010ABBCAEBA |
154. |  8298341000033111                                    Seotiapim XL 200mg tablets (Sandoz Ltd)   Quetiapine fumarate              0402010ABBEAAAW |
155. |  8298541000033116                                    Seotiapim XL 400mg tablets (Sandoz Ltd)   Quetiapine fumarate              0402010ABBEABAY |
     |-------------------------------------------------------------------------------------------------------------------------------------------------|
156. |  8298441000033117                                    Seotiapim XL 300mg tablets (Sandoz Ltd)   Quetiapine fumarate              0402010ABBEACAX |
157. |  8349141000033117                               Tenprolide XL 400mg tablets (Actavis UK Ltd)   Quetiapine fumarate              0402010ABBDADAY |
158. | 11730041000033115                                       Quetiapine 200mg/5ml oral suspension   Quetiapine fumarate    4020100   0402010ABAAARAR |
165. |  9604441000033112                                 Ebesque XL 50mg tablets (Ethypharm UK Ltd)   Quetiapine fumarate              0402010ABBFAAAV |
166. |  9605541000033112                                Ebesque XL 200mg tablets (Ethypharm UK Ltd)   Quetiapine fumarate              0402010ABBFABAW |
     |-------------------------------------------------------------------------------------------------------------------------------------------------|
167. |  9605941000033118                                Ebesque XL 300mg tablets (Ethypharm UK Ltd)   Quetiapine fumarate              0402010ABBFACAX |
168. |  9606341000033113                                Ebesque XL 400mg tablets (Ethypharm UK Ltd)   Quetiapine fumarate              0402010ABBFADAY |
176. | 10615141000033115                            Atrolak XL 50mg tablets (Accord Healthcare Ltd)   Quetiapine fumarate              0402010ABBGAAAV |
177. | 10615241000033110                           Atrolak XL 200mg tablets (Accord Healthcare Ltd)   Quetiapine fumarate              0402010ABBGABAW |
178. | 10615341000033117                           Atrolak XL 300mg tablets (Accord Healthcare Ltd)   Quetiapine fumarate              0402010ABBGACAX |
     |-------------------------------------------------------------------------------------------------------------------------------------------------|
179. | 10615441000033111                           Atrolak XL 400mg tablets (Accord Healthcare Ltd)   Quetiapine fumarate              0402010ABBGADAY |
181. | 10041141000033118                               Biquelle XL 50mg tablets (Aspire Pharma Ltd)   Quetiapine fumarate              0402010ABBIAAAV |
182. | 10041241000033113                              Biquelle XL 150mg tablets (Aspire Pharma Ltd)   Quetiapine fumarate              0402010ABBIABBA |
183. | 10041441000033114                              Biquelle XL 300mg tablets (Aspire Pharma Ltd)   Quetiapine fumarate              0402010ABBIADAX |
184. | 10041541000033110                              Biquelle XL 400mg tablets (Aspire Pharma Ltd)   Quetiapine fumarate              0402010ABBIAEAY |
     |-------------------------------------------------------------------------------------------------------------------------------------------------|
185. | 10041341000033115                              Biquelle XL 200mg tablets (Aspire Pharma Ltd)   Quetiapine fumarate              0402010ABBIACAW |
186. | 10041741000033119                                Zaluron XL 50mg tablets (Fontus Health Ltd)   Quetiapine fumarate              0402010ABBHAAAV |
187. | 10041841000033112                               Zaluron XL 150mg tablets (Fontus Health Ltd)   Quetiapine fumarate              0402010ABBHABBA |
188. | 10041941000033116                               Zaluron XL 200mg tablets (Fontus Health Ltd)   Quetiapine fumarate              0402010ABBHACAW |
189. | 10042041000033110                               Zaluron XL 300mg tablets (Fontus Health Ltd)   Quetiapine fumarate              0402010ABBHADAX |
     |-------------------------------------------------------------------------------------------------------------------------------------------------|
190. | 10042141000033114                               Zaluron XL 400mg tablets (Fontus Health Ltd)   Quetiapine fumarate              0402010ABBHAEAY |
193. | 10254741000033110                              Mintreleq XL 50mg tablets (Aristo Pharma Ltd)   Quetiapine fumarate              0402010ABBJAAAV |
194. | 10254841000033117                             Mintreleq XL 150mg tablets (Aristo Pharma Ltd)   Quetiapine fumarate              0402010ABBJABBA |
195. | 10254941000033113                             Mintreleq XL 200mg tablets (Aristo Pharma Ltd)   Quetiapine fumarate              0402010ABBJACAW |
196. | 10255041000033113                             Mintreleq XL 300mg tablets (Aristo Pharma Ltd)   Quetiapine fumarate              0402010ABBJADAX |
     |-------------------------------------------------------------------------------------------------------------------------------------------------|
197. | 10255141000033112                             Mintreleq XL 400mg tablets (Aristo Pharma Ltd)   Quetiapine fumarate              0402010ABBJAEAY |
259. |  1150241000033115                                                    Quetiapine 25mg tablets   Quetiapine fumarate    4020100                   |
260. |  1150041000033111                                                   Quetiapine 100mg tablets   Quetiapine fumarate    4020100                   |
261. |  1150141000033110                                                   Quetiapine 200mg tablets   Quetiapine fumarate    4020100                   |
269. | 11578941000033118                                       Psyquet XL 50mg tablets (Sandoz Ltd)   Quetiapine fumarate              0402010ABBKAAAV |
     |-------------------------------------------------------------------------------------------------------------------------------------------------|
270. | 11579241000033119                                      Psyquet XL 150mg tablets (Sandoz Ltd)   Quetiapine fumarate              0402010ABBKABBA |
271. | 11579341000033112                                      Psyquet XL 200mg tablets (Sandoz Ltd)   Quetiapine fumarate              0402010ABBKACAW |
272. | 11579441000033118                                      Psyquet XL 300mg tablets (Sandoz Ltd)   Quetiapine fumarate              0402010ABBKADAX |
273. | 11579541000033117                                      Psyquet XL 400mg tablets (Sandoz Ltd)   Quetiapine fumarate              0402010ABBKAEAY |
284. | 11753641000033118                              Quetiapine 20mg/ml oral suspension sugar free   Quetiapine fumarate    4020100   0402010ABAABFBF |
     |-------------------------------------------------------------------------------------------------------------------------------------------------|
285. | 11782141000033111                          Brancico XL 300mg tablets (Zentiva Pharma UK Ltd)   Quetiapine fumarate              0402010ABBLAAAX |
286. | 11782041000033112                          Brancico XL 200mg tablets (Zentiva Pharma UK Ltd)   Quetiapine fumarate              0402010ABBLABAW |
287. | 11781941000033118                          Brancico XL 150mg tablets (Zentiva Pharma UK Ltd)   Quetiapine fumarate              0402010ABBLACBA |
288. | 11782341000033114                           Brancico XL 50mg tablets (Zentiva Pharma UK Ltd)   Quetiapine fumarate              0402010ABBLADAV |
289. | 11782241000033116                          Brancico XL 400mg tablets (Zentiva Pharma UK Ltd)   Quetiapine fumarate              0402010ABBLAEAY |
     |-------------------------------------------------------------------------------------------------------------------------------------------------|
293. |  1277641000033116                                   Seroquel 100mg tablets (Luye Pharma Ltd)   Quetiapine fumarate              0402010ABBBACAC |
297. | 12428041000033114                           Atrolak XL 150mg tablets (Accord Healthcare Ltd)   Quetiapine fumarate              0402010ABBGAEBA |
375. | 13734941000033119                              Biquelle XL 600mg tablets (Aspire Pharma Ltd)   Quetiapine fumarate              0402010ABBIAFBG |
376. | 13734841000033110                                  Quetiapine 600mg modified-release tablets   Quetiapine fumarate    4020100   0402010ABAABGBG |
389. |  1844641000033118                                                   Quetiapine 150mg tablets   Quetiapine fumarate    4020100   0402010ABAAAFAF |
     |-------------------------------------------------------------------------------------------------------------------------------------------------|
410. |  1844741000033110                                Seroquel 150mg tablets (AstraZeneca UK Ltd)   Quetiapine fumarate              0402010ABBBAEAF |
423. |  4591941000033112                                  Quetiapine 300mg modified-release tablets   Quetiapine fumarate    4020100                   |
424. |  4591841000033116                                  Quetiapine 200mg modified-release tablets   Quetiapine fumarate    4020100                   |
425. |  4592041000033118                                  Quetiapine 400mg modified-release tablets   Quetiapine fumarate    4020100                   |
427. |  2975841000033113                                                   Quetiapine 300mg tablets   Quetiapine fumarate    4020100                   |
     |-------------------------------------------------------------------------------------------------------------------------------------------------|
446. |  1277741000033113                                   Seroquel 200mg tablets (Luye Pharma Ltd)   Quetiapine fumarate              0402010ABBBADAD |
449. |  2975941000033117                                   Seroquel 300mg tablets (Luye Pharma Ltd)   Quetiapine fumarate              0402010ABBBAGAK |
464. |  1277841000033115                                    Seroquel 25mg tablets (Luye Pharma Ltd)   Quetiapine fumarate              0402010ABBBABAB |
     +-------------------------------------------------------------------------------------------------------------------------------------------------+
Drug: risperidone

-> tabulation of risperidone  

risperidone |      Freq.     Percent        Cum.
------------+-----------------------------------
          0 |        482       93.77       93.77
          1 |         32        6.23      100.00
------------+-----------------------------------
      Total |        514      100.00

     +-------------------------------------------------------------------------------------------------------------------------------------------------------------------+
 53. |        prodcodeid |                                                                                                         termfromemis | drugsubst~e | bnfcha~r |
     |  4012341000033119 |                                                    Risperdal Quicklet 4mg orodispersible tablets (Janssen-Cilag Ltd) | Risperidone |          |
     |-------------------------------------------------------------------------------------------------------------------------------------------------------------------|
     |                                                                                  bnfcode                                                                          |
     |                                                                          040201030BBALAQ                                                                          |
     +-------------------------------------------------------------------------------------------------------------------------------------------------------------------+

     +-------------------------------------------------------------------------------------------------------------------------------------------------------------------+
 54. |        prodcodeid |                                                                                                         termfromemis | drugsubst~e | bnfcha~r |
     |  4012241000033112 |                                                    Risperdal Quicklet 3mg orodispersible tablets (Janssen-Cilag Ltd) | Risperidone |          |
     |-------------------------------------------------------------------------------------------------------------------------------------------------------------------|
     |                                                                                  bnfcode                                                                          |
     |                                                                          040201030BBAKAP                                                                          |
     +-------------------------------------------------------------------------------------------------------------------------------------------------------------------+

     +-------------------------------------------------------------------------------------------------------------------------------------------------------------------+
 55. |        prodcodeid |                                                                                                         termfromemis | drugsubst~e | bnfcha~r |
     |  4012041000033116 |                                                                    Risperidone 3mg orodispersible tablets sugar free | Risperidone |  4020100 |
     |-------------------------------------------------------------------------------------------------------------------------------------------------------------------|
     |                                                                                  bnfcode                                                                          |
     |                                                                          040201030AAAPAP                                                                          |
     +-------------------------------------------------------------------------------------------------------------------------------------------------------------------+

     +-------------------------------------------------------------------------------------------------------------------------------------------------------------------+
 56. |        prodcodeid |                                                                                                         termfromemis | drugsubst~e | bnfcha~r |
     |  4012141000033117 |                                                                    Risperidone 4mg orodispersible tablets sugar free | Risperidone |  4020100 |
     |-------------------------------------------------------------------------------------------------------------------------------------------------------------------|
     |                                                                                  bnfcode                                                                          |
     |                                                                          040201030AAAQAQ                                                                          |
     +-------------------------------------------------------------------------------------------------------------------------------------------------------------------+

     +-------------------------------------------------------------------------------------------------------------------------------------------------------------------+
 93. |        prodcodeid |                                                                                                         termfromemis | drugsubst~e | bnfcha~r |
     |  1177641000033119 |                                                                            Risperdal 6mg tablets (Janssen-Cilag Ltd) | Risperidone |          |
     |-------------------------------------------------------------------------------------------------------------------------------------------------------------------|
     |                                                                                  bnfcode                                                                          |
     |                                                                          040201030BBAFAF                                                                          |
     +-------------------------------------------------------------------------------------------------------------------------------------------------------------------+

     +-------------------------------------------------------------------------------------------------------------------------------------------------------------------+
246. |        prodcodeid |                                                                                                         termfromemis | drugsubst~e | bnfcha~r |
     |  1176641000033117 |                                                                                              Risperidone 1mg tablets | Risperidone |  4020100 |
     |-------------------------------------------------------------------------------------------------------------------------------------------------------------------|
     |                                                                                  bnfcode                                                                          |
     |                                                                                                                                                                   |
     +-------------------------------------------------------------------------------------------------------------------------------------------------------------------+

     +-------------------------------------------------------------------------------------------------------------------------------------------------------------------+
247. |        prodcodeid |                                                                                                         termfromemis | drugsubst~e | bnfcha~r |
     |  1176741000033114 |                                                                                              Risperidone 2mg tablets | Risperidone |  4020100 |
     |-------------------------------------------------------------------------------------------------------------------------------------------------------------------|
     |                                                                                  bnfcode                                                                          |
     |                                                                                                                                                                   |
     +-------------------------------------------------------------------------------------------------------------------------------------------------------------------+

     +-------------------------------------------------------------------------------------------------------------------------------------------------------------------+
248. |        prodcodeid |                                                                                                         termfromemis | drugsubst~e | bnfcha~r |
     |  1176841000033116 |                                                                                              Risperidone 3mg tablets | Risperidone |  4020100 |
     |-------------------------------------------------------------------------------------------------------------------------------------------------------------------|
     |                                                                                  bnfcode                                                                          |
     |                                                                                                                                                                   |
     +-------------------------------------------------------------------------------------------------------------------------------------------------------------------+

     +-------------------------------------------------------------------------------------------------------------------------------------------------------------------+
249. |        prodcodeid |                                                                                                         termfromemis | drugsubst~e | bnfcha~r |
     |  1176941000033112 |                                                                                              Risperidone 4mg tablets | Risperidone |  4020100 |
     |-------------------------------------------------------------------------------------------------------------------------------------------------------------------|
     |                                                                                  bnfcode                                                                          |
     |                                                                                                                                                                   |
     +-------------------------------------------------------------------------------------------------------------------------------------------------------------------+

     +-------------------------------------------------------------------------------------------------------------------------------------------------------------------+
250. |        prodcodeid |                                                                                                         termfromemis | drugsubst~e | bnfcha~r |
     |  1173941000033117 |                                                                          Risperidone 1mg/ml oral solution sugar free | Risperidone |  4020100 |
     |-------------------------------------------------------------------------------------------------------------------------------------------------------------------|
     |                                                                                  bnfcode                                                                          |
     |                                                                                                                                                                   |
     +-------------------------------------------------------------------------------------------------------------------------------------------------------------------+

     +-------------------------------------------------------------------------------------------------------------------------------------------------------------------+
251. |        prodcodeid |                                                                                                         termfromemis | drugsubst~e | bnfcha~r |
     |  1177741000033111 |                                                                                              Risperidone 6mg tablets | Risperidone |  4020100 |
     |-------------------------------------------------------------------------------------------------------------------------------------------------------------------|
     |                                                                                  bnfcode                                                                          |
     |                                                                                                                                                                   |
     +-------------------------------------------------------------------------------------------------------------------------------------------------------------------+

     +-------------------------------------------------------------------------------------------------------------------------------------------------------------------+
252. |        prodcodeid |                                                                                                         termfromemis | drugsubst~e | bnfcha~r |
     |  2188241000033110 |                                                                                     Risperidone 500microgram tablets | Risperidone |  4020100 |
     |-------------------------------------------------------------------------------------------------------------------------------------------------------------------|
     |                                                                                  bnfcode                                                                          |
     |                                                                                                                                                                   |
     +-------------------------------------------------------------------------------------------------------------------------------------------------------------------+

     +-------------------------------------------------------------------------------------------------------------------------------------------------------------------+
294. |        prodcodeid |                                                                                                         termfromemis | drugsubst~e | bnfcha~r |
     |  1173841000033113 |                                                                   Risperdal 1mg/ml oral solution (Janssen-Cilag Ltd) | Risperidone |          |
     |-------------------------------------------------------------------------------------------------------------------------------------------------------------------|
     |                                                                                  bnfcode                                                                          |
     |                                                                          040201030BBAEAE                                                                          |
     +-------------------------------------------------------------------------------------------------------------------------------------------------------------------+

     +-------------------------------------------------------------------------------------------------------------------------------------------------------------------+
367. |        prodcodeid |                                                                                                         termfromemis | drugsubst~e | bnfcha~r |
     | 13581641000033117 |                                                                                     Risperidone 250microgram tablets | Risperidone |  4020100 |
     |-------------------------------------------------------------------------------------------------------------------------------------------------------------------|
     |                                                                                  bnfcode                                                                          |
     |                                                                          040201030AAATAT                                                                          |
     +-------------------------------------------------------------------------------------------------------------------------------------------------------------------+

     +-------------------------------------------------------------------------------------------------------------------------------------------------------------------+
399. |        prodcodeid |                                                                                                         termfromemis | drugsubst~e | bnfcha~r |
     |  2869041000033115 |                                                    Risperdal Quicklet 1mg orodispersible tablets (Janssen-Cilag Ltd) | Risperidone |          |
     |-------------------------------------------------------------------------------------------------------------------------------------------------------------------|
     |                                                                                  bnfcode                                                                          |
     |                                                                          040201030BBAHAL                                                                          |
     +-------------------------------------------------------------------------------------------------------------------------------------------------------------------+

     +-------------------------------------------------------------------------------------------------------------------------------------------------------------------+
400. |        prodcodeid |                                                                                                         termfromemis | drugsubst~e | bnfcha~r |
     |  2869141000033116 |                                                    Risperdal Quicklet 2mg orodispersible tablets (Janssen-Cilag Ltd) | Risperidone |          |
     |-------------------------------------------------------------------------------------------------------------------------------------------------------------------|
     |                                                                                  bnfcode                                                                          |
     |                                                                          040201030BBAIAM                                                                          |
     +-------------------------------------------------------------------------------------------------------------------------------------------------------------------+

     +-------------------------------------------------------------------------------------------------------------------------------------------------------------------+
401. |        prodcodeid |                                                                                                         termfromemis | drugsubst~e | bnfcha~r |
     |  2868841000033116 |                                                                    Risperidone 1mg orodispersible tablets sugar free | Risperidone |  4020100 |
     |-------------------------------------------------------------------------------------------------------------------------------------------------------------------|
     |                                                                                  bnfcode                                                                          |
     |                                                                          040201030AAALAL                                                                          |
     +-------------------------------------------------------------------------------------------------------------------------------------------------------------------+

     +-------------------------------------------------------------------------------------------------------------------------------------------------------------------+
402. |        prodcodeid |                                                                                                         termfromemis | drugsubst~e | bnfcha~r |
     |  2868941000033112 |                                                                    Risperidone 2mg orodispersible tablets sugar free | Risperidone |  4020100 |
     |-------------------------------------------------------------------------------------------------------------------------------------------------------------------|
     |                                                                                  bnfcode                                                                          |
     |                                                                          040201030AAAMAM                                                                          |
     +-------------------------------------------------------------------------------------------------------------------------------------------------------------------+

     +-------------------------------------------------------------------------------------------------------------------------------------------------------------------+
405. |        prodcodeid |                                                                                                         termfromemis | drugsubst~e | bnfcha~r |
     | 14025941000033117 | Okedi 100mg powder and solvent for prolonged-release suspension for injection pre-filled syringes (ROVI Biotech Ltd) | Risperidone |          |
     |-------------------------------------------------------------------------------------------------------------------------------------------------------------------|
     |                                                                                  bnfcode                                                                          |
     |                                                                          0402020AABCABAE                                                                          |
     +-------------------------------------------------------------------------------------------------------------------------------------------------------------------+

     +-------------------------------------------------------------------------------------------------------------------------------------------------------------------+
416. |        prodcodeid |                                                                                                         termfromemis | drugsubst~e | bnfcha~r |
     |  2779941000033114 |                    Risperdal Consta 37.5mg powder and solvent for suspension for injection vials (Janssen-Cilag Ltd) | Risperidone |          |
     |-------------------------------------------------------------------------------------------------------------------------------------------------------------------|
     |                                                                                  bnfcode                                                                          |
     |                                                                          0402020AABBACAC                                                                          |
     +-------------------------------------------------------------------------------------------------------------------------------------------------------------------+

     +-------------------------------------------------------------------------------------------------------------------------------------------------------------------+
417. |        prodcodeid |                                                                                                         termfromemis | drugsubst~e | bnfcha~r |
     |  2780041000033113 |                      Risperdal Consta 50mg powder and solvent for suspension for injection vials (Janssen-Cilag Ltd) | Risperidone |          |
     |-------------------------------------------------------------------------------------------------------------------------------------------------------------------|
     |                                                                                  bnfcode                                                                          |
     |                                                                          0402020AABBABAB                                                                          |
     +-------------------------------------------------------------------------------------------------------------------------------------------------------------------+

     +-------------------------------------------------------------------------------------------------------------------------------------------------------------------+
419. |        prodcodeid |                                                                                                         termfromemis | drugsubst~e | bnfcha~r |
     |  2780241000033117 |                                             Risperidone 37.5mg powder and solvent for suspension for injection vials | Risperidone |  4020200 |
     |-------------------------------------------------------------------------------------------------------------------------------------------------------------------|
     |                                                                                  bnfcode                                                                          |
     |                                                                          0402020AAAAACAC                                                                          |
     +-------------------------------------------------------------------------------------------------------------------------------------------------------------------+

     +-------------------------------------------------------------------------------------------------------------------------------------------------------------------+
420. |        prodcodeid |                                                                                                         termfromemis | drugsubst~e | bnfcha~r |
     |  2780341000033110 |                                               Risperidone 50mg powder and solvent for suspension for injection vials | Risperidone |  4020200 |
     |-------------------------------------------------------------------------------------------------------------------------------------------------------------------|
     |                                                                                  bnfcode                                                                          |
     |                                                                          0402020AAAAABAB                                                                          |
     +-------------------------------------------------------------------------------------------------------------------------------------------------------------------+

     +-------------------------------------------------------------------------------------------------------------------------------------------------------------------+
426. |        prodcodeid |                                                                                                         termfromemis | drugsubst~e | bnfcha~r |
     |  1176541000033118 |                                                                            Risperdal 4mg tablets (Janssen-Cilag Ltd) | Risperidone |          |
     |-------------------------------------------------------------------------------------------------------------------------------------------------------------------|
     |                                                                                  bnfcode                                                                          |
     |                                                                          040201030BBADAD                                                                          |
     +-------------------------------------------------------------------------------------------------------------------------------------------------------------------+

     +-------------------------------------------------------------------------------------------------------------------------------------------------------------------+
431. |        prodcodeid |                                                                                                         termfromemis | drugsubst~e | bnfcha~r |
     |  2779841000033118 |                      Risperdal Consta 25mg powder and solvent for suspension for injection vials (Janssen-Cilag Ltd) | Risperidone |          |
     |-------------------------------------------------------------------------------------------------------------------------------------------------------------------|
     |                                                                                  bnfcode                                                                          |
     |                                                                          0402020AABBAAAA                                                                          |
     +-------------------------------------------------------------------------------------------------------------------------------------------------------------------+

     +-------------------------------------------------------------------------------------------------------------------------------------------------------------------+
434. |        prodcodeid |                                                                                                         termfromemis | drugsubst~e | bnfcha~r |
     |  2780141000033112 |                                               Risperidone 25mg powder and solvent for suspension for injection vials | Risperidone |  4020200 |
     |-------------------------------------------------------------------------------------------------------------------------------------------------------------------|
     |                                                                                  bnfcode                                                                          |
     |                                                                          0402020AAAAAAAA                                                                          |
     +-------------------------------------------------------------------------------------------------------------------------------------------------------------------+

     +-------------------------------------------------------------------------------------------------------------------------------------------------------------------+
455. |        prodcodeid |                                                                                                         termfromemis | drugsubst~e | bnfcha~r |
     |  1176441000033119 |                                                                            Risperdal 3mg tablets (Janssen-Cilag Ltd) | Risperidone |          |
     |-------------------------------------------------------------------------------------------------------------------------------------------------------------------|
     |                                                                                  bnfcode                                                                          |
     |                                                                          040201030BBACAC                                                                          |
     +-------------------------------------------------------------------------------------------------------------------------------------------------------------------+

     +-------------------------------------------------------------------------------------------------------------------------------------------------------------------+
457. |        prodcodeid |                                                                                                         termfromemis | drugsubst~e | bnfcha~r |
     |  2188141000033115 |                                                                   Risperdal 500microgram tablets (Janssen-Cilag Ltd) | Risperidone |          |
     |-------------------------------------------------------------------------------------------------------------------------------------------------------------------|
     |                                                                                  bnfcode                                                                          |
     |                                                                          040201030BBAGAK                                                                          |
     +-------------------------------------------------------------------------------------------------------------------------------------------------------------------+

     +-------------------------------------------------------------------------------------------------------------------------------------------------------------------+
463. |        prodcodeid |                                                                                                         termfromemis | drugsubst~e | bnfcha~r |
     |  1176241000033115 |                                                                            Risperdal 1mg tablets (Janssen-Cilag Ltd) | Risperidone |          |
     |-------------------------------------------------------------------------------------------------------------------------------------------------------------------|
     |                                                                                  bnfcode                                                                          |
     |                                                                          040201030BBAAAA                                                                          |
     +-------------------------------------------------------------------------------------------------------------------------------------------------------------------+

     +-------------------------------------------------------------------------------------------------------------------------------------------------------------------+
494. |        prodcodeid |                                                                                                         termfromemis | drugsubst~e | bnfcha~r |
     |  1176341000033113 |                                                                            Risperdal 2mg tablets (Janssen-Cilag Ltd) | Risperidone |          |
     |-------------------------------------------------------------------------------------------------------------------------------------------------------------------|
     |                                                                                  bnfcode                                                                          |
     |                                                                          040201030BBABAB                                                                          |
     +-------------------------------------------------------------------------------------------------------------------------------------------------------------------+

     +-------------------------------------------------------------------------------------------------------------------------------------------------------------------+
504. |        prodcodeid |                                                                                                         termfromemis | drugsubst~e | bnfcha~r |
     |  3246141000033115 |                                           Risperdal Quicklet 500microgram orodispersible tablets (Janssen-Cilag Ltd) | Risperidone |          |
     |-------------------------------------------------------------------------------------------------------------------------------------------------------------------|
     |                                                                                  bnfcode                                                                          |
     |                                                                          040201030BBAJAN                                                                          |
     +-------------------------------------------------------------------------------------------------------------------------------------------------------------------+

     +-------------------------------------------------------------------------------------------------------------------------------------------------------------------+
505. |        prodcodeid |                                                                                                         termfromemis | drugsubst~e | bnfcha~r |
     |  3246041000033119 |                                                           Risperidone 500microgram orodispersible tablets sugar free | Risperidone |  4020100 |
     |-------------------------------------------------------------------------------------------------------------------------------------------------------------------|
     |                                                                                  bnfcode                                                                          |
     |                                                                          040201030AAANAN                                                                          |
     +-------------------------------------------------------------------------------------------------------------------------------------------------------------------+
Drug: sertindole

-> tabulation of sertindole  

 sertindole |      Freq.     Percent        Cum.
------------+-----------------------------------
          0 |        506       98.44       98.44
          1 |          8        1.56      100.00
------------+-----------------------------------
      Total |        514      100.00

     +----------------------------------------------------------------------------------------------------------+
     |       prodcodeid                                  termfromemis   drugsubs~e   bnfcha~r           bnfcode |
     |----------------------------------------------------------------------------------------------------------|
438. | 1277141000033114    Serdolect 4mg tablets (Imported (Denmark))   Sertindole              040201050BBAAAA |
439. | 1276841000033118   Serdolect 12mg tablets (Imported (Denmark))   Sertindole              040201050BBABAB |
440. | 1276941000033114   Serdolect 16mg tablets (Imported (Denmark))   Sertindole              040201050BBACAC |
441. | 1277041000033110   Serdolect 20mg tablets (Imported (Denmark))   Sertindole              040201050BBADAD |
442. | 1277241000033119                       Sertindole 12mg tablets   Sertindole    4020100   040201050AAABAB |
     |----------------------------------------------------------------------------------------------------------|
443. | 1277341000033112                       Sertindole 16mg tablets   Sertindole    4020100   040201050AAACAC |
444. | 1277441000033118                       Sertindole 20mg tablets   Sertindole    4020100   040201050AAADAD |
445. | 1277541000033117                        Sertindole 4mg tablets   Sertindole    4020100   040201050AAAAAA |
     +----------------------------------------------------------------------------------------------------------+
Drug: sulpiride

-> tabulation of sulpiride  

  sulpiride |      Freq.     Percent        Cum.
------------+-----------------------------------
          0 |        507       98.64       98.64
          1 |          7        1.36      100.00
------------+-----------------------------------
      Total |        514      100.00

     +---------------------------------------------------------------------------------------------------------------------------+
     |       prodcodeid                                                    termfromemis   drugsub~e   bnfcha~r           bnfcode |
     |---------------------------------------------------------------------------------------------------------------------------|
 91. | 2658941000033110   Sulpor 200mg/5ml oral solution (Rosemont Pharmaceuticals Ltd)   Sulpiride              0402010U0BFAAAE |
163. | 1396541000033116                             Sulpitil 200mg tablets (Pfizer Ltd)   Sulpiride              0402010U0BCAAAH |
235. | 1397641000033117                                         Sulpiride 400mg tablets   Sulpiride    4020100                   |
236. | 1396441000033117                                         Sulpiride 200mg tablets   Sulpiride    4020100                   |
305. | 1698441000033110                    Sulpiride 200mg/5ml oral solution sugar free   Sulpiride    4020100   0402010U0AAAEAE |
     |---------------------------------------------------------------------------------------------------------------------------|
415. |  479841000033112                                 Dolmatil 400mg tablets (Sanofi)   Sulpiride              0402010U0BBABAQ |
430. |  480941000033116                                 Dolmatil 200mg tablets (Sanofi)   Sulpiride              0402010U0BBAAAH |
     +---------------------------------------------------------------------------------------------------------------------------+
Drug: thioridazine

-> tabulation of thioridazine  

thioridazin |
          e |      Freq.     Percent        Cum.
------------+-----------------------------------
          0 |        498       96.89       96.89
          1 |         16        3.11      100.00
------------+-----------------------------------
      Total |        514      100.00

     +---------------------------------------------------------------------------------------------------------------------------------------------------+
     |       prodcodeid                                                           termfromemis            drugsubstancename   bnfcha~r           bnfcode |
     |---------------------------------------------------------------------------------------------------------------------------------------------------|
  1. |  894141000033116                                             Melleril  Syrup  3mg/10 ml                                                           |
  5. | 1432741000033112                                       Thioridazine  Syrup  12.5mg/5 ml                                                           |
104. |  896041000033111                Melleril 25mg tablets (Novartis Pharmaceuticals UK Ltd)   Thioridazine hydrochloride              0402010W0BBABAF |
237. | 1433641000033111                                              Thioridazine 10mg tablets   Thioridazine hydrochloride    4020100                   |
238. | 1433841000033112                                              Thioridazine 25mg tablets   Thioridazine hydrochloride    4020100                   |
     |---------------------------------------------------------------------------------------------------------------------------------------------------|
239. | 1433941000033116                                              Thioridazine 50mg tablets   Thioridazine hydrochloride    4020100                   |
240. | 1433741000033119                                             Thioridazine 100mg tablets   Thioridazine hydrochloride    4020100                   |
241. | 1432441000033117                                  Thioridazine 25mg/5ml oral suspension                 Thioridazine    4020100                   |
242. | 1432341000033111                                 Thioridazine 100mg/5ml oral suspension                 Thioridazine    4020100                   |
243. | 1432541000033116                                    Thioridazine 25mg/5ml oral solution   Thioridazine hydrochloride    4020100                   |
     |---------------------------------------------------------------------------------------------------------------------------------------------------|
458. |  892141000033114   Melleril 100mg/5ml oral suspension (Novartis Pharmaceuticals UK Ltd)                 Thioridazine              0402010W0BBAFAB |
462. |  892241000033119    Melleril 25mg/5ml oral suspension (Novartis Pharmaceuticals UK Ltd)                 Thioridazine              0402010W0BBAEAA |
470. |  895841000033114                Melleril 10mg tablets (Novartis Pharmaceuticals UK Ltd)   Thioridazine hydrochloride              0402010W0BBAAAE |
478. |  893741000033115              Melleril 25mg/5ml syrup (Novartis Pharmaceuticals UK Ltd)   Thioridazine hydrochloride              0402010W0BBAGAC |
498. |  896141000033110                Melleril 50mg tablets (Novartis Pharmaceuticals UK Ltd)   Thioridazine hydrochloride              0402010W0BBACAG |
     |---------------------------------------------------------------------------------------------------------------------------------------------------|
500. |  895941000033118               Melleril 100mg tablets (Novartis Pharmaceuticals UK Ltd)   Thioridazine hydrochloride              0402010W0BBADAH |
     +---------------------------------------------------------------------------------------------------------------------------------------------------+
Drug: trifluoperazine

-> tabulation of trifluoperazine  

trifluopera |
       zine |      Freq.     Percent        Cum.
------------+-----------------------------------
          0 |        496       96.50       96.50
          1 |         18        3.50      100.00
------------+-----------------------------------
      Total |        514      100.00

     +-------------------------------------------------------------------------------------------------------------------------------------------------+
     |       prodcodeid                                                      termfromemis               drugsubstancename   bnfcha~r           bnfcode |
     |-------------------------------------------------------------------------------------------------------------------------------------------------|
  3. | 1379241000033117                                     Stelazine  Injection  1 mg/ml                                                              |
 18. | 1462041000033119                                  Trifluoperazine  Liquid  10mg/ml                                                              |
 23. | 1459841000033114                               Trifluoperazine  Injection  1 mg/ml                                                              |
 46. | 1381441000033113                                        Stelazine  Liquid  10mg/ml                                                              |
152. | 1385341000033116               Stelazine 10mg Spansules (Mercury Pharma Group Ltd)   Trifluoperazine hydrochloride              0402010X0BBADAB |
     |-------------------------------------------------------------------------------------------------------------------------------------------------|
274. | 1386341000033112                  Stelazine 1mg tablets (Mercury Pharma Group Ltd)   Trifluoperazine hydrochloride              0402010X0BBAAAH |
331. | 1466941000033117                    Trifluoperazine 10mg modified-release capsules   Trifluoperazine hydrochloride    4020100   0402010X0AAABAB |
332. | 1467041000033116                    Trifluoperazine 15mg modified-release capsules   Trifluoperazine hydrochloride    4020100   0402010X0AAACAC |
333. | 1467641000033110                  Trifluoperazine 1mg/5ml oral solution sugar free   Trifluoperazine hydrochloride    4020100   0402010X0AAAFAF |
334. | 1467141000033117                     Trifluoperazine 2mg modified-release capsules   Trifluoperazine hydrochloride    4020100   0402010X0AAAAAA |
     |-------------------------------------------------------------------------------------------------------------------------------------------------|
371. | 1464141000033113                  Trifluoperazine 5mg/5ml oral solution sugar free   Trifluoperazine hydrochloride    4020100   0402010X0AAAKAK |
390. | 1470641000033116                                       Trifluoperazine 1mg tablets   Trifluoperazine hydrochloride    4020100   0402010X0AAAHAH |
391. | 1470741000033113                                       Trifluoperazine 5mg tablets   Trifluoperazine hydrochloride    4020100   0402010X0AAAIAI |
435. | 1386441000033118                  Stelazine 5mg tablets (Mercury Pharma Group Ltd)   Trifluoperazine hydrochloride              0402010X0BBABAI |
466. | 1385941000033117                Stelazine 1mg/5ml syrup (Mercury Pharma Group Ltd)   Trifluoperazine hydrochloride              0402010X0BBAFAF |
     |-------------------------------------------------------------------------------------------------------------------------------------------------|
469. | 1385441000033110               Stelazine 15mg Spansules (Mercury Pharma Group Ltd)   Trifluoperazine hydrochloride              0402010X0BBAEAC |
471. | 1385541000033111                Stelazine 2mg Spansules (Mercury Pharma Group Ltd)   Trifluoperazine hydrochloride              0402010X0BBACAA |
476. | 3141141000033114   Stelazine Forte 1mg/ml oral solution (Mercury Pharma Group Ltd)   Trifluoperazine hydrochloride              0402010X0BBAJAK |
     +-------------------------------------------------------------------------------------------------------------------------------------------------+
Drug: ziprasidone

-> tabulation of ziprasidone  

ziprasidone |      Freq.     Percent        Cum.
------------+-----------------------------------
          0 |        513       99.81       99.81
          1 |          1        0.19      100.00
------------+-----------------------------------
      Total |        514      100.00

     +-------------------------------------------------------------------------------------------------------+
     |       prodcodeid                termfromemis           drugsubstancename   bnfcha~r           bnfcode |
     |-------------------------------------------------------------------------------------------------------|
113. | 6455741000033116   Ziprasidone 40mg capsules   Ziprasidone hydrochloride    4020100   0402010AGAAAAAA |
     +-------------------------------------------------------------------------------------------------------+
Drug: zotepine

-> tabulation of zotepine  

   zotepine |      Freq.     Percent        Cum.
------------+-----------------------------------
          0 |        508       98.83       98.83
          1 |          6        1.17      100.00
------------+-----------------------------------
      Total |        514      100.00

     +---------------------------------------------------------------------------------------------------+
     |       prodcodeid                             termfromemis   drugsu~e   bnfcha~r           bnfcode |
     |---------------------------------------------------------------------------------------------------|
264. | 1766141000033110                    Zotepine 25mg tablets   Zotepine    4020100                   |
265. | 1766241000033115                    Zotepine 50mg tablets   Zotepine    4020100                   |
266. | 1766041000033111                   Zotepine 100mg tablets   Zotepine    4020100                   |
377. | 1765841000033114    Zoleptil 25 tablets (Movianto UK Ltd)   Zotepine              0402010ACBBAAAA |
378. | 1765941000033118    Zoleptil 50 tablets (Movianto UK Ltd)   Zotepine              0402010ACBBABAB |
     |---------------------------------------------------------------------------------------------------|
411. | 1765741000033116   Zoleptil 100 tablets (Movianto UK Ltd)   Zotepine              0402010ACBBACAC |
     +---------------------------------------------------------------------------------------------------+
Drug: zuclopenthixol

-> tabulation of zuclopenthixol  

zuclopenthi |
        xol |      Freq.     Percent        Cum.
------------+-----------------------------------
          0 |        500       97.28       97.28
          1 |         14        2.72      100.00
------------+-----------------------------------
      Total |        514      100.00

     +-------------------------------------------------------------------------------------------------------------------------------------------------------------+
     |       prodcodeid                                                                 termfromemis                drugsubstancename   bnfcha~r           bnfcode |
     |-------------------------------------------------------------------------------------------------------------------------------------------------------------|
 95. |  287041000033119                                          Clopixol 2mg tablets (Lundbeck Ltd)   Zuclopenthixol dihydrochloride              0402010T0BBAAAA |
112. |  276041000033113            Clopixol 200mg/1ml solution for injection ampoules (Lundbeck Ltd)         Zuclopenthixol decanoate              0402020Z0BBAAAA |
283. |  276141000033112       Clopixol Conc 500mg/1ml solution for injection ampoules (Lundbeck Ltd)         Zuclopenthixol decanoate              0402020Z0BBACAB |
335. | 1563441000033114             Zuclopenthixol acetate 100mg/2ml solution for injection ampoules           Zuclopenthixol acetate    4020100   040201010AAABAB |
336. | 1563541000033110              Zuclopenthixol acetate 50mg/1ml solution for injection ampoules           Zuclopenthixol acetate    4020100   040201010AAAAAA |
     |-------------------------------------------------------------------------------------------------------------------------------------------------------------|
337. | 1563641000033111           Zuclopenthixol decanoate 200mg/1ml solution for injection ampoules         Zuclopenthixol decanoate    4020200   0402020Z0AAAAAA |
338. | 1563741000033119           Zuclopenthixol decanoate 500mg/1ml solution for injection ampoules         Zuclopenthixol decanoate    4020200   0402020Z0AAABAB |
392. | 1564041000033119                                                  Zuclopenthixol 10mg tablets   Zuclopenthixol dihydrochloride    4020100   0402010T0AAABAB |
393. | 1564141000033115                                                   Zuclopenthixol 2mg tablets   Zuclopenthixol dihydrochloride    4020100   0402010T0AAAAAA |
394. | 1564241000033110                                                  Zuclopenthixol 25mg tablets   Zuclopenthixol dihydrochloride    4020100   0402010T0AAACAC |
     |-------------------------------------------------------------------------------------------------------------------------------------------------------------|
412. |  273641000033114    Clopixol Acuphase 50mg/1ml solution for injection ampoules (Lundbeck Ltd)           Zuclopenthixol acetate              040201010BBAAAA |
413. |  274841000033112   Clopixol Acuphase 100mg/2ml solution for injection ampoules (Lundbeck Ltd)           Zuclopenthixol acetate              040201010BBABAB |
465. |  287141000033115                                         Clopixol 25mg tablets (Lundbeck Ltd)   Zuclopenthixol dihydrochloride              0402010T0BBACAC |
482. |  286941000033115                                         Clopixol 10mg tablets (Lundbeck Ltd)   Zuclopenthixol dihydrochloride              0402010T0BBABAB |
     +-------------------------------------------------------------------------------------------------------------------------------------------------------------+
Drug: pipotiazine

-> tabulation of pipotiazine  

pipotiazine |      Freq.     Percent        Cum.
------------+-----------------------------------
          0 |        510       99.22       99.22
          1 |          4        0.78      100.00
------------+-----------------------------------
      Total |        514      100.00

     +-------------------------------------------------------------------------------------------------------------------------------------------+
     |       prodcodeid                                                        termfromemis       drugsubstancename   bnfcha~r           bnfcode |
     |-------------------------------------------------------------------------------------------------------------------------------------------|
307. | 3103841000033110               Pipotiazine 100mg/2ml solution for injection ampoules   Pipotiazine palmitate    4020200   0402020V0AAABAB |
308. | 3104041000033117                Pipotiazine 50mg/1ml solution for injection ampoules   Pipotiazine palmitate    4020200   0402020V0AAAAAA |
361. | 1086741000033114    Piportil Depot 50mg/1ml solution for injection ampoules (Sanofi)   Pipotiazine palmitate              0402020V0BBAAAA |
496. | 1087341000033110   Piportil Depot 100mg/2ml solution for injection ampoules (Sanofi)   Pipotiazine palmitate              0402020V0BBABAB |
     +-------------------------------------------------------------------------------------------------------------------------------------------+
Drug: asenapine

-> tabulation of asenapine  

  asenapine |      Freq.     Percent        Cum.
------------+-----------------------------------
          0 |        510       99.22       99.22
          1 |          4        0.78      100.00
------------+-----------------------------------
      Total |        514      100.00

     +-------------------------------------------------------------------------------------------------------------------------------+
     |       prodcodeid                                                termfromemis   drugsubstancename   bnfcha~r           bnfcode |
     |-------------------------------------------------------------------------------------------------------------------------------|
123. | 6443341000033118   Sycrest 10mg sublingual tablets (Organon Pharma (UK) Ltd)   Asenapine maleate              0402030R0BBAAAA |
124. | 6443241000033111    Sycrest 5mg sublingual tablets (Organon Pharma (UK) Ltd)   Asenapine maleate              0402030R0BBABAB |
125. | 6443141000033116                Asenapine 10mg sublingual tablets sugar free   Asenapine maleate    4020300   0402030R0AAAAAA |
126. | 6443041000033115                 Asenapine 5mg sublingual tablets sugar free   Asenapine maleate    4020300   0402030R0AAABAB |
     +-------------------------------------------------------------------------------------------------------------------------------+

. 
. 
. // (OPTIONAL) STEP 5. CATEGORISE DRUGS
. //=====================================
. 
. //Check for any products containing multiple drugs (categorisation won't work otherwise)
. egen ap_count = rowtotal(amisulpride aripiprazole benperidol cariprazine chlorpromazine chlorprothixene clozapine droperidol flupentixol fluphenazine haloperidol levomepromaz
> ine loxapine lurasidone melperone olanzapine oxypertine paliperidone pericyazine perphenazine pimozide promazine quetiapine risperidone sertindole sulpiride thioridazine trif
> luoperazine ziprasidone zotepine zuclopenthixol pipotiazine asenapine)

. 
. tab ap_count, missing

   ap_count |      Freq.     Percent        Cum.
------------+-----------------------------------
          1 |        514      100.00      100.00
------------+-----------------------------------
      Total |        514      100.00

. drop ap_count

. 
. generate byte antipsychotic_medication = 0

. label define antipsychotic_medication, replace

. label values antipsychotic_medication antipsychotic_medication

. local count = 0

. foreach drug of local antipsychotics {
  2.         
.         local count = `count'+1
  3.         local capitalise = strproper("`drug'")  //makes first letter upper case
  4.         
.         label define antipsychotic_medication `count' "`capitalise'", add
  5.         
.         replace antipsychotic_medication = `count' if `drug' == 1
  6.         
.         tab antipsychotic_medication `drug', missing
  7.         drop `drug'
  8. }
(12 real changes made)

antipsychot |
ic_medicati |      amisulpride
         on |         0          1 |     Total
------------+----------------------+----------
          0 |       502          0 |       502 
Amisulpride |         0         12 |        12 
------------+----------------------+----------
      Total |       502         12 |       514 
(23 real changes made)

antipsychoti |     aripiprazole
c_medication |         0          1 |     Total
-------------+----------------------+----------
           0 |       479          0 |       479 
 Amisulpride |        12          0 |        12 
Aripiprazole |         0         23 |        23 
-------------+----------------------+----------
       Total |       491         23 |       514 
(2 real changes made)

antipsychoti |      benperidol
c_medication |         0          1 |     Total
-------------+----------------------+----------
           0 |       477          0 |       477 
 Amisulpride |        12          0 |        12 
Aripiprazole |        23          0 |        23 
  Benperidol |         0          2 |         2 
-------------+----------------------+----------
       Total |       512          2 |       514 
(5 real changes made)

antipsychoti |      cariprazine
c_medication |         0          1 |     Total
-------------+----------------------+----------
           0 |       472          0 |       472 
 Amisulpride |        12          0 |        12 
Aripiprazole |        23          0 |        23 
  Benperidol |         2          0 |         2 
 Cariprazine |         0          5 |         5 
-------------+----------------------+----------
       Total |       509          5 |       514 
(26 real changes made)

antipsychotic_ |    chlorpromazine
    medication |         0          1 |     Total
---------------+----------------------+----------
             0 |       446          0 |       446 
   Amisulpride |        12          0 |        12 
  Aripiprazole |        23          0 |        23 
    Benperidol |         2          0 |         2 
   Cariprazine |         5          0 |         5 
Chlorpromazine |         0         26 |        26 
---------------+----------------------+----------
         Total |       488         26 |       514 
(0 real changes made)

                | chlorproth
antipsychotic_m |   ixene
      edication |         0 |     Total
----------------+-----------+----------
              0 |       446 |       446 
    Amisulpride |        12 |        12 
   Aripiprazole |        23 |        23 
     Benperidol |         2 |         2 
    Cariprazine |         5 |         5 
 Chlorpromazine |        26 |        26 
----------------+-----------+----------
          Total |       514 |       514 
(21 real changes made)

antipsychotic_m |       clozapine
      edication |         0          1 |     Total
----------------+----------------------+----------
              0 |       425          0 |       425 
    Amisulpride |        12          0 |        12 
   Aripiprazole |        23          0 |        23 
     Benperidol |         2          0 |         2 
    Cariprazine |         5          0 |         5 
 Chlorpromazine |        26          0 |        26 
      Clozapine |         0         21 |        21 
----------------+----------------------+----------
          Total |       493         21 |       514 
(4 real changes made)

antipsychotic_m |      droperidol
      edication |         0          1 |     Total
----------------+----------------------+----------
              0 |       421          0 |       421 
    Amisulpride |        12          0 |        12 
   Aripiprazole |        23          0 |        23 
     Benperidol |         2          0 |         2 
    Cariprazine |         5          0 |         5 
 Chlorpromazine |        26          0 |        26 
      Clozapine |        21          0 |        21 
     Droperidol |         0          4 |         4 
----------------+----------------------+----------
          Total |       510          4 |       514 
(21 real changes made)

antipsychotic_m |      flupentixol
      edication |         0          1 |     Total
----------------+----------------------+----------
              0 |       400          0 |       400 
    Amisulpride |        12          0 |        12 
   Aripiprazole |        23          0 |        23 
     Benperidol |         2          0 |         2 
    Cariprazine |         5          0 |         5 
 Chlorpromazine |        26          0 |        26 
      Clozapine |        21          0 |        21 
     Droperidol |         4          0 |         4 
    Flupentixol |         0         21 |        21 
----------------+----------------------+----------
          Total |       493         21 |       514 
(26 real changes made)

antipsychotic_m |     fluphenazine
      edication |         0          1 |     Total
----------------+----------------------+----------
              0 |       374          0 |       374 
    Amisulpride |        12          0 |        12 
   Aripiprazole |        23          0 |        23 
     Benperidol |         2          0 |         2 
    Cariprazine |         5          0 |         5 
 Chlorpromazine |        26          0 |        26 
      Clozapine |        21          0 |        21 
     Droperidol |         4          0 |         4 
    Flupentixol |        21          0 |        21 
   Fluphenazine |         0         26 |        26 
----------------+----------------------+----------
          Total |       488         26 |       514 
(47 real changes made)

antipsychotic_m |      haloperidol
      edication |         0          1 |     Total
----------------+----------------------+----------
              0 |       327          0 |       327 
    Amisulpride |        12          0 |        12 
   Aripiprazole |        23          0 |        23 
     Benperidol |         2          0 |         2 
    Cariprazine |         5          0 |         5 
 Chlorpromazine |        26          0 |        26 
      Clozapine |        21          0 |        21 
     Droperidol |         4          0 |         4 
    Flupentixol |        21          0 |        21 
   Fluphenazine |        26          0 |        26 
    Haloperidol |         0         47 |        47 
----------------+----------------------+----------
          Total |       467         47 |       514 
(12 real changes made)

antipsychotic_m |    levomepromazine
      edication |         0          1 |     Total
----------------+----------------------+----------
              0 |       315          0 |       315 
    Amisulpride |        12          0 |        12 
   Aripiprazole |        23          0 |        23 
     Benperidol |         2          0 |         2 
    Cariprazine |         5          0 |         5 
 Chlorpromazine |        26          0 |        26 
      Clozapine |        21          0 |        21 
     Droperidol |         4          0 |         4 
    Flupentixol |        21          0 |        21 
   Fluphenazine |        26          0 |        26 
    Haloperidol |        47          0 |        47 
Levomepromazine |         0         12 |        12 
----------------+----------------------+----------
          Total |       502         12 |       514 
(6 real changes made)

antipsychotic_m |       loxapine
      edication |         0          1 |     Total
----------------+----------------------+----------
              0 |       309          0 |       309 
    Amisulpride |        12          0 |        12 
   Aripiprazole |        23          0 |        23 
     Benperidol |         2          0 |         2 
    Cariprazine |         5          0 |         5 
 Chlorpromazine |        26          0 |        26 
      Clozapine |        21          0 |        21 
     Droperidol |         4          0 |         4 
    Flupentixol |        21          0 |        21 
   Fluphenazine |        26          0 |        26 
    Haloperidol |        47          0 |        47 
Levomepromazine |        12          0 |        12 
       Loxapine |         0          6 |         6 
----------------+----------------------+----------
          Total |       508          6 |       514 
(6 real changes made)

antipsychotic_m |      lurasidone
      edication |         0          1 |     Total
----------------+----------------------+----------
              0 |       303          0 |       303 
    Amisulpride |        12          0 |        12 
   Aripiprazole |        23          0 |        23 
     Benperidol |         2          0 |         2 
    Cariprazine |         5          0 |         5 
 Chlorpromazine |        26          0 |        26 
      Clozapine |        21          0 |        21 
     Droperidol |         4          0 |         4 
    Flupentixol |        21          0 |        21 
   Fluphenazine |        26          0 |        26 
    Haloperidol |        47          0 |        47 
Levomepromazine |        12          0 |        12 
       Loxapine |         6          0 |         6 
     Lurasidone |         0          6 |         6 
----------------+----------------------+----------
          Total |       508          6 |       514 
(1 real change made)

antipsychotic_m |       melperone
      edication |         0          1 |     Total
----------------+----------------------+----------
              0 |       302          0 |       302 
    Amisulpride |        12          0 |        12 
   Aripiprazole |        23          0 |        23 
     Benperidol |         2          0 |         2 
    Cariprazine |         5          0 |         5 
 Chlorpromazine |        26          0 |        26 
      Clozapine |        21          0 |        21 
     Droperidol |         4          0 |         4 
    Flupentixol |        21          0 |        21 
   Fluphenazine |        26          0 |        26 
    Haloperidol |        47          0 |        47 
Levomepromazine |        12          0 |        12 
       Loxapine |         6          0 |         6 
     Lurasidone |         6          0 |         6 
      Melperone |         0          1 |         1 
----------------+----------------------+----------
          Total |       513          1 |       514 
(46 real changes made)

antipsychotic_m |      olanzapine
      edication |         0          1 |     Total
----------------+----------------------+----------
              0 |       256          0 |       256 
    Amisulpride |        12          0 |        12 
   Aripiprazole |        23          0 |        23 
     Benperidol |         2          0 |         2 
    Cariprazine |         5          0 |         5 
 Chlorpromazine |        26          0 |        26 
      Clozapine |        21          0 |        21 
     Droperidol |         4          0 |         4 
    Flupentixol |        21          0 |        21 
   Fluphenazine |        26          0 |        26 
    Haloperidol |        47          0 |        47 
Levomepromazine |        12          0 |        12 
       Loxapine |         6          0 |         6 
     Lurasidone |         6          0 |         6 
      Melperone |         1          0 |         1 
     Olanzapine |         0         46 |        46 
----------------+----------------------+----------
          Total |       468         46 |       514 
(4 real changes made)

antipsychotic_m |      oxypertine
      edication |         0          1 |     Total
----------------+----------------------+----------
              0 |       252          0 |       252 
    Amisulpride |        12          0 |        12 
   Aripiprazole |        23          0 |        23 
     Benperidol |         2          0 |         2 
    Cariprazine |         5          0 |         5 
 Chlorpromazine |        26          0 |        26 
      Clozapine |        21          0 |        21 
     Droperidol |         4          0 |         4 
    Flupentixol |        21          0 |        21 
   Fluphenazine |        26          0 |        26 
    Haloperidol |        47          0 |        47 
Levomepromazine |        12          0 |        12 
       Loxapine |         6          0 |         6 
     Lurasidone |         6          0 |         6 
      Melperone |         1          0 |         1 
     Olanzapine |        46          0 |        46 
     Oxypertine |         0          4 |         4 
----------------+----------------------+----------
          Total |       510          4 |       514 
(24 real changes made)

antipsychotic_m |     paliperidone
      edication |         0          1 |     Total
----------------+----------------------+----------
              0 |       228          0 |       228 
    Amisulpride |        12          0 |        12 
   Aripiprazole |        23          0 |        23 
     Benperidol |         2          0 |         2 
    Cariprazine |         5          0 |         5 
 Chlorpromazine |        26          0 |        26 
      Clozapine |        21          0 |        21 
     Droperidol |         4          0 |         4 
    Flupentixol |        21          0 |        21 
   Fluphenazine |        26          0 |        26 
    Haloperidol |        47          0 |        47 
Levomepromazine |        12          0 |        12 
       Loxapine |         6          0 |         6 
     Lurasidone |         6          0 |         6 
      Melperone |         1          0 |         1 
     Olanzapine |        46          0 |        46 
     Oxypertine |         4          0 |         4 
   Paliperidone |         0         24 |        24 
----------------+----------------------+----------
          Total |       490         24 |       514 
(8 real changes made)

antipsychotic_m |      pericyazine
      edication |         0          1 |     Total
----------------+----------------------+----------
              0 |       220          0 |       220 
    Amisulpride |        12          0 |        12 
   Aripiprazole |        23          0 |        23 
     Benperidol |         2          0 |         2 
    Cariprazine |         5          0 |         5 
 Chlorpromazine |        26          0 |        26 
      Clozapine |        21          0 |        21 
     Droperidol |         4          0 |         4 
    Flupentixol |        21          0 |        21 
   Fluphenazine |        26          0 |        26 
    Haloperidol |        47          0 |        47 
Levomepromazine |        12          0 |        12 
       Loxapine |         6          0 |         6 
     Lurasidone |         6          0 |         6 
      Melperone |         1          0 |         1 
     Olanzapine |        46          0 |        46 
     Oxypertine |         4          0 |         4 
   Paliperidone |        24          0 |        24 
    Pericyazine |         0          8 |         8 
----------------+----------------------+----------
          Total |       506          8 |       514 
(12 real changes made)

antipsychotic_m |     perphenazine
      edication |         0          1 |     Total
----------------+----------------------+----------
              0 |       208          0 |       208 
    Amisulpride |        12          0 |        12 
   Aripiprazole |        23          0 |        23 
     Benperidol |         2          0 |         2 
    Cariprazine |         5          0 |         5 
 Chlorpromazine |        26          0 |        26 
      Clozapine |        21          0 |        21 
     Droperidol |         4          0 |         4 
    Flupentixol |        21          0 |        21 
   Fluphenazine |        26          0 |        26 
    Haloperidol |        47          0 |        47 
Levomepromazine |        12          0 |        12 
       Loxapine |         6          0 |         6 
     Lurasidone |         6          0 |         6 
      Melperone |         1          0 |         1 
     Olanzapine |        46          0 |        46 
     Oxypertine |         4          0 |         4 
   Paliperidone |        24          0 |        24 
    Pericyazine |         8          0 |         8 
   Perphenazine |         0         12 |        12 
----------------+----------------------+----------
          Total |       502         12 |       514 
(7 real changes made)

antipsychotic_m |       pimozide
      edication |         0          1 |     Total
----------------+----------------------+----------
              0 |       201          0 |       201 
    Amisulpride |        12          0 |        12 
   Aripiprazole |        23          0 |        23 
     Benperidol |         2          0 |         2 
    Cariprazine |         5          0 |         5 
 Chlorpromazine |        26          0 |        26 
      Clozapine |        21          0 |        21 
     Droperidol |         4          0 |         4 
    Flupentixol |        21          0 |        21 
   Fluphenazine |        26          0 |        26 
    Haloperidol |        47          0 |        47 
Levomepromazine |        12          0 |        12 
       Loxapine |         6          0 |         6 
     Lurasidone |         6          0 |         6 
      Melperone |         1          0 |         1 
     Olanzapine |        46          0 |        46 
     Oxypertine |         4          0 |         4 
   Paliperidone |        24          0 |        24 
    Pericyazine |         8          0 |         8 
   Perphenazine |        12          0 |        12 
       Pimozide |         0          7 |         7 
----------------+----------------------+----------
          Total |       507          7 |       514 
(8 real changes made)

antipsychotic_m |       promazine
      edication |         0          1 |     Total
----------------+----------------------+----------
              0 |       193          0 |       193 
    Amisulpride |        12          0 |        12 
   Aripiprazole |        23          0 |        23 
     Benperidol |         2          0 |         2 
    Cariprazine |         5          0 |         5 
 Chlorpromazine |        26          0 |        26 
      Clozapine |        21          0 |        21 
     Droperidol |         4          0 |         4 
    Flupentixol |        21          0 |        21 
   Fluphenazine |        26          0 |        26 
    Haloperidol |        47          0 |        47 
Levomepromazine |        12          0 |        12 
       Loxapine |         6          0 |         6 
     Lurasidone |         6          0 |         6 
      Melperone |         1          0 |         1 
     Olanzapine |        46          0 |        46 
     Oxypertine |         4          0 |         4 
   Paliperidone |        24          0 |        24 
    Pericyazine |         8          0 |         8 
   Perphenazine |        12          0 |        12 
       Pimozide |         7          0 |         7 
      Promazine |         0          8 |         8 
----------------+----------------------+----------
          Total |       506          8 |       514 
(83 real changes made)

antipsychotic_m |      quetiapine
      edication |         0          1 |     Total
----------------+----------------------+----------
              0 |       110          0 |       110 
    Amisulpride |        12          0 |        12 
   Aripiprazole |        23          0 |        23 
     Benperidol |         2          0 |         2 
    Cariprazine |         5          0 |         5 
 Chlorpromazine |        26          0 |        26 
      Clozapine |        21          0 |        21 
     Droperidol |         4          0 |         4 
    Flupentixol |        21          0 |        21 
   Fluphenazine |        26          0 |        26 
    Haloperidol |        47          0 |        47 
Levomepromazine |        12          0 |        12 
       Loxapine |         6          0 |         6 
     Lurasidone |         6          0 |         6 
      Melperone |         1          0 |         1 
     Olanzapine |        46          0 |        46 
     Oxypertine |         4          0 |         4 
   Paliperidone |        24          0 |        24 
    Pericyazine |         8          0 |         8 
   Perphenazine |        12          0 |        12 
       Pimozide |         7          0 |         7 
      Promazine |         8          0 |         8 
     Quetiapine |         0         83 |        83 
----------------+----------------------+----------
          Total |       431         83 |       514 
(32 real changes made)

antipsychotic_m |      risperidone
      edication |         0          1 |     Total
----------------+----------------------+----------
              0 |        78          0 |        78 
    Amisulpride |        12          0 |        12 
   Aripiprazole |        23          0 |        23 
     Benperidol |         2          0 |         2 
    Cariprazine |         5          0 |         5 
 Chlorpromazine |        26          0 |        26 
      Clozapine |        21          0 |        21 
     Droperidol |         4          0 |         4 
    Flupentixol |        21          0 |        21 
   Fluphenazine |        26          0 |        26 
    Haloperidol |        47          0 |        47 
Levomepromazine |        12          0 |        12 
       Loxapine |         6          0 |         6 
     Lurasidone |         6          0 |         6 
      Melperone |         1          0 |         1 
     Olanzapine |        46          0 |        46 
     Oxypertine |         4          0 |         4 
   Paliperidone |        24          0 |        24 
    Pericyazine |         8          0 |         8 
   Perphenazine |        12          0 |        12 
       Pimozide |         7          0 |         7 
      Promazine |         8          0 |         8 
     Quetiapine |        83          0 |        83 
    Risperidone |         0         32 |        32 
----------------+----------------------+----------
          Total |       482         32 |       514 
(8 real changes made)

antipsychotic_m |      sertindole
      edication |         0          1 |     Total
----------------+----------------------+----------
              0 |        70          0 |        70 
    Amisulpride |        12          0 |        12 
   Aripiprazole |        23          0 |        23 
     Benperidol |         2          0 |         2 
    Cariprazine |         5          0 |         5 
 Chlorpromazine |        26          0 |        26 
      Clozapine |        21          0 |        21 
     Droperidol |         4          0 |         4 
    Flupentixol |        21          0 |        21 
   Fluphenazine |        26          0 |        26 
    Haloperidol |        47          0 |        47 
Levomepromazine |        12          0 |        12 
       Loxapine |         6          0 |         6 
     Lurasidone |         6          0 |         6 
      Melperone |         1          0 |         1 
     Olanzapine |        46          0 |        46 
     Oxypertine |         4          0 |         4 
   Paliperidone |        24          0 |        24 
    Pericyazine |         8          0 |         8 
   Perphenazine |        12          0 |        12 
       Pimozide |         7          0 |         7 
      Promazine |         8          0 |         8 
     Quetiapine |        83          0 |        83 
    Risperidone |        32          0 |        32 
     Sertindole |         0          8 |         8 
----------------+----------------------+----------
          Total |       506          8 |       514 
(7 real changes made)

antipsychotic_m |       sulpiride
      edication |         0          1 |     Total
----------------+----------------------+----------
              0 |        63          0 |        63 
    Amisulpride |        12          0 |        12 
   Aripiprazole |        23          0 |        23 
     Benperidol |         2          0 |         2 
    Cariprazine |         5          0 |         5 
 Chlorpromazine |        26          0 |        26 
      Clozapine |        21          0 |        21 
     Droperidol |         4          0 |         4 
    Flupentixol |        21          0 |        21 
   Fluphenazine |        26          0 |        26 
    Haloperidol |        47          0 |        47 
Levomepromazine |        12          0 |        12 
       Loxapine |         6          0 |         6 
     Lurasidone |         6          0 |         6 
      Melperone |         1          0 |         1 
     Olanzapine |        46          0 |        46 
     Oxypertine |         4          0 |         4 
   Paliperidone |        24          0 |        24 
    Pericyazine |         8          0 |         8 
   Perphenazine |        12          0 |        12 
       Pimozide |         7          0 |         7 
      Promazine |         8          0 |         8 
     Quetiapine |        83          0 |        83 
    Risperidone |        32          0 |        32 
     Sertindole |         8          0 |         8 
      Sulpiride |         0          7 |         7 
----------------+----------------------+----------
          Total |       507          7 |       514 
(16 real changes made)

antipsychotic_m |     thioridazine
      edication |         0          1 |     Total
----------------+----------------------+----------
              0 |        47          0 |        47 
    Amisulpride |        12          0 |        12 
   Aripiprazole |        23          0 |        23 
     Benperidol |         2          0 |         2 
    Cariprazine |         5          0 |         5 
 Chlorpromazine |        26          0 |        26 
      Clozapine |        21          0 |        21 
     Droperidol |         4          0 |         4 
    Flupentixol |        21          0 |        21 
   Fluphenazine |        26          0 |        26 
    Haloperidol |        47          0 |        47 
Levomepromazine |        12          0 |        12 
       Loxapine |         6          0 |         6 
     Lurasidone |         6          0 |         6 
      Melperone |         1          0 |         1 
     Olanzapine |        46          0 |        46 
     Oxypertine |         4          0 |         4 
   Paliperidone |        24          0 |        24 
    Pericyazine |         8          0 |         8 
   Perphenazine |        12          0 |        12 
       Pimozide |         7          0 |         7 
      Promazine |         8          0 |         8 
     Quetiapine |        83          0 |        83 
    Risperidone |        32          0 |        32 
     Sertindole |         8          0 |         8 
      Sulpiride |         7          0 |         7 
   Thioridazine |         0         16 |        16 
----------------+----------------------+----------
          Total |       498         16 |       514 
(18 real changes made)

antipsychotic_m |    trifluoperazine
      edication |         0          1 |     Total
----------------+----------------------+----------
              0 |        29          0 |        29 
    Amisulpride |        12          0 |        12 
   Aripiprazole |        23          0 |        23 
     Benperidol |         2          0 |         2 
    Cariprazine |         5          0 |         5 
 Chlorpromazine |        26          0 |        26 
      Clozapine |        21          0 |        21 
     Droperidol |         4          0 |         4 
    Flupentixol |        21          0 |        21 
   Fluphenazine |        26          0 |        26 
    Haloperidol |        47          0 |        47 
Levomepromazine |        12          0 |        12 
       Loxapine |         6          0 |         6 
     Lurasidone |         6          0 |         6 
      Melperone |         1          0 |         1 
     Olanzapine |        46          0 |        46 
     Oxypertine |         4          0 |         4 
   Paliperidone |        24          0 |        24 
    Pericyazine |         8          0 |         8 
   Perphenazine |        12          0 |        12 
       Pimozide |         7          0 |         7 
      Promazine |         8          0 |         8 
     Quetiapine |        83          0 |        83 
    Risperidone |        32          0 |        32 
     Sertindole |         8          0 |         8 
      Sulpiride |         7          0 |         7 
   Thioridazine |        16          0 |        16 
Trifluoperazine |         0         18 |        18 
----------------+----------------------+----------
          Total |       496         18 |       514 
(1 real change made)

antipsychotic_m |      ziprasidone
      edication |         0          1 |     Total
----------------+----------------------+----------
              0 |        28          0 |        28 
    Amisulpride |        12          0 |        12 
   Aripiprazole |        23          0 |        23 
     Benperidol |         2          0 |         2 
    Cariprazine |         5          0 |         5 
 Chlorpromazine |        26          0 |        26 
      Clozapine |        21          0 |        21 
     Droperidol |         4          0 |         4 
    Flupentixol |        21          0 |        21 
   Fluphenazine |        26          0 |        26 
    Haloperidol |        47          0 |        47 
Levomepromazine |        12          0 |        12 
       Loxapine |         6          0 |         6 
     Lurasidone |         6          0 |         6 
      Melperone |         1          0 |         1 
     Olanzapine |        46          0 |        46 
     Oxypertine |         4          0 |         4 
   Paliperidone |        24          0 |        24 
    Pericyazine |         8          0 |         8 
   Perphenazine |        12          0 |        12 
       Pimozide |         7          0 |         7 
      Promazine |         8          0 |         8 
     Quetiapine |        83          0 |        83 
    Risperidone |        32          0 |        32 
     Sertindole |         8          0 |         8 
      Sulpiride |         7          0 |         7 
   Thioridazine |        16          0 |        16 
Trifluoperazine |        18          0 |        18 
    Ziprasidone |         0          1 |         1 
----------------+----------------------+----------
          Total |       513          1 |       514 
(6 real changes made)

antipsychotic_m |       zotepine
      edication |         0          1 |     Total
----------------+----------------------+----------
              0 |        22          0 |        22 
    Amisulpride |        12          0 |        12 
   Aripiprazole |        23          0 |        23 
     Benperidol |         2          0 |         2 
    Cariprazine |         5          0 |         5 
 Chlorpromazine |        26          0 |        26 
      Clozapine |        21          0 |        21 
     Droperidol |         4          0 |         4 
    Flupentixol |        21          0 |        21 
   Fluphenazine |        26          0 |        26 
    Haloperidol |        47          0 |        47 
Levomepromazine |        12          0 |        12 
       Loxapine |         6          0 |         6 
     Lurasidone |         6          0 |         6 
      Melperone |         1          0 |         1 
     Olanzapine |        46          0 |        46 
     Oxypertine |         4          0 |         4 
   Paliperidone |        24          0 |        24 
    Pericyazine |         8          0 |         8 
   Perphenazine |        12          0 |        12 
       Pimozide |         7          0 |         7 
      Promazine |         8          0 |         8 
     Quetiapine |        83          0 |        83 
    Risperidone |        32          0 |        32 
     Sertindole |         8          0 |         8 
      Sulpiride |         7          0 |         7 
   Thioridazine |        16          0 |        16 
Trifluoperazine |        18          0 |        18 
    Ziprasidone |         1          0 |         1 
       Zotepine |         0          6 |         6 
----------------+----------------------+----------
          Total |       508          6 |       514 
(14 real changes made)

antipsychotic_m |    zuclopenthixol
      edication |         0          1 |     Total
----------------+----------------------+----------
              0 |         8          0 |         8 
    Amisulpride |        12          0 |        12 
   Aripiprazole |        23          0 |        23 
     Benperidol |         2          0 |         2 
    Cariprazine |         5          0 |         5 
 Chlorpromazine |        26          0 |        26 
      Clozapine |        21          0 |        21 
     Droperidol |         4          0 |         4 
    Flupentixol |        21          0 |        21 
   Fluphenazine |        26          0 |        26 
    Haloperidol |        47          0 |        47 
Levomepromazine |        12          0 |        12 
       Loxapine |         6          0 |         6 
     Lurasidone |         6          0 |         6 
      Melperone |         1          0 |         1 
     Olanzapine |        46          0 |        46 
     Oxypertine |         4          0 |         4 
   Paliperidone |        24          0 |        24 
    Pericyazine |         8          0 |         8 
   Perphenazine |        12          0 |        12 
       Pimozide |         7          0 |         7 
      Promazine |         8          0 |         8 
     Quetiapine |        83          0 |        83 
    Risperidone |        32          0 |        32 
     Sertindole |         8          0 |         8 
      Sulpiride |         7          0 |         7 
   Thioridazine |        16          0 |        16 
Trifluoperazine |        18          0 |        18 
    Ziprasidone |         1          0 |         1 
       Zotepine |         6          0 |         6 
 Zuclopenthixol |         0         14 |        14 
----------------+----------------------+----------
          Total |       500         14 |       514 
(4 real changes made)

antipsychotic_m |      pipotiazine
      edication |         0          1 |     Total
----------------+----------------------+----------
              0 |         4          0 |         4 
    Amisulpride |        12          0 |        12 
   Aripiprazole |        23          0 |        23 
     Benperidol |         2          0 |         2 
    Cariprazine |         5          0 |         5 
 Chlorpromazine |        26          0 |        26 
      Clozapine |        21          0 |        21 
     Droperidol |         4          0 |         4 
    Flupentixol |        21          0 |        21 
   Fluphenazine |        26          0 |        26 
    Haloperidol |        47          0 |        47 
Levomepromazine |        12          0 |        12 
       Loxapine |         6          0 |         6 
     Lurasidone |         6          0 |         6 
      Melperone |         1          0 |         1 
     Olanzapine |        46          0 |        46 
     Oxypertine |         4          0 |         4 
   Paliperidone |        24          0 |        24 
    Pericyazine |         8          0 |         8 
   Perphenazine |        12          0 |        12 
       Pimozide |         7          0 |         7 
      Promazine |         8          0 |         8 
     Quetiapine |        83          0 |        83 
    Risperidone |        32          0 |        32 
     Sertindole |         8          0 |         8 
      Sulpiride |         7          0 |         7 
   Thioridazine |        16          0 |        16 
Trifluoperazine |        18          0 |        18 
    Ziprasidone |         1          0 |         1 
       Zotepine |         6          0 |         6 
 Zuclopenthixol |        14          0 |        14 
    Pipotiazine |         0          4 |         4 
----------------+----------------------+----------
          Total |       510          4 |       514 
(4 real changes made)

antipsychotic_m |       asenapine
      edication |         0          1 |     Total
----------------+----------------------+----------
    Amisulpride |        12          0 |        12 
   Aripiprazole |        23          0 |        23 
     Benperidol |         2          0 |         2 
    Cariprazine |         5          0 |         5 
 Chlorpromazine |        26          0 |        26 
      Clozapine |        21          0 |        21 
     Droperidol |         4          0 |         4 
    Flupentixol |        21          0 |        21 
   Fluphenazine |        26          0 |        26 
    Haloperidol |        47          0 |        47 
Levomepromazine |        12          0 |        12 
       Loxapine |         6          0 |         6 
     Lurasidone |         6          0 |         6 
      Melperone |         1          0 |         1 
     Olanzapine |        46          0 |        46 
     Oxypertine |         4          0 |         4 
   Paliperidone |        24          0 |        24 
    Pericyazine |         8          0 |         8 
   Perphenazine |        12          0 |        12 
       Pimozide |         7          0 |         7 
      Promazine |         8          0 |         8 
     Quetiapine |        83          0 |        83 
    Risperidone |        32          0 |        32 
     Sertindole |         8          0 |         8 
      Sulpiride |         7          0 |         7 
   Thioridazine |        16          0 |        16 
Trifluoperazine |        18          0 |        18 
    Ziprasidone |         1          0 |         1 
       Zotepine |         6          0 |         6 
 Zuclopenthixol |        14          0 |        14 
    Pipotiazine |         4          0 |         4 
      Asenapine |         0          4 |         4 
----------------+----------------------+----------
          Total |       510          4 |       514 

. recode antipsychotic_medication (0 = .)
(0 changes made to antipsychotic_medication)

. tab1 antipsychotic_medication, missing

-> tabulation of antipsychotic_medication  

antipsychotic_m |
      edication |      Freq.     Percent        Cum.
----------------+-----------------------------------
    Amisulpride |         12        2.33        2.33
   Aripiprazole |         23        4.47        6.81
     Benperidol |          2        0.39        7.20
    Cariprazine |          5        0.97        8.17
 Chlorpromazine |         26        5.06       13.23
      Clozapine |         21        4.09       17.32
     Droperidol |          4        0.78       18.09
    Flupentixol |         21        4.09       22.18
   Fluphenazine |         26        5.06       27.24
    Haloperidol |         47        9.14       36.38
Levomepromazine |         12        2.33       38.72
       Loxapine |          6        1.17       39.88
     Lurasidone |          6        1.17       41.05
      Melperone |          1        0.19       41.25
     Olanzapine |         46        8.95       50.19
     Oxypertine |          4        0.78       50.97
   Paliperidone |         24        4.67       55.64
    Pericyazine |          8        1.56       57.20
   Perphenazine |         12        2.33       59.53
       Pimozide |          7        1.36       60.89
      Promazine |          8        1.56       62.45
     Quetiapine |         83       16.15       78.60
    Risperidone |         32        6.23       84.82
     Sertindole |          8        1.56       86.38
      Sulpiride |          7        1.36       87.74
   Thioridazine |         16        3.11       90.86
Trifluoperazine |         18        3.50       94.36
    Ziprasidone |          1        0.19       94.55
       Zotepine |          6        1.17       95.72
 Zuclopenthixol |         14        2.72       98.44
    Pipotiazine |          4        0.78       99.22
      Asenapine |          4        0.78      100.00
----------------+-----------------------------------
          Total |        514      100.00

. 
. 
. // (OPTIONAL) STEP 6. COMPARE AGAINST PRE-EXISTING LIST
. //======================================================
. 
. //Compare against LSHTM list
. preserve

.         import delimited https://datacompass.lshtm.ac.uk/id/eprint/2796/2/antipsychotics_aurum_feb21.txt, stringcols(1 2) favorstrfixed clear
(encoding automatically selected: ISO-8859-1)
(6 vars, 188 obs)

.         
.         tab1 bnfchapter drugsubstancename, missing

-> tabulation of bnfchapter  

 bnfchapter |      Freq.     Percent        Cum.
------------+-----------------------------------
            |         80       42.55       42.55
    4020100 |         84       44.68       87.23
    4020200 |         24       12.77      100.00
------------+-----------------------------------
      Total |        188      100.00

-> tabulation of drugsubstancename  

              drugsubstancename |      Freq.     Percent        Cum.
--------------------------------+-----------------------------------
                    amisulpride |         12        6.38        6.38
                   aripiprazole |         25       13.30       19.68
                      clozapine |         24       12.77       32.45
       lurasidone hydrochloride |          6        3.19       35.64
                     olanzapine |         48       25.53       61.17
olanzapine embonate monohydrate |          6        3.19       64.36
                   paliperidone |          6        3.19       67.55
         paliperidone palmitate |         16        8.51       76.06
                    risperidone |         31       16.49       92.55
                     sertindole |          8        4.26       96.81
                       zotepine |          6        3.19      100.00
--------------------------------+-----------------------------------
                          Total |        188      100.00

.         keep prodcodeid termfromemis drugsubstancename

.         
.         local name "lshtm_2796"

.         
.         rename * *_ext

.         rename prodcodeid_ext prodcodeid

.         generate byte `name' = 1

.         
.         count
  188

.         merge 1:1 prodcodeid using `product'

    Result                      Number of obs
    -----------------------------------------
    Not matched                        73,328
        from master                        13  (_merge==1)
        from using                     73,315  (_merge==2)

    Matched                               175  (_merge==3)
    -----------------------------------------

.         list prodcodeid termfromemis_ext drugsubstancename_ext if _merge == 1

       +---------------------------------------------------------------------------------------------------------------------------------------------------------+
       |        prodcodeid                                                                                    termfromemis_ext             drugsubstancename_ext |
       |---------------------------------------------------------------------------------------------------------------------------------------------------------|
   38. | 12990541000033113                                                       arpoya 15mg tablets (torrent pharma (uk) ltd)                      aripiprazole |
   39. | 12990641000033114                                                       arpoya 30mg tablets (torrent pharma (uk) ltd)                      aripiprazole |
   46. | 13158941000033115                                           zaponex 12.5mg orodispersible tablets (leyden delta b.v.)                         clozapine |
   48. | 13159141000033111                                             zaponex 25mg orodispersible tablets (leyden delta b.v.)                         clozapine |
   49. | 13159241000033116                                             zaponex 50mg orodispersible tablets (leyden delta b.v.)                         clozapine |
       |---------------------------------------------------------------------------------------------------------------------------------------------------------|
   96. |  3030941000033114                    zyprexa 10mg powder for solution for injection vials (eli lilly and company ltd)                        olanzapine |
  141. |  5565041000033117   zypadhera 210mg powder and solvent for suspension for injection vials (eli lilly and company ltd)   olanzapine embonate monohydrate |
  164. |  6457241000033117                                                       zalasta 7.5mg tablets (consilient health ltd)                        olanzapine |
  167. |  6465541000033119                                         zalasta 20mg orodispersible tablets (consilient health ltd)                        olanzapine |
  173. |  6514941000033116                                                        arkolamyl 5mg orodispersible tablets (mylan)                        olanzapine |
       |---------------------------------------------------------------------------------------------------------------------------------------------------------|
  174. |  6515041000033116                                                       arkolamyl 10mg orodispersible tablets (mylan)                        olanzapine |
  175. |  6515141000033117                                                       arkolamyl 15mg orodispersible tablets (mylan)                        olanzapine |
  176. |  6515241000033112                                                       arkolamyl 20mg orodispersible tablets (mylan)                        olanzapine |
       +---------------------------------------------------------------------------------------------------------------------------------------------------------+

.         keep if _merge == 3
(73,328 observations deleted)

.         keep prodcodeid `name'

. 
.         tempfile `name'

.         compress
  (0 bytes saved)

.         save ``name''
file C:\Users\rmjlton.AD\AppData\Local\Temp\ST_5244_000004.tmp saved as .dta format

. restore

. 
. //Everything from LSHTM list is already included
. merge 1:1 prodcodeid using `lshtm_2796'

    Result                      Number of obs
    -----------------------------------------
    Not matched                           339
        from master                       339  (_merge==1)
        from using                          0  (_merge==2)

    Matched                               175  (_merge==3)
    -----------------------------------------

. list prodcodeid termfromemis drugsubstancename if _merge == 2

. drop if _merge == 2
(0 observations deleted)

. drop _merge

. 
. 
. // STEP 7. EXPORT CODELIST FOR REVIEW BY A CLINICIAN
. //===================================================
. 
. drop bnf0402*  //these only label the codes with BNF codes so aren't perfect

. gsort /**/antipsychotic_medication/**/ -drugissues dmdid

. compress
  (0 bytes saved)

. save `filename', replace
file antipsychotics.dta saved

. export excel `filename'_raw.xlsx, firstrow(variables) replace
file antipsychotics_raw.xlsx saved

. 
. //Format Excel file using Python
. python:
----------------------------------------------- python (type end to exit) ------------------------------------------------------------------------------------------------------
>>> from openpyxl import load_workbook, Workbook
>>> 
>>> excel_file = "`filename'_raw.xlsx"
>>> 
>>> wb = load_workbook(excel_file)
>>> ws = wb.active
>>> 
>>> # Freeze top row
... ws.freeze_panes = 'A2'
>>> 
>>> # Auto-size column widths
... for column in ws.columns:
...         max_length = 0
...         column_letter = column[0].column_letter
... 
...         for cell in column:
...                 try:
...                         if len(str(cell.value)) > max_length:
...                                 max_length = len(cell.value)
...                 except:
...                         pass
... 
...         adjusted_width = (max_length + 2) * 0.92   # this is a bit arbitrary
...         ws.column_dimensions[column_letter].width = adjusted_width
... 
>>> wb.save(excel_file)
>>> end
--------------------------------------------------------------------------------------------------------------------------------------------------------------------------------

. /*
> Make sure that reviewing clinician's initials are appended to the end of the file name after reviewing.
> 
> e.g. codelist_raw_ABC.xlsx
> */
. 
. 
. // STEP 8. RESTRICT CODELIST TO CODES APPROVED BY CLINICIAN AND SAVE
. //===================================================================
. /*
> //Load clinician classifications
> local clinician "ABC"
> 
> import excel `filename'_raw_`clinician', firstrow clear
> 
> //Remerge with original in case of any formatting issues with Excel spreadsheet
> keep medcodeid `clinician'
> 
> tempfile `clinician'_classification
> save ``clinician'_classification'
> 
> use `filename', clear
> 
> merge 1:1 medcodeid using ``clinician'_classification', nogenerate
> recode `clinician' (. = 0)
> 
> //Remove codes marked for exclusion by clinician
> display "Terms excluded by clinician..."
> list medcodeid snomedctconceptid term if `clinician' == 0
> drop if `clinician' == 0
> 
> //Save clinican approved codelist
> gsort /**/antipsychotic_medication/**/ -drugissues dmdid
> drop `clinician'
> compress
> save `filename', replace*/
. export delimited `filename', replace quote
file antipsychotics.csv saved

. 
. 
. // STEP 9. GENERATE METADATA FILE
. //================================
. 
. //=**Update details here, everything else is automated**========================
. local description "Antipsychotics"

. local code_type "prodcodeid (dm+d / SNOMED CT)"

. local database "CPRD Aurum"

. local database_version = ym(real(substr("`aurum_build'", 1, 4)), ///
>                                                         real(substr("`aurum_build'", 5, 2)))

. local author "Philip Stone"

. local date = ym(2025, 3)  //year, month

. local clinical_reviewer ""

. local date_approved = . //ym(2025, 3)  //year, month

. local notes "Created for PRIORITY study"

. local keywords "amisulpride aripiprazole benperidol cariprazine chlorpromazine chlorprothixene clozapine droperidol flupentixol fluphenazine haloperidol levomepromazine loxap
> ine lurasidone melperone olanzapine oxypertine paliperidone pericyazine perphenazine pimozide promazine quetiapine risperidone sertindole sulpiride thioridazine trifluoperazi
> ne ziprasidone zotepine zuclopenthixol pipotiazine asenapine"

. //==============================================================================
. 
. clear

. gen v1 = ""

. gen v2 = .

. format %tmMon_CCYY v2

. set obs 10
Number of observations (_N) was 0, now 10.

. 
. replace v1 = "`description'" in 1
variable v1 was str1 now str14
(1 real change made)

. replace v1 = "`code_type'" in 2
variable v1 was str14 now str29
(1 real change made)

. replace v1 = "`database'" in 3
(1 real change made)

. replace v2 = `database_version' in 4
(1 real change made)

. replace v1 = "`author'" in 5
(1 real change made)

. replace v2 = `date' in 6
(1 real change made)

. replace v1 = "`clinical_reviewer'" in 7
(0 real changes made)

. replace v2 = `date_approved' in 8
(0 real changes made)

. replace v1 = "`notes'" in 9
(1 real change made)

. replace v1 = "`keywords'" in 10
variable v1 was str29 now str392
(1 real change made)

. 
. tostring v2, replace usedisplayformat force
v2 was float now str8
v2 was forced to string; some loss of information

. replace v1 = v2 in 4
(1 real change made)

. replace v1 = v2 in 6
(1 real change made)

. replace v1 = v2 in 8
(1 real change made)

. drop v2

. 
. export delimited "`filename'.meta", replace novarnames delimiter(tab)
file antipsychotics.meta saved

. 
. 
. use "`filename'", clear  //So that you can see results of search after do file run

. 
.         
. log close
      name:  <unnamed>
       log:  C:\Users\rmjlton.AD\Documents\GitHub\priority\codelists\antipsychotics.log
  log type:  text
 closed on:  13 Mar 2025, 22:26:01
--------------------------------------------------------------------------------------------------------------------------------------------------------------------------------
