prodcodeid,drugissues,dmdid,termfromemis,productname,formulation,routeofadministration,drugsubstancename,substancestrength,bnfchapt,bnfcode,bnfcodeshort,bnfname,bnf0205,bnf020501,bnf020502,bnf020503,bnf020504,bnf020505,bnf02050501,bnf02050502,bnf02050503,bnf020508,antihypertensive,antihypertensive_medication,external_codelist,lshtm_2102,lshtm_2187,lshtm_2814,lshtm_3590,hdruk_1595,oc_opensafely_combbpmed
"3083141000033112",100000000,"317919004","Bendroflumethiazide 2.5mg tablets","Bendroflumethiazide 2.5mg tablets","Tablet","Oral","Bendroflumethiazide","2.500mg","02020100","","","",,,,,,,,,,,,,1,,,,1,,
"3038041000033111",80000000,"39732011000001102","Amlodipine 5mg tablets","Amlodipine 5mg tablets","Tablet","Oral","Amlodipine","5.000mg","02060200","0206020A0AAAAAA","02060200","Amlodipine 5mg tablets",,,,,,,,,,,,,1,,,,1,1,
"3092341000033115",60000000,"317972000","Furosemide 40mg tablets","Furosemide 40mg tablets","Tablet","Oral","Furosemide","40.000mg","02020200","","","",,,,,,,,,,,,,1,,,,1,,
"91141000033119",50000000,"318420003","Atenolol 50mg tablets","Atenolol 50mg tablets","Tablet","Oral","Atenolol","50.000mg","02040000","","","",,,,,,,,,,,,,1,,,,1,,
"1769841000033111",50000000,"318906001","Ramipril 10mg capsules","Ramipril 10mg capsules","Capsule","Oral","Ramipril","10.000mg","02050501","","","",1,,,,,1,1,,,,1,"Ramipril",1,1,1,1,1,,
"3038141000033110",50000000,"39731911000001109","Amlodipine 10mg tablets","Amlodipine 10mg tablets","Tablet","Oral","Amlodipine","10.000mg","02060200","0206020A0AAABAB","02060200","Amlodipine 10mg tablets",,,,,,,,,,,,,1,,,,1,1,
"1151541000033112",40000000,"318902004","Ramipril 5mg capsules","Ramipril 5mg capsules","Capsule","Oral","Ramipril","5.000mg","02050501","","","",1,,,,,1,1,,,,1,"Ramipril",1,1,1,1,1,,
"1951741000033119",30000000,"318605000","Bisoprolol 2.5mg tablets","Bisoprolol 2.5mg tablets","Tablet","Oral","Bisoprolol fumarate","2.500mg","02040000","","","",,,,,,,,,,,,,1,1,1,1,1,,
"1151441000033111",30000000,"318901006","Ramipril 2.5mg capsules","Ramipril 2.5mg capsules","Capsule","Oral","Ramipril","2.500mg","02050501","","","",1,,,,,1,1,,,,1,"Ramipril",1,1,1,1,1,,
"3092241000033113",20000000,"317971007","Furosemide 20mg tablets","Furosemide 20mg tablets","Tablet","Oral","Furosemide","20.000mg","02020200","","","",,,,,,,,,,,,,1,,,,1,,
"91041000033118",20000000,"318421004","Atenolol 100mg tablets","Atenolol 100mg tablets","Tablet","Oral","Atenolol","100.000mg","02040000","","","",,,,,,,,,,,,,1,,,,1,,
"90641000033116",20000000,"318434003","Atenolol 25mg tablets","Atenolol 25mg tablets","Tablet","Oral","Atenolol","25.000mg","02040000","","","",,,,,,,,,,,,,1,,,,1,,
"151341000033117",20000000,"318590006","Bisoprolol 5mg tablets","Bisoprolol 5mg tablets","Tablet","Oral","Bisoprolol fumarate","5.000mg","02040000","","","",,,,,,,,,,,,,1,1,1,1,1,,
"1951641000033111",20000000,"318604001","Bisoprolol 1.25mg tablets","Bisoprolol 1.25mg tablets","Tablet","Oral","Bisoprolol fumarate","1.250mg","02040000","","","",,,,,,,,,,,,,1,1,1,1,1,,
"480841000033112",20000000,"318783003","Doxazosin 4mg tablets","Doxazosin 4mg tablets","Tablet","Oral","Doxazosin mesilate","4.000mg","02050400","","","",1,,,,1,,,,,,1,"Doxazosin",1,,,,1,,
"837841000033110",20000000,"318859000","Lisinopril 10mg tablets","Lisinopril 10mg tablets","Tablet","Oral","Lisinopril","10.000mg","02050501","","","",1,,,,,1,1,,,,1,"Lisinopril",1,1,1,1,1,,
"838041000033116",20000000,"318860005","Lisinopril 20mg tablets","Lisinopril 20mg tablets","Tablet","Oral","Lisinopril","20.000mg","02050501","","","",1,,,,,1,1,,,,1,"Lisinopril",1,1,1,1,1,,
"1067941000033111",20000000,"318897000","Perindopril erbumine 4mg tablets","Perindopril erbumine 4mg tablets","Tablet","Oral","Perindopril erbumine","4.000mg","02050501","","","",1,,,,,1,1,,,,1,"Perindopril",1,1,1,1,1,,
"851941000033113",20000000,"318956006","Losartan 50mg tablets","Losartan 50mg tablets","Tablet","Oral","Losartan potassium","50.000mg","02050502","","","",1,,,,,1,,1,,,1,"Losartan",1,1,1,1,1,,
"172441000033118",10000000,"318021009","Bumetanide 1mg tablets","Bumetanide 1mg tablets","Tablet","Oral","Bumetanide","1.000mg","02020200","","","",,,,,,,,,,,,,1,,,,1,,
"1374241000033118",10000000,"318056008","Spironolactone 25mg tablets","Spironolactone 25mg tablets","Tablet","Oral","Spironolactone","25.000mg","02020300","","","",,,,,,,,,,,,,1,,,,1,,
"1135241000033113",10000000,"318353009","Propranolol 40mg tablets","Propranolol 40mg tablets","Tablet","Oral","Propranolol hydrochloride","40.000mg","02040000","","","",,,,,,,,,,,,,1,1,1,1,1,,
"514741000033117",10000000,"318591005","Bisoprolol 10mg tablets","Bisoprolol 10mg tablets","Tablet","Oral","Bisoprolol fumarate","10.000mg","02040000","","","",,,,,,,,,,,,,1,1,1,1,1,,
"480741000033119",10000000,"318782008","Doxazosin 2mg tablets","Doxazosin 2mg tablets","Tablet","Oral","Doxazosin mesilate","2.000mg","02050400","","","",1,,,,1,,,,,,1,"Doxazosin",1,,,,1,,
"838141000033117",10000000,"318858008","Lisinopril 5mg tablets","Lisinopril 5mg tablets","Tablet","Oral","Lisinopril","5.000mg","02050501","","","",1,,,,,1,1,,,,1,"Lisinopril",1,1,1,1,1,,
"1067841000033115",10000000,"318896009","Perindopril erbumine 2mg tablets","Perindopril erbumine 2mg tablets","Tablet","Oral","Perindopril erbumine","2.000mg","02050501","","","",1,,,,,1,1,,,,1,"Perindopril",1,1,1,1,1,,
"1151341000033117",10000000,"318900007","Ramipril 1.25mg capsules","Ramipril 1.25mg capsules","Capsule","Oral","Ramipril","1.250mg","02050501","","","",1,,,,,1,1,,,,1,"Ramipril",1,1,1,1,1,,
"211841000033117",10000000,"318979007","Candesartan 8mg tablets","Candesartan 8mg tablets","Tablet","Oral","Candesartan cilexetil","8.000mg","02050502","","","",1,,,,,1,,1,,,1,"Candesartan",1,1,1,1,1,,
"2846741000033119",10000000,"374667004","Perindopril erbumine 8mg tablets","Perindopril erbumine 8mg tablets","Tablet","Oral","Perindopril erbumine","8.000mg","02050501","","","",1,,,,,1,1,,,,1,"Perindopril",1,1,1,1,1,,
"569141000033116",10000000,"39020611000001109","Felodipine 5mg modified-release tablets","Felodipine 5mg modified-release tablets","Modified-release tablet","Oral","Felodipine","5.000mg","02060200","0206020F0AAABAB","02060200","Felodipine 5mg modified-release tablets",,,,,,,,,,,,,1,,,,1,1,
"768641000033118",10000000,"39696211000001108","Indapamide 2.5mg tablets","Indapamide 2.5mg tablets","Tablet","Oral","Indapamide hemihydrate","2.500mg","02020100","0202010P0AAAAAA","02020100","Indapamide 2.5mg tablets",,,,,,,,,,,,,1,,,,1,1,
"2720141000033115",10000000,"407784004","Losartan 100mg tablets","Losartan 100mg tablets","Tablet","Oral","Losartan potassium","100.000mg","02050502","","","",1,,,,,1,,1,,,1,"Losartan",1,1,1,1,1,,
"376641000033112",8000000,"318136009","Co-amilofruse 5mg/40mg tablets","Co-amilofruse 5mg/40mg tablets","Tablet","Oral","Amiloride hydrochloride/ Furosemide","5.000mg + 40.000mg","02020400","","","",,,,,,,,,,,,,1,,,,1,,
"1135041000033117",8000000,"318352004","Propranolol 10mg tablets","Propranolol 10mg tablets","Tablet","Oral","Propranolol hydrochloride","10.000mg","02040000","","","",,,,,,,,,,,,,1,1,1,1,1,,
"851841000033117",8000000,"318955005","Losartan 25mg tablets","Losartan 25mg tablets","Tablet","Oral","Losartan potassium","25.000mg","02050502","","","",1,,,,,1,,1,,,1,"Losartan",1,1,1,1,1,,
"211741000033110",8000000,"318978004","Candesartan 4mg tablets","Candesartan 4mg tablets","Tablet","Oral","Candesartan cilexetil","4.000mg","02050502","","","",1,,,,,1,,1,,,1,"Candesartan",1,1,1,1,1,,
"211541000033119",8000000,"318980005","Candesartan 16mg tablets","Candesartan 16mg tablets","Tablet","Oral","Candesartan cilexetil","16.000mg","02050502","","","",1,,,,,1,,1,,,1,"Candesartan",1,1,1,1,1,,
"1696841000033114",8000000,"326715008","Sildenafil 100mg tablets","","","","","","","","","",1,1,,,,,,,,,1,"Sildenafil",,,,,,,
"3083241000033117",7000000,"317920005","Bendroflumethiazide 5mg tablets","Bendroflumethiazide 5mg tablets","Tablet","Oral","Bendroflumethiazide","5.000mg","02020100","","","",,,,,,,,,,,,,1,,,,1,,
"522741000033118",7000000,"318855006","Enalapril 20mg tablets","Enalapril 20mg tablets","Tablet","Oral","Enalapril maleate","20.000mg","02050501","","","",1,,,,,1,1,,,,1,"Enalapril",1,1,1,1,1,,
"837941000033119",7000000,"318857003","Lisinopril 2.5mg tablets","Lisinopril 2.5mg tablets","Tablet","Oral","Lisinopril","2.500mg","02050501","","","",1,,,,,1,1,,,,1,"Lisinopril",1,1,1,1,1,,
"825941000033112",7000000,"319316005","Lercanidipine 10mg tablets","Lercanidipine 10mg tablets","Tablet","Oral","Lercanidipine hydrochloride","10.000mg","02060200","","","",,,,,,,,,,,,,1,,,,1,,
"1130041000033112",7000000,"38751111000001107","Propranolol 80mg modified-release capsules","Propranolol 80mg modified-release capsules","Modified-release capsule","Oral","Propranolol hydrochloride","80.000mg","02040000","0204000R0AAAAAA","02040000","Propranolol 80mg modified-release capsules",,,,,,,,,,,,,1,1,1,1,1,1,
"568041000033111",7000000,"39020311000001104","Felodipine 2.5mg modified-release tablets","Felodipine 2.5mg modified-release tablets","Modified-release tablet","Oral","Felodipine","2.500mg","02060200","0206020F0AAADAD","02060200","Felodipine 2.5mg modified-release tablets",,,,,,,,,,,,,1,,,,1,1,
"569041000033115",7000000,"39020511000001105","Felodipine 10mg modified-release tablets","Felodipine 10mg modified-release tablets","Modified-release tablet","Oral","Felodipine","10.000mg","02060200","0206020F0AAACAC","02060200","Felodipine 10mg modified-release tablets",,,,,,,,,,,,,1,,,,1,1,
"765741000033116",7000000,"39020711000001100","Indapamide 1.5mg modified-release tablets","Indapamide 1.5mg modified-release tablets","Modified-release tablet","Oral","Indapamide","1.500mg","02020100","0202010P0AAADAD","02020100","Indapamide 1.5mg modified-release tablets",,,,,,,,,,,,,1,,,,1,1,
"522641000033110",6000000,"318853004","Enalapril 10mg tablets","Enalapril 10mg tablets","Tablet","Oral","Enalapril maleate","10.000mg","02050501","","","",1,,,,,1,1,,,,1,"Enalapril",1,1,1,1,1,,
"57241000033113",5000000,"","Amlodipine Besilate  Tablets  5 mg","","","","","","","","","",,,,,,,,,,,,,1,,,,1,,
"480641000033111",5000000,"318781001","Doxazosin 1mg tablets","Doxazosin 1mg tablets","Tablet","Oral","Doxazosin mesilate","1.000mg","02050400","","","",1,,,,1,,,,,,1,"Doxazosin",1,,,,1,,
"522841000033111",5000000,"318851002","Enalapril 5mg tablets","Enalapril 5mg tablets","Tablet","Oral","Enalapril maleate","5.000mg","02050501","","","",1,,,,,1,1,,,,1,"Enalapril",1,1,1,1,1,,
"775441000033117",5000000,"318969005","Irbesartan 150mg tablets","Irbesartan 150mg tablets","Tablet","Oral","Irbesartan","150.000mg","02050502","","","",1,,,,,1,,1,,,1,"Irbesartan",1,1,1,1,1,,
"775541000033116",5000000,"318970006","Irbesartan 300mg tablets","Irbesartan 300mg tablets","Tablet","Oral","Irbesartan","300.000mg","02050502","","","",1,,,,,1,,1,,,1,"Irbesartan",1,1,1,1,1,,
"1697041000033117",5000000,"326714007","Sildenafil 50mg tablets","","","","","","","","","",1,1,,,,,,,,,1,"Sildenafil",,,,,,,
"3908741000033114",4000000,"10225911000001102","Lercanidipine 20mg tablets","Lercanidipine 20mg tablets","Tablet","Oral","Lercanidipine hydrochloride","20.000mg","02060200","0206020L0AAABAB","02060200","Lercanidipine 20mg tablets",,,,,,,,,,,,,1,,,,1,1,
"17141000033112",4000000,"2881311000001105","Adalat LA 30mg tablets (Bayer Plc)","Adalat LA 30mg tablets","Modified-release tablet","Oral","Nifedipine","30.000mg","02060200","0206020R0BBAHAN","02060200","Adalat LA 30mg tablets",,,,,,,,,,,,,1,,,,1,1,
"897841000033118",4000000,"318475005","Metoprolol 50mg tablets","Metoprolol 50mg tablets","Tablet","Oral","Metoprolol tartrate","50.000mg","02040000","","","",,,,,,,,,,,,,1,1,1,1,1,,
"60741000033111",3000000,"","Amlodipine Besilate  Tablets  10 mg","","","","","","","","","",,,,,,,,,,,,,1,,,,1,,
"1367441000033117",3000000,"318525005","Sotalol 40mg tablets","Sotalol 40mg tablets","Tablet","Oral","Sotalol hydrochloride","40.000mg","02040000","","","",,,,,,,,,,,,,1,1,1,1,1,,
"1951841000033112",3000000,"318606004","Bisoprolol 3.75mg tablets","Bisoprolol 3.75mg tablets","Tablet","Oral","Bisoprolol fumarate","3.750mg","02040000","","","",,,,,,,,,,,,,1,1,1,1,1,,
"1951941000033116",3000000,"318607008","Bisoprolol 7.5mg tablets","Bisoprolol 7.5mg tablets","Tablet","Oral","Bisoprolol fumarate","7.500mg","02040000","","","",,,,,,,,,,,,,1,1,1,1,1,,
"1498441000033112",3000000,"318962001","Valsartan 80mg capsules","Valsartan 80mg capsules","Capsule","Oral","Valsartan","80.000mg","02050502","","","",1,,,,,1,,1,,,1,"Valsartan",1,1,1,1,1,,
"1498241000033111",3000000,"318963006","Valsartan 160mg capsules","Valsartan 160mg capsules","Capsule","Oral","Valsartan","160.000mg","02050502","","","",1,,,,,1,,1,,,1,"Valsartan",1,1,1,1,1,,
"3227241000033111",3000000,"376998003","Candesartan 32mg tablets","Candesartan 32mg tablets","Tablet","Oral","Candesartan cilexetil","32.000mg","02050502","","","",1,,,,,1,,1,,,1,"Candesartan",1,,,,1,,
"2273841000033111",3000000,"39020411000001106","Doxazosin 4mg modified-release tablets","Doxazosin 4mg modified-release tablets","Modified-release tablet","Oral","Doxazosin mesilate","4.000mg","02050400","0205040D0AAAQAQ","02050400","Doxazosin 4mg modified-release tablets",1,,,,1,,,,,,1,"Doxazosin",1,,,,1,1,
"2273941000033115",3000000,"39021111000001107","Doxazosin 8mg modified-release tablets","Doxazosin 8mg modified-release tablets","Modified-release tablet","Oral","Doxazosin mesilate","8.000mg","02050400","0205040D0AAARAR","02050400","Doxazosin 8mg modified-release tablets",1,,,,1,,,,,,1,"Doxazosin",1,,,,1,1,
"970941000033113",3000000,"39022811000001109","Nifedipine 20mg modified-release tablets","Nifedipine 20mg modified-release tablets","Modified-release tablet","Oral","Nifedipine","20.000mg","02060200","0206020R0AAARAR","02060200","Nifedipine 20mg modified-release tablets",,,,,,,,,,,,,1,,,,1,1,
"17241000033117",2000000,"235511000001104","Adalat LA 60mg tablets (Bayer Plc)","Adalat LA 60mg tablets","Modified-release tablet","Oral","Nifedipine","60.000mg","02060200","0206020R0BBAIAP","02060200","Adalat LA 60mg tablets",,,,,,,,,,,,,1,,,,1,1,
"1441841000033112",2000000,"261611000001107","Tildiem LA 200 capsules (Sanofi)","Tildiem LA 200 capsules","Modified-release capsule","Oral","Diltiazem hydrochloride","200.000mg","02060200","0206020C0BBAEAX","02060200","Tildiem LA 200 capsules",,,,,,,,,,,,,1,,,,1,1,
"57141000033118",2000000,"318052005","Amiloride 5mg tablets","Amiloride 5mg tablets","Tablet","Oral","Amiloride hydrochloride","5.000mg","02020300","","","",,,,,,,,,,,,,1,,,,1,,
"1374341000033111",2000000,"318057004","Spironolactone 50mg tablets","Spironolactone 50mg tablets","Tablet","Oral","Spironolactone","50.000mg","02020300","","","",,,,,,,,,,,,,1,,,,1,,
"376841000033113",2000000,"318135008","Co-amilofruse 2.5mg/20mg tablets","Co-amilofruse 2.5mg/20mg tablets","Tablet","Oral","Amiloride hydrochloride/ Furosemide","2.500mg + 20.000mg","02020400","","","",,,,,,,,,,,,,1,,,,1,,
"1367541000033116",2000000,"318526006","Sotalol 80mg tablets","Sotalol 80mg tablets","Tablet","Oral","Sotalol hydrochloride","80.000mg","02040000","","","",,,,,,,,,,,,,1,1,1,1,1,,
"376441000033110",2000000,"318575007","Co-tenidone 50mg/12.5mg tablets","Co-tenidone 50mg/12.5mg tablets","Tablet","Oral","Atenolol/ Chlortalidone","50.000mg + 12.500mg","02040000","","","",,,,,,,,,,,,,1,1,1,1,1,,1
"938541000033115",2000000,"318707000","Moxonidine 200microgram tablets","Moxonidine 200microgram tablets","Tablet","Oral","Moxonidine","200.000microgram","02050200","","","",1,,1,,,,,,,,1,"Moxonidine",1,,,,1,,
"214441000033117",2000000,"318821008","Captopril 25mg tablets","Captopril 25mg tablets","Tablet","Oral","Captopril","25.000mg","02050501","","","",1,,,,,1,1,,,,1,"Captopril",1,1,1,1,1,,
"523541000033115",2000000,"318850001","Enalapril 2.5mg tablets","Enalapril 2.5mg tablets","Tablet","Oral","Enalapril maleate","2.500mg","02050501","","","",1,,,,,1,1,,,,1,"Enalapril",1,1,1,1,1,,
"775641000033115",2000000,"318968002","Irbesartan 75mg tablets","Irbesartan 75mg tablets","Tablet","Oral","Irbesartan","75.000mg","02050502","","","",1,,,,,1,,1,,,1,"Irbesartan",1,1,1,1,1,,
"211641000033118",2000000,"318977009","Candesartan 2mg tablets","Candesartan 2mg tablets","Tablet","Oral","Candesartan cilexetil","2.000mg","02050502","","","",1,,,,,1,,1,,,1,"Candesartan",1,1,1,1,1,,
"817541000033119",2000000,"319300008","Lacidipine 2mg tablets","Lacidipine 2mg tablets","Tablet","Oral","Lacidipine","2.000mg","02060200","","","",,,,,,,,,,,,,1,,,,1,,
"817641000033118",2000000,"319301007","Lacidipine 4mg tablets","Lacidipine 4mg tablets","Tablet","Oral","Lacidipine","4.000mg","02060200","","","",,,,,,,,,,,,,1,,,,1,,
"285941000033114",2000000,"322840006","Clonidine 25microgram tablets","","","","","","","","","",1,,1,,,,,,,,1,"Clonidine",,,,,,,
"376541000033111",2000000,"377211005","Co-tenidone 100mg/25mg tablets","Co-tenidone 100mg/25mg tablets","Tablet","Oral","Atenolol/ Chlortalidone","100.000mg + 25.000mg","02040000","","","",,,,,,,,,,,,,1,1,1,1,1,,1
"369141000033118",2000000,"377566005","Co-amilozide 5mg/50mg tablets","Co-amilozide 5mg/50mg tablets","Tablet","Oral","Amiloride hydrochloride/ Hydrochlorothiazide","5.000mg + 50.000mg","02020400","","","",,,,,,,,,,,,,1,,,,1,,
"1124041000033116",2000000,"38751211000001101","Propranolol 160mg modified-release capsules","Propranolol 160mg modified-release capsules","Modified-release capsule","Oral","Propranolol hydrochloride","160.000mg","02040000","0204000R0AAABAB","02040000","Propranolol 160mg modified-release capsules",,,,,,,,,,,,,1,1,1,1,1,1,
"971841000033110",2000000,"39022711000001101","Nifedipine 10mg modified-release tablets","Nifedipine 10mg modified-release tablets","Modified-release tablet","Oral","Nifedipine","10.000mg","02060200","0206020R0AAAEAE","02060200","Nifedipine 10mg modified-release tablets",,,,,,,,,,,,,1,,,,1,1,
"454041000033118",2000000,"39023811000001101","Diltiazem 60mg modified-release tablets","Diltiazem 60mg modified-release tablets","Modified-release tablet","Oral","Diltiazem hydrochloride","60.000mg","02060200","0206020C0AAAAAA","02060200","Diltiazem 60mg modified-release tablets",,,,,,,,,,,,,1,,,,1,1,
"1796041000033113",2000000,"39701211000001106","Nebivolol 5mg tablets","Nebivolol 5mg tablets","Tablet","Oral","Nebivolol hydrochloride","5.000mg","02040000","0204000ABAAAAAA","02040000","Nebivolol 5mg tablets",,,,,,,,,,,,,1,1,1,1,1,,
"3198841000033117",2000000,"407011007","Eplerenone 25mg tablets","Eplerenone 25mg tablets","Tablet","Oral","Eplerenone","25.000mg","02020300","","","",,,,,,,,,,,,,1,,,,1,,
"2875041000033113",2000000,"407858000","Tadalafil 20mg tablets","","","","","","","","","",1,1,,,,,,,,,1,"Tadalafil",,,,,,,
"2989641000033119",2000000,"408050008","Ramipril 2.5mg tablets","Ramipril 2.5mg tablets","Tablet","Oral","Ramipril","2.500mg","02050501","","","",1,,,,,1,1,,,,1,"Ramipril",1,1,1,1,1,,
"2989741000033111",2000000,"408051007","Ramipril 5mg tablets","Ramipril 5mg tablets","Tablet","Oral","Ramipril","5.000mg","02050501","","","",1,,,,,1,1,,,,1,"Ramipril",1,1,1,1,1,,
"2989841000033118",2000000,"408052000","Ramipril 10mg tablets","Ramipril 10mg tablets","Tablet","Oral","Ramipril","10.000mg","02050501","","","",1,,,,,1,1,,,,1,"Ramipril",1,1,1,1,1,,
"614641000033117",2000000,"427411000001106","Frumil 40mg/5mg tablets (Sanofi)","Frumil 40mg/5mg tablets","Tablet","Oral","Amiloride hydrochloride/ Furosemide","5.000mg + 40.000mg","02020400","0202040B0BBAAAA","02020400","Frumil 40mg/5mg tablets",,,,,,,,,,,,,1,,,,1,1,
"19341000033119",2000000,"5011000001109","Adalat retard 20mg tablets (Bayer Plc)","Adalat retard 20mg tablets","Modified-release tablet","Oral","Nifedipine","20.000mg","02060200","0206020R0BBAFAR","02060200","Adalat retard 20mg tablets",,,,,,,,,,,,,1,,,,1,1,
"19441000033113",2000000,"569011000001108","Adalat retard 10mg tablets (Bayer Plc)","Adalat retard 10mg tablets","Modified-release tablet","Oral","Nifedipine","10.000mg","02060200","0206020R0BBAGAE","02060200","Adalat retard 10mg tablets",,,,,,,,,,,,,1,,,,1,1,
"1442841000033115",1000000,"103611000001105","Tildiem Retard 90mg tablets (Sanofi)","Tildiem Retard 90mg tablets","Modified-release tablet","Oral","Diltiazem hydrochloride","90.000mg","02060200","0206020C0BBABAC","02060200","Tildiem Retard 90mg tablets",,,,,,,,,,,,,1,,,,1,1,
"492341000033115",1000000,"132811000001106","Dyazide 50mg/25mg tablets (Advanz Pharma)","Dyazide 50mg/25mg tablets","Tablet","Oral","Hydrochlorothiazide/ Triamterene","25.000mg + 50.000mg","02020400","0202040H0BBAAAA","02020400","Dyazide 50mg/25mg tablets",,,,,,,,,,,,,1,,,,1,1,
"1724941000033113",1000000,"162811000001100","Coracten XL 30mg capsules (UCB Pharma Ltd)","Coracten XL 30mg capsules","Modified-release capsule","Oral","Nifedipine","30.000mg","02060200","0206020R0BGACBE","02060200","Coracten XL 30mg capsules",,,,,,,,,,,,,1,,,,1,1,
"658241000033117",1000000,"226211000001106","Half Inderal LA 80mg capsules (AstraZeneca UK Ltd)","Half Inderal LA 80mg capsules","Modified-release capsule","Oral","Propranolol hydrochloride","80.000mg","02040000","0204000R0BGAFAA","02040000","Half Inderal LA 80mg capsules",,,,,,,,,,,,,1,,,,1,1,
"1426341000033110",1000000,"288711000001105","Tenoretic 100mg/25mg tablets (Atnahs Pharma UK Ltd)","Tenoretic 100mg/25mg tablets","Tablet","Oral","Atenolol/ Chlortalidone","100.000mg + 25.000mg","02040000","020400040BCAAAB","02040000","Tenoretic 100mg/25mg tablets",,,,,,,,,,,,,1,1,1,1,1,1,1
"1374141000033113",1000000,"318058009","Spironolactone 100mg tablets","Spironolactone 100mg tablets","Tablet","Oral","Spironolactone","100.000mg","02020300","","","",,,,,,,,,,,,,1,,,,1,,
"1513241000033114",1000000,"318204006","Verapamil 40mg tablets","Verapamil 40mg tablets","Tablet","Oral","Verapamil hydrochloride","40.000mg","02060200","","","",1,,,,,1,1,,,,1,"Trandolapril",1,,,,1,,
"213441000033119",1000000,"318820009","Captopril 12.5mg tablets","Captopril 12.5mg tablets","Tablet","Oral","Captopril","12.500mg","02050501","","","",1,,,,,1,1,,,,1,"Captopril",1,1,1,1,1,,
"214541000033116",1000000,"318824000","Captopril 50mg tablets","Captopril 50mg tablets","Tablet","Oral","Captopril","50.000mg","02050501","","","",1,,,,,1,1,,,,1,"Captopril",1,1,1,1,1,,
"3160941000033113",1000000,"318880006","Lisinopril 20mg / Hydrochlorothiazide 12.5mg tablets","Lisinopril 20mg / Hydrochlorothiazide 12.5mg tablets","Tablet","Oral","Hydrochlorothiazide/ Lisinopril","12.500mg + 20.000mg","02050501","","","",1,,,,,1,1,,,,1,"Lisinopril",1,1,1,1,1,,1
"1498341000033118",1000000,"318961008","Valsartan 40mg capsules","Valsartan 40mg capsules","Capsule","Oral","Valsartan","40.000mg","02050502","","","",1,,,,,1,,1,,,1,"Valsartan",1,1,1,1,1,,
"1849541000033118",1000000,"318986004","Telmisartan 40mg tablets","Telmisartan 40mg tablets","Tablet","Oral","Telmisartan","40.000mg","02050502","","","",1,,,,,1,,1,,,1,"Telmisartan",1,1,1,1,1,,
"1849641000033117",1000000,"318987008","Telmisartan 80mg tablets","Telmisartan 80mg tablets","Tablet","Oral","Telmisartan","80.000mg","02050502","","","",1,,,,,1,,1,,,1,"Telmisartan",1,1,1,1,1,,
"2944641000033112",1000000,"385542009","Olmesartan medoxomil 20mg tablets","Olmesartan medoxomil 20mg tablets","Tablet","Oral","Olmesartan medoxomil","20.000mg","02050502","","","",1,,,,,1,,1,,,1,"Olmesartan",1,1,1,1,1,,
"1509141000033115",1000000,"38750211000001107","Verapamil 240mg modified-release tablets","Verapamil 240mg modified-release tablets","Modified-release tablet","Oral","Verapamil hydrochloride","240.000mg","02060200","0206020T0AAAHAH","02060200","Verapamil 240mg modified-release tablets",1,,,,,1,1,,,,1,"Trandolapril",1,,,,1,1,
"974141000033119",1000000,"39022511000001106","Nifedipine 20mg modified-release capsules","Nifedipine 20mg modified-release capsules","Modified-release capsule","Oral","Nifedipine","20.000mg","02060200","0206020R0AAAHAH","02060200","Nifedipine 20mg modified-release capsules",,,,,,,,,,,,,1,,,,1,1,
"971141000033116",1000000,"39022911000001104","Nifedipine 10mg modified-release capsules","Nifedipine 10mg modified-release capsules","Modified-release capsule","Oral","Nifedipine","10.000mg","02060200","0206020R0AAAMAM","02060200","Nifedipine 10mg modified-release capsules",,,,,,,,,,,,,1,,,,1,1,
"971241000033111",1000000,"39111711000001105","Nifedipine 30mg modified-release tablets","Nifedipine 30mg modified-release tablets","Modified-release tablet","Oral","Nifedipine","30.000mg","02060200","0206020R0AAANAN","02060200","Nifedipine 30mg modified-release tablets",,,,,,,,,,,,,1,,,,1,1,
"768541000033119",1000000,"39696511000001106","Indoramin 20mg tablets","Indoramin 20mg tablets","Tablet","Oral","Indoramin hydrochloride","20.000mg","07040100","0704010M0AAAAAA","07040100","Indoramin 20mg tablets",1,,,,1,,,,,,1,"Indoramin",1,,,,1,,
"2874941000033113",1000000,"407857005","Tadalafil 10mg tablets","","","","","","","","","",1,1,,,,,,,,,1,"Tadalafil",,,,,,,
"2944541000033111",1000000,"408055003","Olmesartan medoxomil 10mg tablets","Olmesartan medoxomil 10mg tablets","Tablet","Oral","Olmesartan medoxomil","10.000mg","02050502","","","",1,,,,,1,,1,,,1,"Olmesartan",1,1,1,1,1,,
"935541000033113",1000000,"453811000001103","Moduretic 5mg/50mg tablets (Merck Sharp & Dohme (UK) Ltd)","Moduretic 5mg/50mg tablets","Tablet","Oral","Amiloride hydrochloride/ Hydrochlorothiazide","5.000mg + 50.000mg","02020400","0202040C0BDAAAA","02020400","Moduretic 5mg/50mg tablets",,,,,,,,,,,,,1,,,,1,1,
"1766341000033113",1000000,"881811000001100","Adalat LA 20mg tablets (Bayer Plc)","Adalat LA 20mg tablets","Modified-release tablet","Oral","Nifedipine","20.000mg","02060200","0206020R0BBAJAR","02060200","Adalat LA 20mg tablets",,,,,,,,,,,,,1,,,,1,1,
"1441741000033119",1000000,"893111000001107","Tildiem LA 300 capsules (Sanofi)","Tildiem LA 300 capsules","Modified-release capsule","Oral","Diltiazem hydrochloride","300.000mg","02060200","0206020C0BBADAE","02060200","Tildiem LA 300 capsules",,,,,,,,,,,,,1,,,,1,1,
"17941000033114",900000,"2886311000001102","Adizem-XL 240mg capsules (Napp Pharmaceuticals Ltd)","Adizem-XL 240mg capsules","Modified-release capsule","Oral","Diltiazem hydrochloride","240.000mg","02060200","0206020C0BFAIAW","02060200","Adizem-XL 240mg capsules",,,,,,,,,,,,,1,,,,1,1,
"17741000033111",900000,"2937811000001108","Adizem-XL 120mg capsules (Napp Pharmaceuticals Ltd)","Adizem-XL 120mg capsules","Modified-release capsule","Oral","Diltiazem hydrochloride","120.000mg","02060200","0206020C0BFAGAU","02060200","Adizem-XL 120mg capsules",,,,,,,,,,,,,1,,,,1,1,
"1135341000033115",900000,"318354003","Propranolol 80mg tablets","Propranolol 80mg tablets","Tablet","Oral","Propranolol hydrochloride","80.000mg","02040000","","","",,,,,,,,,,,,,1,1,1,1,1,,
"967341000033116",900000,"319222004","Nifedipine 5mg capsules","Nifedipine 5mg capsules","Capsule","Oral","Nifedipine","5.000mg","02060200","","","",,,,,,,,,,,,,1,,,,1,,
"967241000033114",900000,"319223009","Nifedipine 10mg capsules","Nifedipine 10mg capsules","Capsule","Oral","Nifedipine","10.000mg","02060200","","","",,,,,,,,,,,,,1,,,,1,,
"458841000033115",900000,"39023911000001106","Diltiazem 90mg modified-release tablets","Diltiazem 90mg modified-release tablets","Modified-release tablet","Oral","Diltiazem hydrochloride","90.000mg","02060200","0206020C0AAACAC","02060200","Diltiazem 90mg modified-release tablets",,,,,,,,,,,,,1,,,,1,1,
"956741000033114",900000,"535711000001100","Navispare 2.5mg/250microgram tablets (Advanz Pharma)","Navispare 2.5mg/250microgram tablets","Tablet","Oral","Amiloride hydrochloride/ Cyclopenthiazide","2.500mg + 250.000microgram","02020400","0202040A0BBAAAA","02020400","Navispare 2.5mg/250microgram tablets",,,,,,,,,,,,,1,,,,1,1,
"17841000033118",800000,"2938011000001101","Adizem-XL 180mg capsules (Napp Pharmaceuticals Ltd)","Adizem-XL 180mg capsules","Modified-release capsule","Oral","Diltiazem hydrochloride","180.000mg","02060200","0206020C0BFAHAV","02060200","Adizem-XL 180mg capsules",,,,,,,,,,,,,1,,,,1,1,
"1513341000033116",800000,"318205007","Verapamil 80mg tablets","Verapamil 80mg tablets","Tablet","Oral","Verapamil hydrochloride","80.000mg","02060200","","","",1,,,,,1,1,,,,1,"Trandolapril",1,,,,1,,
"897741000033111",800000,"318474009","Metoprolol 100mg tablets","Metoprolol 100mg tablets","Tablet","Oral","Metoprolol tartrate","100.000mg","02040000","","","",,,,,,,,,,,,,1,1,1,1,1,,
"209941000033111",800000,"318631003","Carvedilol 12.5mg tablets","Carvedilol 12.5mg tablets","Tablet","Oral","Carvedilol","12.500mg","02040000","","","",,,,,,,,,,,,,1,1,1,1,1,,
"1581241000033110",800000,"318633000","Carvedilol 3.125mg tablets","Carvedilol 3.125mg tablets","Tablet","Oral","Carvedilol","3.125mg","02040000","","","",,,,,,,,,,,,,1,1,1,1,1,,
"1581341000033117",800000,"318635007","Carvedilol 6.25mg tablets","Carvedilol 6.25mg tablets","Tablet","Oral","Carvedilol","6.250mg","02040000","","","",,,,,,,,,,,,,1,1,1,1,1,,
"897441000033116",800000,"318672001","Methyldopa 250mg tablets","Methyldopa 250mg tablets","Tablet","Oral","Methyldopa anhydrous","250.000mg","02050200","","","",1,,1,,,,,,,,1,"Methyldopa",1,,,,1,,
"938641000033119",800000,"318708005","Moxonidine 400microgram tablets","Moxonidine 400microgram tablets","Tablet","Oral","Moxonidine","400.000microgram","02050200","","","",1,,1,,,,,,,,1,"Moxonidine",1,,,,1,,
"1442741000033113",800000,"383911000001109","Tildiem Retard 120mg tablets (Sanofi)","Tildiem Retard 120mg tablets","Modified-release tablet","Oral","Diltiazem hydrochloride","120.000mg","02060200","0206020C0BBACAS","02060200","Tildiem Retard 120mg tablets",,,,,,,,,,,,,1,,,,1,1,
"452141000033112",800000,"39023111000001108","Diltiazem 90mg modified-release capsules","Diltiazem 90mg modified-release capsules","Modified-release capsule","Oral","Diltiazem hydrochloride","90.000mg","02060200","0206020C0AAATAT","02060200","Diltiazem 90mg modified-release capsules",,,,,,,,,,,,,1,,,,1,1,
"1426541000033115",800000,"423911000001107","Tenormin LS 50mg tablets (Atnahs Pharma UK Ltd)","Tenormin LS 50mg tablets","Tablet","Oral","Atenolol","50.000mg","02040000","0204000E0BBAFAB","02040000","Tenormin LS 50mg tablets",,,,,,,,,,,,,1,1,1,1,1,1,
"787941000033112",700000,"172711000001100","Istin 5mg tablets (Viatris UK Healthcare Ltd)","Istin 5mg tablets","Tablet","Oral","Amlodipine","5.000mg","02060200","0206020A0BBAAAA","02060200","Istin 5mg tablets",,,,,,,,,,,,,1,,,,1,1,
"18041000033112",700000,"2886111000001104","Adizem-XL 300mg capsules (Napp Pharmaceuticals Ltd)","Adizem-XL 300mg capsules","Modified-release capsule","Oral","Diltiazem hydrochloride","300.000mg","02060200","0206020C0BFAFAE","02060200","Adizem-XL 300mg capsules",,,,,,,,,,,,,1,,,,1,1,
"376941000033117",700000,"318121006","Co-amilozide 2.5mg/25mg tablets","Co-amilozide 2.5mg/25mg tablets","Tablet","Oral","Amiloride hydrochloride/ Hydrochlorothiazide","2.500mg + 25.000mg","02020400","","","",,,,,,,,,,,,,1,,,,1,,
"741941000033113",700000,"318649003","Hydralazine 25mg tablets","Hydralazine 25mg tablets","Tablet","Oral","Hydralazine hydrochloride","25.000mg","02050100","","","",1,1,,,,,,,,,1,"Hydralazine",1,,,,1,,
"1696941000033118",700000,"326713001","Sildenafil 25mg tablets","","","","","","","","","",1,1,,,,,,,,,1,"Sildenafil",,,,,,,
"172941000033111",700000,"3290211000001109","Burinex K modified-release tablets (LEO Pharma)","Burinex K modified-release tablets","Modified-release tablet","Oral","Bumetanide/ Potassium chloride","500.000microgram + 573.000mg","02020800","0202080C0BBAAAA","02020800","Burinex K modified-release tablets",,,,,,,,,,,,,1,,,,1,,
"1725041000033113",700000,"3381511000001105","Coracten XL 60mg capsules (UCB Pharma Ltd)","Coracten XL 60mg capsules","Modified-release capsule","Oral","Nifedipine","60.000mg","02060200","0206020R0BGADBF","02060200","Coracten XL 60mg capsules",,,,,,,,,,,,,1,,,,1,1,
"1509041000033119",700000,"35367911000001103","Verapamil 120mg modified-release tablets","Verapamil 120mg modified-release tablets","Modified-release tablet","Oral","Verapamil hydrochloride","120.000mg","02060200","0206020T0AAAUAU","02060200","Verapamil 120mg modified-release tablets",1,,,,,1,1,,,,1,"Trandolapril",1,,,,1,1,
"451841000033110",700000,"39023211000001102","Diltiazem 120mg modified-release capsules","Diltiazem 120mg modified-release capsules","Modified-release capsule","Oral","Diltiazem hydrochloride","120.000mg","02060200","0206020C0AAAUAU","02060200","Diltiazem 120mg modified-release capsules",,,,,,,,,,,,,1,,,,1,1,
"2989541000033115",700000,"408040007","Ramipril 1.25mg tablets","Ramipril 1.25mg tablets","Tablet","Oral","Ramipril","1.250mg","02050501","","","",1,,,,,1,1,,,,1,"Ramipril",1,1,1,1,1,,
"18241000033116",700000,"74111000001103","Adipine MR 20 tablets (Chiesi Ltd)","Adipine MR 20 tablets","Modified-release tablet","Oral","Nifedipine","20.000mg","02060200","0206020R0BRAAAR","02060200","Adipine MR 20 tablets",,,,,,,,,,,,,1,,,,1,1,
"1443841000033113",700000,"762011000001102","Tildiem 60mg modified-release tablets (Sanofi)","Tildiem 60mg modified-release tablets","Modified-release tablet","Oral","Diltiazem hydrochloride","60.000mg","02060200","0206020C0BBAAAA","02060200","Tildiem 60mg modified-release tablets",,,,,,,,,,,,,1,,,,1,1,
"1426241000033117",700000,"825011000001103","Tenoret 50mg/12.5mg tablets (Atnahs Pharma UK Ltd)","Tenoret 50mg/12.5mg tablets","Tablet","Oral","Atenolol/ Chlortalidone","50.000mg + 12.500mg","02040000","020400040BBAAAA","02040000","Tenoret 50mg/12.5mg tablets",,,,,,,,,,,,,1,1,1,1,1,1,1
"468841000033112",600000,"","Diltiazem Hydrochloride  Tablets  60 mg","","","","","","","","","",,,,,,,,,,,,,1,,,,1,,
"4957541000033114",600000,"15148111000001100","Losartan 12.5mg tablets","Losartan 12.5mg tablets","Tablet","Oral","Losartan potassium","12.500mg","02050502","0205052N0AAAHAH","02050502","Losartan 12.5mg tablets",1,,,,,1,,1,,,1,"Losartan",1,,,,1,1,
"1426441000033116",600000,"162411000001102","Tenormin 100mg tablets (AstraZeneca UK Ltd)","Tenormin 100mg tablets","Tablet","Oral","Atenolol","100.000mg","02040000","0204000E0BBACAC","02040000","Tenormin 100mg tablets",,,,,,,,,,,,,1,1,1,1,1,1,
"17641000033119",600000,"2887011000001102","Adizem-SR 90mg capsules (Napp Pharmaceuticals Ltd)","Adizem-SR 90mg capsules","Modified-release capsule","Oral","Diltiazem hydrochloride","90.000mg","02060200","0206020C0BFACAT","02060200","Adizem-SR 90mg capsules",,,,,,,,,,,,,1,,,,1,1,
"210041000033115",600000,"318632005","Carvedilol 25mg tablets","Carvedilol 25mg tablets","Tablet","Oral","Carvedilol","25.000mg","02040000","","","",,,,,,,,,,,,,1,1,1,1,1,,
"1454041000033118",600000,"318926002","Trandolapril 2mg capsules","Trandolapril 2mg capsules","Capsule","Oral","Trandolapril","2.000mg","02050501","","","",1,,,,,1,1,,,,1,"Trandolapril",1,1,1,1,1,,
"3161741000033117",600000,"318959004","Losartan 50mg / Hydrochlorothiazide 12.5mg tablets","Losartan 50mg / Hydrochlorothiazide 12.5mg tablets","Tablet","Oral","Hydrochlorothiazide/ Losartan potassium","12.500mg + 50.000mg","02050502","","","",1,,,,,1,,1,,,1,"Losartan",1,1,1,1,1,,1
"2944741000033115",600000,"385543004","Olmesartan medoxomil 40mg tablets","Olmesartan medoxomil 40mg tablets","Tablet","Oral","Olmesartan medoxomil","40.000mg","02050502","","","",1,,,,,1,,1,,,1,"Olmesartan",1,1,1,1,1,,
"364241000033112",600000,"389611000001101","Coracten SR 20mg capsules (UCB Pharma Ltd)","Coracten SR 20mg capsules","Modified-release capsule","Oral","Nifedipine","20.000mg","02060200","0206020R0BGAAAH","02060200","Coracten SR 20mg capsules",,,,,,,,,,,,,1,,,,1,1,
"452941000033114",600000,"39023011000001107","Diltiazem 60mg modified-release capsules","Diltiazem 60mg modified-release capsules","Modified-release capsule","Oral","Diltiazem hydrochloride","60.000mg","02060200","0206020C0AAAJAJ","02060200","Diltiazem 60mg modified-release capsules",,,,,,,,,,,,,1,,,,1,1,
"1275141000033117",600000,"540111000001108","Securon SR 240mg tablets (Viatris UK Healthcare Ltd)","Securon SR 240mg tablets","Modified-release tablet","Oral","Verapamil hydrochloride","240.000mg","02060200","0206020T0BDAEAH","02060200","Securon SR 240mg tablets",1,,,,,1,1,,,,1,"Trandolapril",1,,,,1,1,
"3154841000033119",600000,"7887011000001104","Cardioplen XL 5mg tablets (Chiesi Ltd)","Cardioplen XL 5mg tablets","Modified-release tablet","Oral","Felodipine","5.000mg","02060200","0206020F0BKAAAB","02060200","Cardioplen XL 5mg tablets",,,,,,,,,,,,,1,,,,1,1,
"336641000033114",500000,"126411000001108","Coracten SR 10mg capsules (UCB Pharma Ltd)","Coracten SR 10mg capsules","Modified-release capsule","Oral","Nifedipine","10.000mg","02060200","0206020R0BGABAM","02060200","Coracten SR 10mg capsules",,,,,,,,,,,,,1,,,,1,1,
"1346441000033111",500000,"130211000001109","Slozem 120mg capsules (Zentiva Pharma UK Ltd)","Slozem 120mg capsules","Modified-release capsule","Oral","Diltiazem hydrochloride","120.000mg","02060200","0206020C0BIAAAU","02060200","Slozem 120mg capsules",,,,,,,,,,,,,1,,,,1,1,
"3161241000033111",500000,"134460003","Irbesartan 300mg / Hydrochlorothiazide 12.5mg tablets","Irbesartan 300mg / Hydrochlorothiazide 12.5mg tablets","Tablet","Oral","Hydrochlorothiazide/ Irbesartan","12.500mg + 300.000mg","02050502","","","",1,,,,,1,,1,,,1,"Irbesartan",1,1,1,1,1,,1
"2272641000033119",500000,"134463001","Telmisartan 20mg tablets","Telmisartan 20mg tablets","Tablet","Oral","Telmisartan","20.000mg","02050502","","","",1,,,,,1,,1,,,1,"Telmisartan",1,1,1,1,1,,
"756541000033113",500000,"154311000001108","Inderal LA 160mg capsules (AstraZeneca UK Ltd)","Inderal LA 160mg capsules","Modified-release capsule","Oral","Propranolol hydrochloride","160.000mg","02040000","0204000R0BGAGAB","02040000","Inderal LA 160mg capsules",,,,,,,,,,,,,1,,,,1,1,
"236041000033111",500000,"318619000","Celiprolol 200mg tablets","Celiprolol 200mg tablets","Tablet","Oral","Celiprolol hydrochloride","200.000mg","02040000","","","",,,,,,,,,,,,,1,1,1,1,1,,
"609241000033116",500000,"318910003","Fosinopril 20mg tablets","Fosinopril 20mg tablets","Tablet","Oral","Fosinopril sodium","20.000mg","02050501","","","",1,,,,,1,1,,,,1,"Fosinopril",1,1,1,1,1,,
"2036541000033110",500000,"318996008","Eprosartan 600mg tablets","Eprosartan 600mg tablets","Tablet","Oral","Eprosartan mesilate","600.000mg","02050502","","","",1,,,,,1,,1,,,1,"Eprosartan",1,1,1,1,1,,
"1511141000033118",500000,"36565011000001105","Verapamil 120mg modified-release capsules","Verapamil 120mg modified-release capsules","Modified-release capsule","Oral","Verapamil hydrochloride","120.000mg","02060200","0206020T0AAAIAI","02060200","Verapamil 120mg modified-release capsules",1,,,,,1,1,,,,1,"Trandolapril",1,,,,1,1,
"1511341000033115",500000,"39021011000001106","Verapamil 240mg modified-release capsules","Verapamil 240mg modified-release capsules","Modified-release capsule","Oral","Verapamil hydrochloride","240.000mg","02060200","0206020T0AAAKAK","02060200","Verapamil 240mg modified-release capsules",1,,,,,1,1,,,,1,"Trandolapril",1,,,,1,1,
"971341000033118",500000,"39022611000001105","Nifedipine 60mg modified-release tablets","Nifedipine 60mg modified-release tablets","Modified-release tablet","Oral","Nifedipine","60.000mg","02060200","0206020R0AAAPAP","02060200","Nifedipine 60mg modified-release tablets",,,,,,,,,,,,,1,,,,1,1,
"451941000033119",500000,"39023311000001105","Diltiazem 180mg modified-release capsules","Diltiazem 180mg modified-release capsules","Modified-release capsule","Oral","Diltiazem hydrochloride","180.000mg","02060200","0206020C0AAAVAV","02060200","Diltiazem 180mg modified-release capsules",,,,,,,,,,,,,1,,,,1,1,
"453941000033115",500000,"39023411000001103","Diltiazem 200mg modified-release capsules","Diltiazem 200mg modified-release capsules","Modified-release capsule","Oral","Diltiazem hydrochloride","200.000mg","02060200","0206020C0AAAXAX","02060200","Diltiazem 200mg modified-release capsules",,,,,,,,,,,,,1,,,,1,1,
"459641000033113",500000,"39024011000001109","Diltiazem 120mg modified-release tablets","Diltiazem 120mg modified-release tablets","Modified-release tablet","Oral","Diltiazem hydrochloride","120.000mg","02060200","0206020C0AAASAS","02060200","Diltiazem 120mg modified-release tablets",,,,,,,,,,,,,1,,,,1,1,
"2635641000033111",500000,"408604009","Moxonidine 300microgram tablets","Moxonidine 300microgram tablets","Tablet","Oral","Moxonidine","300.000microgram","02050200","","","",1,,1,,,,,,,,1,"Moxonidine",1,,,,1,,
"2875241000033117",500000,"4106311000001100","Cialis 20mg tablets (Eli Lilly and Company Ltd)","Cialis 20mg tablets","Tablet","Oral","Tadalafil","20.000mg","07040500","0704050R0BBABAB","07040500","Cialis 20mg tablets",1,1,,,,,,,,,1,"Tadalafil",,,,,,,
"4898841000033112",500000,"422044000","Tadalafil 5mg tablets","","","","","","","","","",1,1,,,,,,,,,1,"Tadalafil",1,,,,1,,
"3154941000033110",500000,"7887511000001107","Cardioplen XL 10mg tablets (Chiesi Ltd)","Cardioplen XL 10mg tablets","Modified-release tablet","Oral","Felodipine","10.000mg","02060200","0206020F0BKABAC","02060200","Cardioplen XL 10mg tablets",,,,,,,,,,,,,1,,,,1,1,
"18341000033114",500000,"833611000001109","Adipine MR 10 tablets (Chiesi Ltd)","Adipine MR 10 tablets","Modified-release tablet","Oral","Nifedipine","10.000mg","02060200","0206020R0BRABAE","02060200","Adipine MR 10 tablets",,,,,,,,,,,,,1,,,,1,1,
"1346541000033112",400000,"119211000001108","Slozem 180mg capsules (Zentiva Pharma UK Ltd)","Slozem 180mg capsules","Modified-release capsule","Oral","Diltiazem hydrochloride","180.000mg","02060200","0206020C0BIABAV","02060200","Slozem 180mg capsules",,,,,,,,,,,,,1,,,,1,1,
"17341000033110",400000,"2887311000001104","Adizem-SR 120mg capsules (Napp Pharmaceuticals Ltd)","Adizem-SR 120mg capsules","Modified-release capsule","Oral","Diltiazem hydrochloride","120.000mg","02060200","0206020C0BFADAU","02060200","Adizem-SR 120mg capsules",,,,,,,,,,,,,1,,,,1,1,
"1552341000033118",400000,"3143111000001100","Zestoretic 20 tablets (Atnahs Pharma UK Ltd)","Zestoretic 20 tablets","Tablet","Oral","Hydrochlorothiazide/ Lisinopril","12.500mg + 20.000mg","02050501","0205051K0BBAAAA","02050501","Zestoretic 20 tablets",1,,,,,1,1,,,,1,"Lisinopril",1,1,1,1,1,1,1
"1512941000033111",400000,"318206008","Verapamil 120mg tablets","Verapamil 120mg tablets","Tablet","Oral","Verapamil hydrochloride","120.000mg","02060200","","","",1,,,,,1,1,,,,1,"Trandolapril",1,,,,1,,
"814041000033119",400000,"318445000","Labetalol 100mg tablets","Labetalol 100mg tablets","Tablet","Oral","Labetalol hydrochloride","100.000mg","02040000","","","",,,,,,,,,,,,,1,1,1,1,1,,
"818641000033117",400000,"318446004","Labetalol 200mg tablets","Labetalol 200mg tablets","Tablet","Oral","Labetalol hydrochloride","200.000mg","02040000","","","",,,,,,,,,,,,,1,1,1,1,1,,
"742041000033119",400000,"318650003","Hydralazine 50mg tablets","Hydralazine 50mg tablets","Tablet","Oral","Hydralazine hydrochloride","50.000mg","02050100","","","",1,1,,,,,,,,,1,"Hydralazine",1,,,,1,,
"1131441000033112",400000,"318768008","Prazosin 1mg tablets","Prazosin 1mg tablets","Tablet","Oral","Prazosin hydrochloride","1.000mg","02050400","","","",1,,,,1,,,,,,1,"Prazosin",1,,,,1,,
"3160841000033117",400000,"318884002","Lisinopril 10mg / Hydrochlorothiazide 12.5mg tablets","Lisinopril 10mg / Hydrochlorothiazide 12.5mg tablets","Tablet","Oral","Hydrochlorothiazide/ Lisinopril","12.500mg + 10.000mg","02050501","","","",1,,,,,1,1,,,,1,"Lisinopril",1,1,1,1,1,,1
"1149441000033112",400000,"318887009","Quinapril 20mg tablets","Quinapril 20mg tablets","Tablet","Oral","Quinapril hydrochloride","20.000mg","02050501","","","",1,,,,,1,1,,,,1,"Quinapril",1,1,1,1,1,,
"609141000033111",400000,"318909008","Fosinopril 10mg tablets","Fosinopril 10mg tablets","Tablet","Oral","Fosinopril sodium","10.000mg","02050501","","","",1,,,,,1,1,,,,1,"Fosinopril",1,1,1,1,1,,
"955341000033117",400000,"321811000001109","Natrilix 2.5mg tablets (Servier Laboratories Ltd)","Natrilix 2.5mg tablets","Tablet","Oral","Indapamide hemihydrate","2.500mg","02020100","0202010P0BBAAAA","02020100","Natrilix 2.5mg tablets",,,,,,,,,,,,,1,,,,1,1,
"172341000033112",400000,"33911000001104","Burinex A 5mg/1mg tablets (LEO Pharma)","Burinex A 5mg/1mg tablets","Tablet","Oral","Amiloride hydrochloride/ Bumetanide","5.000mg + 1.000mg","02020400","0202040D0BBAAAA","02020400","Burinex A 5mg/1mg tablets",,,,,,,,,,,,,1,,,,1,1,
"464341000033111",400000,"344511000001105","Dixarit 25microgram tablets (Boehringer Ingelheim Ltd)","Dixarit 25microgram tablets","Tablet","Oral","Clonidine hydrochloride","25.000microgram","04070402","0407042F0BBAAAA","04070402","Dixarit 25microgram tablets",1,,1,,,,,,,,1,"Clonidine",,,,,,,
"1778741000033118",400000,"39107511000001109","Nifedipine 30mg modified-release capsules","Nifedipine 30mg modified-release capsules","Modified-release capsule","Oral","Nifedipine","30.000mg","02060200","0206020R0AABEBE","02060200","Nifedipine 30mg modified-release capsules",,,,,,,,,,,,,1,,,,1,1,
"3346841000033117",400000,"395497004","Losartan 100mg / Hydrochlorothiazide 25mg tablets","Losartan 100mg / Hydrochlorothiazide 25mg tablets","Tablet","Oral","Hydrochlorothiazide/ Losartan potassium","25.000mg + 100.000mg","02050502","","","",1,,,,,1,,1,,,1,"Losartan",1,,,,1,,1
"5565341000033115",400000,"39701111000001100","Nebivolol 2.5mg tablets","Nebivolol 2.5mg tablets","Tablet","Oral","Nebivolol hydrochloride","2.500mg","02040000","0204000ABAAABAB","02040000","Nebivolol 2.5mg tablets",,,,,,,,,,,,,1,,,,1,,
"788041000033110",400000,"408111000001107","Istin 10mg tablets (Viatris UK Healthcare Ltd)","Istin 10mg tablets","Tablet","Oral","Amlodipine","10.000mg","02060200","0206020A0BBABAB","02060200","Istin 10mg tablets",,,,,,,,,,,,,1,,,,1,1,
"370241000033111",400000,"410896007","Co-triamterzide 50mg/25mg tablets","Co-triamterzide 50mg/25mg tablets","Tablet","Oral","Hydrochlorothiazide/ Triamterene","25.000mg + 50.000mg","02020400","","","",,,,,,,,,,,,,1,,,,1,,
"1346641000033113",400000,"599811000001104","Slozem 240mg capsules (Zentiva Pharma UK Ltd)","Slozem 240mg capsules","Modified-release capsule","Oral","Diltiazem hydrochloride","240.000mg","02060200","0206020C0BIACAW","02060200","Slozem 240mg capsules",,,,,,,,,,,,,1,,,,1,1,
"65341000033116",400000,"857011000001109","Angitil SR 90 capsules (Ethypharm UK Ltd)","Angitil SR 90 capsules","Modified-release capsule","Oral","Diltiazem hydrochloride","90.000mg","02060200","0206020C0BJAAAT","02060200","Angitil SR 90 capsules",,,,,,,,,,,,,1,,,,1,1,
"4152841000033112",300000,"11506711000001103","Cardioplen XL 2.5mg tablets (Chiesi Ltd)","Cardioplen XL 2.5mg tablets","Modified-release tablet","Oral","Felodipine","2.500mg","02060200","0206020F0BKACAD","02060200","Cardioplen XL 2.5mg tablets",,,,,,,,,,,,,1,,,,1,1,
"3161141000033116",300000,"134461004","Irbesartan 150mg / Hydrochlorothiazide 12.5mg tablets","Irbesartan 150mg / Hydrochlorothiazide 12.5mg tablets","Tablet","Oral","Hydrochlorothiazide/ Irbesartan","12.500mg + 150.000mg","02050502","","","",1,,,,,1,,1,,,1,"Irbesartan",1,1,1,1,1,,1
"4454541000033118",300000,"13454311000001101","Perindopril arginine 5mg / Indapamide 1.25mg tablets","Perindopril arginine 5mg / Indapamide 1.25mg tablets","Tablet","Oral","Indapamide/ Perindopril arginine","1.250mg + 5.000mg","02050501","0205051Z0AAAAAA","02050501","Perindopril arginine 5mg / Indapamide 1.25mg tablets",1,,,,,1,1,,,,1,"Perindopril",1,1,1,1,1,1,1
"216441000033110",300000,"17311000001102","Capozide 25mg/50mg tablets (Bristol-Myers Squibb Pharmaceuticals Ltd)","Capozide 25mg/50mg tablets","Tablet","Oral","Captopril/ Hydrochlorothiazide","50.000mg + 25.000mg","02050501","0205051G0BCAAAA","02050501","Capozide 25mg/50mg tablets",1,,,,,1,1,,,,1,"Captopril",1,1,1,1,1,1,1
"615041000033112",300000,"25411000001108","Frusene 50mg/40mg tablets (Orion Pharma (UK) Ltd)","Frusene 50mg/40mg tablets","Tablet","Oral","Furosemide/ Triamterene","40.000mg + 50.000mg","02020400","0202040U0BBAAAA","02020400","Frusene 50mg/40mg tablets",,,,,,,,,,,,,1,,,,1,1,
"453141000033117",300000,"254911000001106","Dilzem XL 180 capsules (Teva UK Ltd)","Dilzem XL 180 capsules","Modified-release capsule","Oral","Diltiazem hydrochloride","180.000mg","02060200","0206020C0BHAEAV","02060200","Dilzem XL 180 capsules",,,,,,,,,,,,,1,,,,1,1,
"65441000033110",300000,"298811000001103","Angitil SR 120 capsules (Ethypharm UK Ltd)","Angitil SR 120 capsules","Modified-release capsule","Oral","Diltiazem hydrochloride","120.000mg","02060200","0206020C0BJABAU","02060200","Angitil SR 120 capsules",,,,,,,,,,,,,1,,,,1,1,
"1414941000033114",300000,"3142511000001102","Tenif 50mg/20mg modified-release capsules (AstraZeneca UK Ltd)","Tenif 50mg/20mg modified-release capsules","Modified-release capsule","Oral","Atenolol/ Nifedipine","50.000mg + 20.000mg","02040000","0204000U0BCAAAA","02040000","Tenif 50mg/20mg modified-release capsules",,,,,,,,,,,,,1,1,1,1,1,1,1
"3086241000033111",300000,"317935006","Chlortalidone 50mg tablets","Chlortalidone 50mg tablets","Tablet","Oral","Chlortalidone","50.000mg","02020100","","","",,,,,,,,,,,,,1,,,,1,,
"903541000033116",300000,"317965001","Metolazone 5mg tablets","Metolazone 5mg tablets","Tablet","Oral","Metolazone","5.000mg","02020100","","","",,,,,,,,,,,,,1,,,,1,,
"172541000033117",300000,"318022002","Bumetanide 5mg tablets","Bumetanide 5mg tablets","Tablet","Oral","Bumetanide","5.000mg","02020200","","","",,,,,,,,,,,,,1,,,,1,,
"897541000033115",300000,"318673006","Methyldopa 500mg tablets","Methyldopa 500mg tablets","Tablet","Oral","Methyldopa anhydrous","500.000mg","02050200","","","",1,,1,,,,,,,,1,"Methyldopa",1,,,,1,,
"1131341000033118",300000,"318767003","Prazosin 500microgram tablets","Prazosin 500microgram tablets","Tablet","Oral","Prazosin hydrochloride","500.000microgram","02050400","","","",1,,,,1,,,,,,1,"Prazosin",1,,,,1,,
"1429141000033119",300000,"318776005","Terazosin 5mg tablets","","","","","","","","","",1,,,,1,,,,,,1,"Terazosin",1,,,,1,,
"1425341000033119",300000,"318779003","Terazosin 2mg tablets","","","","","","","","","",1,,,,1,,,,,,1,"Terazosin",1,,,,1,,
"1149341000033118",300000,"318886000","Quinapril 10mg tablets","Quinapril 10mg tablets","Tablet","Oral","Quinapril hydrochloride","10.000mg","02050501","","","",1,,,,,1,1,,,,1,"Quinapril",1,1,1,1,1,,
"2036341000033115",300000,"318994006","Eprosartan 300mg tablets","Eprosartan 300mg tablets","Tablet","Oral","Eprosartan mesilate","300.000mg","02050502","","","",1,,,,,1,,1,,,1,"Eprosartan",1,1,1,1,1,,
"967741000033115",300000,"319217004","Nicardipine 20mg capsules","Nicardipine 20mg capsules","Capsule","Oral","Nicardipine hydrochloride","20.000mg","02060200","","","",,,,,,,,,,,,,1,,,,1,,
"3161641000033114",300000,"3437611000001100","Perindopril erbumine 4mg / Indapamide 1.25mg tablets","Perindopril erbumine 4mg / Indapamide 1.25mg tablets","Tablet","Oral","Indapamide/ Perindopril erbumine","1.250mg + 4.000mg","02050501","0205051N0AAAAAA","02050501","Perindopril erbumine 4mg / Indapamide 1.25mg tablets",1,,,,,1,1,,,,1,"Perindopril",1,1,1,1,1,1,1
"453741000033118",300000,"39023511000001104","Diltiazem 240mg modified-release capsules","Diltiazem 240mg modified-release capsules","Modified-release capsule","Oral","Diltiazem hydrochloride","240.000mg","02060200","0206020C0AAAWAW","02060200","Diltiazem 240mg modified-release capsules",,,,,,,,,,,,,1,,,,1,1,
"452041000033113",300000,"39023611000001100","Diltiazem 300mg modified-release capsules","Diltiazem 300mg modified-release capsules","Modified-release capsule","Oral","Diltiazem hydrochloride","300.000mg","02060200","0206020C0AAAEAE","02060200","Diltiazem 300mg modified-release capsules",,,,,,,,,,,,,1,,,,1,1,
"3198941000033113",300000,"407012000","Eplerenone 50mg tablets","Eplerenone 50mg tablets","Tablet","Oral","Eplerenone","50.000mg","02020300","","","",,,,,,,,,,,,,1,,,,1,,
"1706841000033115",300000,"525511000001107","Viagra 100mg tablets (Viatris UK Healthcare Ltd)","Viagra 100mg tablets","Tablet","Oral","Sildenafil citrate","100.000mg","07040500","0704050Z0BBACAC","07040500","Viagra 100mg tablets",1,1,,,,,,,,,1,"Sildenafil",,,,,,,
"614341000033113",300000,"550711000001106","Frumil LS 20mg/2.5mg tablets (Sanofi)","Frumil LS 20mg/2.5mg tablets","Tablet","Oral","Amiloride hydrochloride/ Furosemide","2.500mg + 20.000mg","02020400","0202040B0BBABAB","02020400","Frumil LS 20mg/2.5mg tablets",,,,,,,,,,,,,1,,,,1,1,
"3188741000033111",300000,"8046211000001107","Amlostin 5mg tablets (Discovery Pharmaceuticals)","Amlostin 5mg tablets","Tablet","Oral","Amlodipine","5.000mg","02060200","0206020A0BFAAAA","02060200","Amlostin 5mg tablets",,,,,,,,,,,,,1,,,,1,1,
"1552241000033111",300000,"823211000001109","Zestril 5mg tablets (Atnahs Pharma UK Ltd)","Zestril 5mg tablets","Tablet","Oral","Lisinopril","5.000mg","02050501","0205051L0BBABAB","02050501","Zestril 5mg tablets",1,,,,,1,1,,,,1,"Lisinopril",1,1,1,1,1,1,
"1551941000033114",300000,"825311000001100","Zestril 10mg tablets (Atnahs Pharma UK Ltd)","Zestril 10mg tablets","Tablet","Oral","Lisinopril","10.000mg","02050501","0205051L0BBACAC","02050501","Zestril 10mg tablets",1,,,,,1,1,,,,1,"Lisinopril",1,1,1,1,1,1,
"660641000033112",300000,"846611000001102","Half Securon SR 120mg tablets (Viatris UK Healthcare Ltd)","Half Securon SR 120mg tablets","Modified-release tablet","Oral","Verapamil hydrochloride","120.000mg","02060200","0206020T0BDAGAU","02060200","Half Securon SR 120mg tablets",1,,,,,1,1,,,,1,"Trandolapril",1,,,,1,1,
"977341000033113",200000,"","Nifedipine  Tablets  10 mg","","","","","","","","","",,,,,,,,,,,,,1,,,,1,,
"974941000033117",200000,"","Nifedipine  Tablets  20 mg","","","","","","","","","",,,,,,,,,,,,,1,,,,1,,
"2274041000033118",200000,"123911000001106","Cardura XL 4mg tablets (Viatris UK Healthcare Ltd)","Cardura XL 4mg tablets","Modified-release tablet","Oral","Doxazosin mesilate","4.000mg","02050400","0205040D0BBADAQ","02050400","Cardura XL 4mg tablets",1,,,,1,,,,,,1,"Doxazosin",1,,,,1,1,
"4424741000033110",200000,"13112711000001103","Losartan 100mg / Hydrochlorothiazide 12.5mg tablets","Losartan 100mg / Hydrochlorothiazide 12.5mg tablets","Tablet","Oral","Hydrochlorothiazide/ Losartan potassium","12.500mg + 100.000mg","02050502","0205052P0AAACAC","02050502","Losartan 100mg / Hydrochlorothiazide 12.5mg tablets",1,,,,,1,,1,,,1,"Losartan",1,,,,1,1,1
"453041000033116",200000,"243111000001108","Dilzem XL 120 capsules (Teva UK Ltd)","Dilzem XL 120 capsules","Modified-release capsule","Oral","Diltiazem hydrochloride","120.000mg","02060200","0206020C0BHADAU","02060200","Dilzem XL 120 capsules",,,,,,,,,,,,,1,,,,1,1,
"370841000033110",200000,"255911000001105","Cozaar-Comp 50mg/12.5mg tablets (Organon Pharma (UK) Ltd)","Cozaar-Comp 50mg/12.5mg tablets","Tablet","Oral","Hydrochlorothiazide/ Losartan potassium","12.500mg + 50.000mg","02050502","0205052P0BBAAAA","02050502","Cozaar-Comp 50mg/12.5mg tablets",1,,,,,1,,1,,,1,"Losartan",1,1,1,1,1,1,1
"2653341000033118",200000,"2886511000001108","Adizem-XL 200mg capsules (Napp Pharmaceuticals Ltd)","Adizem-XL 200mg capsules","Modified-release capsule","Oral","Diltiazem hydrochloride","200.000mg","02060200","0206020C0BFAJAX","02060200","Adizem-XL 200mg capsules",,,,,,,,,,,,,1,,,,1,1,
"17441000033116",200000,"2886711000001103","Adizem-SR 180mg capsules (Napp Pharmaceuticals Ltd)","Adizem-SR 180mg capsules","Modified-release capsule","Oral","Diltiazem hydrochloride","180.000mg","02060200","0206020C0BFAEAV","02060200","Adizem-SR 180mg capsules",,,,,,,,,,,,,1,,,,1,1,
"769241000033112",200000,"302311000001104","Innovace 20mg tablets (Organon Pharma (UK) Ltd)","Innovace 20mg tablets","Tablet","Oral","Enalapril maleate","20.000mg","02050501","0205051I0BBADAD","02050501","Innovace 20mg tablets",1,,,,,1,1,,,,1,"Enalapril",1,1,1,1,1,1,
"10943641000033117",200000,"31142011000001103","Sacubitril 24mg / Valsartan 26mg tablets","Sacubitril 24mg / Valsartan 26mg tablets","Tablet","Oral","Sacubitril/ Valsartan","24.000mg + 26.000mg","02050502","0205052AEAAACAC","02050502","Sacubitril 24mg / Valsartan 26mg tablets",1,,,,,1,,1,,,1,"Valsartan",1,1,1,1,1,,
"10943841000033116",200000,"31142211000001108","Sacubitril 97mg / Valsartan 103mg tablets","Sacubitril 97mg / Valsartan 103mg tablets","Tablet","Oral","Sacubitril/ Valsartan","97.000mg + 103.000mg","02050502","0205052AEAAABAB","02050502","Sacubitril 97mg / Valsartan 103mg tablets",1,,,,,1,,1,,,1,"Valsartan",1,1,1,1,1,,
"935441000033112",200000,"314211000001100","Moduret 25 tablets (Organon Pharma (UK) Ltd)","Moduret 25 tablets","Tablet","Oral","Amiloride hydrochloride/ Hydrochlorothiazide","2.500mg + 25.000mg","02020400","0202040C0BIAAAB","02020400","Moduret 25 tablets",,,,,,,,,,,,,1,,,,1,1,
"124341000033119",200000,"3142711000001107","Beta-Adalat modified-release capsules (Bayer Plc)","Beta-Adalat modified-release capsules","Modified-release capsule","Oral","Atenolol/ Nifedipine","50.000mg + 20.000mg","02040000","0204000U0BBAAAA","02040000","Beta-Adalat modified-release capsules",,,,,,,,,,,,,1,1,1,1,1,1,1
"1551841000033118",200000,"3144311000001101","Zestoretic 10 tablets (Atnahs Pharma UK Ltd)","Zestoretic 10 tablets","Tablet","Oral","Hydrochlorothiazide/ Lisinopril","12.500mg + 10.000mg","02050501","0205051K0BBABAB","02050501","Zestoretic 10 tablets",1,,,,,1,1,,,,1,"Lisinopril",1,1,1,1,1,1,1
"769041000033116",200000,"316111000001104","Innovace 10mg tablets (Organon Pharma (UK) Ltd)","Innovace 10mg tablets","Tablet","Oral","Enalapril maleate","10.000mg","02050501","0205051I0BBACAC","02050501","Innovace 10mg tablets",1,,,,,1,1,,,,1,"Enalapril",1,1,1,1,1,1,
"1428741000033112",200000,"317111000001101","Tenormin 25mg tablets (AstraZeneca UK Ltd)","Tenormin 25mg tablets","Tablet","Oral","Atenolol","25.000mg","02040000","0204000E0BBAEAG","02040000","Tenormin 25mg tablets",,,,,,,,,,,,,1,1,1,1,1,1,
"3092441000033114",200000,"317973005","Furosemide 500mg tablets","Furosemide 500mg tablets","Tablet","Oral","Furosemide","500.000mg","02020200","","","",,,,,,,,,,,,,1,,,,1,,
"1903541000033116",200000,"318096005","Amiloride 2.5mg / Cyclopenthiazide 250microgram tablets","Amiloride 2.5mg / Cyclopenthiazide 250microgram tablets","Tablet","Oral","Amiloride hydrochloride/ Cyclopenthiazide","2.500mg + 250.000microgram","02020400","","","",,,,,,,,,,,,,1,,,,1,,
"1845641000033119",200000,"318097001","Amiloride 5mg / Bumetanide 1mg tablets","Amiloride 5mg / Bumetanide 1mg tablets","Tablet","Oral","Amiloride hydrochloride/ Bumetanide","5.000mg + 1.000mg","02020400","","","",,,,,,,,,,,,,1,,,,1,,
"1444541000033113",200000,"318534000","Timolol 10mg tablets","Timolol 10mg tablets","Tablet","Oral","Timolol maleate","10.000mg","02040000","","","",,,,,,,,,,,,,1,1,1,1,1,,
"233341000033116",200000,"318622003","Celiprolol 400mg tablets","Celiprolol 400mg tablets","Tablet","Oral","Celiprolol hydrochloride","400.000mg","02040000","","","",,,,,,,,,,,,,1,1,1,1,1,,
"285841000033118",200000,"318667005","Clonidine 100microgram tablets","","","","","","","","","",1,,1,,,,,,,,1,"Clonidine",,,,,,,
"1131541000033113",200000,"318769000","Prazosin 2mg tablets","Prazosin 2mg tablets","Tablet","Oral","Prazosin hydrochloride","2.000mg","02050400","","","",1,,,,1,,,,,,1,"Prazosin",1,,,,1,,
"1429041000033118",200000,"318777001","Terazosin 10mg tablets","","","","","","","","","",1,,,,1,,,,,,1,"Terazosin",1,,,,1,,
"1149241000033111",200000,"318885001","Quinapril 5mg tablets","Quinapril 5mg tablets","Tablet","Oral","Quinapril hydrochloride","5.000mg","02050501","","","",1,,,,,1,1,,,,1,"Quinapril",1,1,1,1,1,,
"1149541000033113",200000,"318894007","Quinapril 40mg tablets","Quinapril 40mg tablets","Tablet","Oral","Quinapril hydrochloride","40.000mg","02050501","","","",1,,,,,1,1,,,,1,"Quinapril",1,1,1,1,1,,
"1453941000033115",200000,"318925003","Trandolapril 1mg capsules","Trandolapril 1mg capsules","Capsule","Oral","Trandolapril","1.000mg","02050501","","","",1,,,,,1,1,,,,1,"Trandolapril",1,1,1,1,1,,
"2036441000033114",200000,"318995007","Eprosartan 400mg tablets","Eprosartan 400mg tablets","Tablet","Oral","Eprosartan mesilate","400.000mg","02050502","","","",1,,,,,1,,1,,,1,"Eprosartan",1,1,1,1,1,,
"967141000033119",200000,"319218009","Nicardipine 30mg capsules","Nicardipine 30mg capsules","Capsule","Oral","Nicardipine hydrochloride","30.000mg","02060200","","","",,,,,,,,,,,,,1,,,,1,,
"1520141000033118",200000,"32311000001105","Viazem XL 120mg capsules (Thornton & Ross Ltd)","Viazem XL 120mg capsules","Modified-release capsule","Oral","Diltiazem hydrochloride","120.000mg","02060200","0206020C0BNAAAU","02060200","Viazem XL 120mg capsules",,,,,,,,,,,,,1,,,,1,1,
"939241000033113",200000,"329611000001106","Monocor 10mg tablets (Wyeth Pharmaceuticals)","Monocor 10mg tablets","Tablet","Oral","Bisoprolol fumarate","10.000mg","02040000","0204000H0BBABAB","02040000","Monocor 10mg tablets",,,,,,,,,,,,,1,,,,1,1,
"1520241000033113",200000,"33211000001108","Viazem XL 180mg capsules (Thornton & Ross Ltd)","Viazem XL 180mg capsules","Modified-release capsule","Oral","Diltiazem hydrochloride","180.000mg","02060200","0206020C0BNABAV","02060200","Viazem XL 180mg capsules",,,,,,,,,,,,,1,,,,1,1,
"65541000033111",200000,"336611000001101","Angitil SR 180 capsules (Ethypharm UK Ltd)","Angitil SR 180 capsules","Modified-release capsule","Oral","Diltiazem hydrochloride","180.000mg","02060200","0206020C0BJACAV","02060200","Angitil SR 180 capsules",,,,,,,,,,,,,1,,,,1,1,
"1469941000033114",200000,"3444411000001107","Trasidrex modified-release tablets (Mercury Pharma Group Ltd)","Trasidrex modified-release tablets","Modified-release tablet","Oral","Cyclopenthiazide/ Oxprenolol hydrochloride","250.000microgram + 160.000mg","02040000","0204000Y0BBAAAA","02040000","Trasidrex modified-release tablets",,,,,,,,,,,,,1,,,,1,1,1
"90441000033118",200000,"35903211000001107","Atenolol 25mg/5ml oral solution sugar free","Atenolol 25mg/5ml oral solution sugar free","Oral solution","Oral","Atenolol","5.000mg/1.000ml","02040000","0204000E0AAAAAA","02040000","Atenolol 25mg/5ml oral solution sugar free",,,,,,,,,,,,,1,,,,1,1,
"1026041000033118",200000,"36023011000001102","Oxprenolol 160mg modified-release tablets","Oxprenolol 160mg modified-release tablets","Modified-release tablet","Oral","Oxprenolol hydrochloride","160.000mg","02040000","0204000N0AAAFAF","02040000","Oxprenolol 160mg modified-release tablets",,,,,,,,,,,,,1,1,1,1,1,1,
"1778841000033111",200000,"38896511000001101","Nifedipine 60mg modified-release capsules","Nifedipine 60mg modified-release capsules","Modified-release capsule","Oral","Nifedipine","60.000mg","02060200","0206020R0AABFBF","02060200","Nifedipine 60mg modified-release capsules",,,,,,,,,,,,,1,,,,1,1,
"3161441000033112",200000,"395521005","Valsartan 160mg / Hydrochlorothiazide 12.5mg tablets","Valsartan 160mg / Hydrochlorothiazide 12.5mg tablets","Tablet","Oral","Hydrochlorothiazide/ Valsartan","12.500mg + 160.000mg","02050502","","","",1,,,,,1,,1,,,1,"Valsartan",1,1,1,1,1,,1
"3162741000033111",200000,"407856001","Telmisartan 80mg / Hydrochlorothiazide 12.5mg tablets","Telmisartan 80mg / Hydrochlorothiazide 12.5mg tablets","Tablet","Oral","Hydrochlorothiazide/ Telmisartan","12.500mg + 80.000mg","02050502","","","",1,,,,,1,,1,,,1,"Telmisartan",1,1,1,1,1,,1
"2875141000033112",200000,"4105911000001106","Cialis 10mg tablets (Eli Lilly and Company Ltd)","Cialis 10mg tablets","Tablet","Oral","Tadalafil","10.000mg","07040500","0704050R0BBAAAA","07040500","Cialis 10mg tablets",1,1,,,,,,,,,1,"Tadalafil",,,,,,,
"3014741000033111",200000,"410958005","Trandolapril 4mg capsules","Trandolapril 4mg capsules","Capsule","Oral","Trandolapril","4.000mg","02050501","","","",1,,,,,1,1,,,,1,"Trandolapril",1,1,1,1,1,,
"452641000033119",200000,"417111000001109","Dilzem SR 60 capsules (Teva UK Ltd)","Dilzem SR 60 capsules","Modified-release capsule","Oral","Diltiazem hydrochloride","60.000mg","02060200","0206020C0BHAAAJ","02060200","Dilzem SR 60 capsules",,,,,,,,,,,,,1,,,,1,1,
"214241000033118",200000,"455611000001103","Capoten 25mg tablets (Bristol-Myers Squibb Pharmaceuticals Ltd)","Capoten 25mg tablets","Tablet","Oral","Captopril","25.000mg","02050501","0205051F0BCABAE","02050501","Capoten 25mg tablets",1,,,,,1,1,,,,1,"Captopril",1,1,1,1,1,1,
"953141000033119",200000,"456611000001108","Natrilix SR 1.5mg tablets (Servier Laboratories Ltd)","Natrilix SR 1.5mg tablets","Modified-release tablet","Oral","Indapamide","1.500mg","02020100","0202010P0BBABAD","02020100","Natrilix SR 1.5mg tablets",,,,,,,,,,,,,1,,,,1,1,
"1347441000033114",200000,"473011000001107","Slow-Trasicor 160mg tablets (Advanz Pharma)","Slow-Trasicor 160mg tablets","Modified-release tablet","Oral","Oxprenolol hydrochloride","160.000mg","02040000","0204000N0BEAAAF","02040000","Slow-Trasicor 160mg tablets",,,,,,,,,,,,,1,1,1,1,1,1,
"2979941000033119",200000,"4785111000001103","Felotens XL 5mg tablets (Thornton & Ross Ltd)","Felotens XL 5mg tablets","Modified-release tablet","Oral","Felodipine","5.000mg","02060200","0206020F0BEAAAB","02060200","Felotens XL 5mg tablets",,,,,,,,,,,,,1,,,,1,1,
"1094141000033115",200000,"490211000001101","Plendil 5mg modified-release tablets (AstraZeneca UK Ltd)","Plendil 5mg modified-release tablets","Modified-release tablet","Oral","Felodipine","5.000mg","02060200","0206020F0BBAAAB","02060200","Plendil 5mg modified-release tablets",,,,,,,,,,,,,1,,,,1,1,
"370541000033113",200000,"53611000001106","Cozaar 50mg tablets (Organon Pharma (UK) Ltd)","Cozaar 50mg tablets","Tablet","Oral","Losartan potassium","50.000mg","02050502","0205052N0BBABAB","02050502","Cozaar 50mg tablets",1,,,,,1,,1,,,1,"Losartan",1,1,1,1,1,1,
"2261241000033118",200000,"550211000001104","Slozem 300mg capsules (Zentiva Pharma UK Ltd)","Slozem 300mg capsules","Modified-release capsule","Oral","Diltiazem hydrochloride","300.000mg","02060200","0206020C0BIADAE","02060200","Slozem 300mg capsules",,,,,,,,,,,,,1,,,,1,1,
"1520541000033110",200000,"648211000001107","Viazem XL 360mg capsules (Thornton & Ross Ltd)","Viazem XL 360mg capsules","Modified-release capsule","Oral","Diltiazem hydrochloride","360.000mg","02060200","0206020C0BNAEBA","02060200","Viazem XL 360mg capsules",,,,,,,,,,,,,1,,,,1,1,
"818941000033112",200000,"678511000001106","Lasoride 5mg/40mg tablets (Sanofi)","Lasoride 5mg/40mg tablets","Tablet","Oral","Amiloride hydrochloride/ Furosemide","5.000mg + 40.000mg","02020400","0202040B0BCAAAA","02020400","Lasoride 5mg/40mg tablets",,,,,,,,,,,,,1,,,,1,1,
"452741000033111",200000,"682311000001105","Dilzem SR 90 capsules (Teva UK Ltd)","Dilzem SR 90 capsules","Modified-release capsule","Oral","Diltiazem hydrochloride","90.000mg","02060200","0206020C0BHABAT","02060200","Dilzem SR 90 capsules",,,,,,,,,,,,,1,,,,1,1,
"769341000033119",200000,"730211000001104","Innovace 5mg tablets (Organon Pharma (UK) Ltd)","Innovace 5mg tablets","Tablet","Oral","Enalapril maleate","5.000mg","02050501","0205051I0BBABAB","02050501","Innovace 5mg tablets",1,,,,,1,1,,,,1,"Enalapril",1,1,1,1,1,1,
"453241000033112",200000,"733511000001107","Dilzem XL 240 capsules (Teva UK Ltd)","Dilzem XL 240 capsules","Modified-release capsule","Oral","Diltiazem hydrochloride","240.000mg","02060200","0206020C0BHAFAW","02060200","Dilzem XL 240 capsules",,,,,,,,,,,,,1,,,,1,1,
"14041000033115",200000,"782511000001108","Adalat 10mg capsules (Bayer Plc)","Adalat 10mg capsules","Capsule","Oral","Nifedipine","10.000mg","02060200","0206020R0BBABAB","02060200","Adalat 10mg capsules",,,,,,,,,,,,,1,,,,1,1,
"3188841000033118",200000,"8046411000001106","Amlostin 10mg tablets (Discovery Pharmaceuticals)","Amlostin 10mg tablets","Tablet","Oral","Amlodipine","10.000mg","02060200","0206020A0BFABAB","02060200","Amlostin 10mg tablets",,,,,,,,,,,,,1,,,,1,1,
"1707041000033112",200000,"808811000001107","Viagra 50mg tablets (Viatris UK Healthcare Ltd)","Viagra 50mg tablets","Tablet","Oral","Sildenafil citrate","50.000mg","07040500","0704050Z0BBAAAA","07040500","Viagra 50mg tablets",1,1,,,,,,,,,1,"Sildenafil",,,,,,,
"172741000033113",200000,"846411000001100","Burinex 1mg tablets (LEO Pharma)","Burinex 1mg tablets","Tablet","Oral","Bumetanide","1.000mg","02020200","0202020D0BBAAAE","02020200","Burinex 1mg tablets",,,,,,,,,,,,,1,,,,1,,
"1520341000033115",200000,"886511000001107","Viazem XL 240mg capsules (Thornton & Ross Ltd)","Viazem XL 240mg capsules","Modified-release capsule","Oral","Diltiazem hydrochloride","240.000mg","02060200","0206020C0BNACAW","02060200","Viazem XL 240mg capsules",,,,,,,,,,,,,1,,,,1,1,
"1552141000033116",200000,"891711000001107","Zestril 20mg tablets (Atnahs Pharma UK Ltd)","Zestril 20mg tablets","Tablet","Oral","Lisinopril","20.000mg","02050501","0205051L0BBADAD","02050501","Zestril 20mg tablets",1,,,,,1,1,,,,1,"Lisinopril",1,1,1,1,1,1,
"3225441000033117",200000,"9049711000001108","Adipine XL 30mg tablets (Chiesi Ltd)","Adipine XL 30mg tablets","Modified-release tablet","Oral","Nifedipine","30.000mg","02060200","0206020R0BRACAN","02060200","Adipine XL 30mg tablets",,,,,,,,,,,,,1,,,,1,1,
"768841000033117",200000,"930211000001107","Inderal 40mg tablets (AstraZeneca UK Ltd)","Inderal 40mg tablets","Tablet","Oral","Propranolol hydrochloride","40.000mg","02040000","0204000R0BGABAJ","02040000","Inderal 40mg tablets",,,,,,,,,,,,,1,,,,1,1,
"1833041000033110",100000,"105211000001107","Zemtard 120 XL capsules (Galen Ltd)","Zemtard 120 XL capsules","Modified-release capsule","Oral","Diltiazem hydrochloride","120.000mg","02060200","0206020C0BMABAU","02060200","Zemtard 120 XL capsules",,,,,,,,,,,,,1,,,,1,1,
"74641000033118",100000,"120911000001103","Aprinox 5mg tablets (Amdipharm Plc)","Aprinox 5mg tablets","Tablet","Oral","Bendroflumethiazide","5.000mg","02020100","0202010B0BBABAC","02020100","Aprinox 5mg tablets",,,,,,,,,,,,,1,,,,1,1,
"214141000033113",100000,"134511000001103","Capoten 12.5mg tablets (Bristol-Myers Squibb Pharmaceuticals Ltd)","Capoten 12.5mg tablets","Tablet","Oral","Captopril","12.500mg","02050501","0205051F0BCADAD","02050501","Capoten 12.5mg tablets",1,,,,,1,1,,,,1,"Captopril",1,1,1,1,1,1,
"770141000033115",100000,"146811000001108","Innozide 20mg/12.5mg tablets (Organon Pharma (UK) Ltd)","Innozide 20mg/12.5mg tablets","Tablet","Oral","Enalapril maleate/ Hydrochlorothiazide","20.000mg + 12.500mg","02050501","0205051H0BBAAAA","02050501","Innozide 20mg/12.5mg tablets",1,,,,,1,1,,,,1,"Enalapril",1,1,1,1,1,1,1
"4899041000033113",100000,"15001711000001106","Cialis 5mg tablets (Eli Lilly and Company Ltd)","Cialis 5mg tablets","Tablet","Oral","Tadalafil","5.000mg","07040500","0704050R0BBADAD","07040500","Cialis 5mg tablets",1,1,,,,,,,,,1,"Tadalafil",1,,,,1,,
"1489541000033117",100000,"219711000001103","Univer 120mg modified-release capsules (Teva UK Ltd)","Univer 120mg modified-release capsules","Modified-release capsule","Oral","Verapamil hydrochloride","120.000mg","02060200","0206020T0BFAAAI","02060200","Univer 120mg modified-release capsules",1,,,,,1,1,,,,1,"Trandolapril",1,,,,1,1,
"793741000033117",100000,"237011000001100","Kalten capsules (M & A Pharmachem Ltd)","Kalten capsules","Capsule","Oral","Amiloride hydrochloride/ Atenolol/ Hydrochlorothiazide","2.500mg + 50.000mg + 25.000mg","02040000","0204000F0BBAAAA","02040000","Kalten capsules",,,,,,,,,,,,,1,1,1,1,1,1,1
"40941000033118",100000,"253711000001107","Aldomet 250mg tablets (Aspen Pharma Trading Ltd)","Aldomet 250mg tablets","Tablet","Oral","Methyldopa anhydrous","250.000mg","02050200","0205020H0BBABAD","02050200","Aldomet 250mg tablets",1,,1,,,,,,,,1,"Methyldopa",1,,,,1,1,
"14141000033116",100000,"27111000001107","Adalat 5mg capsules (Bayer Plc)","Adalat 5mg capsules","Capsule","Oral","Nifedipine","5.000mg","02060200","0206020R0BBAAAA","02060200","Adalat 5mg capsules",,,,,,,,,,,,,1,,,,1,1,
"10943741000033114",100000,"31142111000001102","Sacubitril 49mg / Valsartan 51mg tablets","Sacubitril 49mg / Valsartan 51mg tablets","Tablet","Oral","Sacubitril/ Valsartan","49.000mg + 51.000mg","02050502","0205052AEAAAAAA","02050502","Sacubitril 49mg / Valsartan 51mg tablets",1,,,,,1,,1,,,1,"Valsartan",1,1,1,1,1,,
"395041000033117",100000,"317940003","Cyclopenthiazide 500microgram tablets","Cyclopenthiazide 500microgram tablets","Tablet","Oral","Cyclopenthiazide","500.000microgram","02020100","","","",,,,,,,,,,,,,1,,,,1,,
"818741000033114",100000,"318447008","Labetalol 400mg tablets","Labetalol 400mg tablets","Tablet","Oral","Labetalol hydrochloride","400.000mg","02040000","","","",,,,,,,,,,,,,1,1,1,1,1,,
"956541000033118",100000,"318481002","Nadolol 80mg tablets","Nadolol 80mg tablets","Tablet","Oral","Nadolol","80.000mg","02040000","","","",,,,,,,,,,,,,1,1,1,1,1,,
"1026241000033114",100000,"318484005","Oxprenolol 40mg tablets","Oxprenolol 40mg tablets","Tablet","Oral","Oxprenolol hydrochloride","40.000mg","02040000","","","",,,,,,,,,,,,,1,1,1,1,1,,
"1367141000033113",100000,"318528007","Sotalol 160mg tablets","Sotalol 160mg tablets","Tablet","Oral","Sotalol hydrochloride","160.000mg","02040000","","","",,,,,,,,,,,,,1,1,1,1,1,,
"897341000033110",100000,"318671008","Methyldopa 125mg tablets","Methyldopa 125mg tablets","Tablet","Oral","Methyldopa anhydrous","125.000mg","02050200","","","",1,,1,,,,,,,,1,"Methyldopa",1,,,,1,,
"480541000033110",100000,"3354611000001100","Doralese Tiltab 20mg tablets (Chemidex Pharma Ltd)","Doralese Tiltab 20mg tablets","Tablet","Oral","Indoramin hydrochloride","20.000mg","07040100","0704010M0BBAAAA","07040100","Doralese Tiltab 20mg tablets",1,,,,1,,,,,,1,"Indoramin",1,,,,1,,
"1833241000033119",100000,"345411000001107","Zemtard 240 XL capsules (Galen Ltd)","Zemtard 240 XL capsules","Modified-release capsule","Oral","Diltiazem hydrochloride","240.000mg","02060200","0206020C0BMADAW","02060200","Zemtard 240 XL capsules",,,,,,,,,,,,,1,,,,1,1,
"939141000033118",100000,"349611000001108","Monocor 5mg tablets (Wyeth Pharmaceuticals)","Monocor 5mg tablets","Tablet","Oral","Bisoprolol fumarate","5.000mg","02040000","0204000H0BBAAAA","02040000","Monocor 5mg tablets",,,,,,,,,,,,,1,,,,1,1,
"1845741000033111",100000,"35913011000001100","Bumetanide 500microgram / Potassium chloride 573mg (potassium 7.7mmol) modified-release tablets","Bumetanide 500microgram / Potassium chloride 573mg (potassium 7.7mmol) modified-release tablets","Modified-release tablet","Oral","Bumetanide/ Potassium chloride","500.000microgram + 573.000mg","02020800","0202080C0AAAAAA","02020800","Bumetanide 500microg/Pot chlor 573mg (pot 7.7mmol) MR tab",,,,,,,,,,,,,1,,,,1,,
"59441000033117",100000,"36011000001106","Amias 8mg tablets (Neon Healthcare Ltd)","Amias 8mg tablets","Tablet","Oral","Candesartan cilexetil","8.000mg","02050502","0205052C0BBACAC","02050502","Amias 8mg tablets",1,,,,,1,,1,,,1,"Candesartan",1,1,1,1,1,1,
"891641000033111",100000,"36035411000001108","Metoprolol 200mg modified-release tablets","Metoprolol 200mg modified-release tablets","Modified-release tablet","Oral","Metoprolol tartrate","200.000mg","02040000","0204000K0AAADAD","02040000","Metoprolol 200mg modified-release tablets",,,,,,,,,,,,,1,1,1,1,1,1,
"1511241000033113",100000,"36149411000001103","Verapamil 180mg modified-release capsules","Verapamil 180mg modified-release capsules","Modified-release capsule","Oral","Verapamil hydrochloride","180.000mg","02060200","0206020T0AAAJAJ","02060200","Verapamil 180mg modified-release capsules",1,,,,,1,1,,,,1,"Trandolapril",1,,,,1,1,
"967041000033118",100000,"3638211000001100","Neo-Naclex-K modified-release tablets (Mercury Pharma Group Ltd)","Neo-Naclex-K modified-release tablets","Modified-release tablet","Oral","Bendroflumethiazide/ Potassium chloride","2.500mg + 630.000mg","02020800","0202080B0BCAAAB","02020800","Neo-Naclex-K modified-release tablets",,,,,,,,,,,,,1,,,,1,1,
"808841000033119",100000,"3645811000001107","Lasilactone 20mg/50mg capsules (Sanofi)","Lasilactone 20mg/50mg capsules","Capsule","Oral","Furosemide/ Spironolactone","20.000mg + 50.000mg","02020400","0202040T0BBAAAA","02020400","Lasilactone 20mg/50mg capsules",,,,,,,,,,,,,1,,,,1,1,1
"3092141000033118",100000,"36564411000001102","Furosemide 50mg/5ml oral solution sugar free","Furosemide 50mg/5ml oral solution sugar free","Oral solution","Oral","Furosemide","10.000mg/1.000ml","02020200","0202020L0AABPBP","02020200","Furosemide 50mg/5ml oral solution sugar free",,,,,,,,,,,,,1,,,,1,,
"3190741000033112",100000,"377488008","Valsartan 80mg / Hydrochlorothiazide 12.5mg tablets","Valsartan 80mg / Hydrochlorothiazide 12.5mg tablets","Tablet","Oral","Hydrochlorothiazide/ Valsartan","12.500mg + 80.000mg","02050502","","","",1,,,,,1,,1,,,1,"Valsartan",1,1,1,1,1,,1
"3092041000033117",100000,"39021211000001101","Furosemide 40mg/5ml oral solution sugar free","Furosemide 40mg/5ml oral solution sugar free","Oral solution","Gastroenteral/ Oral","Furosemide","8.000mg/1.000ml","02020200","0202020L0AABNBN","02020200","Furosemide 40mg/5ml oral solution sugar free",,,,,,,,,,,,,1,,,,1,,
"971441000033112",100000,"39021711000001108","Nicardipine 30mg modified-release capsules","Nicardipine 30mg modified-release capsules","Modified-release capsule","Oral","Nicardipine hydrochloride","30.000mg","02060200","0206020Q0AAACAC","02060200","Nicardipine 30mg modified-release capsules",,,,,,,,,,,,,1,,,,1,1,
"972441000033116",100000,"39107611000001108","Nifedipine 40mg modified-release tablets","Nifedipine 40mg modified-release tablets","Modified-release tablet","Oral","Nifedipine","40.000mg","02060200","0206020R0AAAXAX","02060200","Nifedipine 40mg modified-release tablets",,,,,,,,,,,,,1,,,,1,1,
"3091941000033111",100000,"39108611000001107","Furosemide 20mg/5ml oral solution sugar free","Furosemide 20mg/5ml oral solution sugar free","Oral solution","Oral","Furosemide","4.000mg/1.000ml","02020200","0202020L0AABQBQ","02020200","Furosemide 20mg/5ml oral solution sugar free",,,,,,,,,,,,,1,,,,1,,
"3162241000033117",100000,"39691911000001109","Enalapril 20mg / Hydrochlorothiazide 12.5mg tablets","Enalapril 20mg / Hydrochlorothiazide 12.5mg tablets","Tablet","Oral","Enalapril maleate/ Hydrochlorothiazide","20.000mg + 12.500mg","02050501","0205051H0AAAAAA","02050501","Enalapril 20mg / Hydrochlorothiazide 12.5mg tablets",1,,,,,1,1,,,,1,"Enalapril",1,1,1,1,1,1,1
"4213641000033112",100000,"39731411000001101","Aliskiren 150mg tablets","Aliskiren 150mg tablets","Tablet","Oral","Aliskiren hemifumarate","150.000mg","02050503","0205053A0AAAAAA","02050503","Aliskiren 150mg tablets",1,,,,,1,,,1,,1,"Aliskiren",1,,,,1,1,
"1520441000033114",100000,"407011000001105","Viazem XL 300mg capsules (Thornton & Ross Ltd)","Viazem XL 300mg capsules","Modified-release capsule","Oral","Diltiazem hydrochloride","300.000mg","02060200","0206020C0BNADAE","02060200","Viazem XL 300mg capsules",,,,,,,,,,,,,1,,,,1,1,
"3162641000033119",100000,"407855002","Telmisartan 40mg / Hydrochlorothiazide 12.5mg tablets","Telmisartan 40mg / Hydrochlorothiazide 12.5mg tablets","Tablet","Oral","Hydrochlorothiazide/ Telmisartan","12.500mg + 40.000mg","02050502","","","",1,,,,,1,,1,,,1,"Telmisartan",1,1,1,1,1,,1
"3161541000033113",100000,"409298002","Valsartan 160mg / Hydrochlorothiazide 25mg tablets","Valsartan 160mg / Hydrochlorothiazide 25mg tablets","Tablet","Oral","Hydrochlorothiazide/ Valsartan","25.000mg + 160.000mg","02050502","","","",1,,,,,1,,1,,,1,"Valsartan",1,1,1,1,1,,1
"216841000033113",100000,"41811000001109","Cardura 2mg tablets (Viatris UK Healthcare Ltd)","Cardura 2mg tablets","Tablet","Oral","Doxazosin mesilate","2.000mg","02050400","0205040D0BBABAB","02050400","Cardura 2mg tablets",1,,,,1,,,,,,1,"Doxazosin",1,,,,1,1,
"12682141000033115",100000,"421069003","Doxazosin 8mg tablets","Doxazosin 8mg tablets","Tablet","Oral","Doxazosin mesilate","8.000mg","02050400","","","",1,,,,1,,,,,,1,"Doxazosin",1,,,,1,,
"40341000033117",100000,"4669111000001107","Aldactide 50 tablets (Pfizer Ltd)","Aldactide 50 tablets","Tablet","Oral","Hydroflumethiazide/ Spironolactone","50.000mg + 50.000mg","02020400","0202040G0BBABAB","02020400","Aldactide 50 tablets",,,,,,,,,,,,,1,,,,1,1,
"2980041000033115",100000,"4785511000001107","Felotens XL 10mg tablets (Thornton & Ross Ltd)","Felotens XL 10mg tablets","Modified-release tablet","Oral","Felodipine","10.000mg","02060200","0206020F0BEABAC","02060200","Felotens XL 10mg tablets",,,,,,,,,,,,,1,,,,1,1,
"1094041000033119",100000,"48511000001101","Plendil 10mg modified-release tablets (AstraZeneca UK Ltd)","Plendil 10mg modified-release tablets","Modified-release tablet","Oral","Felodipine","10.000mg","02060200","0206020F0BBABAC","02060200","Plendil 10mg modified-release tablets",,,,,,,,,,,,,1,,,,1,1,
"2958141000033112",100000,"4858111000001103","Doxadura 4mg tablets (Dexcel-Pharma Ltd)","Doxadura 4mg tablets","Tablet","Oral","Doxazosin mesilate","4.000mg","02050400","0205040D0BDACAC","02050400","Doxadura 4mg tablets",1,,,,1,,,,,,1,"Doxazosin",1,,,,1,1,
"768741000033110",100000,"567911000001100","Inderal 10mg tablets (AstraZeneca UK Ltd)","Inderal 10mg tablets","Tablet","Oral","Propranolol hydrochloride","10.000mg","02040000","0204000R0BGAAAH","02040000","Inderal 10mg tablets",,,,,,,,,,,,,1,,,,1,1,
"452841000033118",100000,"5711000001106","Dilzem SR 120 capsules (Teva UK Ltd)","Dilzem SR 120 capsules","Modified-release capsule","Oral","Diltiazem hydrochloride","120.000mg","02060200","0206020C0BHACAU","02060200","Dilzem SR 120 capsules",,,,,,,,,,,,,1,,,,1,1,
"1552041000033115",100000,"593111000001108","Zestril 2.5mg tablets (AstraZeneca UK Ltd)","Zestril 2.5mg tablets","Tablet","Oral","Lisinopril","2.500mg","02050501","0205051L0BBAAAA","02050501","Zestril 2.5mg tablets",1,,,,,1,1,,,,1,"Lisinopril",1,1,1,1,1,1,
"1952341000033112",100000,"628711000001102","Cardicor 2.5mg tablets (Merck Serono Ltd)","Cardicor 2.5mg tablets","Tablet","Oral","Bisoprolol fumarate","2.500mg","02040000","0204000H0BFABAJ","02040000","Cardicor 2.5mg tablets",,,,,,,,,,,,,1,1,1,1,1,1,
"1489741000033113",100000,"65411000001102","Univer 240mg modified-release capsules (Teva UK Ltd)","Univer 240mg modified-release capsules","Modified-release capsule","Oral","Verapamil hydrochloride","240.000mg","02060200","0206020T0BFACAK","02060200","Univer 240mg modified-release capsules",1,,,,,1,1,,,,1,"Trandolapril",1,,,,1,1,
"74541000033119",100000,"672111000001100","Aprinox 2.5mg tablets (Advanz Pharma)","Aprinox 2.5mg tablets","Tablet","Oral","Bendroflumethiazide","2.500mg","02020100","0202010B0BBAAAB","02020100","Aprinox 2.5mg tablets",,,,,,,,,,,,,1,,,,1,1,
"2216241000033110",100000,"682711000001109","CoAprovel 300mg/12.5mg tablets (Sanofi)","CoAprovel 300mg/12.5mg tablets","Tablet","Oral","Hydrochlorothiazide/ Irbesartan","12.500mg + 300.000mg","02050502","0205052A0BBABAB","02050502","CoAprovel 300mg/12.5mg tablets",1,,,,,1,,1,,,1,"Irbesartan",1,1,1,1,1,1,1
"935341000033118",100000,"74311000001101","Moducren tablets (Organon Pharma (UK) Ltd)","Moducren tablets","Tablet","Oral","Amiloride hydrochloride/ Hydrochlorothiazide/ Timolol maleate","2.500mg + 25.000mg + 10.000mg","02040000","020400030BBAAAA","02040000","Moducren tablets",,,,,,,,,,,,,1,,,,1,,1
"816441000033118",100000,"79411000001107","Lasix 40mg tablets (Sanofi)","Lasix 40mg tablets","Tablet","Oral","Furosemide","40.000mg","02020200","0202020L0BGAHBD","02020200","Lasix 40mg tablets",,,,,,,,,,,,,1,,,,1,,
"3159941000033114",100000,"7949111000001105","Lopace 10mg capsules (Discovery Pharmaceuticals)","Lopace 10mg capsules","Capsule","Oral","Ramipril","10.000mg","02050501","0205051R0BCACAD","02050501","Lopace 10mg capsules",1,,,,,1,1,,,,1,"Ramipril",1,1,1,1,1,1,
"1833141000033114",100000,"813611000001103","Zemtard 180 XL capsules (Galen Ltd)","Zemtard 180 XL capsules","Modified-release capsule","Oral","Diltiazem hydrochloride","180.000mg","02060200","0206020C0BMACAV","02060200","Zemtard 180 XL capsules",,,,,,,,,,,,,1,,,,1,1,
"615241000033116",100000,"818511000001106","Fru-Co 5mg/40mg tablets (Teva UK Ltd)","Fru-Co 5mg/40mg tablets","Tablet","Oral","Amiloride hydrochloride/ Furosemide","5.000mg + 40.000mg","02020400","0202040B0BDAAAA","02020400","Fru-Co 5mg/40mg tablets",,,,,,,,,,,,,1,,,,1,1,
"236141000033110",100000,"864811000001100","Celectol 200mg tablets (Neon Healthcare Ltd)","Celectol 200mg tablets","Tablet","Oral","Celiprolol hydrochloride","200.000mg","02040000","020400060BBAAAA","02040000","Celectol 200mg tablets",,,,,,,,,,,,,1,1,1,1,1,1,
"2274141000033119",100000,"873411000001109","Cardura XL 8mg tablets (Viatris UK Healthcare Ltd)","Cardura XL 8mg tablets","Modified-release tablet","Oral","Doxazosin mesilate","8.000mg","02050400","0205040D0BBAEAR","02050400","Cardura XL 8mg tablets",1,,,,1,,,,,,1,"Doxazosin",1,,,,1,1,
"3225541000033116",100000,"9049911000001105","Adipine XL 60mg tablets (Chiesi Ltd)","Adipine XL 60mg tablets","Modified-release tablet","Oral","Nifedipine","60.000mg","02060200","0206020R0BRADAP","02060200","Adipine XL 60mg tablets",,,,,,,,,,,,,1,,,,1,1,
"1550841000033111",90000,"20011000001105","Zanidip 10mg tablets (Recordati Pharmaceuticals Ltd)","Zanidip 10mg tablets","Tablet","Oral","Lercanidipine hydrochloride","10.000mg","02060200","0206020L0BBAAAA","02060200","Zanidip 10mg tablets",,,,,,,,,,,,,1,,,,1,1,
"818841000033116",90000,"318458004","Labetalol 50mg tablets","Labetalol 50mg tablets","Tablet","Oral","Labetalol hydrochloride","50.000mg","02040000","","","",,,,,,,,,,,,,1,1,1,1,1,,
"1026341000033116",90000,"318485006","Oxprenolol 80mg tablets","Oxprenolol 80mg tablets","Tablet","Oral","Oxprenolol hydrochloride","80.000mg","02040000","","","",,,,,,,,,,,,,1,1,1,1,1,,
"744941000033110",90000,"376209006","Hydrochlorothiazide 25mg tablets","Hydrochlorothiazide 25mg tablets","Tablet","Oral","Hydrochlorothiazide","25.000mg","02020100","","","",,,,,,,,,,,,,1,,,,1,,
"214341000033111",90000,"386611000001109","Capoten 50mg tablets (Bristol-Myers Squibb Pharmaceuticals Ltd)","Capoten 50mg tablets","Tablet","Oral","Captopril","50.000mg","02050501","0205051F0BCACAF","02050501","Capoten 50mg tablets",1,,,,,1,1,,,,1,"Captopril",1,1,1,1,1,1,
"3141000033116",90000,"39725211000001100","Acebutolol 200mg capsules","Acebutolol 200mg capsules","Capsule","Oral","Acebutolol hydrochloride","200.000mg","02040000","0204000C0AAABAB","02040000","Acebutolol 200mg capsules",,,,,,,,,,,,,1,1,1,1,1,1,
"470541000033117",90000,"4540011000001102","Diumide-K Continus tablets (Teofarma S.r.l.)","Diumide-K Continus tablets","Modified-release tablet","Oral","Furosemide/ Potassium chloride","40.000mg + 600.000mg","02020800","0202080K0BCAAAB","02020800","Diumide-K Continus tablets",,,,,,,,,,,,,1,,,,1,,
"955441000033111",90000,"487811000001100","Navidrex 500microgram tablets (Advanz Pharma)","Navidrex 500microgram tablets","Tablet","Oral","Cyclopenthiazide","500.000microgram","02020100","0202010J0BBAAAA","02020100","Navidrex 500microgram tablets",,,,,,,,,,,,,1,,,,1,1,
"1754841000033116",90000,"675611000001104","Vertab SR 240 tablets (Chiesi Ltd)","Vertab SR 240 tablets","Modified-release tablet","Oral","Verapamil hydrochloride","240.000mg","02060200","0206020T0BJAAAH","02060200","Vertab SR 240 tablets",1,,,,,1,1,,,,1,"Trandolapril",1,,,,1,1,
"216741000033115",90000,"907711000001109","Cardura 1mg tablets (Viatris UK Healthcare Ltd)","Cardura 1mg tablets","Tablet","Oral","Doxazosin mesilate","1.000mg","02050400","0205040D0BBAAAA","02050400","Cardura 1mg tablets",1,,,,1,,,,,,1,"Doxazosin",1,,,,1,1,
"4454641000033117",80000,"13444311000001104","Coversyl Arginine Plus 5mg/1.25mg tablets (Servier Laboratories Ltd)","Coversyl Arginine Plus 5mg/1.25mg tablets","Tablet","Oral","Indapamide/ Perindopril arginine","1.250mg + 5.000mg","02050501","0205051Z0BBAAAA","02050501","Coversyl Arginine Plus 5mg/1.25mg tablets",1,,,,,1,1,,,,1,"Perindopril",1,1,1,1,1,1,1
"19641000033110",80000,"2885611000001102","Adizem-SR 120mg tablets (Napp Pharmaceuticals Ltd)","Adizem-SR 120mg tablets","Modified-release tablet","Oral","Diltiazem hydrochloride","120.000mg","02060200","0206020C0BFAAAS","02060200","Adizem-SR 120mg tablets",,,,,,,,,,,,,1,,,,1,1,
"1543941000033111",80000,"317970008","Xipamide 20mg tablets","Xipamide 20mg tablets","Tablet","Oral","Xipamide","20.000mg","02020100","","","",,,,,,,,,,,,,1,,,,1,,
"1450341000033114",80000,"318041004","Torasemide 5mg tablets","Torasemide 5mg tablets","Tablet","Oral","Torasemide","5.000mg","02020200","","","",,,,,,,,,,,,,1,,,,1,,
"376741000033115",80000,"318137000","Co-amilofruse 10mg/80mg tablets","Co-amilofruse 10mg/80mg tablets","Tablet","Oral","Amiloride hydrochloride/ Furosemide","10.000mg + 80.000mg","02020400","","","",,,,,,,,,,,,,1,,,,1,,
"1513141000033119",80000,"318248001","Verapamil 160mg tablets","Verapamil 160mg tablets","Tablet","Oral","Verapamil hydrochloride","160.000mg","02060200","","","",1,,,,,1,1,,,,1,"Trandolapril",1,,,,1,,
"920941000033114",80000,"318656009","Minoxidil 5mg tablets","Minoxidil 5mg tablets","Tablet","Oral","Minoxidil","5.000mg","02050100","","","",1,1,,,,,,,,,1,"Minoxidil",1,,,,1,,
"1454141000033119",80000,"318924004","Trandolapril 500microgram capsules","Trandolapril 500microgram capsules","Capsule","Oral","Trandolapril","500.000microgram","02050501","","","",1,,,,,1,1,,,,1,"Trandolapril",1,1,1,1,1,,
"1739741000033112",80000,"318944005","Imidapril 10mg tablets","Imidapril 10mg tablets","Tablet","Oral","Imidapril hydrochloride","10.000mg","02050501","","","",1,,,,,1,1,,,,1,"Imidapril",1,1,1,1,1,,
"937141000033113",80000,"333011000001100","Motens 4mg tablets (GlaxoSmithKline UK Ltd)","Motens 4mg tablets","Tablet","Oral","Lacidipine","4.000mg","02060200","0206020K0BBABAB","02060200","Motens 4mg tablets",,,,,,,,,,,,,1,,,,1,1,
"176741000033114",80000,"344811000001108","Cardene 20mg capsules (Laboratoires X.O)","Cardene 20mg capsules","Capsule","Oral","Nicardipine hydrochloride","20.000mg","02060200","0206020Q0BBAAAA","02060200","Cardene 20mg capsules",,,,,,,,,,,,,1,,,,1,1,
"1800341000033113",80000,"39023711000001109","Diltiazem 360mg modified-release capsules","Diltiazem 360mg modified-release capsules","Modified-release capsule","Oral","Diltiazem hydrochloride","360.000mg","02060200","0206020C0AABABA","02060200","Diltiazem 360mg modified-release capsules",,,,,,,,,,,,,1,,,,1,1,
"3041000033115",80000,"39724211000001101","Acebutolol 100mg capsules","Acebutolol 100mg capsules","Capsule","Oral","Acebutolol hydrochloride","100.000mg","02040000","0204000C0AAAAAA","02040000","Acebutolol 100mg capsules",,,,,,,,,,,,,1,1,1,1,1,1,
"1570541000033111",80000,"467111000001105","Angitil XL 300 capsules (Ethypharm UK Ltd)","Angitil XL 300 capsules","Modified-release capsule","Oral","Diltiazem hydrochloride","300.000mg","02060200","0206020C0BJAEAE","02060200","Angitil XL 300 capsules",,,,,,,,,,,,,1,,,,1,1,
"1093941000033116",80000,"562711000001104","Plendil 2.5mg modified-release tablets (AstraZeneca UK Ltd)","Plendil 2.5mg modified-release tablets","Modified-release tablet","Oral","Felodipine","2.500mg","02060200","0206020F0BBACAD","02060200","Plendil 2.5mg modified-release tablets",,,,,,,,,,,,,1,,,,1,1,
"74341000033114",80000,"657011000001101","Apresoline 25mg tablets (Advanz Pharma)","Apresoline 25mg tablets","Tablet","Oral","Hydralazine hydrochloride","25.000mg","02050100","0205010J0BBAAAG","02050100","Apresoline 25mg tablets",1,1,,,,,,,,,1,"Hydralazine",1,,,,1,1,
"1570441000033110",80000,"75111000001104","Angitil XL 240 capsules (Ethypharm UK Ltd)","Angitil XL 240 capsules","Modified-release capsule","Oral","Diltiazem hydrochloride","240.000mg","02060200","0206020C0BJADAW","02060200","Angitil XL 240 capsules",,,,,,,,,,,,,1,,,,1,1,
"75941000033114",80000,"859711000001103","Aprovel 150mg tablets (Sanofi)","Aprovel 150mg tablets","Tablet","Oral","Irbesartan","150.000mg","02050502","0205052I0BBABAB","02050502","Aprovel 150mg tablets",1,,,,,1,,1,,,1,"Irbesartan",1,1,1,1,1,1,
"2920141000033113",80000,"8793111000001101","Diltiazem 2% cream","Diltiazem 2% cream","Cream","Transdermal","Diltiazem hydrochloride","20.000mg/1.000gram","01070100","0107010AAAAAJAJ","01070100","Diltiazem 2% cream",,,,,,,,,,,,,1,,,,1,,
"377641000033110",80000,"902211000001100","Coversyl 4mg tablets (Servier Laboratories Ltd)","Coversyl 4mg tablets","Tablet","Oral","Perindopril erbumine","4.000mg","02050501","0205051M0BBABAB","02050501","Coversyl 4mg tablets",1,,,,,1,1,,,,1,"Perindopril",1,1,1,1,1,1,
"1745041000033110",80000,"904011000001104","Nifedipress MR 10 tablets (Dexcel-Pharma Ltd)","Nifedipress MR 10 tablets","Modified-release tablet","Oral","Nifedipine","10.000mg","02060200","0206020R0CBAAAE","02060200","Nifedipress MR 10 tablets (Dexcel-Pharma)",,,,,,,,,,,,,1,,,,1,1,
"937041000033114",80000,"910911000001108","Motens 2mg tablets (GlaxoSmithKline UK Ltd)","Motens 2mg tablets","Tablet","Oral","Lacidipine","2.000mg","02060200","0206020K0BBAAAA","02060200","Motens 2mg tablets",,,,,,,,,,,,,1,,,,1,1,
"2724541000033115",70000,"","Ramipril  Titration pack  7 x 2.5 mg, 21 x 5 mg, 7 x 10 mg","","","","","","","","","",1,,,,,1,1,,,,1,"Ramipril",1,,,,1,,
"171941000033116",70000,"","Bumetanide K  Tablets  ","","","","","","","","","",,,,,,,,,,,,,1,,,,1,,
"216941000033117",70000,"","Cardura  Tablets  4 mg","","","","","","","","","",1,,,,1,,,,,,1,"Doxazosin",,,,,,,
"3995241000033112",70000,"10970311000001105","Irbesartan 300mg / Hydrochlorothiazide 25mg tablets","Irbesartan 300mg / Hydrochlorothiazide 25mg tablets","Tablet","Oral","Hydrochlorothiazide/ Irbesartan","25.000mg + 300.000mg","02050502","0205052A0AAACAC","02050502","Irbesartan 300mg / Hydrochlorothiazide 25mg tablets",1,,,,,1,,1,,,1,"Irbesartan",1,,,,1,1,1
"4454141000033110",70000,"13454111000001103","Perindopril arginine 10mg tablets","Perindopril arginine 10mg tablets","Tablet","Oral","Perindopril arginine","10.000mg","02050501","0205051Y0AAACAC","02050501","Perindopril arginine 10mg tablets",1,,,,,1,1,,,,1,"Perindopril",1,1,1,1,1,1,
"2720241000033110",70000,"245811000001102","Cozaar 100mg tablets (Organon Pharma (UK) Ltd)","Cozaar 100mg tablets","Tablet","Oral","Losartan potassium","100.000mg","02050502","0205052N0BBACAD","02050502","Cozaar 100mg tablets",1,,,,,1,,1,,,1,"Losartan",1,1,1,1,1,1,
"3092741000033119",70000,"318101005","Triamterene 50mg / Furosemide 40mg tablets","Triamterene 50mg / Furosemide 40mg tablets","Tablet","Oral","Furosemide/ Triamterene","40.000mg + 50.000mg","02020400","","","",,,,,,,,,,,,,1,,,,1,,
"144441000033111",70000,"31811000001105","Betaloc 50mg tablets (AstraZeneca UK Ltd)","Betaloc 50mg tablets","Tablet","Oral","Metoprolol tartrate","50.000mg","02040000","0204000K0BBAAAB","02040000","Betaloc 50mg tablets",,,,,,,,,,,,,1,,,,1,1,
"1135141000033118",70000,"318355002","Propranolol 160mg tablets","Propranolol 160mg tablets","Tablet","Oral","Propranolol hydrochloride","160.000mg","02040000","","","",,,,,,,,,,,,,1,1,1,1,1,,
"1091241000033112",70000,"318512002","Pindolol 5mg tablets","Pindolol 5mg tablets","Tablet","Oral","Pindolol","5.000mg","02040000","","","",,,,,,,,,,,,,1,1,1,1,1,,
"920641000033119",70000,"318657000","Minoxidil 10mg tablets","Minoxidil 10mg tablets","Tablet","Oral","Minoxidil","10.000mg","02050100","","","",1,1,,,,,,,,,1,"Minoxidil",1,,,,1,,
"3246941000033118",70000,"35903311000001104","Atenolol 50mg / Nifedipine 20mg modified-release capsules","Atenolol 50mg / Nifedipine 20mg modified-release capsules","Modified-release capsule","Oral","Atenolol/ Nifedipine","50.000mg + 20.000mg","02040000","0204000U0AAAAAA","02040000","Atenolol 50mg / Nifedipine 20mg modified-release capsules",,,,,,,,,,,,,1,1,1,1,1,1,1
"4424941000033113",70000,"376487009","Valsartan 320mg tablets","Valsartan 320mg tablets","Tablet","Oral","Valsartan","320.000mg","02050502","","","",1,,,,,1,,1,,,1,"Valsartan",1,,,,1,,
"1421341000033117",70000,"385611000001104","Tensipine MR 20 tablets (Genus Pharmaceuticals Ltd)","Tensipine MR 20 tablets","Modified-release tablet","Oral","Nifedipine","20.000mg","02060200","0206020R0BWABAR","02060200","Tensipine MR 20 tablets",,,,,,,,,,,,,1,,,,1,1,
"4213741000033115",70000,"39731511000001102","Aliskiren 300mg tablets","Aliskiren 300mg tablets","Tablet","Oral","Aliskiren hemifumarate","300.000mg","02050503","0205053A0AAABAB","02050503","Aliskiren 300mg tablets",1,,,,,1,,,1,,1,"Aliskiren",1,,,,1,1,
"3908941000033112",70000,"409184002","Olmesartan medoxomil 20mg / Hydrochlorothiazide 12.5mg tablets","Olmesartan medoxomil 20mg / Hydrochlorothiazide 12.5mg tablets","Tablet","Oral","Hydrochlorothiazide/ Olmesartan medoxomil","12.500mg + 20.000mg","02050502","","","",1,,,,,1,,1,,,1,"Olmesartan",1,1,1,1,1,,1
"1421241000033110",70000,"413111000001101","Tensipine MR 10 tablets (Genus Pharmaceuticals Ltd)","Tensipine MR 10 tablets","Modified-release tablet","Oral","Nifedipine","10.000mg","02060200","0206020R0BWAAAE","02060200","Tensipine MR 10 tablets",,,,,,,,,,,,,1,,,,1,1,
"1387341000033114",70000,"462511000001104","Staril 10mg tablets (Bristol-Myers Squibb Pharmaceuticals Ltd)","Staril 10mg tablets","Tablet","Oral","Fosinopril sodium","10.000mg","02050501","0205051J0BBAAAA","02050501","Staril 10mg tablets",1,,,,,1,1,,,,1,"Fosinopril",1,,,,1,1,
"1366141000033111",70000,"463811000001109","Sotacor 80mg tablets (Neon Healthcare Ltd)","Sotacor 80mg tablets","Tablet","Oral","Sotalol hydrochloride","80.000mg","02040000","0204000T0BCAAAC","02040000","Sotacor 80mg tablets",,,,,,,,,,,,,1,1,1,1,1,,
"377541000033114",70000,"48211000001104","Coversyl 2mg tablets (Servier Laboratories Ltd)","Coversyl 2mg tablets","Tablet","Oral","Perindopril erbumine","2.000mg","02050501","0205051M0BBAAAA","02050501","Coversyl 2mg tablets",1,,,,,1,1,,,,1,"Perindopril",1,1,1,1,1,1,
"1745141000033114",70000,"619111000001101","Nifedipress MR 20 tablets (Dexcel-Pharma Ltd)","Nifedipress MR 20 tablets","Modified-release tablet","Oral","Nifedipine","20.000mg","02060200","0206020R0CBABAR","02060200","Nifedipress MR 20 tablets (Dexcel-Pharma)",,,,,,,,,,,,,1,,,,1,1,
"660741000033115",70000,"724111000001103","Half Beta-Prograne 80mg modified-release capsules (Tillomed Laboratories Ltd)","Half Beta-Prograne 80mg modified-release capsules","Modified-release capsule","Oral","Propranolol hydrochloride","80.000mg","02040000","0204000R0BNABAA","02040000","Half Beta-Prograne 80mg modified-release capsules (Tillomed)",,,,,,,,,,,,,1,1,1,1,1,1,
"1796141000033112",70000,"726011000001109","Nebilet 5mg tablets (A. Menarini Farmaceutica Internazionale SRL)","Nebilet 5mg tablets","Tablet","Oral","Nebivolol hydrochloride","5.000mg","02040000","0204000ABBBAAAA","02040000","Nebilet 5mg tablets",,,,,,,,,,,,,1,1,1,1,1,,
"2216141000033115",70000,"792411000001108","CoAprovel 150mg/12.5mg tablets (Sanofi)","CoAprovel 150mg/12.5mg tablets","Tablet","Oral","Hydrochlorothiazide/ Irbesartan","12.500mg + 150.000mg","02050502","0205052A0BBAAAA","02050502","CoAprovel 150mg/12.5mg tablets",1,,,,,1,,1,,,1,"Irbesartan",1,1,1,1,1,1,1
"3159841000033118",70000,"7948911000001100","Lopace 5mg capsules (Discovery Pharmaceuticals)","Lopace 5mg capsules","Capsule","Oral","Ramipril","5.000mg","02050501","0205051R0BCABAC","02050501","Lopace 5mg capsules",1,,,,,1,1,,,,1,"Ramipril",1,1,1,1,1,1,
"59341000033111",70000,"857411000001100","Amias 4mg tablets (Neon Healthcare Ltd)","Amias 4mg tablets","Tablet","Oral","Candesartan cilexetil","4.000mg","02050502","0205052C0BBABAB","02050502","Amias 4mg tablets",1,,,,,1,,1,,,1,"Candesartan",1,1,1,1,1,1,
"1833341000033112",70000,"866811000001107","Zemtard 300 XL capsules (Galen Ltd)","Zemtard 300 XL capsules","Modified-release capsule","Oral","Diltiazem hydrochloride","300.000mg","02060200","0206020C0BMAAAE","02060200","Zemtard 300 XL capsules",,,,,,,,,,,,,1,,,,1,1,
"59141000033113",70000,"908511000001100","Amias 16mg tablets (Neon Healthcare Ltd)","Amias 16mg tablets","Tablet","Oral","Candesartan cilexetil","16.000mg","02050502","0205052C0BBADAD","02050502","Amias 16mg tablets",1,,,,,1,,1,,,1,"Candesartan",1,1,1,1,1,1,
"4454041000033111",60000,"13454411000001108","Perindopril arginine 5mg tablets","Perindopril arginine 5mg tablets","Tablet","Oral","Perindopril arginine","5.000mg","02050501","0205051Y0AAABAB","02050501","Perindopril arginine 5mg tablets",1,,,,,1,1,,,,1,"Perindopril",1,1,1,1,1,1,
"605941000033110",60000,"188711000001108","Fortipine LA 40 tablets (Advanz Pharma)","Fortipine LA 40 tablets","Modified-release tablet","Oral","Nifedipine","40.000mg","02060200","0206020R0BXAAAX","02060200","Fortipine LA 40 tablets",,,,,,,,,,,,,1,,,,1,1,
"92541000033118",60000,"271911000001106","Atenix 50 tablets (Ashbourne Pharmaceuticals Ltd)","Atenix 50 tablets","Tablet","Oral","Atenolol","50.000mg","02040000","0204000E0BCACAB","02040000","Atenix 50 tablets",,,,,,,,,,,,,1,1,1,1,1,1,
"742841000033114",60000,"285911000001101","Hygroton 50mg tablets (Alliance Pharmaceuticals Ltd)","Hygroton 50mg tablets","Tablet","Oral","Chlortalidone","50.000mg","02020100","0202010F0BBAAAA","02020100","Hygroton 50mg tablets",,,,,,,,,,,,,1,,,,1,1,
"10944141000033113",60000,"31138011000001104","Entresto 97mg/103mg tablets (Novartis Pharmaceuticals UK Ltd)","Entresto 97mg/103mg tablets","Tablet","Oral","Sacubitril/ Valsartan","97.000mg + 103.000mg","02050502","0205052AEBBABAB","02050502","Entresto 97mg/103mg tablets",1,,,,,1,,1,,,1,"Valsartan",1,1,1,1,1,,
"1450141000033111",60000,"318042006","Torasemide 10mg tablets","Torasemide 10mg tablets","Tablet","Oral","Torasemide","10.000mg","02020200","","","",,,,,,,,,,,,,1,,,,1,,
"3163241000033112",60000,"318177008","Felodipine 5mg modified-release / Ramipril 5mg tablets","Felodipine 5mg modified-release / Ramipril 5mg tablets","Modified-release tablet","Oral","Felodipine/ Ramipril","5.000mg + 5.000mg","02050501","","","",1,,,,,1,1,,,,1,"Ramipril",1,1,1,1,1,,1
"1131641000033114",60000,"318770004","Prazosin 5mg tablets","Prazosin 5mg tablets","Tablet","Oral","Prazosin hydrochloride","5.000mg","02050400","","","",1,,,,1,,,,,,1,"Prazosin",1,,,,1,,
"743641000033117",60000,"347411000001101","Hypovase 1mg tablets (Pfizer Ltd)","Hypovase 1mg tablets","Tablet","Oral","Prazosin hydrochloride","1.000mg","02050400","0205040S0BBABAC","02050400","Hypovase 1mg tablets",1,,,,1,,,,,,1,"Prazosin",1,,,,1,1,
"816141000033114",60000,"3704811000001105","Lasikal modified-release tablets (Borg Medicare)","Lasikal modified-release tablets","Modified-release tablet","Oral","Furosemide/ Potassium chloride","20.000mg + 750.000mg","02020800","0202080K0BBAAAA","02020800","Lasikal modified-release tablets",,,,,,,,,,,,,1,,,,1,,
"10741000033112",60000,"39725711000001107","Acebutolol 400mg tablets","Acebutolol 400mg tablets","Tablet","Oral","Acebutolol hydrochloride","400.000mg","02040000","0204000C0AAADAD","02040000","Acebutolol 400mg tablets",,,,,,,,,,,,,1,1,1,1,1,1,
"3201341000033115",60000,"416515008","Valsartan 40mg tablets","Valsartan 40mg tablets","Tablet","Oral","Valsartan","40.000mg","02050502","","","",1,,,,,1,,1,,,1,"Valsartan",1,1,1,1,1,,
"2958041000033113",60000,"4857711000001103","Doxadura 2mg tablets (Dexcel-Pharma Ltd)","Doxadura 2mg tablets","Tablet","Oral","Doxazosin mesilate","2.000mg","02050400","0205040D0BDABAB","02050400","Doxadura 2mg tablets",1,,,,1,,,,,,1,"Doxazosin",1,,,,1,1,
"437841000033117",60000,"554511000001105","Diovan 80mg capsules (Novartis Pharmaceuticals UK Ltd)","Diovan 80mg capsules","Capsule","Oral","Valsartan","80.000mg","02050502","0205052V0BBABAB","02050502","Diovan 80mg capsules",1,,,,,1,,1,,,1,"Valsartan",1,1,1,1,1,1,
"2739541000033117",60000,"562511000001109","Coversyl Plus tablets (Servier Laboratories Ltd)","Coversyl Plus tablets","Tablet","Oral","Indapamide/ Perindopril erbumine","1.250mg + 4.000mg","02050501","0205051N0BBAAAA","02050501","Coversyl Plus tablets",1,,,,,1,1,,,,1,"Perindopril",1,1,1,1,1,1,1
"1469741000033111",60000,"592911000001104","Trasicor 40mg tablets (Amdipharm Plc)","Trasicor 40mg tablets","Tablet","Oral","Oxprenolol hydrochloride","40.000mg","02040000","0204000N0BFABAC","02040000","Trasicor 40mg tablets",,,,,,,,,,,,,1,,,,1,1,
"1469041000033113",60000,"639011000001106","Trandate 100mg tablets (RPH Pharmaceuticals AB)","Trandate 100mg tablets","Tablet","Oral","Labetalol hydrochloride","100.000mg","02040000","0204000I0BCABAC","02040000","Trandate 100mg tablets",,,,,,,,,,,,,1,1,1,1,1,,
"769141000033117",60000,"749611000001107","Innovace 2.5mg tablets (Organon Pharma (UK) Ltd)","Innovace 2.5mg tablets","Tablet","Oral","Enalapril maleate","2.500mg","02050501","0205051I0BBAAAA","02050501","Innovace 2.5mg tablets",1,,,,,1,1,,,,1,"Enalapril",1,1,1,1,1,1,
"40241000033110",60000,"762511000001105","Aldactide 25 tablets (Pfizer Ltd)","Aldactide 25 tablets","Tablet","Oral","Hydroflumethiazide/ Spironolactone","25.000mg + 25.000mg","02020400","0202040G0BBAAAA","02020400","Aldactide 25 tablets",,,,,,,,,,,,,1,,,,1,1,
"1469141000033112",60000,"77311000001105","Trandate 200mg tablets (RPH Pharmaceuticals AB)","Trandate 200mg tablets","Tablet","Oral","Labetalol hydrochloride","200.000mg","02040000","0204000I0BCACAD","02040000","Trandate 200mg tablets",,,,,,,,,,,,,1,1,1,1,1,,
"1132741000033111",60000,"98411000001109","Prestim tablets (Meda Pharmaceuticals Ltd)","Prestim tablets","Tablet","Oral","Bendroflumethiazide/ Timolol maleate","2.500mg + 10.000mg","02040000","020400030BCAAAE","02040000","Prestim tablets",,,,,,,,,,,,,1,1,1,1,1,,
"1128041000033113",50000,"","Propranolol Hydrochloride  M/R tablets  160 mg","","","","","","","","","",,,,,,,,,,,,,1,,,,1,,
"743741000033114",50000,"150911000001104","Hypovase 2mg tablets (Pfizer Ltd)","Hypovase 2mg tablets","Tablet","Oral","Prazosin hydrochloride","2.000mg","02050400","0205040S0BBACAD","02050400","Hypovase 2mg tablets",1,,,,1,,,,,,1,"Prazosin",1,,,,1,1,
"370441000033112",50000,"266511000001104","Cozaar 25mg tablets (Organon Pharma (UK) Ltd)","Cozaar 25mg tablets","Tablet","Oral","Losartan potassium","25.000mg","02050502","0205052N0BBAAAA","02050502","Cozaar 25mg tablets",1,,,,,1,,1,,,1,"Losartan",1,1,1,1,1,1,
"10944041000033114",50000,"31136411000001107","Entresto 49mg/51mg tablets (Novartis Pharmaceuticals UK Ltd)","Entresto 49mg/51mg tablets","Tablet","Oral","Sacubitril/ Valsartan","49.000mg + 51.000mg","02050502","0205052AEBBAAAA","02050502","Entresto 49mg/51mg tablets",1,,,,,1,,1,,,1,"Valsartan",1,1,1,1,1,,
"10943941000033112",50000,"31136811000001109","Entresto 24mg/26mg tablets (Novartis Pharmaceuticals UK Ltd)","Entresto 24mg/26mg tablets","Tablet","Oral","Sacubitril/ Valsartan","24.000mg + 26.000mg","02050502","0205052AEBBACAC","02050502","Entresto 24mg/26mg tablets",1,,,,,1,,1,,,1,"Valsartan",1,1,1,1,1,,
"745741000033113",50000,"3147611000001100","Hytrin 2mg tablets (Advanz Pharma)","Hytrin 2mg tablets","Tablet","Oral","Terazosin hydrochloride","2.000mg","02050400","0205040V0BBABAB","02050400","Hytrin 2mg tablets",1,,,,1,,,,,,1,"Terazosin",1,,,,1,1,
"1026141000033119",50000,"318483004","Oxprenolol 20mg tablets","Oxprenolol 20mg tablets","Tablet","Oral","Oxprenolol hydrochloride","20.000mg","02040000","","","",,,,,,,,,,,,,1,1,1,1,1,,
"920841000033118",50000,"318655008","Minoxidil 2.5mg tablets","Minoxidil 2.5mg tablets","Tablet","Oral","Minoxidil","2.500mg","02050100","","","",1,1,,,,,,,,,1,"Minoxidil",1,,,,1,,
"743541000033118",50000,"321311000001100","Hypovase 500microgram tablets (Pfizer Ltd)","Hypovase 500microgram tablets","Tablet","Oral","Prazosin hydrochloride","500.000microgram","02050400","0205040S0BBAAAB","02050400","Hypovase 500microgram tablets",1,,,,1,,,,,,1,"Prazosin",1,,,,1,1,
"76041000033116",50000,"323211000001107","Aprovel 300mg tablets (Sanofi)","Aprovel 300mg tablets","Tablet","Oral","Irbesartan","300.000mg","02050502","0205052I0BBACAC","02050502","Aprovel 300mg tablets",1,,,,,1,,1,,,1,"Irbesartan",1,1,1,1,1,1,
"756641000033114",50000,"333111000001104","Inderetic 80mg/2.5mg capsules (AstraZeneca UK Ltd)","Inderetic 80mg/2.5mg capsules","Capsule","Oral","Bendroflumethiazide/ Propranolol hydrochloride","2.500mg + 80.000mg","02040000","0204000Q0BBAAAA","02040000","Inderetic 80mg/2.5mg capsules",,,,,,,,,,,,,1,,,,1,1,1
"470741000033113",50000,"348911000001105","Diurexan 20mg tablets (Viatris UK Healthcare Ltd)","Diurexan 20mg tablets","Tablet","Oral","Xipamide","20.000mg","02020100","0202010Y0BBAAAA","02020100","Diurexan 20mg tablets",,,,,,,,,,,,,1,,,,1,,
"756741000033117",50000,"350811000001100","Inderex 160mg/5mg modified-release capsules (AstraZeneca UK Ltd)","Inderex 160mg/5mg modified-release capsules","Modified-release capsule","Oral","Bendroflumethiazide/ Propranolol hydrochloride","5.000mg + 160.000mg","02040000","0204000Q0BCAAAB","02040000","Inderex 160mg/5mg modified-release capsules",,,,,,,,,,,,,1,,,,1,1,1
"1523941000033114",50000,"3638411000001101","Viskaldix tablets (Advanz Pharma)","Viskaldix tablets","Tablet","Oral","Clopamide/ Pindolol","5.000mg + 10.000mg","02040000","020400010BBAAAA","02040000","Viskaldix tablets",,,,,,,,,,,,,1,1,1,1,1,,1
"971541000033113",50000,"39021811000001100","Nicardipine 45mg modified-release capsules","Nicardipine 45mg modified-release capsules","Modified-release capsule","Oral","Nicardipine hydrochloride","45.000mg","02060200","0206020Q0AAADAD","02060200","Nicardipine 45mg modified-release capsules",,,,,,,,,,,,,1,,,,1,1,
"1489641000033116",50000,"391811000001102","Univer 180mg modified-release capsules (Teva UK Ltd)","Univer 180mg modified-release capsules","Modified-release capsule","Oral","Verapamil hydrochloride","180.000mg","02060200","0206020T0BFABAJ","02060200","Univer 180mg modified-release capsules",1,,,,,1,1,,,,1,"Trandolapril",1,,,,1,1,
"13777741000033113",50000,"39356011000001101","Spironolactone 12.5mg tablets","Spironolactone 12.5mg tablets","Tablet","Oral","Spironolactone","12.500mg","02020300","0202030S0AAEGEG","02020300","Spironolactone 12.5mg tablets",,,,,,,,,,,,,1,,,,,1,
"258641000033117",50000,"39685911000001107","Cilazapril 5mg tablets","Cilazapril 5mg tablets","Tablet","Oral","Cilazapril monohydrate","5.000mg","02050501","0205051E0AAAEAE","02050501","Cilazapril 5mg tablets",1,,,,,1,1,,,,1,"Cilazapril",1,,,,1,1,
"3159741000033111",50000,"7948711000001102","Lopace 2.5mg capsules (Discovery Pharmaceuticals)","Lopace 2.5mg capsules","Capsule","Oral","Ramipril","2.500mg","02050501","0205051R0BCAAAB","02050501","Lopace 2.5mg capsules",1,,,,,1,1,,,,1,"Ramipril",1,1,1,1,1,1,
"1455741000033119",50000,"802311000001101","Tritace 5mg capsules (Sanofi)","Tritace 5mg capsules","Capsule","Oral","Ramipril","5.000mg","02050501","0205051R0BBACAC","02050501","Tritace 5mg capsules",1,,,,,1,1,,,,1,"Ramipril",1,1,1,1,1,1,
"768941000033113",50000,"821011000001100","Inderal 80mg tablets (AstraZeneca UK Ltd)","Inderal 80mg tablets","Tablet","Oral","Propranolol hydrochloride","80.000mg","02040000","0204000R0BGACAK","02040000","Inderal 80mg tablets",,,,,,,,,,,,,1,,,,1,1,
"144041000033119",50000,"900511000001103","Beta-Cardone 40mg tablets (Focus Pharmaceuticals Ltd)","Beta-Cardone 40mg tablets","Tablet","Oral","Sotalol hydrochloride","40.000mg","02040000","0204000T0BBAAAB","02040000","Beta-Cardone 40mg tablets",,,,,,,,,,,,,1,1,1,1,1,,
"151441000033111",40000,"","Bisoprolol Fumarate  Tablets  10 mg","","","","","","","","","",,,,,,,,,,,,,1,,,,1,,
"514141000033116",40000,"106611000001104","Emcor 10mg tablets (Merck Serono Ltd)","Emcor 10mg tablets","Tablet","Oral","Bisoprolol fumarate","10.000mg","02040000","0204000H0BCABAB","02040000","Emcor 10mg tablets",,,,,,,,,,,,,1,,,,1,1,
"4021641000033111",40000,"11160111000001107","Amlodipine 10mg / Valsartan 160mg tablets","Amlodipine 10mg / Valsartan 160mg tablets","Tablet","Oral","Amlodipine besilate/ Valsartan","10.000mg + 160.000mg","02060200","0206020Z0AAACAC","02060200","Amlodipine 10mg / Valsartan 160mg tablets",1,,,,,1,,1,,,1,"Valsartan",1,,,,1,1,1
"4021541000033110",40000,"11160211000001101","Amlodipine 5mg / Valsartan 160mg tablets","Amlodipine 5mg / Valsartan 160mg tablets","Tablet","Oral","Amlodipine besilate/ Valsartan","5.000mg + 160.000mg","02060200","0206020Z0AAABAB","02060200","Amlodipine 5mg / Valsartan 160mg tablets",1,,,,,1,,1,,,1,"Valsartan",1,,,,1,1,1
"4021441000033114",40000,"11160311000001109","Amlodipine 5mg / Valsartan 80mg tablets","Amlodipine 5mg / Valsartan 80mg tablets","Tablet","Oral","Amlodipine besilate/ Valsartan","5.000mg + 80.000mg","02060200","0206020Z0AAAAAA","02060200","Amlodipine 5mg / Valsartan 80mg tablets",1,,,,,1,,1,,,1,"Valsartan",1,,,,1,1,1
"4454341000033113",40000,"13444911000001103","Coversyl Arginine 5mg tablets (Servier Laboratories Ltd)","Coversyl Arginine 5mg tablets","Tablet","Oral","Perindopril arginine","5.000mg","02050501","0205051Y0BBABAB","02050501","Coversyl Arginine 5mg tablets",1,,,,,1,1,,,,1,"Perindopril",1,1,1,1,1,1,
"144541000033112",40000,"185111000001102","Betaloc-SA 200mg tablets (AstraZeneca UK Ltd)","Betaloc-SA 200mg tablets","Modified-release tablet","Oral","Metoprolol tartrate","200.000mg","02040000","0204000K0BBADAD","02040000","Betaloc-SA 200mg tablets",,,,,,,,,,,,,1,,,,1,1,
"1470341000033112",40000,"191211000001106","Triam-Co 50mg/25mg tablets (IVAX Pharmaceuticals UK Ltd)","Triam-Co 50mg/25mg tablets","Tablet","Oral","Hydrochlorothiazide/ Triamterene","25.000mg + 50.000mg","02020400","0202040H0BCAAAA","02020400","Triam-Co 50mg/25mg tablets",,,,,,,,,,,,,1,,,,1,1,
"1952541000033117",40000,"19711000001106","Cardicor 5mg tablets (Merck Serono Ltd)","Cardicor 5mg tablets","Tablet","Oral","Bisoprolol fumarate","5.000mg","02040000","0204000H0BFADAA","02040000","Cardicor 5mg tablets",,,,,,,,,,,,,1,1,1,1,1,1,
"648441000033118",40000,"273111000001109","Gopten 2mg capsules (Abbott Laboratories Ltd)","Gopten 2mg capsules","Capsule","Oral","Trandolapril","2.000mg","02050501","0205051U0BBACAC","02050501","Gopten 2mg capsules",1,,,,,1,1,,,,1,"Trandolapril",1,,,,1,1,
"372741000033116",40000,"2977611000001106","Co-Betaloc tablets (Pfizer Ltd)","Co-Betaloc tablets","Tablet","Oral","Hydrochlorothiazide/ Metoprolol tartrate","12.500mg + 100.000mg","02040000","0204000W0BBAAAA","02040000","Co-Betaloc tablets",,,,,,,,,,,,,1,,,,1,1,1
"217041000033116",40000,"3143511000001109","Carace 20 Plus tablets (Organon Pharma (UK) Ltd)","Carace 20 Plus tablets","Tablet","Oral","Hydrochlorothiazide/ Lisinopril","12.500mg + 20.000mg","02050501","0205051K0BCAAAA","02050501","Carace 20 Plus tablets",1,,,,,1,1,,,,1,"Lisinopril",1,1,1,1,1,1,1
"215941000033111",40000,"315211000001104","Carace 10mg tablets (Bristol-Myers Squibb Pharmaceuticals Ltd)","Carace 10mg tablets","Tablet","Oral","Lisinopril","10.000mg","02050501","0205051L0BCACAC","02050501","Carace 10mg tablets",1,,,,,1,1,,,,1,"Lisinopril",1,,,,1,1,
"745841000033115",40000,"3154311000001103","Hytrin 5mg tablets (Advanz Pharma)","Hytrin 5mg tablets","Tablet","Oral","Terazosin hydrochloride","5.000mg","02050400","0205040V0BBACAC","02050400","Hytrin 5mg tablets",1,,,,1,,,,,,1,"Terazosin",1,,,,1,1,
"169041000033112",40000,"318023007","Bumetanide 1mg/5ml oral solution sugar free","Bumetanide 1mg/5ml oral solution sugar free","Oral solution","Oral","Bumetanide","200.000microgram/1.000ml","02020200","","","",,,,,,,,,,,,,1,,,,1,,
"1893241000033114",40000,"318807006","Co-zidocapt 25mg/50mg tablets","Co-zidocapt 25mg/50mg tablets","Tablet","Oral","Captopril/ Hydrochlorothiazide","50.000mg + 25.000mg","02050501","","","",1,,,,,1,1,,,,1,"Captopril",1,1,1,1,1,,1
"2145841000033114",40000,"318942009","Imidapril 20mg tablets","Imidapril 20mg tablets","Tablet","Oral","Imidapril hydrochloride","20.000mg","02050501","","","",1,,,,,1,1,,,,1,"Imidapril",1,1,1,1,1,,
"1739841000033119",40000,"318943004","Imidapril 5mg tablets","Imidapril 5mg tablets","Tablet","Oral","Imidapril hydrochloride","5.000mg","02050501","","","",1,,,,,1,1,,,,1,"Imidapril",1,1,1,1,1,,
"784641000033112",40000,"319280009","Isradipine 2.5mg tablets","Isradipine 2.5mg tablets","Tablet","Oral","Isradipine","2.500mg","02060200","","","",,,,,,,,,,,,,1,,,,1,,
"1387441000033115",40000,"348111000001107","Staril 20mg tablets (Bristol-Myers Squibb Pharmaceuticals Ltd)","Staril 20mg tablets","Tablet","Oral","Fosinopril sodium","20.000mg","02050501","0205051J0BBABAB","02050501","Staril 20mg tablets",1,,,,,1,1,,,,1,"Fosinopril",1,,,,1,1,
"1125341000033118",40000,"35932311000001101","Propranolol 10mg/5ml oral solution sugar free","Propranolol 10mg/5ml oral solution sugar free","Oral solution","Oral","Propranolol hydrochloride","2.000mg/1.000ml","02040000","0204000R0AACXCX","02040000","Propranolol 10mg/5ml oral solution sugar free",,,,,,,,,,,,,1,1,1,1,1,1,
"377341000033119",40000,"36091611000001101","Co-prenozide 160mg/0.25mg modified-release tablets","Co-prenozide 160mg/0.25mg modified-release tablets","Modified-release tablet","Oral","Cyclopenthiazide/ Oxprenolol hydrochloride","250.000microgram + 160.000mg","02040000","0204000Y0AAAAAA","02040000","Co-prenozide 160mg/0.25mg modified-release tablets",,,,,,,,,,,,,1,,,,1,1,1
"8196441000033118",40000,"374173002","Metolazone 2.5mg tablets","Metolazone 2.5mg tablets","Tablet","Oral","Metolazone","2.500mg","02020100","","","",,,,,,,,,,,,,1,,,,1,,
"8961141000033117",40000,"39701011000001101","Nebivolol 10mg tablets","Nebivolol 10mg tablets","Tablet","Oral","Nebivolol hydrochloride","10.000mg","02040000","0204000ABAAACAC","02040000","Nebivolol 10mg tablets",,,,,,,,,,,,,1,,,,1,,
"1080841000033119",40000,"41111000001102","Physiotens 200microgram tablets (Viatris UK Healthcare Ltd)","Physiotens 200microgram tablets","Tablet","Oral","Moxonidine","200.000microgram","02050200","0205020M0BBAAAA","02050200","Physiotens 200microgram tablets (Mylan)",1,,1,,,,,,,,1,"Moxonidine",1,,,,1,1,
"2944841000033113",40000,"4624011000001101","Olmetec 10mg tablets (Daiichi Sankyo UK Ltd)","Olmetec 10mg tablets","Tablet","Oral","Olmesartan medoxomil","10.000mg","02050502","0205052B0BBAAAA","02050502","Olmetec 10mg tablets",1,,,,,1,,1,,,1,"Olmesartan",1,1,1,1,1,1,
"2944941000033117",40000,"4624311000001103","Olmetec 20mg tablets (Daiichi Sankyo UK Ltd)","Olmetec 20mg tablets","Tablet","Oral","Olmesartan medoxomil","20.000mg","02050502","0205052B0BBABAB","02050502","Olmetec 20mg tablets",1,,,,,1,,1,,,1,"Olmesartan",1,1,1,1,1,1,
"513941000033117",40000,"483911000001101","Emcor LS 5mg tablets (Merck Serono Ltd)","Emcor LS 5mg tablets","Tablet","Oral","Bisoprolol fumarate","5.000mg","02040000","0204000H0BCAAAA","02040000","Emcor LS 5mg tablets",,,,,,,,,,,,,1,1,1,1,1,1,
"2957941000033110",40000,"4857511000001108","Doxadura 1mg tablets (Dexcel-Pharma Ltd)","Doxadura 1mg tablets","Tablet","Oral","Doxazosin mesilate","1.000mg","02050400","0205040D0BDAAAA","02050400","Doxadura 1mg tablets",1,,,,1,,,,,,1,"Doxazosin",1,,,,1,1,
"2990141000033117",40000,"5011111000001108","Tritace 5mg tablets (Sanofi)","Tritace 5mg tablets","Tablet","Oral","Ramipril","5.000mg","02050501","0205051R0BBAHAM","02050501","Tritace 5mg tablets",1,,,,,1,1,,,,1,"Ramipril",1,1,1,1,1,1,
"2990241000033112",40000,"5011411000001103","Tritace 10mg tablets (Sanofi)","Tritace 10mg tablets","Tablet","Oral","Ramipril","10.000mg","02050501","0205051R0BBAIAN","02050501","Tritace 10mg tablets",1,,,,,1,1,,,,1,"Ramipril",1,1,1,1,1,1,
"1469841000033118",40000,"568511000001106","Trasicor 80mg tablets (Amdipharm Plc)","Trasicor 80mg tablets","Tablet","Oral","Oxprenolol hydrochloride","80.000mg","02040000","0204000N0BFACAD","02040000","Trasicor 80mg tablets",,,,,,,,,,,,,1,,,,1,1,
"816341000033112",40000,"701611000001102","Lasix 20mg tablets (Borg Medicare)","Lasix 20mg tablets","Tablet","Oral","Furosemide","20.000mg","02020200","0202020L0BGAGBB","02020200","Lasix 20mg tablets",,,,,,,,,,,,,1,,,,1,,
"1952241000033119",40000,"712511000001106","Cardicor 1.25mg tablets (Merck Serono Ltd)","Cardicor 1.25mg tablets","Tablet","Oral","Bisoprolol fumarate","1.250mg","02040000","0204000H0BFAAAM","02040000","Cardicor 1.25mg tablets",,,,,,,,,,,,,1,1,1,1,1,1,
"615541000033119",40000,"714311000001107","Froop 40mg tablets (Ashbourne Pharmaceuticals Ltd)","Froop 40mg tablets","Tablet","Oral","Furosemide","40.000mg","02020200","0202020L0BWAABD","02020200","Froop 40mg tablets",,,,,,,,,,,,,1,,,,1,,
"41041000033111",40000,"73611000001108","Aldomet 500mg tablets (Aspen Pharma Trading Ltd)","Aldomet 500mg tablets","Tablet","Oral","Methyldopa anhydrous","500.000mg","02050200","0205020H0BBACAE","02050200","Aldomet 500mg tablets",1,,1,,,,,,,,1,"Methyldopa",1,,,,1,1,
"216241000033114",40000,"778011000001109","Carace 5mg tablets (Bristol-Myers Squibb Pharmaceuticals Ltd)","Carace 5mg tablets","Tablet","Oral","Lisinopril","5.000mg","02050501","0205051L0BCABAB","02050501","Carace 5mg tablets",1,,,,,1,1,,,,1,"Lisinopril",1,,,,1,1,
"1455641000033111",40000,"835411000001105","Tritace 2.5mg capsules (Sanofi)","Tritace 2.5mg capsules","Capsule","Oral","Ramipril","2.500mg","02050501","0205051R0BBABAB","02050501","Tritace 2.5mg capsules",1,,,,,1,1,,,,1,"Ramipril",1,1,1,1,1,1,
"1513041000033118",30000,"","Verapamil Hydrochloride  Tablets  240 mg","","","","","","","","","",1,,,,,1,1,,,,1,"Trandolapril",1,,,,1,,
"1112341000033115",30000,"","Propranolol Hydrochloride  Capsules  80 mg","","","","","","","","","",,,,,,,,,,,,,1,,,,1,,
"850941000033119",30000,"113511000001109","Lopresor 50mg tablets (Recordati Pharmaceuticals Ltd)","Lopresor 50mg tablets","Tablet","Oral","Metoprolol tartrate","50.000mg","02040000","0204000K0BDAAAB","02040000","Lopresor 50mg tablets",,,,,,,,,,,,,1,1,1,1,1,1,
"437641000033118",30000,"117011000001107","Diovan 160mg capsules (Novartis Pharmaceuticals UK Ltd)","Diovan 160mg capsules","Capsule","Oral","Valsartan","160.000mg","02050502","0205052V0BBACAC","02050502","Diovan 160mg capsules",1,,,,,1,,1,,,1,"Valsartan",1,1,1,1,1,1,
"4429241000033115",30000,"13127311000001107","Felotens XL 2.5mg tablets (Thornton & Ross Ltd)","Felotens XL 2.5mg tablets","Modified-release tablet","Oral","Felodipine","2.500mg","02060200","0206020F0BEACAD","02060200","Felotens XL 2.5mg tablets",,,,,,,,,,,,,1,,,,1,1,
"4454241000033115",30000,"13445211000001108","Coversyl Arginine 2.5mg tablets (Servier Laboratories Ltd)","Coversyl Arginine 2.5mg tablets","Tablet","Oral","Perindopril arginine","2.500mg","02050501","0205051Y0BBAAAA","02050501","Coversyl Arginine 2.5mg tablets",1,,,,,1,1,,,,1,"Perindopril",1,1,1,1,1,1,
"4453941000033114",30000,"13454211000001109","Perindopril arginine 2.5mg tablets","Perindopril arginine 2.5mg tablets","Tablet","Oral","Perindopril arginine","2.500mg","02050501","0205051Y0AAAAAA","02050501","Perindopril arginine 2.5mg tablets",1,,,,,1,1,,,,1,"Perindopril",1,1,1,1,1,1,
"4898741000033119",30000,"15098011000001101","Tadalafil 2.5mg tablets","Tadalafil 2.5mg tablets","Tablet","Oral","Tadalafil","2.500mg","07040500","0704050R0AAACAC","07040500","Tadalafil 2.5mg tablets",1,1,,,,,,,,,1,"Tadalafil",1,,,,1,,
"90541000033117",30000,"181611000001107","Atenix 100 tablets (Ashbourne Pharmaceuticals Ltd)","Atenix 100 tablets","Tablet","Oral","Atenolol","100.000mg","02040000","0204000E0BCADAC","02040000","Atenix 100 tablets",,,,,,,,,,,,,1,1,1,1,1,1,
"144341000033117",30000,"193911000001101","Betaloc 100mg tablets (AstraZeneca UK Ltd)","Betaloc 100mg tablets","Tablet","Oral","Metoprolol tartrate","100.000mg","02040000","0204000K0BBABAC","02040000","Betaloc 100mg tablets",,,,,,,,,,,,,1,,,,1,1,
"13241000033114",30000,"231111000001106","Accupro 10mg tablets (Pfizer Ltd)","Accupro 10mg tablets","Tablet","Oral","Quinapril hydrochloride","10.000mg","02050501","0205051Q0BBABAB","02050501","Accupro 10mg tablets",1,,,,,1,1,,,,1,"Quinapril",1,1,1,1,1,1,
"176841000033116",30000,"291111000001102","Cardene 30mg capsules (Laboratoires X.O)","Cardene 30mg capsules","Capsule","Oral","Nicardipine hydrochloride","30.000mg","02060200","0206020Q0BBABAB","02060200","Cardene 30mg capsules",,,,,,,,,,,,,1,,,,1,1,
"1278241000033118",30000,"298111000001105","Sectral 400mg tablets (Neon Healthcare Ltd)","Sectral 400mg tablets","Tablet","Oral","Acebutolol hydrochloride","400.000mg","02040000","0204000C0BBADAD","02040000","Sectral 400mg tablets",,,,,,,,,,,,,1,1,1,1,1,1,
"4508041000033119",30000,"29826311000001101","Amlodipine 5mg/5ml oral solution sugar free","Amlodipine 5mg/5ml oral solution sugar free","Oral solution","Oral","Amlodipine","1.000mg/1.000ml","02060200","0206020A0AAALAL","02060200","Amlodipine 5mg/5ml oral solution sugar free",,,,,,,,,,,,,1,,,,1,1,
"1450241000033116",30000,"318040003","Torasemide 2.5mg tablets","Torasemide 2.5mg tablets","Tablet","Oral","Torasemide","2.500mg","02020200","","","",,,,,,,,,,,,,1,,,,1,,
"1455341000033115",30000,"318082004","Triamterene 50mg capsules","Triamterene 50mg capsules","Capsule","Oral","Triamterene","50.000mg","02020300","","","",,,,,,,,,,,,,1,,,,1,,
"377141000033117",30000,"318128000","Co-flumactone 50mg/50mg tablets","Co-flumactone 50mg/50mg tablets","Tablet","Oral","Hydroflumethiazide/ Spironolactone","50.000mg + 50.000mg","02020400","","","",,,,,,,,,,,,,1,,,,1,,
"956341000033113",30000,"318480001","Nadolol 40mg tablets","Nadolol 40mg tablets","Tablet","Oral","Nadolol","40.000mg","02040000","","","",,,,,,,,,,,,,1,,,,1,,
"53841000033117",30000,"35900111000001108","Amiloride 5mg/5ml oral solution sugar free","Amiloride 5mg/5ml oral solution sugar free","Oral solution","Oral","Amiloride hydrochloride","1.000mg/1.000ml","02020300","0202030C0AAASAS","02020300","Amiloride 5mg/5ml oral solution sugar free",,,,,,,,,,,,,1,,,,1,1,
"1125441000033112",30000,"35932811000001105","Propranolol 5mg/5ml oral solution sugar free","Propranolol 5mg/5ml oral solution sugar free","Oral solution","Oral","Propranolol hydrochloride","1.000mg/1.000ml","02040000","0204000R0AACWCW","02040000","Propranolol 5mg/5ml oral solution sugar free",,,,,,,,,,,,,1,1,1,1,1,1,
"2864341000033117",30000,"3806911000001105","MicardisPlus 80mg/12.5mg tablets (Boehringer Ingelheim Ltd)","MicardisPlus 80mg/12.5mg tablets","Tablet","Oral","Hydrochlorothiazide/ Telmisartan","12.500mg + 80.000mg","02050502","0205052R0BBABAB","02050502","MicardisPlus 80mg/12.5mg tablets",1,,,,,1,,1,,,1,"Telmisartan",1,1,1,1,1,1,1
"234841000033110",30000,"3932711000001105","Centyl K modified-release tablets (LEO Pharma)","Centyl K modified-release tablets","Modified-release tablet","Oral","Bendroflumethiazide/ Potassium chloride","2.500mg + 573.000mg","02020800","0202080B0BBAAAA","02020800","Centyl K modified-release tablets",,,,,,,,,,,,,1,,,,1,1,
"258141000033110",30000,"39685211000001103","Cilazapril 1mg tablets","Cilazapril 1mg tablets","Tablet","Oral","Cilazapril monohydrate","1.000mg","02050501","0205051E0AAACAC","02050501","Cilazapril 1mg tablets",1,,,,,1,1,,,,1,"Cilazapril",1,,,,1,1,
"258241000033115",30000,"39685311000001106","Cilazapril 2.5mg tablets","Cilazapril 2.5mg tablets","Tablet","Oral","Cilazapril monohydrate","2.500mg","02050501","0205051E0AAADAD","02050501","Cilazapril 2.5mg tablets",1,,,,,1,1,,,,1,"Cilazapril",1,,,,1,1,
"769841000033111",30000,"39696711000001101","Indoramin 25mg tablets","Indoramin 25mg tablets","Tablet","Oral","Indoramin hydrochloride","25.000mg","02050400","0205040I0AAAAAA","02050400","Indoramin 25mg tablets",1,,,,1,,,,,,1,"Indoramin",1,,,,1,1,
"40441000033111",30000,"421611000001100","Aldactone 100mg tablets (Pfizer Ltd)","Aldactone 100mg tablets","Tablet","Oral","Spironolactone","100.000mg","02020300","0202030S0BBACAV","02020300","Aldactone 100mg tablets",,,,,,,,,,,,,1,,,,1,1,
"5005841000033114",30000,"429502004","Olmesartan medoxomil 20mg / Amlodipine 5mg tablets","Olmesartan medoxomil 20mg / Amlodipine 5mg tablets","Tablet","Oral","Amlodipine besilate/ Olmesartan medoxomil","5.000mg + 20.000mg","02050502","","","",1,,,,,1,,1,,,1,"Olmesartan",1,1,1,1,1,,1
"76141000033117",30000,"434511000001104","Aprovel 75mg tablets (Sanofi)","Aprovel 75mg tablets","Tablet","Oral","Irbesartan","75.000mg","02050502","0205052I0BBAAAA","02050502","Aprovel 75mg tablets",1,,,,,1,,1,,,1,"Irbesartan",1,1,1,1,1,1,
"2990041000033116",30000,"5010811000001109","Tritace 2.5mg tablets (Sanofi)","Tritace 2.5mg tablets","Tablet","Oral","Ramipril","2.500mg","02050501","0205051R0BBAGAL","02050501","Tritace 2.5mg tablets",1,,,,,1,1,,,,1,"Ramipril",1,1,1,1,1,1,
"10941000033110",30000,"517711000001103","Acepril 25mg tablets (Bristol-Myers Squibb Pharmaceuticals Ltd)","Acepril 25mg tablets","Tablet","Oral","Captopril","25.000mg","02050501","0205051F0BBABAE","02050501","Acepril 25mg tablets",1,,,,,1,1,,,,1,"Captopril",1,1,1,1,1,1,
"375041000033110",30000,"557111000001106","Cordilox 40mg tablets (IVAX Pharmaceuticals UK Ltd)","Cordilox 40mg tablets","Tablet","Oral","Verapamil hydrochloride","40.000mg","02060200","0206020T0BCAAAC","02060200","Cordilox 40mg tablets",1,,,,,1,1,,,,1,"Trandolapril",1,,,,1,1,
"3034441000033111",30000,"5638811000001106","Vascalpha 10mg modified-release tablets (Accord Healthcare Ltd)","Vascalpha 10mg modified-release tablets","Modified-release tablet","Oral","Felodipine","10.000mg","02060200","0206020F0BIABAC","02060200","Vascalpha 10mg modified-release tablets (Accord)",,,,,,,,,,,,,1,,,,1,1,
"216141000033119",30000,"56711000001109","Carace 20mg tablets (Bristol-Myers Squibb Pharmaceuticals Ltd)","Carace 20mg tablets","Tablet","Oral","Lisinopril","20.000mg","02050501","0205051L0BCADAD","02050501","Carace 20mg tablets",1,,,,,1,1,,,,1,"Lisinopril",1,,,,1,1,
"60341000033110",30000,"636611000001107","Amil-Co 5mg/50mg tablets (IVAX Pharmaceuticals UK Ltd)","Amil-Co 5mg/50mg tablets","Tablet","Oral","Amiloride hydrochloride/ Hydrochlorothiazide","5.000mg + 50.000mg","02020400","0202040C0BBAAAA","02020400","Amil-Co 5mg/50mg tablets",,,,,,,,,,,,,1,,,,1,1,
"850841000033110",30000,"756911000001107","Lopresor 100mg tablets (Recordati Pharmaceuticals Ltd)","Lopresor 100mg tablets","Tablet","Oral","Metoprolol tartrate","100.000mg","02040000","0204000K0BDABAC","02040000","Lopresor 100mg tablets",,,,,,,,,,,,,1,1,1,1,1,1,
"965341000033114",30000,"817911000001100","Neo-Naclex 5mg tablets (Mercury Pharma Group Ltd)","Neo-Naclex 5mg tablets","Tablet","Oral","Bendroflumethiazide","5.000mg","02020100","0202010B0BEAAAC","02020100","Neo-Naclex 5mg tablets",,,,,,,,,,,,,1,,,,1,1,
"65241000033114",30000,"865011000001105","Angiopine MR 20mg tablets (Ashbourne Pharmaceuticals Ltd)","Angiopine MR 20mg tablets","Modified-release tablet","Oral","Nifedipine","20.000mg","02060200","0206020R0BHACAR","02060200","Angiopine MR 20mg tablets",,,,,,,,,,,,,1,,,,1,1,
"1371341000033114",30000,"8726411000001105","Spironolactone 50mg/5ml oral suspension","Spironolactone 50mg/5ml oral suspension","Oral suspension","Oral","Spironolactone","10.000mg/1.000ml","02020300","0202030S0AAEBEB","02020300","Spironolactone 50mg/5ml oral suspension",,,,,,,,,,,,,1,,,,1,1,
"71041000033110",30000,"874711000001101","Antipressan 50mg tablets (Teva UK Ltd)","Antipressan 50mg tablets","Tablet","Oral","Atenolol","50.000mg","02040000","0204000E0BEAAAB","02040000","Antipressan 50mg tablets",,,,,,,,,,,,,1,,,,1,1,
"1274641000033111",30000,"878911000001106","Secadrex 200mg/12.5mg tablets (Sanofi)","Secadrex 200mg/12.5mg tablets","Tablet","Oral","Acebutolol hydrochloride/ Hydrochlorothiazide","200.000mg + 12.500mg","02040000","0204000B0BBAAAA","02040000","Secadrex 200mg/12.5mg tablets",,,,,,,,,,,,,1,,,,1,1,
"5991841000033116",30000,"8793311000001104","Diltiazem 2% ointment","Diltiazem 2% ointment","Ointment","Transdermal","Diltiazem hydrochloride","20.000mg/1.000gram","01070100","0107010AAAAAKAK","01070100","Diltiazem 2% ointment",,,,,,,,,,,,,1,,,,1,,
"1706941000033111",30000,"908711000001105","Viagra 25mg tablets (Viatris UK Healthcare Ltd)","Viagra 25mg tablets","Tablet","Oral","Sildenafil citrate","25.000mg","07040500","0704050Z0BBABAB","07040500","Viagra 25mg tablets",1,1,,,,,,,,,1,"Sildenafil",,,,,,,
"1849741000033114",30000,"924911000001106","Micardis 40mg tablets (Boehringer Ingelheim Ltd)","Micardis 40mg tablets","Tablet","Oral","Telmisartan","40.000mg","02050502","0205052Q0BBAAAA","02050502","Micardis 40mg tablets",1,,,,,1,,1,,,1,"Telmisartan",1,1,1,1,1,1,
"1268241000033114",30000,"925711000001108","Sectral 200mg capsules (Neon Healthcare Ltd)","Sectral 200mg capsules","Capsule","Oral","Acebutolol hydrochloride","200.000mg","02040000","0204000C0BBABAB","02040000","Sectral 200mg capsules",,,,,,,,,,,,,1,1,1,1,1,1,
"40541000033112",30000,"930511000001105","Aldactone 25mg tablets (Pfizer Ltd)","Aldactone 25mg tablets","Tablet","Oral","Spironolactone","25.000mg","02020300","0202030S0BBAAAT","02020300","Aldactone 25mg tablets",,,,,,,,,,,,,1,,,,1,1,
"1111441000033118",20000,"","Propranolol Hydrochloride  Capsules  160 mg","","","","","","","","","",,,,,,,,,,,,,1,,,,1,,
"1027241000033112",20000,"","Oxprenolol Hydrochloride  Tablets  160 mg","","","","","","","","","",,,,,,,,,,,,,1,,,,1,,
"873941000033114",20000,"","Methyldopa  Capsules  250 mg","","","","","","","","","",1,,1,,,,,,,,1,"Methyldopa",1,,,,1,,
"768441000033115",20000,"","Indoramin  Tablets  25 mg","","","","","","","","","",1,,,,1,,,,,,1,"Indoramin",1,,,,1,,
"3908841000033116",20000,"10198711000001102","Zanidip 20mg tablets (Recordati Pharmaceuticals Ltd)","Zanidip 20mg tablets","Tablet","Oral","Lercanidipine hydrochloride","20.000mg","02060200","0206020L0BBABAB","02060200","Zanidip 20mg tablets",,,,,,,,,,,,,1,,,,1,1,
"3909041000033115",20000,"10270711000001105","Olmesartan medoxomil 20mg / Hydrochlorothiazide 25mg tablets","Olmesartan medoxomil 20mg / Hydrochlorothiazide 25mg tablets","Tablet","Oral","Hydrochlorothiazide/ Olmesartan medoxomil","25.000mg + 20.000mg","02050502","0205052Y0AAABAB","02050502","Olmesartan medoxomil 20mg / Hydrochlorothiazide 25mg tablets",1,,,,,1,,1,,,1,"Olmesartan",1,1,1,1,1,1,1
"144141000033115",20000,"104011000001101","Beta-Cardone 80mg tablets (Focus Pharmaceuticals Ltd)","Beta-Cardone 80mg tablets","Tablet","Oral","Sotalol hydrochloride","80.000mg","02040000","0204000T0BBABAC","02040000","Beta-Cardone 80mg tablets",,,,,,,,,,,,,1,1,1,1,1,,
"1455541000033110",20000,"111611000001109","Tritace 1.25mg capsules (Aventis Pharma)","Tritace 1.25mg capsules","Capsule","Oral","Ramipril","1.250mg","02050501","0205051R0BBAAAA","02050501","Tritace 1.25mg capsules",1,,,,,1,1,,,,1,"Ramipril",1,1,1,1,1,1,
"4548741000033111",20000,"13731911000001109","Telmisartan 80mg / Hydrochlorothiazide 25mg tablets","Telmisartan 80mg / Hydrochlorothiazide 25mg tablets","Tablet","Oral","Hydrochlorothiazide/ Telmisartan","25.000mg + 80.000mg","02050502","0205052R0AAACAC","02050502","Telmisartan 80mg / Hydrochlorothiazide 25mg tablets",1,,,,,1,,1,,,1,"Telmisartan",1,,,,1,1,1
"1274741000033119",20000,"140411000001109","Securon 120mg tablets (Abbott Laboratories Ltd)","Securon 120mg tablets","Tablet","Oral","Verapamil hydrochloride","120.000mg","02060200","0206020T0BDACAF","02060200","Securon 120mg tablets",1,,,,,1,1,,,,1,"Trandolapril",1,,,,1,1,
"1080941000033110",20000,"142811000001107","Physiotens 400microgram tablets (Viatris UK Healthcare Ltd)","Physiotens 400microgram tablets","Tablet","Oral","Moxonidine","400.000microgram","02050200","0205020M0BBABAB","02050200","Physiotens 400microgram tablets (Mylan)",1,,1,,,,,,,,1,"Moxonidine",1,,,,1,1,
"4957641000033110",20000,"15138911000001101","Cozaar 12.5mg tablets (Organon Pharma (UK) Ltd)","Cozaar 12.5mg tablets","Tablet","Oral","Losartan potassium","12.500mg","02050502","0205052N0BBADAH","02050502","Cozaar 12.5mg tablets",1,,,,,1,,1,,,1,"Losartan",1,,,,1,1,
"4955841000033115",20000,"15356211000001102","Propranolol 40mg/5ml oral solution sugar free","Propranolol 40mg/5ml oral solution sugar free","Oral solution","Oral","Propranolol hydrochloride","8.000mg/1.000ml","02040000","0204000R0AADBDB","02040000","Propranolol 40mg/5ml oral solution sugar free",,,,,,,,,,,,,1,,,,1,1,
"6517041000033110",20000,"19877111000001100","Ramipril 2.5mg/5ml oral solution sugar free","Ramipril 2.5mg/5ml oral solution sugar free","Oral solution","Oral","Ramipril","500.000microgram/1.000ml","02050501","0205051R0AAATAT","02050501","Ramipril 2.5mg/5ml oral solution sugar free",1,,,,,1,1,,,,1,"Ramipril",1,,,,1,1,
"215341000033112",20000,"215111000001101","Catapres 100microgram tablets (Glenwood GmbH)","Catapres 100microgram tablets","Tablet","Oral","Clonidine hydrochloride","100.000microgram","02050200","0205020E0BBAAAC","02050200","Catapres 100microgram tablets",1,,1,,,,,,,,1,"Clonidine",1,,,,1,1,
"199341000033112",20000,"219611000001107","Calcicard CR 90mg tablets (Teva UK Ltd)","Calcicard CR 90mg tablets","Modified-release tablet","Oral","Diltiazem hydrochloride","90.000mg","02060200","0206020C0BCACAC","02060200","Calcicard CR 90mg tablets",,,,,,,,,,,,,1,,,,1,1,
"375141000033114",20000,"258911000001104","Cordilox 80mg tablets (IVAX Pharmaceuticals UK Ltd)","Cordilox 80mg tablets","Tablet","Oral","Verapamil hydrochloride","80.000mg","02060200","0206020T0BCABAD","02060200","Cordilox 80mg tablets",1,,,,,1,1,,,,1,"Trandolapril",1,,,,1,1,
"11241000033113",20000,"260211000001104","Accuretic 10mg/12.5mg tablets (Pfizer Ltd)","Accuretic 10mg/12.5mg tablets","Tablet","Oral","Hydrochlorothiazide/ Quinapril hydrochloride","12.500mg + 10.000mg","02050501","0205051P0BBAAAA","02050501","Accuretic 10mg/12.5mg tablets",1,,,,,1,1,,,,1,"Quinapril",1,1,1,1,1,1,1
"13141000033119",20000,"263311000001101","Acezide 25mg/50mg tablets (Bristol-Myers Squibb Pharmaceuticals Ltd)","Acezide 25mg/50mg tablets","Tablet","Oral","Captopril/ Hydrochlorothiazide","50.000mg + 25.000mg","02050501","0205051G0BBAAAA","02050501","Acezide 25mg/50mg tablets",1,,,,,1,1,,,,1,"Captopril",1,1,1,1,1,1,1
"745641000033116",20000,"3150911000001107","Hytrin 10mg tablets (Advanz Pharma)","Hytrin 10mg tablets","Tablet","Oral","Terazosin hydrochloride","10.000mg","02050400","0205040V0BBADAD","02050400","Hytrin 10mg tablets",1,,,,1,,,,,,1,"Terazosin",1,,,,1,1,
"3162541000033115",20000,"318102003","Spironolactone 50mg / Furosemide 20mg capsules","Spironolactone 50mg / Furosemide 20mg capsules","Capsule","Oral","Furosemide/ Spironolactone","20.000mg + 50.000mg","02020400","","","",,,,,,,,,,,,,1,,,,1,,1
"377041000033116",20000,"318127005","Co-flumactone 25mg/25mg tablets","Co-flumactone 25mg/25mg tablets","Tablet","Oral","Hydroflumethiazide/ Spironolactone","25.000mg + 25.000mg","02020400","","","",,,,,,,,,,,,,1,,,,1,,
"216041000033118",20000,"321011000001103","Carace 2.5mg tablets (Bristol-Myers Squibb Pharmaceuticals Ltd)","Carace 2.5mg tablets","Tablet","Oral","Lisinopril","2.500mg","02050501","0205051L0BCAAAA","02050501","Carace 2.5mg tablets",1,,,,,1,1,,,,1,"Lisinopril",1,,,,1,1,
"1469641000033119",20000,"3379011000001106","Trasicor 20mg tablets (Amdipharm Plc)","Trasicor 20mg tablets","Tablet","Oral","Oxprenolol hydrochloride","20.000mg","02040000","0204000N0BFAAAB","02040000","Trasicor 20mg tablets",,,,,,,,,,,,,1,,,,1,1,
"648341000033112",20000,"346811000001101","Gopten 1mg capsules (Abbott Laboratories Ltd)","Gopten 1mg capsules","Capsule","Oral","Trandolapril","1.000mg","02050501","0205051U0BBABAB","02050501","Gopten 1mg capsules",1,,,,,1,1,,,,1,"Trandolapril",1,,,,1,1,
"3162841000033118",20000,"35910111000001106","Bendroflumethiazide 2.5mg / Potassium chloride 630mg (potassium 8.4mmol) modified-release tablets","Bendroflumethiazide 2.5mg / Potassium chloride 630mg (potassium 8.4mmol) modified-release tablets","Modified-release tablet","Oral","Bendroflumethiazide/ Potassium chloride","2.500mg + 630.000mg","02020800","0202080B0AAABAB","02020800","Bendroflumethiazide 2.5mg/Pot chlor 630mg MR tab",,,,,,,,,,,,,1,,,,1,1,
"1125541000033113",20000,"35932711000001102","Propranolol 50mg/5ml oral solution sugar free","Propranolol 50mg/5ml oral solution sugar free","Oral solution","Oral","Propranolol hydrochloride","10.000mg/1.000ml","02040000","0204000R0AACYCY","02040000","Propranolol 50mg/5ml oral solution sugar free",,,,,,,,,,,,,1,1,1,1,1,1,
"1140241000033117",20000,"3689711000001108","Prescal 2.5mg tablets (Novartis Pharmaceuticals UK Ltd)","Prescal 2.5mg tablets","Tablet","Oral","Isradipine","2.500mg","02060200","0206020I0BBAAAA","02060200","Prescal 2.5mg tablets",,,,,,,,,,,,,1,,,,1,1,
"1406341000033117",20000,"3691211000001101","Tarka modified-release capsules (Abbott Laboratories Ltd)","Tarka modified-release capsules","Modified-release capsule","Oral","Trandolapril/ Verapamil hydrochloride","2.000mg + 180.000mg","02050501","0205051V0BBAAAA","02050501","Tarka modified-release capsules",1,,,,,1,1,,,,1,"Trandolapril",1,,,,1,1,1
"896841000033116",20000,"375611000001109","Metenix 5mg tablets (Sanofi)","Metenix 5mg tablets","Tablet","Oral","Metolazone","5.000mg","02020100","0202010V0BBAAAA","02020100","Metenix 5mg tablets",,,,,,,,,,,,,1,,,,1,,
"745441000033118",20000,"376508004","Hydrochlorothiazide 50mg tablets","Hydrochlorothiazide 50mg tablets","Tablet","Oral","Hydrochlorothiazide","50.000mg","02020100","","","",,,,,,,,,,,,,1,,,,1,,
"2864241000033110",20000,"3806311000001109","MicardisPlus 40mg/12.5mg tablets (Boehringer Ingelheim Ltd)","MicardisPlus 40mg/12.5mg tablets","Tablet","Oral","Hydrochlorothiazide/ Telmisartan","12.500mg + 40.000mg","02050502","0205052R0BBAAAA","02050502","MicardisPlus 40mg/12.5mg tablets",1,,,,,1,,1,,,1,"Telmisartan",1,1,1,1,1,1,1
"3160641000033118",20000,"39693411000001102","Quinapril 10mg / Hydrochlorothiazide 12.5mg tablets","Quinapril 10mg / Hydrochlorothiazide 12.5mg tablets","Tablet","Oral","Hydrochlorothiazide/ Quinapril hydrochloride","12.500mg + 10.000mg","02050501","0205051P0AAAAAA","02050501","Quinapril 10mg / Hydrochlorothiazide 12.5mg tablets",1,,,,,1,1,,,,1,"Quinapril",1,1,1,1,1,1,1
"5566341000033111",20000,"409185001","Olmesartan medoxomil 40mg / Hydrochlorothiazide 12.5mg tablets","Olmesartan medoxomil 40mg / Hydrochlorothiazide 12.5mg tablets","Tablet","Oral","Hydrochlorothiazide/ Olmesartan medoxomil","12.500mg + 40.000mg","02050502","","","",1,,,,,1,,1,,,1,"Olmesartan",1,,,,1,,1
"5005941000033118",20000,"429503009","Olmesartan medoxomil 40mg / Amlodipine 5mg tablets","Olmesartan medoxomil 40mg / Amlodipine 5mg tablets","Tablet","Oral","Amlodipine besilate/ Olmesartan medoxomil","5.000mg + 40.000mg","02050502","","","",1,,,,,1,,1,,,1,"Olmesartan",1,1,1,1,1,,1
"5006041000033111",20000,"429678006","Olmesartan medoxomil 40mg / Amlodipine 10mg tablets","Olmesartan medoxomil 40mg / Amlodipine 10mg tablets","Tablet","Oral","Amlodipine besilate/ Olmesartan medoxomil","10.000mg + 40.000mg","02050502","","","",1,,,,,1,,1,,,1,"Olmesartan",1,1,1,1,1,,1
"1366041000033112",20000,"446211000001108","Sotacor 160mg tablets (Bristol-Myers Squibb Pharmaceuticals Ltd)","Sotacor 160mg tablets","Tablet","Oral","Sotalol hydrochloride","160.000mg","02040000","0204000T0BCABAE","02040000","Sotacor 160mg tablets",,,,,,,,,,,,,1,1,1,1,1,,
"965441000033115",20000,"4549211000001100","Nephril 1mg tablets (Pfizer Ltd)","Nephril 1mg tablets","Tablet","Oral","Polythiazide","1.000mg","02020100","0202010X0BBAAAA","02020100","Nephril 1mg tablets",,,,,,,,,,,,,1,,,,1,,
"233241000033114",20000,"479211000001100","Celectol 400mg tablets (Neon Healthcare Ltd)","Celectol 400mg tablets","Tablet","Oral","Celiprolol hydrochloride","400.000mg","02040000","020400060BBABAB","02040000","Celectol 400mg tablets",,,,,,,,,,,,,1,1,1,1,1,1,
"1731641000033119",20000,"494811000001105","Frusol 40mg/5ml oral solution (Rosemont Pharmaceuticals Ltd)","Frusol 40mg/5ml oral solution","Oral solution","Oral/ Gastroenteral","Furosemide","8.000mg/1.000ml","02020200","0202020L0BZABBN","02020200","Frusol 40mg/5ml oral solution",,,,,,,,,,,,,1,,,,1,,
"1849841000033116",20000,"527411000001102","Micardis 80mg tablets (Boehringer Ingelheim Ltd)","Micardis 80mg tablets","Tablet","Oral","Telmisartan","80.000mg","02050502","0205052Q0BBABAB","02050502","Micardis 80mg tablets",1,,,,,1,,1,,,1,"Telmisartan",1,1,1,1,1,1,
"198941000033118",20000,"540311000001105","Cardene SR 30mg capsules (Astellas Pharma Ltd)","Cardene SR 30mg capsules","Modified-release capsule","Oral","Nicardipine hydrochloride","30.000mg","02060200","0206020Q0BBACAC","02060200","Cardene SR 30mg capsules",,,,,,,,,,,,,1,,,,1,1,
"3034341000033117",20000,"5638311000001102","Vascalpha 5mg modified-release tablets (Accord Healthcare Ltd)","Vascalpha 5mg modified-release tablets","Modified-release tablet","Oral","Felodipine","5.000mg","02060200","0206020F0BIAAAB","02060200","Vascalpha 5mg modified-release tablets (Accord)",,,,,,,,,,,,,1,,,,1,1,
"2711841000033114",20000,"573711000001104","Bedranol SR 80mg capsules (Sandoz Ltd)","Bedranol SR 80mg capsules","Modified-release capsule","Oral","Propranolol hydrochloride","80.000mg","02040000","0204000R0BDADAA","02040000","Bedranol SR 80mg capsules (Sandoz)",,,,,,,,,,,,,1,1,1,1,1,1,
"13441000033110",20000,"582611000001106","Accupro 5mg tablets (Pfizer Ltd)","Accupro 5mg tablets","Tablet","Oral","Quinapril hydrochloride","5.000mg","02050501","0205051Q0BBAAAA","02050501","Accupro 5mg tablets",1,,,,,1,1,,,,1,"Quinapril",1,1,1,1,1,1,
"1268141000033119",20000,"632811000001105","Sectral 100mg capsules (Neon Healthcare Ltd)","Sectral 100mg capsules","Capsule","Oral","Acebutolol hydrochloride","100.000mg","02040000","0204000C0BBAAAA","02040000","Sectral 100mg capsules",,,,,,,,,,,,,1,1,1,1,1,1,
"10841000033119",20000,"660111000001107","Acepril 12.5mg tablets (Bristol-Myers Squibb Pharmaceuticals Ltd)","Acepril 12.5mg tablets","Tablet","Oral","Captopril","12.500mg","02050501","0205051F0BBAAAD","02050501","Acepril 12.5mg tablets",1,,,,,1,1,,,,1,"Captopril",1,1,1,1,1,1,
"71141000033114",20000,"672311000001103","Angiozem 60mg modified-release tablets (Ashbourne Pharmaceuticals Ltd)","Angiozem 60mg modified-release tablets","Modified-release tablet","Oral","Diltiazem hydrochloride","60.000mg","02060200","0206020C0BEAAAA","02060200","Angiozem 60mg modified-release tablets",,,,,,,,,,,,,1,,,,1,1,
"1469241000033117",20000,"674711000001109","Trandate 400mg tablets (RPH Pharmaceuticals AB)","Trandate 400mg tablets","Tablet","Oral","Labetalol hydrochloride","400.000mg","02040000","0204000I0BCADAE","02040000","Trandate 400mg tablets",,,,,,,,,,,,,1,1,1,1,1,,
"1414241000033117",20000,"721411000001106","Tenben 25mg/1.25mg capsules (Galen Ltd)","Tenben 25mg/1.25mg capsules","Capsule","Oral","Atenolol/ Bendroflumethiazide","25.000mg + 1.250mg","02040000","0204000A0BBAAAA","02040000","Tenben 25mg/1.25mg capsules",,,,,,,,,,,,,1,,,,1,1,
"3152541000033112",20000,"7668611000001104","Co-Diovan 160mg/12.5mg tablets (Novartis Pharmaceuticals UK Ltd)","Co-Diovan 160mg/12.5mg tablets","Tablet","Oral","Hydrochlorothiazide/ Valsartan","12.500mg + 160.000mg","02050502","0205052X0BBAAAA","02050502","Co-Diovan 160mg/12.5mg tablets",1,,,,,1,,1,,,1,"Valsartan",1,1,1,1,1,1,1
"437741000033110",20000,"777611000001101","Diovan 40mg capsules (Novartis Pharmaceuticals UK Ltd)","Diovan 40mg capsules","Capsule","Oral","Valsartan","40.000mg","02050502","0205052V0BBAAAA","02050502","Diovan 40mg capsules",1,,,,,1,,1,,,1,"Valsartan",1,1,1,1,1,1,
"13341000033116",20000,"829111000001100","Accupro 20mg tablets (Pfizer Ltd)","Accupro 20mg tablets","Tablet","Oral","Quinapril hydrochloride","20.000mg","02050501","0205051Q0BBACAC","02050501","Accupro 20mg tablets",1,,,,,1,1,,,,1,"Quinapril",1,1,1,1,1,1,
"2041041000033110",20000,"872011000001109","Teveten 600mg tablets (Viatris UK Healthcare Ltd)","Teveten 600mg tablets","Tablet","Oral","Eprosartan mesilate","600.000mg","02050502","0205052W0BBACAC","02050502","Teveten 600mg tablets",1,,,,,1,,1,,,1,"Eprosartan",1,1,1,1,1,1,
"1371041000033112",20000,"8726511000001109","Spironolactone 25mg/5ml oral suspension","Spironolactone 25mg/5ml oral suspension","Oral suspension","Oral","Spironolactone","5.000mg/1.000ml","02020300","0202030S0AAEAEA","02020300","Spironolactone 25mg/5ml oral suspension",,,,,,,,,,,,,1,,,,1,1,
"1952741000033113",20000,"890111000001100","Cardicor 10mg tablets (Merck Serono Ltd)","Cardicor 10mg tablets","Tablet","Oral","Bisoprolol fumarate","10.000mg","02040000","0204000H0BFAFAB","02040000","Cardicor 10mg tablets",,,,,,,,,,,,,1,1,1,1,1,1,
"3227341000033118",20000,"8983911000001107","Amias 32mg tablets (Neon Healthcare Ltd)","Amias 32mg tablets","Tablet","Oral","Candesartan cilexetil","32.000mg","02050502","0205052C0BBAEAH","02050502","Amias 32mg tablets",1,,,,,1,,1,,,1,"Candesartan",1,,,,1,1,
"40641000033113",20000,"921811000001103","Aldactone 50mg tablets (Pfizer Ltd)","Aldactone 50mg tablets","Tablet","Oral","Spironolactone","50.000mg","02020300","0202030S0BBABAU","02020300","Aldactone 50mg tablets",,,,,,,,,,,,,1,,,,1,1,
"3346941000033113",20000,"9566911000001105","Cozaar-Comp 100mg/25mg tablets (Organon Pharma (UK) Ltd)","Cozaar-Comp 100mg/25mg tablets","Tablet","Oral","Hydrochlorothiazide/ Losartan potassium","25.000mg + 100.000mg","02050502","0205052P0BBABAB","02050502","Cozaar-Comp 100mg/25mg tablets",1,,,,,1,,1,,,1,"Losartan",1,,,,1,1,1
"59241000033118",20000,"97311000001103","Amias 2mg tablets (Neon Healthcare Ltd)","Amias 2mg tablets","Tablet","Oral","Candesartan cilexetil","2.000mg","02050502","0205052C0BBAAAA","02050502","Amias 2mg tablets",1,,,,,1,,1,,,1,"Candesartan",1,1,1,1,1,1,
"4521441000033112",10000,"","Tritace  Tablet Titration Pack  7 x 2.5 mg, 21 x 5 mg, 7 x 10 mg","","","","","","","","","",1,,,,,1,1,,,,1,"Ramipril",,,,,,,
"1368341000033110",10000,"","Spironolactone  Capsules  100 mg","","","","","","","","","",,,,,,,,,,,,,1,,,,1,,
"40841000033114",10000,"","Aldomet  Tablets  125 mg","","","","","","","","","",1,,1,,,,,,,,1,"Methyldopa",,,,,,,
"74441000033115",10000,"","Apresoline  Tablets  50 mg","","","","","","","","","",1,1,,,,,,,,,1,"Hydralazine",,,,,,,
"743841000033116",10000,"","Hypovase  Tablets  5 mg","","","","","","","","","",1,,,,1,,,,,,1,"Prazosin",,,,,,,
"90741000033113",10000,"101411000001108","Atenix Co 100 tablets (Ashbourne Pharmaceuticals Ltd)","Atenix Co 100 tablets","Tablet","Oral","Atenolol/ Chlortalidone","100.000mg + 25.000mg","02040000","020400040BDABAB","02040000","Atenix Co 100 tablets",,,,,,,,,,,,,1,1,1,1,1,1,
"199241000033119",10000,"104111000001100","Calcicard CR 120mg tablets (Teva UK Ltd)","Calcicard CR 120mg tablets","Modified-release tablet","Oral","Diltiazem hydrochloride","120.000mg","02060200","0206020C0BCABAS","02060200","Calcicard CR 120mg tablets",,,,,,,,,,,,,1,,,,1,1,
"4063741000033112",10000,"11269911000001101","Doxadura XL 4mg tablets (Dexcel-Pharma Ltd)","Doxadura XL 4mg tablets","Modified-release tablet","Oral","Doxazosin mesilate","4.000mg","02050400","0205040D0BDADAQ","02050400","Doxadura XL 4mg tablets",1,,,,1,,,,,,1,"Doxazosin",1,,,,1,1,
"4454441000033119",10000,"13444611000001109","Coversyl Arginine 10mg tablets (Servier Laboratories Ltd)","Coversyl Arginine 10mg tablets","Tablet","Oral","Perindopril arginine","10.000mg","02050501","0205051Y0BBACAC","02050501","Coversyl Arginine 10mg tablets",1,,,,,1,1,,,,1,"Perindopril",1,1,1,1,1,1,
"2295741000033113",10000,"17011000001100","Calchan MR 20 tablets (Ranbaxy (UK) Ltd)","Calchan MR 20 tablets","Modified-release tablet","Oral","Nifedipine","20.000mg","02060200","0206020R0CGABAR","02060200","Calchan MR 20 tablets",,,,,,,,,,,,,1,,,,1,1,
"6180641000033112",10000,"18986411000001108","Sevikar HCT 20mg/5mg/12.5mg tablets (Daiichi Sankyo UK Ltd)","Sevikar HCT 20mg/5mg/12.5mg tablets","Tablet","Oral","Amlodipine besilate/ Hydrochlorothiazide/ Olmesartan medoxomil","5.000mg + 12.500mg + 20.000mg","02050502","0205052ACBBAAAA","02050502","Sevikar HCT 20mg/5mg/12.5mg tablets",1,,,,,1,,1,,,1,"Olmesartan",1,1,1,1,1,1,1
"9108041000033111",10000,"23707311000001108","Captopril 25mg/5ml oral solution sugar free","Captopril 25mg/5ml oral solution sugar free","Oral solution","Oral","Captopril","5.000mg/1.000ml","02050501","0205051F0AADZDZ","02050501","Captopril 25mg/5ml oral solution sugar free",1,,,,,1,1,,,,1,"Captopril",1,1,1,1,1,1,
"9108141000033110",10000,"23707511000001102","Captopril 5mg/5ml oral solution sugar free","Captopril 5mg/5ml oral solution sugar free","Oral solution","Oral","Captopril","1.000mg/1.000ml","02050501","0205051F0AAEAEA","02050501","Captopril 5mg/5ml oral solution sugar free",1,,,,,1,1,,,,1,"Captopril",1,1,1,1,1,1,
"10645041000033114",10000,"30251811000001106","Lisinopril 5mg/5ml oral solution sugar free","Lisinopril 5mg/5ml oral solution sugar free","Oral solution","Oral","Lisinopril","1.000mg/1.000ml","02050501","0205051L0AAAQAQ","02050501","Lisinopril 5mg/5ml oral solution sugar free",1,,,,,1,1,,,,1,"Lisinopril",1,,,,1,1,
"209841000033115",10000,"3144511000001107","Carace 10 Plus tablets (Organon Pharma (UK) Ltd)","Carace 10 Plus tablets","Tablet","Oral","Hydrochlorothiazide/ Lisinopril","12.500mg + 10.000mg","02050501","0205051K0BCABAB","02050501","Carace 10 Plus tablets",1,,,,,1,1,,,,1,"Lisinopril",1,1,1,1,1,1,1
"1110141000033119",10000,"317967009","Polythiazide 1mg tablets","Polythiazide 1mg tablets","Tablet","Oral","Polythiazide","1.000mg","02020100","","","",,,,,,,,,,,,,1,,,,1,,
"1091141000033117",10000,"318513007","Pindolol 15mg tablets","Pindolol 15mg tablets","Tablet","Oral","Pindolol","15.000mg","02040000","","","",,,,,,,,,,,,,1,1,1,1,1,,
"430641000033119",10000,"318724006","Debrisoquine 10mg tablets","Debrisoquine 10mg tablets","Tablet","Oral","Debrisoquine sulfate","10.000mg","02050300","","","",1,,,1,,,,,,,1,"Debrisoquine",1,,,,1,,
"1070341000033119",10000,"318745004","Phenoxybenzamine 10mg capsules","","","","","","","","","",1,,,,1,,,,,,1,"Phenoxybenzamine",1,,,,1,,
"464441000033117",10000,"325297007","Diazoxide 50mg tablets","","","","","","","","","",1,1,,,,,,,,,1,"Diazoxide",,,,,,,
"3163041000033116",10000,"36149211000001102","Verapamil 180mg modified-release / Trandolapril 2mg capsules","Verapamil 180mg modified-release / Trandolapril 2mg capsules","Modified-release capsule","Oral","Trandolapril/ Verapamil hydrochloride","2.000mg + 180.000mg","02050501","0205051V0AAAAAA","02050501","Verapamil 180mg modified-release / Trandolapril 2mg capsules",1,,,,,1,1,,,,1,"Trandolapril",1,,,,1,1,1
"12684041000033114",10000,"36392711000001102","Clonidine 50micrograms/5ml oral solution sugar free","Clonidine 50micrograms/5ml oral solution sugar free","Oral solution","Oral","Clonidine hydrochloride","10.000microgram/1.000ml","04070402","0407042F0AAAZAZ","04070402","Clonidine 50micrograms/5ml oral solution sugar free",1,,1,,,,,,,,1,"Clonidine",1,,,,1,,
"375241000033119",10000,"3686511000001108","Corgard 40mg tablets (Sanofi-Synthelabo Ltd)","Corgard 40mg tablets","Tablet","Oral","Nadolol","40.000mg","02040000","0204000M0BBAAAA","02040000","Corgard 40mg tablets",,,,,,,,,,,,,1,,,,1,1,
"375341000033112",10000,"3687411000001106","Corgard 80mg tablets (Neon Healthcare Ltd)","Corgard 80mg tablets","Tablet","Oral","Nadolol","80.000mg","02040000","0204000M0BBABAB","02040000","Corgard 80mg tablets",,,,,,,,,,,,,1,1,1,1,1,1,
"6515541000033114",10000,"375035005","Valsartan 160mg tablets","Valsartan 160mg tablets","Tablet","Oral","Valsartan","160.000mg","02050502","","","",1,,,,,1,,1,,,1,"Valsartan",1,,,,1,,
"258441000033119",10000,"39686011000001104","Cilazapril 500microgram tablets","Cilazapril 500microgram tablets","Tablet","Oral","Cilazapril monohydrate","500.000microgram","02050501","0205051E0AAABAB","02050501","Cilazapril 500microgram tablets",1,,,,,1,1,,,,1,"Cilazapril",1,,,,1,1,
"246241000033116",10000,"408039005","Chlorothiazide 250mg/5ml oral suspension","Chlorothiazide 250mg/5ml oral suspension","Oral suspension","Oral","Chlorothiazide","50.000mg/1.000ml","02020100","","","",,,,,,,,,,,,,1,,,,1,,
"1509841000033114",10000,"4139411000001106","Verapamil 40mg/5ml oral solution sugar free","Verapamil 40mg/5ml oral solution sugar free","Oral solution","Oral","Verapamil hydrochloride","8.000mg/1.000ml","02060200","0206020T0AAAVAV","02060200","Verapamil 40mg/5ml oral solution sugar free",1,,,,,1,1,,,,1,"Trandolapril",1,,,,1,1,
"2945041000033117",10000,"4624611000001108","Olmetec 40mg tablets (Daiichi Sankyo UK Ltd)","Olmetec 40mg tablets","Tablet","Oral","Olmesartan medoxomil","40.000mg","02050502","0205052B0BBACAC","02050502","Olmetec 40mg tablets",1,,,,,1,,1,,,1,"Olmesartan",1,1,1,1,1,1,
"91841000033113",10000,"482511000001101","Atenix 25 tablets (Ashbourne Pharmaceuticals Ltd)","Atenix 25 tablets","Tablet","Oral","Atenolol","25.000mg","02040000","0204000E0BCAEAG","02040000","Atenix 25 tablets",,,,,,,,,,,,,1,1,1,1,1,1,
"2989941000033114",10000,"5010511000001106","Tritace 1.25mg tablets (Sanofi)","Tritace 1.25mg tablets","Tablet","Oral","Ramipril","1.250mg","02050501","0205051R0BBAFAK","02050501","Tritace 1.25mg tablets",1,,,,,1,1,,,,1,"Ramipril",1,1,1,1,1,1,
"172841000033115",10000,"521811000001107","Burinex 5mg tablets (LEO Pharma)","Burinex 5mg tablets","Tablet","Oral","Bumetanide","5.000mg","02020200","0202020D0BBABAF","02020200","Burinex 5mg tablets",,,,,,,,,,,,,1,,,,1,,
"209241000033119",10000,"546711000001107","Capozide LS 12.5mg/25mg tablets (Bristol-Myers Squibb Pharmaceuticals Ltd)","Capozide LS 12.5mg/25mg tablets","Tablet","Oral","Captopril/ Hydrochlorothiazide","25.000mg + 12.500mg","02050501","0205051G0BCABAB","02050501","Capozide LS 12.5mg/25mg tablets",1,,,,,1,1,,,,1,"Captopril",1,,,,1,1,1
"66141000033114",10000,"568911000001104","Angiopine MR 10mg tablets (Ashbourne Pharmaceuticals Ltd)","Angiopine MR 10mg tablets","Modified-release tablet","Oral","Nifedipine","10.000mg","02060200","0206020R0BHAEAE","02060200","Angiopine MR 10mg tablets",,,,,,,,,,,,,1,,,,1,1,
"1468141000033118",10000,"721311000001104","Triamaxco 50mg/25mg tablets (Ashbourne Pharmaceuticals Ltd)","Triamaxco 50mg/25mg tablets","Tablet","Oral","Hydrochlorothiazide/ Triamterene","25.000mg + 50.000mg","02020400","0202040H0BDAAAA","02020400","Triamaxco 50mg/25mg tablets",,,,,,,,,,,,,1,,,,1,1,
"70941000033117",10000,"734011000001102","Antipressan 100mg tablets (Teva UK Ltd)","Antipressan 100mg tablets","Tablet","Oral","Atenolol","100.000mg","02040000","0204000E0BEABAC","02040000","Antipressan 100mg tablets",,,,,,,,,,,,,1,,,,1,1,
"2890641000033116",10000,"7418511000001104","Vera-Til SR 120mg tablets (Tillomed Laboratories Ltd)","Vera-Til SR 120mg tablets","Modified-release tablet","Oral","Verapamil hydrochloride","120.000mg","02060200","0206020T0BMAAAU","02060200","Vera-Til SR 120mg tablets (Tillomed)",1,,,,,1,1,,,,1,"Trandolapril",1,,,,1,1,
"374941000033110",10000,"783511000001101","Cordilox 160mg tablets (IVAX Pharmaceuticals UK Ltd)","Cordilox 160mg tablets","Tablet","Oral","Verapamil hydrochloride","160.000mg","02060200","0206020T0BCADAG","02060200","Cordilox 160mg tablets",1,,,,,1,1,,,,1,"Trandolapril",1,,,,1,1,
"11041000033117",10000,"814111000001108","Acepril 50mg tablets (Bristol-Myers Squibb Pharmaceuticals Ltd)","Acepril 50mg tablets","Tablet","Oral","Captopril","50.000mg","02050501","0205051F0BBACAF","02050501","Acepril 50mg tablets",1,,,,,1,1,,,,1,"Captopril",1,1,1,1,1,1,
"3190841000033119",10000,"8150111000001108","Co-Diovan 80mg/12.5mg tablets (Novartis Pharmaceuticals UK Ltd)","Co-Diovan 80mg/12.5mg tablets","Tablet","Oral","Hydrochlorothiazide/ Valsartan","12.500mg + 80.000mg","02050502","0205052X0BBACAC","02050502","Co-Diovan 80mg/12.5mg tablets",1,,,,,1,,1,,,1,"Valsartan",1,1,1,1,1,1,1
"1952441000033118",10000,"823111000001103","Cardicor 3.75mg tablets (Merck Serono Ltd)","Cardicor 3.75mg tablets","Tablet","Oral","Bisoprolol fumarate","3.750mg","02040000","0204000H0BFACAK","02040000","Cardicor 3.75mg tablets",,,,,,,,,,,,,1,1,1,1,1,1,
"615641000033118",10000,"82611000001106","Frumil Forte 10mg/80mg tablets (Sanofi)","Frumil Forte 10mg/80mg tablets","Tablet","Oral","Amiloride hydrochloride/ Furosemide","10.000mg + 80.000mg","02020400","0202040B0BBACAC","02020400","Frumil Forte 10mg/80mg tablets",,,,,,,,,,,,,1,,,,1,1,
"3963741000033115",10000,"8278111000001105","Amlodipine 10mg/5ml oral suspension","Amlodipine 10mg/5ml oral suspension","Oral suspension","Oral","Amlodipine","2.000mg/1.000ml","02060200","0206020A0AAADAD","02060200","Amlodipine 10mg/5ml oral liquid",,,,,,,,,,,,,1,,,,1,1,
"3151841000033117",10000,"8306811000001101","Bendroflumethiazide 2.5mg/5ml oral suspension","Bendroflumethiazide 2.5mg/5ml oral suspension","Oral suspension","Oral","Bendroflumethiazide","500.000microgram/1.000ml","02020100","0202010B0AAAXAX","02020100","Bendroflumethiazide 2.5mg/5ml oral suspension",,,,,,,,,,,,,1,,,,1,1,
"374841000033119",10000,"867011000001103","Cordilox 120mg tablets (IVAX Pharmaceuticals UK Ltd)","Cordilox 120mg tablets","Tablet","Oral","Verapamil hydrochloride","120.000mg","02060200","0206020T0BCACAF","02060200","Cordilox 120mg tablets",1,,,,,1,1,,,,1,"Trandolapril",1,,,,1,1,
"1371141000033111",10000,"8726311000001103","Spironolactone 5mg/5ml oral suspension","Spironolactone 5mg/5ml oral suspension","Oral suspension","Oral","Spironolactone","1.000mg/1.000ml","02020300","0202030S0AAECEC","02020300","Spironolactone 5mg/5ml oral suspension",,,,,,,,,,,,,1,,,,1,1,
"199141000033114",10000,"905711000001103","Cardilate MR 20mg tablets (IVAX Pharmaceuticals UK Ltd)","Cardilate MR 20mg tablets","Modified-release tablet","Oral","Nifedipine","20.000mg","02060200","0206020R0BLAAAR","02060200","Cardilate MR 20mg tablets",,,,,,,,,,,,,1,,,,1,1,
"247941000033110",9000,"","Chlorothiazide  Tablets  500 mg","","","","","","","","","",,,,,,,,,,,,,1,,,,1,,
"4213841000033113",9000,"11960911000001108","Rasilez 150mg tablets (Noden Pharma DAC)","Rasilez 150mg tablets","Tablet","Oral","Aliskiren hemifumarate","150.000mg","02050503","0205053A0BBAAAA","02050503","Rasilez 150mg tablets",1,,,,,1,,,1,,1,"Aliskiren",1,,,,1,1,
"4451941000033110",9000,"13401911000001109","Valni XL 30mg tablets (Zentiva Pharma UK Ltd)","Valni XL 30mg tablets","Modified-release tablet","Oral","Nifedipine","30.000mg","02060200","0206020R0CFABAN","02060200","Valni XL 30mg tablets",,,,,,,,,,,,,1,,,,1,1,
"4898941000033116",9000,"15001211000001104","Cialis 2.5mg tablets (Eli Lilly and Company Ltd)","Cialis 2.5mg tablets","Tablet","Oral","Tadalafil","2.500mg","07040500","0704050R0BBACAC","07040500","Cialis 2.5mg tablets",1,1,,,,,,,,,1,"Tadalafil",1,,,,1,,
"1752941000033115",9000,"2882011000001104","Slofedipine XL 30mg tablets (Zentiva Pharma UK Ltd)","Slofedipine XL 30mg tablets","Modified-release tablet","Oral","Nifedipine","30.000mg","02060200","0206020R0BVABAN","02060200","Slofedipine XL 30mg tablets",,,,,,,,,,,,,1,,,,1,1,
"3163341000033119",9000,"318176004","Felodipine 2.5mg modified-release / Ramipril 2.5mg tablets","Felodipine 2.5mg modified-release / Ramipril 2.5mg tablets","Modified-release tablet","Oral","Felodipine/ Ramipril","2.500mg + 2.500mg","02050501","","","",1,,,,,1,1,,,,1,"Ramipril",1,1,1,1,1,,1
"375441000033118",9000,"3886211000001102","Corgaretic 40mg tablets (Sanofi-Synthelabo Ltd)","Corgaretic 40mg tablets","Tablet","Oral","Bendroflumethiazide/ Nadolol","5.000mg + 40.000mg","02040000","0204000X0BBAAAA","02040000","Corgaretic 40mg tablets",,,,,,,,,,,,,1,,,,1,1,
"2040841000033113",9000,"401211000001105","Teveten 300mg tablets (Viatris UK Healthcare Ltd)","Teveten 300mg tablets","Tablet","Oral","Eprosartan mesilate","300.000mg","02050502","0205052W0BBAAAA","02050502","Teveten 300mg tablets",1,,,,,1,,1,,,1,"Eprosartan",1,1,1,1,1,1,
"1952641000033116",9000,"404511000001105","Cardicor 7.5mg tablets (Merck Serono Ltd)","Cardicor 7.5mg tablets","Tablet","Oral","Bisoprolol fumarate","7.500mg","02040000","0204000H0BFAEAL","02040000","Cardicor 7.5mg tablets",,,,,,,,,,,,,1,1,1,1,1,1,
"375541000033117",9000,"4057911000001102","Corgaretic 80mg tablets (Sanofi-Synthelabo Ltd)","Corgaretic 80mg tablets","Tablet","Oral","Bendroflumethiazide/ Nadolol","5.000mg + 80.000mg","02040000","0204000X0BBABAB","02040000","Corgaretic 80mg tablets",,,,,,,,,,,,,1,,,,1,1,
"2635741000033119",9000,"522011000001109","Physiotens 300microgram tablets (Viatris UK Healthcare Ltd)","Physiotens 300microgram tablets","Tablet","Oral","Moxonidine","300.000microgram","02050200","0205020M0BBACAC","02050200","Physiotens 300microgram tablets (Mylan)",1,,1,,,,,,,,1,"Moxonidine",1,,,,1,1,
"1833541000033117",9000,"525311000001101","Verapress MR 240mg tablets (Dexcel-Pharma Ltd)","Verapress MR 240mg tablets","Modified-release tablet","Oral","Verapamil hydrochloride","240.000mg","02060200","0206020T0BHAAAH","02060200","Verapress MR 240mg tablets (Dexcel-Pharma)",1,,,,,1,1,,,,1,"Trandolapril",1,,,,1,1,
"2272741000033111",9000,"648711000001100","Micardis 20mg tablets (Boehringer Ingelheim Ltd)","Micardis 20mg tablets","Tablet","Oral","Telmisartan","20.000mg","02050502","0205052Q0BBACAC","02050502","Micardis 20mg tablets",1,,,,,1,,1,,,1,"Telmisartan",1,1,1,1,1,1,
"3152641000033113",9000,"7668911000001105","Co-Diovan 160mg/25mg tablets (Novartis Pharmaceuticals UK Ltd)","Co-Diovan 160mg/25mg tablets","Tablet","Oral","Hydrochlorothiazide/ Valsartan","25.000mg + 160.000mg","02050502","0205052X0BBABAB","02050502","Co-Diovan 160mg/25mg tablets",1,,,,,1,,1,,,1,"Valsartan",1,1,1,1,1,1,1
"3012741000033115",9000,"8348511000001107","Captopril 25mg/5ml oral solution","Captopril 25mg/5ml oral solution","Oral solution","Oral","Captopril","5.000mg/1.000ml","02050501","0205051F0AABWBW","02050501","Captopril 25mg/5ml oral liquid",1,,,,,1,1,,,,1,"Captopril",1,,,,1,1,
"2883341000033118",9000,"8720911000001100","Ramipril 5mg/5ml oral suspension","Ramipril 5mg/5ml oral suspension","Oral suspension","Oral","Ramipril","1.000mg/1.000ml","02050501","0205051R0AAAEAE","02050501","Ramipril 5mg/5ml oral liquid",1,,,,,1,1,,,,1,"Ramipril",1,,,,1,1,
"1371241000033116",9000,"8727311000001100","Spironolactone 10mg/5ml oral suspension","Spironolactone 10mg/5ml oral suspension","Oral suspension","Oral","Spironolactone","2.000mg/1.000ml","02020300","0202030S0AAEDED","02020300","Spironolactone 10mg/5ml oral suspension",,,,,,,,,,,,,1,,,,1,1,
"851041000033112",9000,"916111000001108","Lopresor SR 200mg tablets (Recordati Pharmaceuticals Ltd)","Lopresor SR 200mg tablets","Modified-release tablet","Oral","Metoprolol tartrate","200.000mg","02040000","0204000K0BDACAD","02040000","Lopresor SR 200mg tablets",,,,,,,,,,,,,1,1,1,1,1,1,
"1602441000033110",9000,"937011000001101","Dilcardia SR 60mg capsules (Viatris UK Healthcare Ltd)","Dilcardia SR 60mg capsules","Modified-release capsule","Oral","Diltiazem hydrochloride","60.000mg","02060200","0206020C0BPACAJ","02060200","Dilcardia SR 60mg capsules",,,,,,,,,,,,,1,,,,1,1,
"744141000033113",8000,"","Hytrin Bph  Tablets  5 mg","","","","","","","","","",1,,,,1,,,,,,1,"Terazosin",,,,,,,
"3995341000033119",8000,"10968611000001106","CoAprovel 300mg/25mg tablets (Sanofi)","CoAprovel 300mg/25mg tablets","Tablet","Oral","Hydrochlorothiazide/ Irbesartan","25.000mg + 300.000mg","02050502","0205052A0BBACAC","02050502","CoAprovel 300mg/25mg tablets",1,,,,,1,,1,,,1,"Irbesartan",1,,,,1,1,1
"199041000033110",8000,"118811000001102","Cardene SR 45mg capsules (Astellas Pharma Ltd)","Cardene SR 45mg capsules","Modified-release capsule","Oral","Nicardipine hydrochloride","45.000mg","02060200","0206020Q0BBADAD","02060200","Cardene SR 45mg capsules",,,,,,,,,,,,,1,,,,1,1,
"6180841000033113",8000,"18987011000001101","Sevikar HCT 40mg/10mg/12.5mg tablets (Daiichi Sankyo UK Ltd)","Sevikar HCT 40mg/10mg/12.5mg tablets","Tablet","Oral","Amlodipine besilate/ Hydrochlorothiazide/ Olmesartan medoxomil","10.000mg + 12.500mg + 40.000mg","02050502","0205052ACBBACAC","02050502","Sevikar HCT 40mg/10mg/12.5mg tablets",1,,,,,1,,1,,,1,"Olmesartan",1,1,1,1,1,1,1
"6181041000033110",8000,"18987611000001108","Sevikar HCT 40mg/10mg/25mg tablets (Daiichi Sankyo UK Ltd)","Sevikar HCT 40mg/10mg/25mg tablets","Tablet","Oral","Amlodipine besilate/ Hydrochlorothiazide/ Olmesartan medoxomil","10.000mg + 25.000mg + 40.000mg","02050502","0205052ACBBAEAE","02050502","Sevikar HCT 40mg/10mg/25mg tablets",1,,,,,1,,1,,,1,"Olmesartan",1,1,1,1,1,1,1
"10740941000033112",8000,"31087711000001100","Guanfacine 2mg modified-release tablets","Guanfacine 2mg modified-release tablets","Modified-release tablet","Oral","Guanfacine hydrochloride","2.000mg","04040000","0404000V0AAADAD","04040000","Guanfacine 2mg modified-release tablets",1,,1,,,,,,,,1,"Guanfacine",,,,,,,
"10741041000033119",8000,"31087811000001108","Guanfacine 3mg modified-release tablets","Guanfacine 3mg modified-release tablets","Modified-release tablet","Oral","Guanfacine hydrochloride","3.000mg","04040000","0404000V0AAAAAA","04040000","Guanfacine 3mg modified-release tablets",1,,1,,,,,,,,1,"Guanfacine",,,,,,,
"1367241000033118",8000,"318527002","Sotalol 200mg tablets","Sotalol 200mg tablets","Tablet","Oral","Sotalol hydrochloride","200.000mg","02040000","","","",,,,,,,,,,,,,1,1,1,1,1,,
"3346641000033118",8000,"318556002","Timolol 10mg / Bendroflumethiazide 2.5mg tablets","Timolol 10mg / Bendroflumethiazide 2.5mg tablets","Tablet","Oral","Bendroflumethiazide/ Timolol maleate","2.500mg + 10.000mg","02040000","","","",,,,,,,,,,,,,1,1,1,1,1,,1
"977441000033119",8000,"323273000","Nimodipine 30mg tablets","Nimodipine 30mg tablets","Tablet","Oral","Nimodipine","30.000mg","02060200","","","",,,,,,,,,,,,,1,,,,1,,
"796541000033115",8000,"3252011000001105","Kalspare tablets (DHP Healthcare Ltd)","Kalspare tablets","Tablet","Oral","Chlortalidone/ Triamterene","50.000mg + 50.000mg","02020400","0202040V0BBAAAA","02020400","Kalspare tablets",,,,,,,,,,,,,1,,,,1,1,
"1423641000033114",8000,"35915811000001105","Terazosin 2mg tablets and Terazosin 1mg tablets","Terazosin 2mg tablets and Terazosin 1mg tablets","Not applicable","Route of administration not applicable","","","02050400","0205040V0AAAAAA","02050400","Terazosin 2mg tablets and Terazosin 1mg tablets",1,,,,1,,,,,,1,"Terazosin",1,,,,1,1,
"1504641000033112",8000,"3669711000001105","Vascace 1mg tablets (Roche Products Ltd)","Vascace 1mg tablets","Tablet","Oral","Cilazapril monohydrate","1.000mg","02050501","0205051E0BBACAC","02050501","Vascace 1mg tablets",1,,,,,1,1,,,,1,"Cilazapril",1,,,,1,1,
"1504741000033115",8000,"3672411000001101","Vascace 2.5mg tablets (Roche Products Ltd)","Vascace 2.5mg tablets","Tablet","Oral","Cilazapril monohydrate","2.500mg","02050501","0205051E0BBADAD","02050501","Vascace 2.5mg tablets",1,,,,,1,1,,,,1,"Cilazapril",1,,,,1,1,
"1424541000033110",8000,"373311000001100","Tenormin 25mg/5ml syrup (AstraZeneca UK Ltd)","Tenormin 25mg/5ml syrup","Oral solution","Oral","Atenolol","5.000mg/1.000ml","02040000","0204000E0BBABAA","02040000","Tenormin 25mg/5ml syrup",,,,,,,,,,,,,1,1,1,1,1,1,
"6515441000033113",8000,"375034009","Valsartan 80mg tablets","Valsartan 80mg tablets","Tablet","Oral","Valsartan","80.000mg","02050502","","","",1,,,,,1,,1,,,1,"Valsartan",1,,,,1,,
"2846641000033111",8000,"3803711000001101","Coversyl 8mg tablets (Servier Laboratories Ltd)","Coversyl 8mg tablets","Tablet","Oral","Perindopril erbumine","8.000mg","02050501","0205051M0BBACAF","02050501","Coversyl 8mg tablets",1,,,,,1,1,,,,1,"Perindopril",1,1,1,1,1,1,
"1834341000033110",8000,"3887911000001109","Triapin 5mg/5mg modified-release tablets (Sanofi)","Triapin 5mg/5mg modified-release tablets","Modified-release tablet","Oral","Felodipine/ Ramipril","5.000mg + 5.000mg","02050501","0205051S0BBABAB","02050501","Triapin 5mg/5mg modified-release tablets",1,,,,,1,1,,,,1,"Ramipril",1,1,1,1,1,1,1
"3890641000033111",8000,"419015002","Sildenafil 20mg tablets","","","","","","","","","",1,1,,,,,,,,,1,"Sildenafil",1,,,,1,,
"133141000033117",8000,"510611000001108","Beta-Prograne 160mg modified-release capsules (Tillomed Laboratories Ltd)","Beta-Prograne 160mg modified-release capsules","Modified-release capsule","Oral","Propranolol hydrochloride","160.000mg","02040000","0204000R0BNAAAB","02040000","Beta-Prograne 160mg modified-release capsules (Tillomed)",,,,,,,,,,,,,1,1,1,1,1,1,
"1731541000033115",8000,"602811000001100","Frusol 20mg/5ml oral solution (Rosemont Pharmaceuticals Ltd)","Frusol 20mg/5ml oral solution","Oral solution","Oral","Furosemide","4.000mg/1.000ml","02020200","0202020L0BZAABQ","02020200","Frusol 20mg/5ml oral solution",,,,,,,,,,,,,1,,,,1,,
"57341000033115",8000,"712211000001108","Amilmaxco 5mg/50mg tablets (Ashbourne Pharmaceuticals Ltd)","Amilmaxco 5mg/50mg tablets","Tablet","Oral","Amiloride hydrochloride/ Hydrochlorothiazide","5.000mg + 50.000mg","02020400","0202040C0BGAAAA","02020400","Amilmaxco 5mg/50mg tablets",,,,,,,,,,,,,1,,,,1,1,
"491741000033113",8000,"714911000001108","Dytide capsules (Mercury Pharma Group Ltd)","Dytide capsules","Capsule","Oral","Benzthiazide/ Triamterene","25.000mg + 50.000mg","02020400","0202040V0BDAAAC","02020400","Dytide capsules",,,,,,,,,,,,,1,,,,1,1,
"144741000033116",8000,"72811000001104","Betim 10mg tablets (Meda Pharmaceuticals Ltd)","Betim 10mg tablets","Tablet","Oral","Timolol maleate","10.000mg","02040000","0204000V0BBAAAA","02040000","Betim 10mg tablets",,,,,,,,,,,,,1,,,,1,1,
"3199041000033116",8000,"8477211000001104","Inspra 25mg tablets (Viatris UK Healthcare Ltd)","Inspra 25mg tablets","Tablet","Oral","Eplerenone","25.000mg","02020300","0202030X0BBAAAA","02020300","Inspra 25mg tablets",,,,,,,,,,,,,1,,,,1,1,
"3909141000033116",7000,"10261511000001103","Olmetec Plus 20mg/12.5mg tablets (Daiichi Sankyo UK Ltd)","Olmetec Plus 20mg/12.5mg tablets","Tablet","Oral","Hydrochlorothiazide/ Olmesartan medoxomil","12.500mg + 20.000mg","02050502","0205052Y0BBAAAA","02050502","Olmetec Plus 20mg/12.5mg tablets",1,,,,,1,,1,,,1,"Olmesartan",1,1,1,1,1,1,1
"4452041000033116",7000,"13402111000001101","Valni XL 60mg tablets (Zentiva Pharma UK Ltd)","Valni XL 60mg tablets","Modified-release tablet","Oral","Nifedipine","60.000mg","02060200","0206020R0CFACAP","02060200","Valni XL 60mg tablets",,,,,,,,,,,,,1,,,,1,1,
"648541000033117",7000,"253511000001102","Gopten 500microgram capsules (Abbott Laboratories Ltd)","Gopten 500microgram capsules","Capsule","Oral","Trandolapril","500.000microgram","02050501","0205051U0BBAAAA","02050501","Gopten 500microgram capsules",1,,,,,1,1,,,,1,"Trandolapril",1,,,,1,1,
"10617741000033111",7000,"30737111000001103","Invicorp 25micrograms/2mg/0.35ml solution for injection ampoules (Evolan Pharma AB)","Invicorp 25micrograms/2mg/0.35ml solution for injection ampoules","Solution for injection","Intracavernous","Aviptadil/ Phentolamine mesilate","71.430microgram/1.000ml + 5.710mg/1.000ml","07040500","0704050ADBBAAAA","07040500","Invicorp 25micrograms/2mg/0.35ml inj",1,,,,1,,,,,,1,"Phentolamine",,,,,,,
"10740841000033116",7000,"31087611000001109","Guanfacine 1mg modified-release tablets","Guanfacine 1mg modified-release tablets","Modified-release tablet","Oral","Guanfacine hydrochloride","1.000mg","04040000","0404000V0AAACAC","04040000","Guanfacine 1mg modified-release tablets",1,,1,,,,,,,,1,"Guanfacine",,,,,,,
"3163141000033117",7000,"318552000","Pindolol 10mg / Clopamide 5mg tablets","Pindolol 10mg / Clopamide 5mg tablets","Tablet","Oral","Clopamide/ Pindolol","5.000mg + 10.000mg","02040000","","","",,,,,,,,,,,,,1,1,1,1,1,,1
"1450041000033112",7000,"3700311000001109","Torem 5mg tablets (Viatris UK Healthcare Ltd)","Torem 5mg tablets","Tablet","Oral","Torasemide","5.000mg","02020200","0202020U0BBABAB","02020200","Torem 5mg tablets",,,,,,,,,,,,,1,,,,1,,
"1524041000033111",7000,"3706111000001105","Visken 5mg tablets (Advanz Pharma)","Visken 5mg tablets","Tablet","Oral","Pindolol","5.000mg","02040000","0204000P0BBAAAA","02040000","Visken 5mg tablets",,,,,,,,,,,,,1,1,1,1,1,1,
"1469341000033110",7000,"42611000001104","Trandate 50mg tablets (RPH Pharmaceuticals AB)","Trandate 50mg tablets","Tablet","Oral","Labetalol hydrochloride","50.000mg","02040000","0204000I0BCAAAB","02040000","Trandate 50mg tablets",,,,,,,,,,,,,1,1,1,1,1,,
"1769941000033115",7000,"43711000001100","Tritace 10mg capsules (Sanofi)","Tritace 10mg capsules","Capsule","Oral","Ramipril","10.000mg","02050501","0205051R0BBADAD","02050501","Tritace 10mg capsules",1,,,,,1,1,,,,1,"Ramipril",1,1,1,1,1,1,
"65941000033117",7000,"440711000001104","Angiozem CR 90mg tablets (Ashbourne Pharmaceuticals Ltd)","Angiozem CR 90mg tablets","Modified-release tablet","Oral","Diltiazem hydrochloride","90.000mg","02060200","0206020C0BEABAC","02060200","Angiozem CR 90mg tablets",,,,,,,,,,,,,1,,,,1,1,
"3161841000033110",7000,"4557711000001102","Furosemide 40mg / Potassium chloride 600mg (potassium 8mmol) modified-release tablets","Furosemide 40mg / Potassium chloride 600mg (potassium 8mmol) modified-release tablets","Modified-release tablet","Oral","Furosemide/ Potassium chloride","40.000mg + 600.000mg","02020800","0202080K0AAABAB","02020800","Furosemide 40mg/Pot chlor 600mg (pot 8mmol) MR tab",,,,,,,,,,,,,1,,,,1,,
"557041000033117",7000,"709911000001107","Eucardic 25mg tablets (Roche Products Ltd)","Eucardic 25mg tablets","Tablet","Oral","Carvedilol","25.000mg","02040000","020400080BBABAC","02040000","Eucardic 25mg tablets",,,,,,,,,,,,,1,,,,1,,
"2656341000033110",7000,"8351811000001102","Captopril 5mg/5ml oral suspension","Captopril 5mg/5ml oral suspension","Oral suspension","Oral","Captopril","1.000mg/1.000ml","02050501","0205051F0AABNBN","02050501","Captopril 5mg/5ml oral liquid",1,,,,,1,1,,,,1,"Captopril",1,,,,1,1,
"3152141000033115",7000,"8622611000001101","Lisinopril 5mg/5ml oral suspension","Lisinopril 5mg/5ml oral suspension","Oral suspension","Oral","Lisinopril","1.000mg/1.000ml","02050501","0205051L0AAAGAG","02050501","Lisinopril 5mg/5ml oral liquid",1,,,,,1,1,,,,1,"Lisinopril",1,,,,1,1,
"2616041000033116",7000,"8668211000001107","Metoprolol 12.5mg/5ml oral solution","Metoprolol 12.5mg/5ml oral solution","Oral solution","Oral","Metoprolol tartrate","2.500mg/1.000ml","02040000","0204000K0AABKBK","02040000","Metoprolol 12.5mg/5ml oral solution",,,,,,,,,,,,,1,,,,1,1,
"784841000033113",6000,"","Ismelin  Tablets  10 mg","","","","","","","","","",1,,,1,,,,,,,1,"Guanethidine",,,,,,,
"977641000033117",6000,"","Nifedipine  Tablets  10 mg","","","","","","","","","",,,,,,,,,,,,,1,,,,1,,
"744041000033114",6000,"","Hytrin Bph  Tablets  2 mg","","","","","","","","","",1,,,,1,,,,,,1,"Terazosin",,,,,,,
"4021941000033116",6000,"11160711000001108","Exforge 10mg/160mg tablets (Novartis Pharmaceuticals UK Ltd)","Exforge 10mg/160mg tablets","Tablet","Oral","Amlodipine besilate/ Valsartan","10.000mg + 160.000mg","02060200","0206020Z0BBACAC","02060200","Exforge 10mg/160mg tablets",1,,,,,1,,1,,,1,"Valsartan",1,,,,1,1,1
"5991041000033111",6000,"12287511000001104","Bisoprolol 2.5mg/5ml oral solution","Bisoprolol 2.5mg/5ml oral solution","Oral solution","Oral","Bisoprolol fumarate","500.000microgram/1.000ml","02040000","0204000H0AABEBE","02040000","Bisoprolol 2.5mg/5ml oral solution",,,,,,,,,,,,,1,,,,1,1,
"4424841000033117",6000,"13094111000001102","Cozaar-Comp 100mg/12.5mg tablets (Organon Pharma (UK) Ltd)","Cozaar-Comp 100mg/12.5mg tablets","Tablet","Oral","Hydrochlorothiazide/ Losartan potassium","12.500mg + 100.000mg","02050502","0205052P0BBACAC","02050502","Cozaar-Comp 100mg/12.5mg tablets",1,,,,,1,,1,,,1,"Losartan",1,,,,1,1,1
"5490241000033113",6000,"13892511000001100","Amlodipine 5mg/5ml oral solution","Amlodipine 5mg/5ml oral solution","Oral solution","Oral","Amlodipine","1.000mg/1.000ml","02060200","0206020A0AAACAC","02060200","Amlodipine 5mg/5ml oral liquid",,,,,,,,,,,,,1,,,,1,1,
"5006141000033110",6000,"15773211000001105","Sevikar 20mg/5mg tablets (Daiichi Sankyo UK Ltd)","Sevikar 20mg/5mg tablets","Tablet","Oral","Amlodipine besilate/ Olmesartan medoxomil","5.000mg + 20.000mg","02050502","0205052ABBBAAAA","02050502","Sevikar 20mg/5mg tablets",1,,,,,1,,1,,,1,"Olmesartan",1,1,1,1,1,1,1
"1580841000033116",6000,"25911000001100","Cardilate MR 10mg tablets (Teva UK Ltd)","Cardilate MR 10mg tablets","Modified-release tablet","Oral","Nifedipine","10.000mg","02060200","0206020R0BLABAE","02060200","Cardilate MR 10mg tablets",,,,,,,,,,,,,1,,,,1,1,
"2189541000033117",6000,"280811000001100","Nifopress Retard 20mg tablets (Advanz Pharma)","Nifopress Retard 20mg tablets","Modified-release tablet","Oral","Nifedipine","20.000mg","02060200","0206020R0CEAAAR","02060200","Nifopress Retard 20mg tablets",,,,,,,,,,,,,1,,,,1,1,
"10741341000033117",6000,"31074311000001101","Intuniv 2mg modified-release tablets (Takeda UK Ltd)","Intuniv 2mg modified-release tablets","Modified-release tablet","Oral","Guanfacine hydrochloride","2.000mg","04040000","0404000V0BBADAD","04040000","Intuniv 2mg modified-release tablets",1,,1,,,,,,,,1,"Guanfacine",,,,,,,
"10741141000033115",6000,"31087911000001103","Guanfacine 4mg modified-release tablets","Guanfacine 4mg modified-release tablets","Modified-release tablet","Oral","Guanfacine hydrochloride","4.000mg","04040000","0404000V0AAABAB","04040000","Guanfacine 4mg modified-release tablets",1,,1,,,,,,,,1,"Guanfacine",,,,,,,
"287241000033110",6000,"318668000","Clonidine 300microgram tablets","","","","","","","","","",1,,1,,,,,,,,1,"Clonidine",,,,,,,
"3091841000033115",6000,"36061411000001102","Furosemide 20mg/2ml solution for injection ampoules","Furosemide 20mg/2ml solution for injection ampoules","Solution for injection","Intramuscular/ Intravenous","Furosemide","10.000mg/1.000ml","02020200","0202020L0AAAAAA","02020200","Furosemide 20mg/2ml solution for injection ampoules",,,,,,,,,,,,,1,,,,1,,
"116741000033118",6000,"3689111000001107","Baratol 25mg tablets (Amdipharm Plc)","Baratol 25mg tablets","Tablet","Oral","Indoramin hydrochloride","25.000mg","02050400","0205040I0BBAAAA","02050400","Baratol 25mg tablets",1,,,,1,,,,,,1,"Indoramin",1,,,,1,1,
"2295641000033116",6000,"627111000001104","Calchan MR 10 tablets (Ranbaxy (UK) Ltd)","Calchan MR 10 tablets","Modified-release tablet","Oral","Nifedipine","10.000mg","02060200","0206020R0CGAAAE","02060200","Calchan MR 10 tablets",,,,,,,,,,,,,1,,,,1,1,
"5888741000033110",6000,"8278311000001107","Amlodipine 5mg/5ml oral suspension","Amlodipine 5mg/5ml oral suspension","Oral suspension","Oral","Amlodipine","1.000mg/1.000ml","02060200","0206020A0AAACAC","02060200","Amlodipine 5mg/5ml oral liquid",,,,,,,,,,,,,1,,,,1,1,
"903641000033115",5000,"","Metoprolol Tartrate  Tablets  200 mg","","","","","","","","","",,,,,,,,,,,,,1,,,,1,,
"210741000033117",5000,"","Captopril  Tablets  2 mg","","","","","","","","","",1,,,,,1,1,,,,1,"Captopril",1,,,,1,,
"4021841000033112",5000,"11161511000001105","Exforge 5mg/160mg tablets (Novartis Pharmaceuticals UK Ltd)","Exforge 5mg/160mg tablets","Tablet","Oral","Amlodipine besilate/ Valsartan","5.000mg + 160.000mg","02060200","0206020Z0BBABAB","02060200","Exforge 5mg/160mg tablets",1,,,,,1,,1,,,1,"Valsartan",1,,,,1,1,1
"4021741000033119",5000,"11161811000001108","Exforge 5mg/80mg tablets (Novartis Pharmaceuticals UK Ltd)","Exforge 5mg/80mg tablets","Tablet","Oral","Amlodipine besilate/ Valsartan","5.000mg + 80.000mg","02060200","0206020Z0BBAAAA","02060200","Exforge 5mg/80mg tablets",1,,,,,1,,1,,,1,"Valsartan",1,,,,1,1,1
"2040941000033117",5000,"151411000001103","Teveten 400mg tablets (Abbott Healthcare Products Ltd)","Teveten 400mg tablets","Tablet","Oral","Eprosartan mesilate","400.000mg","02050502","0205052W0BBABAB","02050502","Teveten 400mg tablets",1,,,,,1,,1,,,1,"Eprosartan",1,1,1,1,1,1,
"6180741000033115",5000,"18986711000001102","Sevikar HCT 40mg/5mg/12.5mg tablets (Daiichi Sankyo UK Ltd)","Sevikar HCT 40mg/5mg/12.5mg tablets","Tablet","Oral","Amlodipine besilate/ Hydrochlorothiazide/ Olmesartan medoxomil","5.000mg + 12.500mg + 40.000mg","02050502","0205052ACBBABAB","02050502","Sevikar HCT 40mg/5mg/12.5mg tablets",1,,,,,1,,1,,,1,"Olmesartan",1,1,1,1,1,1,1
"10387441000033111",5000,"29826211000001109","Amlodipine 10mg/5ml oral solution sugar free","Amlodipine 10mg/5ml oral solution sugar free","Oral solution","Oral","Amlodipine","2.000mg/1.000ml","02060200","0206020A0AAATAT","02060200","Amlodipine 10mg/5ml oral solution sugar free",,,,,,,,,,,,,1,,,,1,1,
"10741241000033110",5000,"31074011000001104","Intuniv 1mg modified-release tablets (Takeda UK Ltd)","Intuniv 1mg modified-release tablets","Modified-release tablet","Oral","Guanfacine hydrochloride","1.000mg","04040000","0404000V0BBACAC","04040000","Intuniv 1mg modified-release tablets",1,,1,,,,,,,,1,"Guanfacine",,,,,,,
"10741441000033111",5000,"31074611000001106","Intuniv 3mg modified-release tablets (Takeda UK Ltd)","Intuniv 3mg modified-release tablets","Modified-release tablet","Oral","Guanfacine hydrochloride","3.000mg","04040000","0404000V0BBAAAA","04040000","Intuniv 3mg modified-release tablets",1,,1,,,,,,,,1,"Guanfacine",,,,,,,
"556941000033118",5000,"334711000001101","Eucardic 12.5mg tablets (Roche Products Ltd)","Eucardic 12.5mg tablets","Tablet","Oral","Carvedilol","12.500mg","02040000","020400080BBAAAB","02040000","Eucardic 12.5mg tablets",,,,,,,,,,,,,1,,,,1,,
"12682241000033110",5000,"36237311000001101","Amlodipine 5mg/5ml oral suspension sugar free","Amlodipine 5mg/5ml oral suspension sugar free","Oral suspension","Oral","Amlodipine","1.000mg/1.000ml","02060200","0206020A0AAAUAU","02060200","Amlodipine 5mg/5ml oral suspension sugar free",,,,,,,,,,,,,1,,,,1,1,
"1503441000033113",5000,"3671311000001104","Vascace 5mg tablets (Roche Products Ltd)","Vascace 5mg tablets","Tablet","Oral","Cilazapril monohydrate","5.000mg","02050501","0205051E0BBAEAE","02050501","Vascace 5mg tablets",1,,,,,1,1,,,,1,"Cilazapril",1,,,,1,1,
"372841000033114",5000,"3853411000001104","Co-Betaloc SA tablets (Pfizer Ltd)","Co-Betaloc SA tablets","Modified-release tablet","Oral","Hydrochlorothiazide/ Metoprolol tartrate","25.000mg + 200.000mg","02040000","0204000W0BBABAB","02040000","Co-Betaloc SA tablets",,,,,,,,,,,,,1,,,,1,1,
"769741000033118",5000,"424311000001108","Nindaxa 2.5 tablets (Ashbourne Pharmaceuticals Ltd)","Nindaxa 2.5 tablets","Tablet","Oral","Indapamide hemihydrate","2.500mg","02020100","0202010P0BDAAAA","02020100","Nindaxa 2.5 tablets",,,,,,,,,,,,,1,,,,1,1,
"61841000033111",5000,"811311000001107","Angiopine 10 capsules (Ashbourne Pharmaceuticals Ltd)","Angiopine 10 capsules","Capsule","Oral","Nifedipine","10.000mg","02060200","0206020R0BHABAB","02060200","Angiopine 10 capsules",,,,,,,,,,,,,1,,,,1,1,
"5890241000033117",5000,"8622511000001100","Lisinopril 5mg/5ml oral solution","Lisinopril 5mg/5ml oral solution","Oral solution","Oral","Lisinopril","1.000mg/1.000ml","02050501","0205051L0AAAGAG","02050501","Lisinopril 5mg/5ml oral liquid",1,,,,,1,1,,,,1,"Lisinopril",1,,,,1,1,
"1750241000033113",5000,"8672711000001106","Propranolol 40mg/5ml oral solution","Propranolol 40mg/5ml oral solution","Oral solution","Oral","Propranolol hydrochloride","8.000mg/1.000ml","02040000","0204000R0AACLCL","02040000","Propranolol 40mg/5ml oral liquid",,,,,,,,,,,,,1,,,,1,1,
"4805941000033114",5000,"8720711000001102","Ramipril 2.5mg/5ml oral suspension","Ramipril 2.5mg/5ml oral suspension","Oral suspension","Oral","Ramipril","500.000microgram/1.000ml","02050501","0205051R0AAAFAF","02050501","Ramipril 2.5mg/5ml oral liquid",1,,,,,1,1,,,,1,"Ramipril",1,,,,1,1,
"69441000033112",5000,"877011000001106","Antipressan 25mg tablets (Teva UK Ltd)","Antipressan 25mg tablets","Tablet","Oral","Atenolol","25.000mg","02040000","0204000E0BEACAG","02040000","Antipressan 25mg tablets",,,,,,,,,,,,,1,,,,1,1,
"451741000033117",4000,"","Diltiazem Hydrochloride  M/R capsules  300 mg","","","","","","","","","",,,,,,,,,,,,,1,,,,1,,
"1511741000033119",4000,"","Verapamil Hydrochloride  M/R capsules  240 mg","","","","","","","","","",1,,,,,1,1,,,,1,"Trandolapril",1,,,,1,,
"3984641000033112",4000,"10241511000001108","Congescor 2.5mg tablets (Tillomed Laboratories Ltd)","Congescor 2.5mg tablets","Tablet","Oral","Bisoprolol fumarate","2.500mg","02040000","0204000H0BKABAJ","02040000","Congescor 2.5mg tablets (Tillomed)",,,,,,,,,,,,,1,,,,1,1,
"4213941000033117",4000,"11961711000001103","Rasilez 300mg tablets (Noden Pharma DAC)","Rasilez 300mg tablets","Tablet","Oral","Aliskiren hemifumarate","300.000mg","02050503","0205053A0BBABAB","02050503","Rasilez 300mg tablets",1,,,,,1,,,1,,1,"Aliskiren",1,,,,1,,
"3924941000033113",4000,"13893411000001108","Furosemide 5mg/5ml oral solution","Furosemide 5mg/5ml oral solution","Oral solution","Oral","Furosemide","1.000mg/1.000ml","02020200","0202020L0AACACA","02020200","Furosemide 5mg/5ml oral solution",,,,,,,,,,,,,1,,,,1,,
"5890441000033116",4000,"13894911000001103","Spironolactone 50mg/5ml oral solution","Spironolactone 50mg/5ml oral solution","Oral solution","Oral","Spironolactone","10.000mg/1.000ml","02020300","0202030S0AACPCP","02020300","Spironolactone 50mg/5ml oral solution",,,,,,,,,,,,,1,,,,1,1,
"66041000033110",4000,"144811000001101","Angiozem CR 120mg tablets (Ashbourne Pharmaceuticals Ltd)","Angiozem CR 120mg tablets","Modified-release tablet","Oral","Diltiazem hydrochloride","120.000mg","02060200","0206020C0BEACAS","02060200","Angiozem CR 120mg tablets",,,,,,,,,,,,,1,,,,1,1,
"5149941000033118",4000,"15507411000001105","Losartan 2.5mg/ml oral suspension sugar free","Losartan 2.5mg/ml oral suspension sugar free","Oral suspension","Oral","Losartan potassium","2.500mg/1.000ml","02050502","0205052N0AAAIAI","02050502","Losartan 2.5mg/ml oral suspension sugar free",1,,,,,1,,1,,,1,"Losartan",1,1,1,1,1,1,
"5891941000033115",4000,"17666011000001106","Adanif XL 30mg tablets (Advanz Pharma)","Adanif XL 30mg tablets","Modified-release tablet","Oral","Nifedipine","30.000mg","02060200","0206020R0CIAAAN","02060200","Adanif XL 30mg tablets",,,,,,,,,,,,,1,,,,1,1,
"8234041000033110",4000,"21705011000001109","Sildenafil 10mg/ml oral suspension sugar free","Sildenafil 10mg/ml oral suspension sugar free","Oral suspension","Oral","Sildenafil citrate","10.000mg/1.000ml","02050100","0205010Y0AAABAB","02050100","Sildenafil 10mg/ml oral suspension sugar free",1,1,,,,,,,,,1,"Sildenafil",1,,,,1,,
"2839941000033114",4000,"2899011000001105","Rapranol SR 80mg capsules (Ranbaxy (UK) Ltd)","Rapranol SR 80mg capsules","Modified-release capsule","Oral","Propranolol hydrochloride","80.000mg","02040000","0204000R0BXAAAA","02040000","Rapranol SR 80mg capsules",,,,,,,,,,,,,1,,,,1,1,
"10741541000033112",4000,"31074911000001100","Intuniv 4mg modified-release tablets (Takeda UK Ltd)","Intuniv 4mg modified-release tablets","Modified-release tablet","Oral","Guanfacine hydrochloride","4.000mg","04040000","0404000V0BBABAB","04040000","Intuniv 4mg modified-release tablets",1,,1,,,,,,,,1,"Guanfacine",,,,,,,
"3162341000033110",4000,"318100006","Triamterene 50mg / Chlortalidone 50mg tablets","Triamterene 50mg / Chlortalidone 50mg tablets","Tablet","Oral","Chlortalidone/ Triamterene","50.000mg + 50.000mg","02020400","","","",,,,,,,,,,,,,1,,,,1,,
"3161341000033118",4000,"318546001","Metoprolol 100mg / Hydrochlorothiazide 12.5mg tablets","Metoprolol 100mg / Hydrochlorothiazide 12.5mg tablets","Tablet","Oral","Hydrochlorothiazide/ Metoprolol tartrate","12.500mg + 100.000mg","02040000","","","",,,,,,,,,,,,,1,,,,1,,
"1602541000033111",4000,"353011000001101","Dilcardia SR 90mg capsules (Viatris UK Healthcare Ltd)","Dilcardia SR 90mg capsules","Modified-release capsule","Oral","Diltiazem hydrochloride","90.000mg","02060200","0206020C0BPAAAT","02060200","Dilcardia SR 90mg capsules",,,,,,,,,,,,,1,,,,1,1,
"972141000033112",4000,"36031811000001107","Nisoldipine 10mg modified-release tablets","Nisoldipine 10mg modified-release tablets","Modified-release tablet","Oral","Nisoldipine","10.000mg","02060200","0206020W0AAAAAA","02060200","Nisoldipine 10mg modified-release tablets",,,,,,,,,,,,,1,,,,1,1,
"3162441000033116",4000,"36061311000001109","Furosemide 20mg / Potassium chloride 750mg (potassium 10mmol) modified-release tablets","Furosemide 20mg / Potassium chloride 750mg (potassium 10mmol) modified-release tablets","Modified-release tablet","Oral","Furosemide/ Potassium chloride","20.000mg + 750.000mg","02020800","0202080K0AAAAAA","02020800","Furosemide 20mg/Pot chlor 750mg (pot 10mmol) MR tab",,,,,,,,,,,,,1,,,,1,,
"3091741000033113",4000,"36061511000001103","Furosemide 50mg/5ml solution for injection ampoules","Furosemide 50mg/5ml solution for injection ampoules","Solution for injection","Intramuscular/ Intravenous","Furosemide","10.000mg/1.000ml","02020200","0202020L0AAABAB","02020200","Furosemide 50mg/5ml solution for injection ampoules",,,,,,,,,,,,,1,,,,1,,
"13344441000033112",4000,"38019311000001102","Lacidipine 6mg tablets","Lacidipine 6mg tablets","Tablet","Oral","Lacidipine","6.000mg","02060200","0206020K0AAAEAE","02060200","Lacidipine 6mg tablets",,,,,,,,,,,,,1,,,,,1,
"438441000033119",4000,"3895211000001109","Dibenyline 10mg capsules (Mercury Pharma Group Ltd)","Dibenyline 10mg capsules","Capsule","Oral","Phenoxybenzamine hydrochloride","10.000mg","02050400","0205040M0BBAAAC","02050400","Dibenyline 10mg capsules",1,,,,1,,,,,,1,"Phenoxybenzamine",1,,,,1,1,
"491641000033116",4000,"3907911000001100","Dytac 50mg capsules (Advanz Pharma)","Dytac 50mg capsules","Capsule","Oral","Triamterene","50.000mg","02020300","0202030W0BBAAAA","02020300","Dytac 50mg capsules",,,,,,,,,,,,,1,,,,1,1,
"742541000033112",4000,"4544011000001109","Hydrosaluric 25mg tablets (Organon Pharma (UK) Ltd)","Hydrosaluric 25mg tablets","Tablet","Oral","Hydrochlorothiazide","25.000mg","02020100","0202010L0BCAAAB","02020100","Hydrosaluric 25mg tablets",,,,,,,,,,,,,1,,,,1,,
"5576541000033113",4000,"5008511000001107","Folpik XL 5mg tablets (Teva UK Ltd)","Folpik XL 5mg tablets","Modified-release tablet","Oral","Felodipine","5.000mg","02060200","0206020F0BGAAAB","02060200","Folpik XL 5mg tablets",,,,,,,,,,,,,1,,,,1,1,
"124241000033112",4000,"549611000001106","Bedranol SR 160mg capsules (Sandoz Ltd)","Bedranol SR 160mg capsules","Modified-release capsule","Oral","Propranolol hydrochloride","160.000mg","02040000","0204000R0BDACAB","02040000","Bedranol SR 160mg capsules (Sandoz)",,,,,,,,,,,,,1,1,1,1,1,1,
"1753041000033113",4000,"630411000001107","Slofedipine XL 60 tablets (Zentiva Pharma UK Ltd)","Slofedipine XL 60 tablets","Modified-release tablet","Oral","Nifedipine","60.000mg","02060200","0206020R0BVACAP","02060200","Slofedipine XL 60 tablets",,,,,,,,,,,,,1,,,,1,1,
"2129041000033118",4000,"740811000001102","Cordilox MR 240mg tablets (Teva UK Ltd)","Cordilox MR 240mg tablets","Modified-release tablet","Oral","Verapamil hydrochloride","240.000mg","02060200","0206020T0BCAFAH","02060200","Cordilox MR 240mg tablets",1,,,,,1,1,,,,1,"Trandolapril",1,,,,1,1,
"2890741000033113",4000,"7418711000001109","Vera-Til SR 240mg tablets (Tillomed Laboratories Ltd)","Vera-Til SR 240mg tablets","Modified-release tablet","Oral","Verapamil hydrochloride","240.000mg","02060200","0206020T0BMABAH","02060200","Vera-Til SR 240mg tablets (Tillomed)",1,,,,,1,1,,,,1,"Trandolapril",1,,,,1,1,
"5992541000033111",4000,"8486911000001103","Enalapril 5mg/5ml oral solution","Enalapril 5mg/5ml oral solution","Oral solution","Oral","Enalapril maleate","1.000mg/1.000ml","02050501","0205051I0AABYBY","02050501","Enalapril 5mg/5ml oral solution",1,,,,,1,1,,,,1,"Enalapril",1,,,,1,1,
"1731741000033111",4000,"855611000001109","Frusol 50mg/5ml oral solution (Rosemont Pharmaceuticals Ltd)","Frusol 50mg/5ml oral solution","Oral solution","Oral","Furosemide","10.000mg/1.000ml","02020200","0202020L0BZACBP","02020200","Frusol 50mg/5ml oral solution",,,,,,,,,,,,,1,,,,1,,
"11641000033111",4000,"86411000001109","Accupro 40mg tablets (Pfizer Ltd)","Accupro 40mg tablets","Tablet","Oral","Quinapril hydrochloride","40.000mg","02050501","0205051Q0BBADAD","02050501","Accupro 40mg tablets",1,,,,,1,1,,,,1,"Quinapril",1,1,1,1,1,1,
"615141000033111",4000,"99311000001108","Frusid 40mg tablets (Dr Reddy's Laboratories (UK) Ltd)","Frusid 40mg tablets","Tablet","Oral","Furosemide","40.000mg","02020200","0202020L0BPAABD","02020200","Frusid 40mg tablets",,,,,,,,,,,,,1,,,,1,,
"769941000033115",3000,"","Indoramin Hydrochloride  Tablets  50 mg","","","","","","","","","",1,,,,1,,,,,,1,"Indoramin",1,,,,1,,
"248041000033113",3000,"","Chlorthalidone  Tablets  100 mg","","","","","","","","","",,,,,,,,,,,,,1,,,,1,,
"1423841000033110",3000,"","Terazosin Hydrochloride  Starter pack  7 x 1 mg, 14 x 2 mg, 7 x 5 mg","","","","","","","","","",1,,,,1,,,,,,1,"Terazosin",1,,,,1,,
"4507941000033117",3000,"12287611000001100","Bisoprolol 2.5mg/5ml oral suspension","Bisoprolol 2.5mg/5ml oral suspension","Oral suspension","Oral","Bisoprolol fumarate","500.000microgram/1.000ml","02040000","0204000H0AABFBF","02040000","Bisoprolol 2.5mg/5ml oral suspension",,,,,,,,,,,,,1,,,,1,1,
"5006341000033113",3000,"15772611000001102","Sevikar 40mg/10mg tablets (Daiichi Sankyo UK Ltd)","Sevikar 40mg/10mg tablets","Tablet","Oral","Amlodipine besilate/ Olmesartan medoxomil","10.000mg + 40.000mg","02050502","0205052ABBBACAC","02050502","Sevikar 40mg/10mg tablets",1,,,,,1,,1,,,1,"Olmesartan",1,1,1,1,1,1,1
"5006241000033115",3000,"15772911000001108","Sevikar 40mg/5mg tablets (Daiichi Sankyo UK Ltd)","Sevikar 40mg/5mg tablets","Tablet","Oral","Amlodipine besilate/ Olmesartan medoxomil","5.000mg + 40.000mg","02050502","0205052ABBBABAB","02050502","Sevikar 40mg/5mg tablets",1,,,,,1,,1,,,1,"Olmesartan",1,1,1,1,1,1,1
"3279241000033117",3000,"20092911000001108","Enalapril 5mg/5ml oral suspension sugar free","Enalapril 5mg/5ml oral suspension sugar free","Oral suspension","Oral","Enalapril maleate","1.000mg/1.000ml","","","","",1,,,,,1,1,,,,1,"Enalapril",1,,,,1,,
"9121841000033115",3000,"24331611000001104","Cardide SR 1.5mg tablets (Teva UK Ltd)","Cardide SR 1.5mg tablets","Modified-release tablet","Oral","Indapamide","1.500mg","02020100","0202010P0BMAAAD","02020100","Cardide SR 1.5mg tablets",,,,,,,,,,,,,1,,,,1,1,
"1893141000033119",3000,"318806002","Co-zidocapt 12.5mg/25mg tablets","Co-zidocapt 12.5mg/25mg tablets","Tablet","Oral","Captopril/ Hydrochlorothiazide","25.000mg + 12.500mg","02050501","","","",1,,,,,1,1,,,,1,"Captopril",1,1,1,1,1,,1
"938141000033112",3000,"318934008","Moexipril 7.5mg tablets","Moexipril 7.5mg tablets","Tablet","Oral","Moexipril hydrochloride","7.500mg","02050501","","","",1,,,,,1,1,,,,1,"Moexipril",1,1,1,1,1,,
"938041000033113",3000,"318935009","Moexipril 15mg tablets","Moexipril 15mg tablets","Tablet","Oral","Moexipril hydrochloride","15.000mg","02050501","","","",1,,,,,1,1,,,,1,"Moexipril",1,1,1,1,1,,
"3161041000033115",3000,"35910011000001105","Bendroflumethiazide 2.5mg / Potassium chloride 573mg (potassium 7.7mmol) modified-release tablets","Bendroflumethiazide 2.5mg / Potassium chloride 573mg (potassium 7.7mmol) modified-release tablets","Modified-release tablet","Oral","Bendroflumethiazide/ Potassium chloride","2.500mg + 573.000mg","02020800","0202080B0AAAAAA","02020800","Bendroflumethiazide 2.5mg/Pot chlor 573mg MR tab",,,,,,,,,,,,,1,,,,1,1,
"261841000033118",3000,"36089511000001100","Clonidine 250microgram modified-release capsules","Clonidine 250microgram modified-release capsules","Modified-release capsule","Oral","Clonidine hydrochloride","250.000microgram","02050200","0205020E0AAAAAA","02050200","Clonidine 250microgram modified-release capsules",1,,1,,,,,,,,1,"Clonidine",1,,,,1,,
"1449841000033111",3000,"3700811000001100","Torem 10mg tablets (Viatris UK Healthcare Ltd)","Torem 10mg tablets","Tablet","Oral","Torasemide","10.000mg","02020200","0202020U0BBACAC","02020200","Torem 10mg tablets",,,,,,,,,,,,,1,,,,1,,
"1504941000033117",3000,"3740211000001108","Vascace 500microgram tablets (Roche Products Ltd)","Vascace 500microgram tablets","Tablet","Oral","Cilazapril monohydrate","500.000microgram","02050501","0205051E0BBABAB","02050501","Vascace 500microgram tablets",1,,,,,1,1,,,,1,"Cilazapril",1,,,,1,1,
"741141000033111",3000,"3902911000001102","Hytrin tablets starter pack (Advanz Pharma)","Hytrin tablets starter pack","Not applicable","Route of administration not applicable","","","02050400","0205040V0BBAEAA","02050400","Hytrin tablets starter pack",1,,,,1,,,,,,1,"Terazosin",1,,,,1,1,
"937341000033111",3000,"4542911000001104","Monozide 10 tablets (Wyeth Pharmaceuticals)","Monozide 10 tablets","Tablet","Oral","Bisoprolol fumarate/ Hydrochlorothiazide","10.000mg + 6.250mg","02040000","020400090BBAAAA","02040000","Monozide 10 tablets",,,,,,,,,,,,,1,,,,1,1,
"5576341000033118",3000,"5008911000001100","Folpik XL 10mg tablets (Teva UK Ltd)","Folpik XL 10mg tablets","Modified-release tablet","Oral","Felodipine","10.000mg","02060200","0206020F0BGABAC","02060200","Folpik XL 10mg tablets",,,,,,,,,,,,,1,,,,1,1,
"3014841000033118",3000,"5651611000001103","Gopten 4mg capsules (Abbott Laboratories Ltd)","Gopten 4mg capsules","Capsule","Oral","Trandolapril","4.000mg","02050501","0205051U0BBADAF","02050501","Gopten 4mg capsules",1,,,,,1,1,,,,1,"Trandolapril",1,,,,1,1,
"92441000033119",3000,"629011000001109","Atenix Co 50 tablets (Ashbourne Pharmaceuticals Ltd)","Atenix Co 50 tablets","Tablet","Oral","Atenolol/ Chlortalidone","50.000mg + 12.500mg","02040000","020400040BDAAAA","02040000","Atenix Co 50 tablets",,,,,,,,,,,,,1,1,1,1,1,1,
"1753841000033118",3000,"680811000001102","Tanatril 10mg tablets (Northumbria Pharma Ltd)","Tanatril 10mg tablets","Tablet","Oral","Imidapril hydrochloride","10.000mg","02050501","0205051W0BBAAAA","02050501","Tanatril 10mg tablets",1,,,,,1,1,,,,1,"Imidapril",1,1,1,1,1,1,
"1609041000033112",3000,"690511000001101","Eucardic 6.25mg tablets (Roche Products Ltd)","Eucardic 6.25mg tablets","Tablet","Oral","Carvedilol","6.250mg","02040000","020400080BBADAF","02040000","Eucardic 6.25mg tablets",,,,,,,,,,,,,1,,,,1,,
"5132041000033112",3000,"8348611000001106","Captopril 25mg/5ml oral suspension","Captopril 25mg/5ml oral suspension","Oral suspension","Oral","Captopril","5.000mg/1.000ml","02050501","0205051F0AABWBW","02050501","Captopril 25mg/5ml oral liquid",1,,,,,1,1,,,,1,"Captopril",1,,,,1,1,
"6001041000033115",3000,"8351611000001101","Captopril 5mg/5ml oral solution","Captopril 5mg/5ml oral solution","Oral solution","Oral","Captopril","1.000mg/1.000ml","02050501","0205051F0AABNBN","02050501","Captopril 5mg/5ml oral liquid",1,,,,,1,1,,,,1,"Captopril",1,,,,1,1,
"5288741000033116",3000,"8356811000001107","Carvedilol 5mg/5ml oral suspension","Carvedilol 5mg/5ml oral suspension","Oral suspension","Oral","Carvedilol","1.000mg/1.000ml","02040000","020400080AAAPAP","02040000","Carvedilol 5mg/5ml oral suspension",,,,,,,,,,,,,1,,,,1,,
"5900141000033118",3000,"8398511000001100","Clonidine 50micrograms/5ml oral solution","Clonidine 50micrograms/5ml oral solution","Oral solution","Oral","Clonidine hydrochloride","10.000microgram/1.000ml","04070402","0407042F0AAAFAF","04070402","Clonidine 50micrograms/5ml oral liquid",1,,1,,,,,,,,1,"Clonidine",1,,,,1,,
"1608941000033115",3000,"873111000001104","Eucardic 3.125mg tablets (Roche Products Ltd)","Eucardic 3.125mg tablets","Tablet","Oral","Carvedilol","3.125mg","02040000","020400080BBACAE","02040000","Eucardic 3.125mg tablets",,,,,,,,,,,,,1,,,,1,,
"351941000033111",3000,"8792311000001109","Co-amilozide 5mg/50mg/5ml oral solution","Co-amilozide 5mg/50mg/5ml oral solution","Oral solution","Oral","Amiloride hydrochloride/ Hydrochlorothiazide","1.000mg/1.000ml + 10.000mg/1.000ml","02020400","0202040C0AAACAC","02020400","Co-amilozide 5mg/50mg/5ml oral solution",,,,,,,,,,,,,1,,,,1,1,
"811841000033111",3000,"9611000001104","Lasix 20mg/2ml solution for injection ampoules (Sanofi)","Lasix 20mg/2ml solution for injection ampoules","Solution for injection","Intravenous/ Intramuscular","Furosemide","10.000mg/1.000ml","02020200","0202020L0BGABAA","02020200","Lasix 20mg/2ml solution for injection ampoules",,,,,,,,,,,,,1,,,,1,,
"784941000033117",2000,"","Ismelin  Tablets  25 mg","","","","","","","","","",1,,,1,,,,,,,1,"Guanethidine",,,,,,,
"898341000033114",2000,"","Metolazone  Tablets  500 micrograms","","","","","","","","","",,,,,,,,,,,,,1,,,,1,,
"524241000033115",2000,"","Enalapril Maleate  Wafers  5 mg","","","","","","","","","",1,,,,,1,1,,,,1,"Enalapril",1,,,,1,,
"2776441000033110",2000,"","Clonidine Hydrochloride  Transdermal patches (7 days)  2.5 mg (0.1mg/24 hours)","","","","","","","","","",1,,1,,,,,,,,1,"Clonidine",1,,,,1,,
"258341000033113",2000,"","Cilazapril  Tablets  250 micrograms","","","","","","","","","",1,,,,,1,1,,,,1,"Cilazapril",1,,,,1,,
"248141000033112",2000,"","Chlorthalidone  Tablets  25 mg","","","","","","","","","",,,,,,,,,,,,,1,,,,1,,
"177641000033119",2000,"","Catapres Perlongets  M/R capsules  250 micrograms","","","","","","","","","",1,,1,,,,,,,,1,"Clonidine",,,,,,,
"1128141000033112",2000,"","Prazosin Hydrochloride  Starter pack  ","","","","","","","","","",1,,,,1,,,,,,1,"Prazosin",1,,,,1,,
"3909241000033111",2000,"10261811000001100","Olmetec Plus 20mg/25mg tablets (Daiichi Sankyo UK Ltd)","Olmetec Plus 20mg/25mg tablets","Tablet","Oral","Hydrochlorothiazide/ Olmesartan medoxomil","25.000mg + 20.000mg","02050502","0205052Y0BBABAB","02050502","Olmetec Plus 20mg/25mg tablets",1,,,,,1,,1,,,1,"Olmesartan",1,1,1,1,1,1,1
"2675641000033113",2000,"108711000001107","Disogram SR 240mg capsules (Ranbaxy (UK) Ltd)","Disogram SR 240mg capsules","Modified-release capsule","Oral","Diltiazem hydrochloride","240.000mg","02060200","0206020C0BWACAW","02060200","Disogram SR 240mg capsules",,,,,,,,,,,,,1,,,,1,1,
"2675041000033119",2000,"116711000001106","Disogram SR 120mg capsules (Ranbaxy (UK) Ltd)","Disogram SR 120mg capsules","Modified-release capsule","Oral","Diltiazem hydrochloride","120.000mg","02060200","0206020C0BWAAAU","02060200","Disogram SR 120mg capsules",,,,,,,,,,,,,1,,,,1,1,
"5991141000033110",2000,"12503011000001109","Chlorothiazide 250mg/5ml oral solution","Chlorothiazide 250mg/5ml oral solution","Oral solution","Oral","Chlorothiazide","50.000mg/1.000ml","02020100","0202010D0AABCBC","02020100","Chlorothiazide 250mg/5ml oral solution",,,,,,,,,,,,,1,,,,1,1,
"5576441000033112",2000,"13565311000001101","Folpik XL 2.5mg tablets (Teva UK Ltd)","Folpik XL 2.5mg tablets","Modified-release tablet","Oral","Felodipine","2.500mg","02060200","0206020F0BGACAD","02060200","Folpik XL 2.5mg tablets (Teva)",,,,,,,,,,,,,1,,,,1,1,
"5999241000033116",2000,"13894711000001100","Spironolactone 10mg/5ml oral solution","Spironolactone 10mg/5ml oral solution","Oral solution","Oral","Spironolactone","2.000mg/1.000ml","02020300","0202030S0AACQCQ","02020300","Spironolactone 10mg/5ml oral solution",,,,,,,,,,,,,1,,,,1,1,
"5890141000033112",2000,"13894811000001108","Spironolactone 25mg/5ml oral solution","Spironolactone 25mg/5ml oral solution","Oral solution","Oral","Spironolactone","5.000mg/1.000ml","02020300","0202030S0AAEFEF","02020300","Spironolactone 25mg/5ml oral solution",,,,,,,,,,,,,1,,,,1,1,
"5999341000033114",2000,"13895011000001103","Spironolactone 5mg/5ml oral solution","Spironolactone 5mg/5ml oral solution","Oral solution","Oral","Spironolactone","1.000mg/1.000ml","02020300","0202030S0AACMCM","02020300","Spironolactone 5mg/5ml oral solution",,,,,,,,,,,,,1,,,,1,1,
"5053141000033113",2000,"15436111000001104","Indipam XL 1.5mg tablets (Accord Healthcare Ltd)","Indipam XL 1.5mg tablets","Modified-release tablet","Oral","Indapamide","1.500mg","02020100","0202010P0BJAAAD","02020100","Indipam XL 1.5mg tablets",,,,,,,,,,,,,1,,,,1,1,
"5566441000033117",2000,"17220911000001102","Olmetec Plus 40mg/12.5mg tablets (Daiichi Sankyo UK Ltd)","Olmetec Plus 40mg/12.5mg tablets","Tablet","Oral","Hydrochlorothiazide/ Olmesartan medoxomil","12.500mg + 40.000mg","02050502","0205052Y0BBACAC","02050502","Olmetec Plus 40mg/12.5mg tablets",1,,,,,1,,1,,,1,"Olmesartan",1,,,,1,1,1
"5892041000033114",2000,"17666211000001101","Adanif XL 60mg tablets (Advanz Pharma)","Adanif XL 60mg tablets","Modified-release tablet","Oral","Nifedipine","60.000mg","02060200","0206020R0CIABAP","02060200","Adanif XL 60mg tablets",,,,,,,,,,,,,1,,,,1,1,
"6180941000033117",2000,"18987311000001103","Sevikar HCT 40mg/5mg/25mg tablets (Daiichi Sankyo UK Ltd)","Sevikar HCT 40mg/5mg/25mg tablets","Tablet","Oral","Amlodipine besilate/ Hydrochlorothiazide/ Olmesartan medoxomil","5.000mg + 25.000mg + 40.000mg","02050502","0205052ACBBADAD","02050502","Sevikar HCT 40mg/5mg/25mg tablets",1,,,,,1,,1,,,1,"Olmesartan",1,1,1,1,1,1,1
"7740641000033112",2000,"20478011000001105","Amlodipine 10mg/5ml oral solution","Amlodipine 10mg/5ml oral solution","Oral solution","Oral","Amlodipine","2.000mg/1.000ml","02060200","0206020A0AAADAD","02060200","Amlodipine 10mg/5ml oral liquid",,,,,,,,,,,,,1,,,,1,1,
"8504341000033114",2000,"22648811000001107","Sildenafil 100mg chewable tablets sugar free","Sildenafil 100mg chewable tablets sugar free","Chewable tablet","Oral","Sildenafil citrate","100.000mg","07040500","0704050Z0AAAPAP","07040500","Sildenafil 100mg chewable tablets sugar free",1,1,,,,,,,,,1,"Sildenafil",,,,,,,
"8504241000033116",2000,"22649011000001106","Sildenafil 50mg chewable tablets sugar free","Sildenafil 50mg chewable tablets sugar free","Chewable tablet","Oral","Sildenafil citrate","50.000mg","07040500","0704050Z0AAANAN","07040500","Sildenafil 50mg chewable tablets sugar free",1,1,,,,,,,,,1,"Sildenafil",,,,,,,
"9105441000033110",2000,"23985211000001103","Perindopril erbumine 8mg / Amlodipine 5mg tablets","Perindopril erbumine 8mg / Amlodipine 5mg tablets","Tablet","Oral","Amlodipine besilate/ Perindopril erbumine","5.000mg + 8.000mg","02050501","0205051ACAAADAD","02050501","Perindopril erbumine 8mg / Amlodipine 5mg tablets",1,,,,,1,1,,,,1,"Perindopril",1,,,,1,1,1
"9121541000033117",2000,"24221811000001105","Parmid XL 2.5mg tablets (Sandoz Ltd)","Parmid XL 2.5mg tablets","Modified-release tablet","Oral","Felodipine","2.500mg","02060200","0206020F0BJACAD","02060200","Parmid XL 2.5mg tablets",,,,,,,,,,,,,1,,,,1,1,
"2674941000033119",2000,"256611000001109","Disogram SR 90mg capsules (Ranbaxy (UK) Ltd)","Disogram SR 90mg capsules","Modified-release capsule","Oral","Diltiazem hydrochloride","90.000mg","02060200","0206020C0BWAFAT","02060200","Disogram SR 90mg capsules",,,,,,,,,,,,,1,,,,1,1,
"2839841000033118",2000,"2899211000001100","Rapranol SR 160mg capsules (Ranbaxy (UK) Ltd)","Rapranol SR 160mg capsules","Modified-release capsule","Oral","Propranolol hydrochloride","160.000mg","02040000","0204000R0BXABAB","02040000","Rapranol SR 160mg capsules",,,,,,,,,,,,,1,,,,1,1,
"1425541000033114",2000,"298311000001107","Tenchlor 100mg/25mg tablets (Teva UK Ltd)","Tenchlor 100mg/25mg tablets","Tablet","Oral","Atenolol/ Chlortalidone","100.000mg + 25.000mg","02040000","020400040BEABAB","02040000","Tenchlor 100mg/25mg tablets",,,,,,,,,,,,,1,,,,1,1,
"2724641000033119",2000,"3042211000001107","Tritace titration pack capsules (Sanofi)","Tritace titration pack capsules","Not applicable","","","","02050501","0205051R0BBAEAI","02050501","Tritace titration pack capsules",1,,,,,1,1,,,,1,"Ramipril",1,1,1,1,1,1,
"1611441000033117",2000,"331311000001103","Froop Co 5mg/40mg tablets (Ashbourne Pharmaceuticals Ltd)","Froop Co 5mg/40mg tablets","Tablet","Oral","Amiloride hydrochloride/ Furosemide","5.000mg + 40.000mg","02020400","0202040B0BGAAAA","02020400","Froop Co 5mg/40mg tablets",,,,,,,,,,,,,1,,,,1,1,
"89541000033111",2000,"35903411000001106","Atenolol 5mg/10ml solution for injection ampoules","Atenolol 5mg/10ml solution for injection ampoules","Solution for injection","Intravenous","Atenolol","500.000microgram/1.000ml","02040000","0204000E0AAADAD","02040000","Atenolol 5mg/10ml solution for injection ampoules",,,,,,,,,,,,,1,,,,1,1,
"972241000033117",2000,"36031911000001102","Nisoldipine 20mg modified-release tablets","Nisoldipine 20mg modified-release tablets","Modified-release tablet","Oral","Nisoldipine","20.000mg","02060200","0206020W0AAABAB","02060200","Nisoldipine 20mg modified-release tablets",,,,,,,,,,,,,1,,,,1,1,
"275641000033110",2000,"36089211000001103","Clonidine 150micrograms/1ml solution for injection ampoules","Clonidine 150micrograms/1ml solution for injection ampoules","Solution for injection","Intravenous","Clonidine hydrochloride","150.000microgram/1.000ml","02050200","0205020E0AAABAB","02050200","Clonidine 150micrograms/1ml solution for injection ampoules",1,,1,,,,,,,,1,"Clonidine",1,,,,1,,
"850441000033112",2000,"3666711000001100","Loniten 10mg tablets (Pfizer Ltd)","Loniten 10mg tablets","Tablet","Oral","Minoxidil","10.000mg","02050100","0205010N0BBACAC","02050100","Loniten 10mg tablets",1,1,,,,,,,,,1,"Minoxidil",1,,,,1,1,
"215441000033118",2000,"368711000001103","Catapres 300microgram tablets (Boehringer Ingelheim Ltd)","Catapres 300microgram tablets","Tablet","Oral","Clonidine hydrochloride","300.000microgram","02050200","0205020E0BBABAD","02050200","Catapres 300microgram tablets",1,,1,,,,,,,,1,"Clonidine",1,,,,1,1,
"1449941000033115",2000,"3699711000001107","Torem 2.5mg tablets (Viatris UK Healthcare Ltd)","Torem 2.5mg tablets","Tablet","Oral","Torasemide","2.500mg","02020200","0202020U0BBAAAA","02020200","Torem 2.5mg tablets",,,,,,,,,,,,,1,,,,1,,
"803641000033114",2000,"3799411000001109","Kerlone 20mg tablets (Sanofi-Synthelabo Ltd)","Kerlone 20mg tablets","Tablet","Oral","Betaxolol hydrochloride","20.000mg","02040000","0204000G0BBAAAA","02040000","Kerlone 20mg tablets",,,,,,,,,,,,,1,,,,,1,
"1525141000033111",2000,"3887411000001101","Visken 15mg tablets (Advanz Pharma)","Visken 15mg tablets","Tablet","Oral","Pindolol","15.000mg","02040000","0204000P0BBABAB","02040000","Visken 15mg tablets",,,,,,,,,,,,,1,1,1,1,1,1,
"741041000033112",2000,"3957811000001100","Hytrin BPH tablets starter pack (Advanz Pharma)","Hytrin BPH tablets starter pack","Not applicable","","","","07040100","0704010T0BBAEAE","07040100","Hytrin BPH tablets starter pack",1,,,,1,,,,,,1,"Terazosin",,,,,,,
"1425441000033113",2000,"439411000001104","Tenchlor 50mg/12.5mg tablets (Teva UK Ltd)","Tenchlor 50mg/12.5mg tablets","Tablet","Oral","Atenolol/ Chlortalidone","50.000mg + 12.500mg","02040000","020400040BEAAAA","02040000","Tenchlor 50mg/12.5mg tablets",,,,,,,,,,,,,1,,,,1,1,1
"742641000033113",2000,"4546211000001109","Hydrosaluric 50mg tablets (Organon Pharma (UK) Ltd)","Hydrosaluric 50mg tablets","Tablet","Oral","Hydrochlorothiazide","50.000mg","02020100","0202010L0BCABAC","02020100","Hydrosaluric 50mg tablets",,,,,,,,,,,,,1,,,,1,,
"1661641000033116",2000,"527711000001108","Optil 60mg modified-release tablets (Opus Pharmaceuticals Ltd)","Optil 60mg modified-release tablets","Modified-release tablet","Oral","Diltiazem hydrochloride","60.000mg","02060200","0206020C0BQAAAA","02060200","Optil 60mg modified-release tablets",,,,,,,,,,,,,1,,,,1,1,
"2779141000033112",2000,"540011000001107","Bi-Carzem SR 60mg capsules (Tillomed Laboratories Ltd)","Bi-Carzem SR 60mg capsules","Modified-release capsule","Oral","Diltiazem hydrochloride","60.000mg","02060200","0206020C0BRAAAJ","02060200","Bi-Carzem SR 60mg capsules",,,,,,,,,,,,,1,,,,1,1,
"738141000033119",2000,"677411000001108","Hypolar Retard 20 tablets (Sandoz Ltd)","Hypolar Retard 20 tablets","Modified-release tablet","Oral","Nifedipine","20.000mg","02060200","0206020R0BQAAAR","02060200","Hypolar Retard 20 tablets",,,,,,,,,,,,,1,,,,1,1,
"2955041000033115",2000,"693311000001101","Valni 20 Retard tablets (Tillomed Laboratories Ltd)","Valni 20 Retard tablets","Modified-release tablet","Oral","Nifedipine","20.000mg","02060200","0206020R0CFAAAR","02060200","Valni 20 Retard tablets",,,,,,,,,,,,,1,,,,1,1,
"812041000033114",2000,"701111000001105","Lasix 5mg/5ml oral solution (Borg Medicare)","Lasix 5mg/5ml oral solution","Oral solution","Oral","Furosemide","1.000mg/1.000ml","02020200","0202020L0BGAAAT","02020200","Lasix 5mg/5ml oral solution",,,,,,,,,,,,,1,,,,1,,
"1602341000033116",2000,"723811000001107","Dilcardia SR 120mg capsules (Viatris UK Healthcare Ltd)","Dilcardia SR 120mg capsules","Modified-release capsule","Oral","Diltiazem hydrochloride","120.000mg","02060200","0206020C0BPABAU","02060200","Dilcardia SR 120mg capsules",,,,,,,,,,,,,1,,,,1,1,
"1753941000033114",2000,"797911000001103","Tanatril 5mg tablets (Northumbria Pharma Ltd)","Tanatril 5mg tablets","Tablet","Oral","Imidapril hydrochloride","5.000mg","02050501","0205051W0BBABAB","02050501","Tanatril 5mg tablets",1,,,,,1,1,,,,1,"Imidapril",1,1,1,1,1,1,
"5898241000033115",2000,"8304911000001103","Bisoprolol 5mg/5ml oral solution","Bisoprolol 5mg/5ml oral solution","Oral solution","Oral","Bisoprolol fumarate","1.000mg/1.000ml","02040000","0204000H0AABGBG","02040000","Bisoprolol 5mg/5ml oral solution",,,,,,,,,,,,,1,,,,1,1,
"5898041000033111",2000,"8305311000001100","Bisoprolol 1.25mg/5ml oral solution","Bisoprolol 1.25mg/5ml oral solution","Oral solution","Oral","Bisoprolol fumarate","250.000microgram/1.000ml","02040000","0204000H0AABJBJ","02040000","Bisoprolol 1.25mg/5ml oral solution",,,,,,,,,,,,,1,,,,1,1,
"2623841000033114",2000,"8453311000001103","Diazoxide 250mg/5ml oral suspension","Diazoxide 250mg/5ml oral suspension","Oral suspension","Oral","Diazoxide","50.000mg/1.000ml","06010400","0601040E0AABHBH","06010400","Diazoxide 250mg/5ml oral suspension",1,1,,,,,,,,,1,"Diazoxide",1,,,,1,,
"3199141000033117",2000,"8479811000001106","Inspra 50mg tablets (Viatris UK Healthcare Ltd)","Inspra 50mg tablets","Tablet","Oral","Eplerenone","50.000mg","02020300","0202030X0BBABAB","02020300","Inspra 50mg tablets",,,,,,,,,,,,,1,,,,1,1,
"4432941000033119",2000,"8483411000001101","Doxazosin 1mg/5ml oral suspension","Doxazosin 1mg/5ml oral suspension","Oral suspension","Oral","Doxazosin mesilate","200.000microgram/1.000ml","02050400","0205040D0AABABA","02050400","Doxazosin 1mg/5ml oral suspension",1,,,,1,,,,,,1,"Doxazosin",1,,,,1,1,
"2011541000033114",2000,"8727611000001105","Spironolactone 100mg/5ml oral suspension","Spironolactone 100mg/5ml oral suspension","Oral suspension","Oral","Spironolactone","20.000mg/1.000ml","02020300","0202030S0AAEEEE","02020300","Spironolactone 100mg/5ml oral suspension",,,,,,,,,,,,,1,,,,1,1,
"2639341000033117",2000,"9096811000001100","Nifedipine 20mg/ml oral drops","Nifedipine 20mg/ml oral drops","Oral drops","Oral","Nifedipine","20.000mg/1.000ml","02060200","0206020R0AAASAS","02060200","Nifedipine 20mg/ml oral drops",,,,,,,,,,,,,1,,,,1,1,
"655541000033113",1000,"","Guanethidine Monosulfate  Tablets  10 mg","","","","","","","","","",1,,,1,,,,,,,1,"Guanethidine",,,,,,,
"4153041000033114",1000,"","Perindopril  Oral suspension  8 mg/5 ml","","","","","","","","","",1,,,,,1,1,,,,1,"Perindopril",1,,,,1,,
"116841000033111",1000,"","Baratol  Tablets  50 mg","","","","","","","","","",1,,,,1,,,,,,1,"Indoramin",,,,,,,
"745941000033111",1000,"","Hypovase Starter Pack  Tablets  ","","","","","","","","","",1,,,,1,,,,,,1,"Prazosin",,,,,,,
"743941000033112",1000,"","Hytrin Bph  Tablets  10 mg","","","","","","","","","",1,,,,1,,,,,,1,"Terazosin",,,,,,,
"3984541000033111",1000,"10241311000001102","Congescor 1.25mg tablets (Tillomed Laboratories Ltd)","Congescor 1.25mg tablets","Tablet","Oral","Bisoprolol fumarate","1.250mg","02040000","0204000H0BKAAAM","02040000","Congescor 1.25mg tablets (Tillomed)",,,,,,,,,,,,,1,,,,1,1,
"7754941000033110",1000,"1137333005","Azilsartan medoxomil 40mg tablets","Azilsartan medoxomil 40mg tablets","Tablet","Oral","Azilsartan medoxomil potassium","40.000mg","02050502","","","",1,,,,,1,,1,,,1,"Azilsartan",1,1,1,1,1,,
"4521541000033113",1000,"11493211000001105","Neofel XL 2.5mg tablets (Kent Pharma (UK) Ltd)","Neofel XL 2.5mg tablets","Modified-release tablet","Oral","Felodipine","2.500mg","02060200","0206020F0BLACAD","02060200","Neofel XL 2.5mg tablets (Kent Pharm)",,,,,,,,,,,,,1,,,,1,1,
"3924141000033111",1000,"12502311000001102","Chlorothiazide 200mg/5ml oral suspension","Chlorothiazide 200mg/5ml oral suspension","Oral suspension","Oral","Chlorothiazide","40.000mg/1.000ml","02020100","0202010D0AADGDG","02020100","Chlorothiazide 200mg/5ml oral suspension",,,,,,,,,,,,,1,,,,1,1,
"12090641000033119",1000,"13600911000001104","Tritace titration pack tablets (Sanofi)","Tritace titration pack tablets","Not applicable","","","","02050501","0205051R0BBAJAU","02050501","Tritace titration pack tablets",1,,,,,1,1,,,,1,"Ramipril",1,,,,,1,
"4548841000033118",1000,"13719711000001103","MicardisPlus 80mg/25mg tablets (Boehringer Ingelheim Ltd)","MicardisPlus 80mg/25mg tablets","Tablet","Oral","Hydrochlorothiazide/ Telmisartan","25.000mg + 80.000mg","02050502","0205052R0BBACAC","02050502","MicardisPlus 80mg/25mg tablets",1,,,,,1,,1,,,1,"Telmisartan",1,,,,1,1,1
"3924341000033114",1000,"14058111000001103","Sildenafil 25mg/5ml oral suspension","Sildenafil 25mg/5ml oral suspension","Oral suspension","Oral","Sildenafil citrate","5.000mg/1.000ml","07040500","0704050Z0AAALAL","07040500","Sildenafil 25mg/5ml oral suspension",1,1,,,,,,,,,1,"Sildenafil",1,,,,1,,
"5971941000033118",1000,"14159411000001106","Losartan 50mg/5ml oral solution","Losartan 50mg/5ml oral solution","Oral solution","Oral","Losartan potassium","10.000mg/1.000ml","02050502","0205052N0AAAEAE","02050502","Losartan 50mg/5ml oral solution",1,,,,,1,,1,,,1,"Losartan",1,,,,1,1,
"5972041000033112",1000,"14159511000001105","Losartan 50mg/5ml oral suspension","Losartan 50mg/5ml oral suspension","Oral suspension","Oral","Losartan potassium","10.000mg/1.000ml","02050502","0205052N0AAAJAJ","02050502","Losartan 50mg/5ml oral suspension",1,,,,,1,,1,,,1,"Losartan",1,,,,1,1,
"5328841000033110",1000,"15452511000001106","Sildenafil 10mg/5ml oral suspension","Sildenafil 10mg/5ml oral suspension","Oral suspension","Oral","Sildenafil citrate","2.000mg/1.000ml","07040500","0704050Z0AAAKAK","07040500","Sildenafil 10mg/5ml oral suspension",1,1,,,,,,,,,1,"Sildenafil",1,,,,1,,
"5809641000033111",1000,"17338211000001104","Larbex XL 4mg tablets (Teva UK Ltd)","Larbex XL 4mg tablets","Modified-release tablet","Oral","Doxazosin mesilate","4.000mg","02050400","0205040D0BJAAAQ","02050400","Larbex XL 4mg tablets",1,,,,1,,,,,,1,"Doxazosin",1,,,,1,1,
"2760141000033114",1000,"179311000001107","Cascor 4mg tablets (Ranbaxy (UK) Ltd)","Cascor 4mg tablets","Tablet","Oral","Doxazosin mesilate","4.000mg","02050400","0205040D0BCABAC","02050400","Cascor 4mg tablets",1,,,,1,,,,,,1,"Doxazosin",1,,,,1,1,
"10495841000033113",1000,"20456111000001105","Trimetazidine 35mg modified-release tablets","Trimetazidine 35mg modified-release tablets","Modified-release tablet","Oral","Trimetazidine dihydrochloride","35.000mg","02060200","0206020B0AAABAB","02060200","Trimetazidine 35mg modified-release tablets",,,,,,,,,,,,,1,,,,1,1,
"8263541000033111",1000,"21939811000001102","Perindopril tosilate 10mg tablets","Perindopril tosilate 10mg tablets","Tablet","Oral","Perindopril tosilate","10.000mg","02050501","0205051AAAAACAC","02050501","Perindopril tosilate 10mg tablets",1,,,,,1,1,,,,1,"Perindopril",1,,,,1,1,
"8263641000033112",1000,"21940011000001101","Perindopril tosilate 5mg / Indapamide 1.25mg tablets","Perindopril tosilate 5mg / Indapamide 1.25mg tablets","Tablet","Oral","Indapamide/ Perindopril tosilate","1.250mg + 5.000mg","02050501","0205051ABAAAAAA","02050501","Perindopril tosilate 5mg / Indapamide 1.25mg tablets",1,,,,,1,1,,,,1,"Perindopril",1,,,,1,1,1
"8870641000033119",1000,"23466611000001105","Doxazosin 4mg/5ml oral solution","Doxazosin 4mg/5ml oral solution","Oral solution","Oral","Doxazosin mesilate","800.000microgram/1.000ml","02050400","0205040D0AAAXAX","02050400","Doxazosin 4mg/5ml oral solution",1,,,,1,,,,,,1,"Doxazosin",1,,,,1,1,
"9105241000033114",1000,"23985011000001108","Perindopril erbumine 4mg / Amlodipine 5mg tablets","Perindopril erbumine 4mg / Amlodipine 5mg tablets","Tablet","Oral","Amlodipine besilate/ Perindopril erbumine","5.000mg + 4.000mg","02050501","0205051ACAAAAAA","02050501","Perindopril erbumine 4mg / Amlodipine 5mg tablets",1,,,,,1,1,,,,1,"Perindopril",1,,,,1,1,1
"9105541000033111",1000,"23985111000001109","Perindopril erbumine 8mg / Amlodipine 10mg tablets","Perindopril erbumine 8mg / Amlodipine 10mg tablets","Tablet","Oral","Amlodipine besilate/ Perindopril erbumine","10.000mg + 8.000mg","02050501","0205051ACAAACAC","02050501","Perindopril erbumine 8mg / Amlodipine 10mg tablets",1,,,,,1,1,,,,1,"Perindopril",1,,,,1,1,1
"2267441000033110",1000,"295911000001102","Syprol 5mg/5ml oral solution (Rosemont Pharmaceuticals Ltd)","Syprol 5mg/5ml oral solution","Oral solution","Oral","Propranolol hydrochloride","1.000mg/1.000ml","02040000","0204000R0BVAACW","02040000","Syprol 5mg/5ml oral solution",,,,,,,,,,,,,1,1,1,1,1,1,
"3161941000033119",1000,"318098006","Triamterene 50mg / Benzthiazide 25mg capsules","Triamterene 50mg / Benzthiazide 25mg capsules","Capsule","Oral","Benzthiazide/ Triamterene","25.000mg + 50.000mg","02020400","","","",,,,,,,,,,,,,1,,,,1,,
"1374541000033116",1000,"3411000001104","Spirospare 100 tablets (Ashbourne Pharmaceuticals Ltd)","Spirospare 100 tablets","Tablet","Oral","Spironolactone","100.000mg","02020300","0202030S0BJACAV","02020300","Spirospare 100 tablets",,,,,,,,,,,,,1,,,,1,1,
"12372341000033117",1000,"34685211000001104","Nidef 30mg modified-release tablets (Morningside Healthcare Ltd)","Nidef 30mg modified-release tablets","Modified-release tablet","Oral","Nifedipine","30.000mg","02060200","0206020R0CJAAAN","02060200","Nidef 30mg modified-release tablets",,,,,,,,,,,,,1,,,,1,1,
"12372441000033111",1000,"34685811000001103","Nidef 60mg modified-release tablets (Morningside Healthcare Ltd)","Nidef 60mg modified-release tablets","Modified-release tablet","Oral","Nifedipine","60.000mg","02060200","0206020R0CJABAP","02060200","Nidef 60mg modified-release tablets",,,,,,,,,,,,,1,,,,1,1,
"2676041000033111",1000,"34711000001104","Disogram SR 300mg capsules (Ranbaxy (UK) Ltd)","Disogram SR 300mg capsules","Modified-release capsule","Oral","Diltiazem hydrochloride","300.000mg","02060200","0206020C0BWADAE","02060200","Disogram SR 300mg capsules",,,,,,,,,,,,,1,,,,1,1,
"850641000033114",1000,"3666411000001106","Loniten 5mg tablets (Pfizer Ltd)","Loniten 5mg tablets","Tablet","Oral","Minoxidil","5.000mg","02050100","0205010N0BBABAB","02050100","Loniten 5mg tablets",1,1,,,,,,,,,1,"Minoxidil",1,,,,1,1,
"850541000033113",1000,"3667011000001104","Loniten 2.5mg tablets (Pfizer Ltd)","Loniten 2.5mg tablets","Tablet","Oral","Minoxidil","2.500mg","02050100","0205010N0BBAAAA","02050100","Loniten 2.5mg tablets",1,1,,,,,,,,,1,"Minoxidil",1,,,,1,1,
"143941000033116",1000,"447111000001104","Beta-Cardone 200mg tablets (Advanz Pharma)","Beta-Cardone 200mg tablets","Tablet","Oral","Sotalol hydrochloride","200.000mg","02040000","0204000T0BBACAF","02040000","Beta-Cardone 200mg tablets",,,,,,,,,,,,,1,1,1,1,1,,
"2674841000033110",1000,"469811000001106","Disogram SR 60mg capsules (Ranbaxy (UK) Ltd)","Disogram SR 60mg capsules","Modified-release capsule","Oral","Diltiazem hydrochloride","60.000mg","02060200","0206020C0BWAEAJ","02060200","Disogram SR 60mg capsules",,,,,,,,,,,,,1,,,,1,1,
"10617641000033119",1000,"5049911000001102","Phentolamine 2mg/0.35ml / Aviptadil 25micrograms/0.35ml solution for injection ampoules","Phentolamine 2mg/0.35ml / Aviptadil 25micrograms/0.35ml solution for injection ampoules","Solution for injection","Intracavernous","Aviptadil/ Phentolamine mesilate","71.430microgram/1.000ml + 5.710mg/1.000ml","07040500","0704050ADAAAAAA","07040500","Phentolamine 2mg/0.35ml / Aviptadil 25microg/0.35ml inj amp",1,,,,1,,,,,,1,"Phentolamine",,,,,,,
"2145741000033116",1000,"533511000001106","Tanatril 20mg tablets (Northumbria Pharma Ltd)","Tanatril 20mg tablets","Tablet","Oral","Imidapril hydrochloride","20.000mg","02050501","0205051W0BBACAC","02050501","Tanatril 20mg tablets",1,,,,,1,1,,,,1,"Imidapril",1,1,1,1,1,1,
"2779341000033110",1000,"580711000001101","Bi-Carzem SR 120mg capsules (Tillomed Laboratories Ltd)","Bi-Carzem SR 120mg capsules","Modified-release capsule","Oral","Diltiazem hydrochloride","120.000mg","02060200","0206020C0BRACAU","02060200","Bi-Carzem SR 120mg capsules",,,,,,,,,,,,,1,,,,1,1,
"2675341000033117",1000,"713411000001103","Disogram SR 180mg capsules (Ranbaxy (UK) Ltd)","Disogram SR 180mg capsules","Modified-release capsule","Oral","Diltiazem hydrochloride","180.000mg","02060200","0206020C0BWABAV","02060200","Disogram SR 180mg capsules",,,,,,,,,,,,,1,,,,1,1,
"816541000033117",1000,"829911000001102","Lasix 500mg tablets (Sanofi)","Lasix 500mg tablets","Tablet","Oral","Furosemide","500.000mg","02020200","0202020L0BGAIBI","02020200","Lasix 500mg tablets",,,,,,,,,,,,,1,,,,1,,
"3851341000033117",1000,"8350511000001107","Captopril 3mg/5ml oral solution","Captopril 3mg/5ml oral solution","Oral solution","Oral","Captopril","600.000microgram/1.000ml","02050501","0205051F0AACDCD","02050501","Captopril 3mg/5ml oral liquid",1,,,,,1,1,,,,1,"Captopril",1,,,,1,1,
"5899441000033112",1000,"8358711000001100","Chlorothiazide 25mg/5ml oral suspension","Chlorothiazide 25mg/5ml oral suspension","Oral suspension","Oral","Chlorothiazide","5.000mg/1.000ml","02020100","0202010D0AADEDE","02020100","Chlorothiazide 25mg/5ml oral suspension",,,,,,,,,,,,,1,,,,1,1,
"4953741000033114",1000,"8456911000001108","Diltiazem 60mg/5ml oral suspension","Diltiazem 60mg/5ml oral suspension","Oral suspension","Oral","Diltiazem hydrochloride","12.000mg/1.000ml","02060200","0206020C0AABIBI","02060200","Diltiazem 60mg/5ml oral suspension",,,,,,,,,,,,,1,,,,1,1,
"5138341000033111",1000,"8483511000001102","Doxazosin 4mg/5ml oral suspension","Doxazosin 4mg/5ml oral suspension","Oral suspension","Oral","Doxazosin mesilate","800.000microgram/1.000ml","02050400","0205040D0AAAYAY","02050400","Doxazosin 4mg/5ml oral suspension",1,,,,1,,,,,,1,"Doxazosin",1,,,,1,1,
"5992641000033112",1000,"8487011000001104","Enalapril 5mg/5ml oral suspension","Enalapril 5mg/5ml oral suspension","Oral suspension","Oral","Enalapril maleate","1.000mg/1.000ml","02050501","0205051I0AABZBZ","02050501","Enalapril 5mg/5ml oral suspension",1,,,,,1,1,,,,1,"Enalapril",1,,,,1,1,
"4590741000033116",1000,"865711000001107","Retalzem 60 modified-release tablets (Kent Pharma (UK) Ltd)","Retalzem 60 modified-release tablets","Modified-release tablet","Oral","Diltiazem hydrochloride","60.000mg","02060200","0206020C0BTAAAA","02060200","Retalzem 60 modified-release tablets",,,,,,,,,,,,,1,,,,1,1,
"892341000033112",1000,"8667311000001100","Methyldopa 250mg/5ml oral suspension","Methyldopa 250mg/5ml oral suspension","Oral suspension","Oral","Methyldopa anhydrous","50.000mg/1.000ml","02050200","0205020H0AAAIAI","02050200","Methyldopa 250mg/5ml oral suspension",1,,1,,,,,,,,1,"Methyldopa",1,,,,1,1,
"5972941000033113",1000,"8669111000001108","Metoprolol 50mg/5ml oral suspension","Metoprolol 50mg/5ml oral suspension","Oral suspension","Oral","Metoprolol tartrate","10.000mg/1.000ml","02040000","0204000K0AAATAT","02040000","Metoprolol 50mg/5ml oral suspension",,,,,,,,,,,,,1,,,,1,1,
"5973741000033117",1000,"8670111000001106","Nifedipine 10mg/5ml oral suspension","Nifedipine 10mg/5ml oral suspension","Oral suspension","Oral","Nifedipine","2.000mg/1.000ml","02060200","0206020R0AABQBQ","02060200","Nifedipine 10mg/5ml oral suspension",,,,,,,,,,,,,1,,,,1,1,
"4152241000033113",1000,"8720311000001101","Ramipril 1.25mg/5ml oral suspension","Ramipril 1.25mg/5ml oral suspension","Oral suspension","Oral","Ramipril","250.000microgram/1.000ml","02050501","0205051R0AAAGAG","02050501","Ramipril 1.25mg/5ml oral liquid",1,,,,,1,1,,,,1,"Ramipril",1,,,,1,1,
"5887941000033114",1000,"8720511000001107","Ramipril 10mg/5ml oral suspension","Ramipril 10mg/5ml oral suspension","Oral suspension","Oral","Ramipril","2.000mg/1.000ml","02050501","0205051R0AAAWAW","02050501","Ramipril 10mg/5ml oral suspension",1,,,,,1,1,,,,1,"Ramipril",1,,,,1,,
"5890341000033110",1000,"8720811000001105","Ramipril 5mg/5ml oral solution","Ramipril 5mg/5ml oral solution","Oral solution","Oral","Ramipril","1.000mg/1.000ml","02050501","0205051R0AAAEAE","02050501","Ramipril 5mg/5ml oral liquid",1,,,,,1,1,,,,1,"Ramipril",1,,,,1,1,
"3953441000033116",1000,"8726811000001107","Sotalol 25mg/5ml oral solution","Sotalol 25mg/5ml oral solution","Oral solution","Oral","Sotalol hydrochloride","5.000mg/1.000ml","02040000","0204000T0AAATAT","02040000","Sotalol 25mg/5ml oral solution",,,,,,,,,,,,,1,,,,1,,
"9118241000033117",1000,"8885711000001100","Kenzem SR 60mg capsules (Kent Pharma (UK) Ltd)","Kenzem SR 60mg capsules","Modified-release capsule","Oral","Diltiazem hydrochloride","60.000mg","02060200","0206020C0BYAAAJ","02060200","Kenzem SR 60mg capsules",,,,,,,,,,,,,1,,,,1,1,
"9118341000033110",1000,"8886211000001101","Kenzem SR 90mg capsules (Kent Pharma (UK) Ltd)","Kenzem SR 90mg capsules","Modified-release capsule","Oral","Diltiazem hydrochloride","90.000mg","02060200","0206020C0BYABAT","02060200","Kenzem SR 90mg capsules",,,,,,,,,,,,,1,,,,1,1,
"2955141000033116",1000,"924711000001109","Zemret 180 XL capsules (Tillomed Laboratories Ltd)","Zemret 180 XL capsules","Modified-release capsule","Oral","Diltiazem hydrochloride","180.000mg","02060200","0206020C0BVAAAV","02060200","Zemret 180 XL capsules",,,,,,,,,,,,,1,,,,1,1,
"524141000033110",900,"","Enalapril Maleate  Wafers  20 mg","","","","","","","","","",1,,,,,1,1,,,,1,"Enalapril",1,,,,1,,
"5378241000033112",900,"12300811000001107","Nadolol 40mg/5ml oral suspension","Nadolol 40mg/5ml oral suspension","Oral suspension","Oral","Nadolol","8.000mg/1.000ml","02040000","0204000M0AAAJAJ","02040000","Nadolol 40mg/5ml oral suspension",,,,,,,,,,,,,1,,,,1,1,
"5376441000033114",900,"16458411000001107","Timolol 10mg / Amiloride 2.5mg / Hydrochlorothiazide 25mg tablets (Essential Generics Ltd)","Timolol 10mg / Amiloride 2.5mg / Hydrochlorothiazide 25mg tablets","Tablet","Oral","Amiloride hydrochloride/ Hydrochlorothiazide/ Timolol maleate","2.500mg + 25.000mg + 10.000mg","02040000","020400030AAADAD","02040000","Timolol 10mg/Amiloride 2.5mg/Hydrochlorothiazide 25mg tab",,,,,,,,,,,,,1,,,,1,,
"2719841000033113",900,"8348311000001101","Captopril 20mg/5ml oral suspension","Captopril 20mg/5ml oral suspension","Oral suspension","Oral","Captopril","4.000mg/1.000ml","02050501","0205051F0AABPBP","02050501","Captopril 20mg/5ml oral liquid",1,,,,,1,1,,,,1,"Captopril",1,,,,1,1,
"5056241000033112",900,"8670311000001108","Nifedipine 5mg/5ml oral suspension","Nifedipine 5mg/5ml oral suspension","Oral suspension","Oral","Nifedipine","1.000mg/1.000ml","02060200","0206020R0AABRBR","02060200","Nifedipine 5mg/5ml oral suspension",,,,,,,,,,,,,1,,,,1,1,
"167341000033118",800,"","Bumetanide  Injection  500 micrograms/ml","","","","","","","","","",,,,,,,,,,,,,1,,,,1,,
"5888241000033116",800,"","Perindopril  Oral suspension  4 mg/5 ml","","","","","","","","","",1,,,,,1,1,,,,1,"Perindopril",1,,,,1,,
"523741000033111",800,"","Enalapril Maleate  Titration pack","","","","","","","","","",1,,,,,1,1,,,,1,"Enalapril",1,,,,1,,
"12106941000033117",800,"10448511000001104","Clonidine 100micrograms/24hours transdermal patches","Clonidine 100micrograms/24hours transdermal patches","Transdermal patch","Transdermal","Clonidine","100.000microgram/24.000hour","02050200","0205020E0AAAFAF","02050200","Clonidine 100micrograms/24hours transdermal patches",1,,1,,,,,,,,1,"Clonidine",1,,,,1,1,
"7755041000033110",800,"1137623008","Azilsartan medoxomil 80mg tablets","Azilsartan medoxomil 80mg tablets","Tablet","Oral","Azilsartan medoxomil potassium","80.000mg","02050502","","","",1,,,,,1,,1,,,1,"Azilsartan",1,1,1,1,1,,
"9105341000033116",800,"23984911000001108","Perindopril erbumine 4mg / Amlodipine 10mg tablets","Perindopril erbumine 4mg / Amlodipine 10mg tablets","Tablet","Oral","Amlodipine besilate/ Perindopril erbumine","10.000mg + 4.000mg","02050501","0205051ACAAABAB","02050501","Perindopril erbumine 4mg / Amlodipine 10mg tablets",1,,,,,1,1,,,,1,"Perindopril",1,,,,1,1,1
"2267541000033111",800,"28711000001109","Syprol 10mg/5ml oral solution (Rosemont Pharmaceuticals Ltd)","Syprol 10mg/5ml oral solution","Oral solution","Oral","Propranolol hydrochloride","2.000mg/1.000ml","02040000","0204000R0BVABCX","02040000","Syprol 10mg/5ml oral solution",,,,,,,,,,,,,1,1,1,1,1,1,
"2955241000033111",800,"823511000001107","Zemret 240 XL capsules (Tillomed Laboratories Ltd)","Zemret 240 XL capsules","Modified-release capsule","Oral","Diltiazem hydrochloride","240.000mg","02060200","0206020C0BVABAW","02060200","Zemret 240 XL capsules",,,,,,,,,,,,,1,,,,1,1,
"3201441000033114",800,"8263211000001101","Diovan 40mg tablets (Novartis Pharmaceuticals UK Ltd)","Diovan 40mg tablets","Tablet","Oral","Valsartan","40.000mg","02050502","0205052V0BBADAD","02050502","Diovan 40mg tablets",1,,,,,1,,1,,,1,"Valsartan",1,1,1,1,1,1,
"5900241000033113",800,"8398611000001101","Clonidine 50micrograms/5ml oral suspension","Clonidine 50micrograms/5ml oral suspension","Oral suspension","Oral","Clonidine hydrochloride","10.000microgram/1.000ml","04070402","0407042F0AAAFAF","04070402","Clonidine 50micrograms/5ml oral liquid",1,,1,,,,,,,,1,"Clonidine",1,,,,1,,
"8276041000033117",800,"8671311000001103","Perindopril erbumine 4mg/5ml oral suspension","Perindopril erbumine 4mg/5ml oral suspension","Oral suspension","Oral","Perindopril erbumine","800.000microgram/1.000ml","02050501","0205051M0AAALAL","02050501","Perindopril erbumine 4mg/5ml oral suspension",1,,,,,1,1,,,,1,"Perindopril",1,,,,1,1,
"430741000033111",700,"","Debrisoquine  Tablets  20 mg","","","","","","","","","",1,,,1,,,,,,,1,"Debrisoquine",1,,,,1,,
"8869441000033119",700,"23471511000001106","Perindopril erbumine 4mg/5ml oral solution","Perindopril erbumine 4mg/5ml oral solution","Oral solution","Oral","Perindopril erbumine","800.000microgram/1.000ml","02050501","0205051M0AAAKAK","02050501","Perindopril erbumine 4mg/5ml oral solution",1,,,,,1,1,,,,1,"Perindopril",1,,,,1,1,
"12312641000033118",700,"34494911000001106","Alkapamid XL 1.5mg tablets (HBS Healthcare Ltd)","Alkapamid XL 1.5mg tablets","Modified-release tablet","Oral","Indapamide","1.500mg","02020100","0202010P0BNAAAD","02020100","Alkapamid XL 1.5mg tablets (HBS Healthcare)",,,,,,,,,,,,,1,,,,1,1,
"3108541000033116",700,"36015411000001100","Phentolamine 10mg/1ml solution for injection ampoules","Phentolamine 10mg/1ml solution for injection ampoules","Solution for injection","Intravenous/ Intramuscular","Phentolamine mesilate","10.000mg/1.000ml","02050400","0205040P0AAAAAA","02050400","Phentolamine 10mg/1ml solution for injection ampoules",1,,,,1,,,,,,1,"Phentolamine",1,,,,1,,
"12682441000033111",700,"36106511000001102","Bedranol 40mg tablets (Ennogen Pharma Ltd)","Bedranol 40mg tablets","Tablet","Oral","Propranolol hydrochloride","40.000mg","02040000","0204000R0BDAIAJ","02040000","Bedranol 40mg tablets",,,,,,,,,,,,,1,,,,1,1,
"977741000033114",700,"3879211000001104","Nimotop 30mg tablets (Bayer Plc)","Nimotop 30mg tablets","Tablet","Oral","Nimodipine","30.000mg","02060200","0206020M0BBABAB","02060200","Nimotop 30mg tablets",,,,,,,,,,,,,1,,,,1,1,
"3162941000033114",700,"39725011000001105","Acebutolol 200mg / Hydrochlorothiazide 12.5mg tablets","Acebutolol 200mg / Hydrochlorothiazide 12.5mg tablets","Tablet","Oral","Acebutolol hydrochloride/ Hydrochlorothiazide","200.000mg + 12.500mg","02040000","0204000B0AAAAAA","02040000","Acebutolol 200mg / Hydrochlorothiazide 12.5mg tablets",,,,,,,,,,,,,1,,,,1,1,
"2846141000033118",700,"39733911000001105","Bosentan 125mg tablets","Bosentan 125mg tablets","Tablet","Oral","Bosentan monohydrate","125.000mg","02050100","0205010U0AAABAB","02050100","Bosentan 125mg tablets",1,1,,,,,,,,,1,"Bosentan",1,,,,1,,
"2779241000033117",700,"764511000001100","Bi-Carzem SR 90mg capsules (Tillomed Laboratories Ltd)","Bi-Carzem SR 90mg capsules","Modified-release capsule","Oral","Diltiazem hydrochloride","90.000mg","02060200","0206020C0BRABAT","02060200","Bi-Carzem SR 90mg capsules",,,,,,,,,,,,,1,,,,1,1,
"2267641000033112",700,"823311000001101","Syprol 50mg/5ml oral solution (Rosemont Pharmaceuticals Ltd)","Syprol 50mg/5ml oral solution","Oral solution","Oral","Propranolol hydrochloride","10.000mg/1.000ml","02040000","0204000R0BVACCY","02040000","Syprol 50mg/5ml oral solution",,,,,,,,,,,,,1,1,1,1,1,1,
"5898341000033113",700,"8304811000001108","Bisoprolol 5mg/5ml oral suspension","Bisoprolol 5mg/5ml oral suspension","Oral suspension","Oral","Bisoprolol fumarate","1.000mg/1.000ml","02040000","0204000H0AABHBH","02040000","Bisoprolol 5mg/5ml oral suspension",,,,,,,,,,,,,1,,,,1,1,
"5898141000033110",700,"8305211000001108","Bisoprolol 1.25mg/5ml oral suspension","Bisoprolol 1.25mg/5ml oral suspension","Oral suspension","Oral","Bisoprolol fumarate","250.000microgram/1.000ml","02040000","0204000H0AABIBI","02040000","Bisoprolol 1.25mg/5ml oral suspension",,,,,,,,,,,,,1,,,,1,1,
"5887841000033118",700,"8720411000001108","Ramipril 10mg/5ml oral solution","Ramipril 10mg/5ml oral solution","Oral solution","Oral","Ramipril","2.000mg/1.000ml","02050501","0205051R0AAAHAH","02050501","Ramipril 10mg/5ml oral solution",1,,,,,1,1,,,,1,"Ramipril",1,,,,1,1,
"1504841000033113",600,"","Vascace  Tablets  250 micrograms","","","","","","","","","",1,,,,,1,1,,,,1,"Cilazapril",,,,,,,
"655641000033114",600,"","Guanethidine Monosulfate  Tablets  25 mg","","","","","","","","","",1,,,1,,,,,,,1,"Guanethidine",,,,,,,
"523941000033114",600,"","Enalapril Maleate  Wafers  10 mg","","","","","","","","","",1,,,,,1,1,,,,1,"Enalapril",1,,,,1,,
"3890741000033119",600,"10154511000001109","Revatio 20mg tablets (Viatris UK Healthcare Ltd)","Revatio 20mg tablets","Tablet","Oral","Sildenafil citrate","20.000mg","02050100","0205010Y0BBAAAA","02050100","Revatio 20mg tablets",1,1,,,,,,,,,1,"Sildenafil",1,,,,1,,
"4021141000033118",600,"11098311000001104","Slocinx XL 4mg tablets (Zentiva Pharma UK Ltd)","Slocinx XL 4mg tablets","Modified-release tablet","Oral","Doxazosin mesilate","4.000mg","02050400","0205040D0BEAAAQ","02050400","Slocinx XL 4mg tablets",1,,,,1,,,,,,1,"Doxazosin",1,,,,1,1,
"4954341000033111",600,"12639511000001103","Irbesartan 300mg/5ml oral suspension","Irbesartan 300mg/5ml oral suspension","Oral suspension","Oral","Irbesartan","60.000mg/1.000ml","02050502","0205052I0AAAGAG","02050502","Irbesartan 300mg/5ml oral suspension",1,,,,,1,,1,,,1,"Irbesartan",1,,,,1,1,
"5993341000033112",600,"13893511000001107","Furosemide 5mg/5ml oral suspension","Furosemide 5mg/5ml oral suspension","Oral suspension","Oral","Furosemide","1.000mg/1.000ml","02020200","0202020L0AADKDK","02020200","Furosemide 5mg/5ml oral suspension",,,,,,,,,,,,,1,,,,1,,
"7859441000033119",600,"17642211000001107","Proglycem 250mg/5ml oral suspension (Imported (United States))","Proglycem 250mg/5ml oral suspension","Oral suspension","","Diazoxide","50.000mg/1.000ml","06010400","0601040E0BCADBH","06010400","Proglycem 250mg/5ml oral suspension",1,1,,,,,,,,,1,"Diazoxide",1,,,,1,,
"8962541000033116",600,"23707811000001104","Macitentan 10mg tablets","Macitentan 10mg tablets","Tablet","Oral","Macitentan","10.000mg","02050100","0205010AAAAAAAA","02050100","Macitentan 10mg tablets",1,1,,,,,,,,,1,"Macitentan",1,,,,1,1,
"972341000033110",600,"36032011000001109","Nisoldipine 30mg modified-release tablets","Nisoldipine 30mg modified-release tablets","Modified-release tablet","Oral","Nisoldipine","30.000mg","02060200","0206020W0AAACAC","02060200","Nisoldipine 30mg modified-release tablets",,,,,,,,,,,,,1,,,,1,1,
"2928941000033113",600,"3800511000001100","Cabren 5mg modified-release tablets (Teva UK Ltd)","Cabren 5mg modified-release tablets","Modified-release tablet","Oral","Felodipine","5.000mg","02060200","0206020F0BDAAAB","02060200","Cabren 5mg modified-release tablets",,,,,,,,,,,,,1,,,,1,1,
"1180941000033115",600,"4078811000001109","Rogitine 10mg/1ml solution for injection ampoules (Alliance Pharmaceuticals Ltd)","Rogitine 10mg/1ml solution for injection ampoules","Solution for injection","Intravenous/ Intramuscular","Phentolamine mesilate","10.000mg/1.000ml","02050400","0205040P0BBAAAA","02050400","Rogitine 10mg/1ml solution for injection ampoules",1,,,,1,,,,,,1,"Phentolamine",1,,,,1,,
"1620041000033114",600,"5049011000001101","Invicorp 2 solution for injection (Senetek Plc)","Invicorp 2 solution for injection","Solution for injection","Intracavernous","Aviptadil/ Phentolamine mesilate","71.430microgram/1.000ml + 5.710mg/1.000ml","07040500","0704050ADBBABAA","07040500","Invicorp 2 solution for injection",1,,,,1,,,,,,1,"Phentolamine",1,,,,1,,
"5899341000033118",600,"8358511000001105","Chlorothiazide 150mg/5ml oral suspension","Chlorothiazide 150mg/5ml oral suspension","Oral suspension","Oral","Chlorothiazide","30.000mg/1.000ml","02020100","0202010D0AADDDD","02020100","Chlorothiazide 150mg/5ml oral suspension",,,,,,,,,,,,,1,,,,1,1,
"5991941000033112",600,"8457011000001107","Diltiazem 60mg/5ml oral solution","Diltiazem 60mg/5ml oral solution","Oral solution","Oral","Diltiazem hydrochloride","12.000mg/1.000ml","02060200","0206020C0AAARAR","02060200","Diltiazem 60mg/5ml oral solution",,,,,,,,,,,,,1,,,,1,1,
"6044541000033115",600,"8622411000001104","Lisinopril 20mg/5ml oral suspension","Lisinopril 20mg/5ml oral suspension","Oral suspension","Oral","Lisinopril","4.000mg/1.000ml","02050501","0205051L0AAAZAZ","02050501","Lisinopril 20mg/5ml oral suspension",1,,,,,1,1,,,,1,"Lisinopril",1,,,,1,1,
"4815641000033117",600,"8668411000001106","Metoprolol 12.5mg/5ml oral suspension","Metoprolol 12.5mg/5ml oral suspension","Oral suspension","Oral","Metoprolol tartrate","2.500mg/1.000ml","02040000","0204000K0AABLBL","02040000","Metoprolol 12.5mg/5ml oral suspension",,,,,,,,,,,,,1,,,,1,1,
"5972841000033117",600,"8668911000001103","Metoprolol 50mg/5ml oral solution","Metoprolol 50mg/5ml oral solution","Oral solution","Oral","Metoprolol tartrate","10.000mg/1.000ml","02040000","0204000K0AABMBM","02040000","Metoprolol 50mg/5ml oral solution",,,,,,,,,,,,,1,,,,1,1,
"2760041000033110",600,"904511000001107","Cascor 2mg tablets (Ranbaxy (UK) Ltd)","Cascor 2mg tablets","Tablet","Oral","Doxazosin mesilate","2.000mg","02050400","0205040D0BCAAAB","02050400","Cascor 2mg tablets",1,,,,1,,,,,,1,"Doxazosin",1,,,,1,1,
"210541000033113",500,"","Captopril  Tablets  1 mg","","","","","","","","","",1,,,,,1,1,,,,1,"Captopril",1,,,,1,,
"36841000033113",500,"","Aldomet  Suspension  250 mg/5 ml","","","","","","","","","",1,,1,,,,,,,,1,"Methyldopa",,,,,,,
"12107041000033116",500,"10449111000001101","Clonidine 300micrograms/24hours transdermal patches","Clonidine 300micrograms/24hours transdermal patches","Transdermal patch","Transdermal","Clonidine","300.000microgram/24.000hour","02050200","0205020E0AAAHAH","02050200","Clonidine 300micrograms/24hours transdermal patches",1,,1,,,,,,,,1,"Clonidine",1,,,,1,1,
"5402541000033112",500,"12303311000001109","Nifedipine 2.5mg/5ml oral suspension","Nifedipine 2.5mg/5ml oral suspension","Oral suspension","Oral","Nifedipine","500.000microgram/1.000ml","02060200","0206020R0AABKBK","02060200","Nifedipine 2.5mg/5ml oral suspension",,,,,,,,,,,,,1,,,,1,1,
"4656741000033119",500,"14242211000001100","Tensaid XL 1.5mg tablets (Viatris UK Healthcare Ltd)","Tensaid XL 1.5mg tablets","Modified-release tablet","Oral","Indapamide","1.500mg","02020100","0202010P0BHAAAD","02020100","Tensaid XL 1.5mg tablets",,,,,,,,,,,,,1,,,,1,1,
"5150041000033110",500,"15506811000001105","Cozaar 2.5mg/ml oral suspension (Organon Pharma (UK) Ltd)","Cozaar 2.5mg/ml oral suspension","Oral suspension","Oral","Losartan potassium","2.500mg/1.000ml","02050502","0205052N0BBAEAI","02050502","Cozaar 2.5mg/ml oral suspension",1,,,,,1,,1,,,1,"Losartan",1,1,1,1,1,1,
"9173941000033111",500,"24509711000001103","Doxazosin 1mg/5ml oral solution","Doxazosin 1mg/5ml oral solution","Oral solution","Oral","Doxazosin mesilate","200.000microgram/1.000ml","02050400","0205040D0AAAZAZ","02050400","Doxazosin 1mg/5ml oral solution",1,,,,1,,,,,,1,"Doxazosin",1,,,,1,1,
"3092541000033110",500,"36061611000001104","Furosemide 80mg/8ml solution for injection pre-filled syringes","Furosemide 80mg/8ml solution for injection pre-filled syringes","Solution for injection","Intravenous/ Intramuscular","Furosemide","10.000mg/1.000ml","02020200","0202020L0AABSBS","02020200","Furosemide 80mg/8ml inj pre-filled syringes",,,,,,,,,,,,,1,,,,1,,
"3177441000033110",500,"4972811000001103","Felogen XL 5mg tablets (Viatris UK Healthcare Ltd)","Felogen XL 5mg tablets","Modified-release tablet","Oral","Felodipine","5.000mg","02060200","0206020F0BFAAAB","02060200","Felogen XL 5mg tablets",,,,,,,,,,,,,1,,,,1,1,
"3177541000033111",500,"4973011000001100","Felogen XL 10mg tablets (Viatris UK Healthcare Ltd)","Felogen XL 10mg tablets","Modified-release tablet","Oral","Felodipine","10.000mg","02060200","0206020F0BFABAC","02060200","Felogen XL 10mg tablets",,,,,,,,,,,,,1,,,,1,1,
"37941000033115",500,"74711000001102","Alphavase 5 tablets (Ashbourne Pharmaceuticals Ltd)","Alphavase 5 tablets","Tablet","Oral","Prazosin hydrochloride","5.000mg","02050400","0205040S0BEADAE","02050400","Alphavase 5 tablets",1,,,,1,,,,,,1,"Prazosin",1,,,,1,1,
"5289041000033110",500,"7660211000001104","Clonidine 200micrograms/24hours transdermal patches","Clonidine 200micrograms/24hours transdermal patches","Transdermal patch","Transdermal","Clonidine","200.000microgram/24.000hour","02050200","0205020E0AAAGAG","02050200","Clonidine 200micrograms/24hours transdermal patches",1,,1,,,,,,,,1,"Clonidine",1,,,,1,1,
"2101641000033119",500,"799711000001108","Amilamont 5mg/5ml oral solution sugar free (Rosemont Pharmaceuticals Ltd)","Amilamont 5mg/5ml oral solution sugar free","Oral solution","Oral","Amiloride hydrochloride","1.000mg/1.000ml","02020300","0202030C0BFAAAS","02020300","Amilamont 5mg/5ml oral solution sugar free",,,,,,,,,,,,,1,,,,1,1,
"9173841000033115",500,"8453711000001104","Diazoxide 50mg/5ml oral suspension","Diazoxide 50mg/5ml oral suspension","Oral suspension","Oral","Diazoxide","10.000mg/1.000ml","06010400","0601040E0AABIBI","06010400","Diazoxide 50mg/5ml oral suspension",1,1,,,,,,,,,1,"Diazoxide",1,,,,1,,
"5971341000033117",500,"8622111000001109","Lisinopril 2.5mg/5ml oral solution","Lisinopril 2.5mg/5ml oral solution","Oral solution","Oral","Lisinopril","500.000microgram/1.000ml","02050501","0205051L0AAAIAI","02050501","Lisinopril 2.5mg/5ml oral liquid",1,,,,,1,1,,,,1,"Lisinopril",1,,,,1,1,
"9776441000033119",500,"8726911000001102","Sotalol 25mg/5ml oral suspension","Sotalol 25mg/5ml oral suspension","Oral suspension","Oral","Sotalol hydrochloride","5.000mg/1.000ml","02040000","0204000T0AABCBC","02040000","Sotalol 25mg/5ml oral suspension",,,,,,,,,,,,,1,,,,1,,
"37641000033110",400,"","Alphavase 0.5  Tablets  500 micrograms","","","","","","","","","",1,,,,1,,,,,,1,"Prazosin",,,,,,,
"4425041000033113",400,"13143311000001102","Diovan 320mg tablets (Novartis Pharmaceuticals UK Ltd)","Diovan 320mg tablets","Tablet","Oral","Valsartan","320.000mg","02050502","0205052V0BBAEAF","02050502","Diovan 320mg tablets",1,,,,,1,,1,,,1,"Valsartan",1,,,,1,1,
"5999141000033111",400,"13894611000001109","Spironolactone 100mg/5ml oral solution","Spironolactone 100mg/5ml oral solution","Oral solution","Oral","Spironolactone","20.000mg/1.000ml","02020300","0202030S0AACRCR","02020300","Spironolactone 100mg/5ml oral solution",,,,,,,,,,,,,1,,,,1,1,
"5816741000033112",400,"14693611000001102","Varbim XL 1.5mg tablets (Teva UK Ltd)","Varbim XL 1.5mg tablets","Modified-release tablet","Oral","Indapamide","1.500mg","02020100","0202010P0BIAAAD","02020100","Varbim XL 1.5mg tablets",,,,,,,,,,,,,1,,,,1,1,
"7747541000033112",400,"15243911000001109","Trimetazidine 20mg tablets","Trimetazidine 20mg tablets","Tablet","Oral","Trimetazidine dihydrochloride","20.000mg","02060200","0206020B0AAAAAA","02060200","Trimetazidine 20mg tablets",,,,,,,,,,,,,1,,,,1,1,
"4955941000033111",400,"15307311000001100","Syprol 40mg/5ml oral solution (Rosemont Pharmaceuticals Ltd)","Syprol 40mg/5ml oral solution","Oral solution","Oral","Propranolol hydrochloride","8.000mg/1.000ml","02040000","0204000R0BVADDB","02040000","Syprol 40mg/5ml oral solution",,,,,,,,,,,,,1,,,,1,1,
"5971741000033116",400,"15451111000001107","Losartan 100mg/5ml oral solution","Losartan 100mg/5ml oral solution","Oral solution","Oral","Losartan potassium","20.000mg/1.000ml","02050502","0205052N0AAAFAF","02050502","Losartan 100mg/5ml oral liquid",1,,,,,1,,1,,,1,"Losartan",1,,,,1,1,
"7871341000033114",400,"16109911000001102","Nadolol 30mg/5ml oral solution","Nadolol 30mg/5ml oral solution","Oral solution","Oral","Nadolol","6.000mg/1.000ml","02040000","0204000M0AAAFAF","02040000","Nadolol 30mg/5ml oral solution",,,,,,,,,,,,,1,,,,1,1,
"5814141000033119",400,"16130911000001101","Nadolol 20mg/5ml oral solution","Nadolol 20mg/5ml oral solution","Oral solution","Oral","Nadolol","4.000mg/1.000ml","02040000","0204000M0AAAGAG","02040000","Nadolol 20mg/5ml oral solution",,,,,,,,,,,,,1,,,,1,1,
"10650041000033116",400,"16131011000001109","Nadolol 20mg/5ml oral suspension","Nadolol 20mg/5ml oral suspension","Oral suspension","Oral","Nadolol","4.000mg/1.000ml","02040000","0204000M0AAAHAH","02040000","Nadolol 20mg/5ml oral suspension",,,,,,,,,,,,,1,,,,1,1,
"5566041000033114",400,"16737911000001105","Rawel XL 1.5mg tablets (Krka UK Ltd)","Rawel XL 1.5mg tablets","Modified-release tablet","Oral","Indapamide","1.500mg","02020100","0202010P0BLAAAD","02020100","Rawel XL 1.5mg tablets",,,,,,,,,,,,,1,,,,1,1,
"6036141000033119",400,"18164911000001108","Raporsin XL 4mg tablets (Accord Healthcare Ltd)","Raporsin XL 4mg tablets","Modified-release tablet","Oral","Doxazosin mesilate","4.000mg","02050400","0205040D0BKAAAQ","02050400","Raporsin XL 4mg tablets (Actavis)",1,,,,1,,,,,,1,"Doxazosin",1,,,,1,1,
"8197041000033112",400,"21578911000001105","Indapamide 2.5mg/5ml oral suspension","Indapamide 2.5mg/5ml oral suspension","Oral suspension","Oral","Indapamide","500.000microgram/1.000ml","02020100","0202010P0AAABAB","02020100","Indapamide 2.5mg/5ml oral suspension",,,,,,,,,,,,,1,,,,1,1,
"8263441000033110",400,"21940111000001100","Perindopril tosilate 5mg tablets","Perindopril tosilate 5mg tablets","Tablet","Oral","Perindopril tosilate","5.000mg","02050501","0205051AAAAABAB","02050501","Perindopril tosilate 5mg tablets",1,,,,,1,1,,,,1,"Perindopril",1,,,,1,1,
"2776541000033111",400,"2881811000001101","Hypolar XL 30 tablets (Sandoz Ltd)","Hypolar XL 30 tablets","Modified-release tablet","Oral","Nifedipine","30.000mg","02060200","0206020R0BQABAN","02060200","Hypolar XL 30 tablets",,,,,,,,,,,,,1,,,,1,1,
"1401341000033110",400,"3877011000001100","Syscor MR 10 tablets (Forest Laboratories UK Ltd)","Syscor MR 10 tablets","Modified-release tablet","Oral","Nisoldipine","10.000mg","02060200","0206020W0BBAAAA","02060200","Syscor MR 10 tablets",,,,,,,,,,,,,1,,,,1,1,
"8264941000033119",400,"4093211000001109","Triapin 2.5mg/2.5mg modified-release tablets (Sanofi)","Triapin 2.5mg/2.5mg modified-release tablets","Modified-release tablet","Oral","Felodipine/ Ramipril","2.500mg + 2.500mg","02050501","0205051S0BBAAAA","02050501","Triapin 2.5mg/2.5mg modified-release tablets",1,,,,,1,1,,,,1,"Ramipril",1,1,1,1,1,1,1
"1622141000033114",400,"477111000001100","Kaplon 25mg tablets (Teva UK Ltd)","Kaplon 25mg tablets","Tablet","Oral","Captopril","25.000mg","02050501","0205051F0BFABAE","02050501","Kaplon 25mg tablets",1,,,,,1,1,,,,1,"Captopril",1,1,1,1,1,1,
"1619941000033111",400,"5048711000001108","Invicorp 1 solution for injection (Senetek Plc)","Invicorp 1 solution for injection","Solution for injection","Intracavernous","Aviptadil/ Phentolamine mesilate","71.430microgram/1.000ml + 2.860mg/1.000ml","07040500","070405000BBACA0","07040500","Invicorp 1 solution for injection",1,,,,1,,,,,,1,"Phentolamine",1,,,,1,,
"2955341000033118",400,"640311000001101","Zemret 300 XL capsules (Tillomed Laboratories Ltd)","Zemret 300 XL capsules","Modified-release capsule","Oral","Diltiazem hydrochloride","300.000mg","02060200","0206020C0BVACAE","02060200","Zemret 300 XL capsules",,,,,,,,,,,,,1,,,,1,1,
"6012441000033118",400,"8485511000001103","Enalapril 1.25mg/5ml oral solution","Enalapril 1.25mg/5ml oral solution","Oral solution","Oral","Enalapril maleate","250.000microgram/1.000ml","02050501","0205051I0AABFBF","02050501","Enalapril 1.25mg/5ml oral solution",1,,,,,1,1,,,,1,"Enalapril",1,,,,1,1,
"2746441000033111",400,"8529611000001101","Hydrochlorothiazide 50mg/5ml oral solution","Hydrochlorothiazide 50mg/5ml oral solution","Oral solution","Oral","Hydrochlorothiazide","10.000mg/1.000ml","02020100","0202010L0AAAPAP","02020100","Hydrochlorothiazide 50mg/5ml oral liquid",,,,,,,,,,,,,1,,,,1,1,
"6044641000033119",400,"8622311000001106","Lisinopril 20mg/5ml oral solution","Lisinopril 20mg/5ml oral solution","Oral solution","Oral","Lisinopril","4.000mg/1.000ml","02050501","0205051L0AAAYAY","02050501","Lisinopril 20mg/5ml oral solution",1,,,,,1,1,,,,1,"Lisinopril",1,,,,1,1,
"9118441000033116",400,"8886511000001103","Kenzem SR 120mg capsules (Kent Pharma (UK) Ltd)","Kenzem SR 120mg capsules","Modified-release capsule","Oral","Diltiazem hydrochloride","120.000mg","02060200","0206020C0BYACAU","02060200","Kenzem SR 120mg capsules",,,,,,,,,,,,,1,,,,1,1,
"37741000033118",400,"934411000001100","Alphavase 1 tablets (Ashbourne Pharmaceuticals Ltd)","Alphavase 1 tablets","Tablet","Oral","Prazosin hydrochloride","1.000mg","02050400","0205040S0BEABAC","02050400","Alphavase 1 tablets",1,,,,1,,,,,,1,"Prazosin",1,,,,1,1,
"524041000033111",300,"","Enalapril Maleate  Wafers  2.5 mg","","","","","","","","","",1,,,,,1,1,,,,1,"Enalapril",1,,,,1,,
"550041000033116",300,"","Ethacrynic Acid  Tablets  50 mg","","","","","","","","","",,,,,,,,,,,,,1,,,,1,,
"4119841000033113",300,"","Diazoxide  Oral Suspension (Sugar-Free)  50 mg/5 ml","","","","","","","","","",1,1,,,,,,,,,1,"Diazoxide",1,,,,1,,
"1423741000033117",300,"","Terazosin Hydrochloride  Starter pack  7 x 1 mg, 7 x 2 mg","","","","","","","","","",1,,,,1,,,,,,1,"Terazosin",1,,,,1,,
"770241000033110",300,"","Innovace  Titration pack","","","","","","","","","",1,,,,,1,1,,,,1,"Enalapril",,,,,,,
"3890141000033118",300,"","Amlodipine  Powder For Oral Suspension With Diluent (Kit)  10 mg/5 ml","","","","","","","","","",,,,,,,,,,,,,1,,,,1,,
"5998341000033119",300,"14058011000001104","Sildenafil 25mg/5ml oral solution","Sildenafil 25mg/5ml oral solution","Oral solution","Oral","Sildenafil citrate","5.000mg/1.000ml","07040500","0704050Z0AAAFAF","07040500","Sildenafil 25mg/5ml oral solution",1,1,,,,,,,,,1,"Sildenafil",1,,,,1,,
"4267141000033111",300,"14159111000001101","Bisoprolol 7.5mg/5ml oral suspension","Bisoprolol 7.5mg/5ml oral suspension","Oral suspension","Oral","Bisoprolol fumarate","1.500mg/1.000ml","02040000","0204000H0AABBBB","02040000","Bisoprolol 7.5mg/5ml oral liquid",,,,,,,,,,,,,1,,,,1,1,
"4936841000033112",300,"18197411000001107","Cardozin XL 4mg tablets (Almus Pharmaceuticals Ltd)","Cardozin XL 4mg tablets","Modified-release tablet","Oral","Doxazosin mesilate","4.000mg","02050400","0205040D0BGABAQ","02050400","Cardozin XL 4mg tablets (Almus)",1,,,,1,,,,,,1,"Doxazosin",1,,,,1,1,
"8961341000033119",300,"23681711000001107","Noyada 25mg/5ml oral solution (Martindale Pharmaceuticals Ltd)","Noyada 25mg/5ml oral solution","Oral solution","Oral","Captopril","5.000mg/1.000ml","02050501","0205051F0BIAADZ","02050501","Noyada 25mg/5ml oral solution",1,,,,,1,1,,,,1,"Captopril",1,1,1,1,1,1,
"2845841000033119",300,"3634111000001100","Ranvera MR 240mg tablets (Ranbaxy (UK) Ltd)","Ranvera MR 240mg tablets","Modified-release tablet","Oral","Verapamil hydrochloride","240.000mg","02060200","0206020T0BLAAAH","02060200","Ranvera MR 240mg tablets",1,,,,,1,1,,,,1,"Trandolapril",1,,,,1,1,
"12988441000033113",300,"36812711000001103","Lorvacs XL 1.5mg tablets (Torrent Pharma (UK) Ltd)","Lorvacs XL 1.5mg tablets","Modified-release tablet","Oral","Indapamide","1.500mg","02020100","0202010P0BQAAAD","02020100","Lorvacs XL 1.5mg tablets",,,,,,,,,,,,,1,,,,1,1,
"2928841000033117",300,"3800311000001106","Cabren 2.5mg modified-release tablets (Teva UK Ltd)","Cabren 2.5mg modified-release tablets","Modified-release tablet","Oral","Felodipine","2.500mg","02060200","0206020F0BDABAD","02060200","Cabren 2.5mg modified-release tablets",,,,,,,,,,,,,1,,,,1,1,
"2929041000033116",300,"3800711000001105","Cabren 10mg modified-release tablets (Teva UK Ltd)","Cabren 10mg modified-release tablets","Modified-release tablet","Oral","Felodipine","10.000mg","02060200","0206020F0BDACAC","02060200","Cabren 10mg modified-release tablets",,,,,,,,,,,,,1,,,,1,1,
"5093641000033110",300,"395516007","Chlorothiazide 250mg tablets","Chlorothiazide 250mg tablets","Tablet","Oral","Chlorothiazide","250.000mg","02020100","","","",,,,,,,,,,,,,1,,,,1,,
"556641000033113",300,"3965511000001104","Eudemine 50mg tablets (RPH Pharmaceuticals AB)","Eudemine 50mg tablets","Tablet","Oral","Diazoxide","50.000mg","06010400","0601040E0BBAAAA","06010400","Eudemine 50mg tablets",1,1,,,,,,,,,1,"Diazoxide",,,,,,,
"2845941000033110",300,"39734011000001108","Bosentan 62.5mg tablets","Bosentan 62.5mg tablets","Tablet","Oral","Bosentan monohydrate","62.500mg","02050100","0205010U0AAAAAA","02050100","Bosentan 62.5mg tablets",1,1,,,,,,,,,1,"Bosentan",1,,,,1,,
"4520941000033113",300,"429662009","Ambrisentan 5mg tablets","","","","","","","","","",1,1,,,,,,,,,1,"Ambrisentan",1,,,,1,,
"759641000033116",300,"4371111000001106","Inderal 1mg/1ml solution for injection ampoules (AstraZeneca UK Ltd)","Inderal 1mg/1ml solution for injection ampoules","Solution for injection","Intravenous","Propranolol hydrochloride","1.000mg/1.000ml","02040000","0204000R0BGAEAC","02040000","Inderal 1mg/1ml solution for injection ampoules",,,,,,,,,,,,,1,,,,1,,
"37841000033111",300,"570011000001106","Alphavase 2 tablets (Ashbourne Pharmaceuticals Ltd)","Alphavase 2 tablets","Tablet","Oral","Prazosin hydrochloride","2.000mg","02050400","0205040S0BEACAD","02050400","Alphavase 2 tablets",1,,,,1,,,,,,1,"Prazosin",1,,,,1,1,
"1622041000033110",300,"777711000001105","Kaplon 12.5mg tablets (Teva UK Ltd)","Kaplon 12.5mg tablets","Tablet","Oral","Captopril","12.500mg","02050501","0205051F0BFAAAD","02050501","Kaplon 12.5mg tablets",1,,,,,1,1,,,,1,"Captopril",1,1,1,1,1,1,
"4521641000033114",300,"8090111000001106","Neofel XL 5mg tablets (Kent Pharma (UK) Ltd)","Neofel XL 5mg tablets","Modified-release tablet","Oral","Felodipine","5.000mg","02060200","0206020F0BLAAAB","02060200","Neofel XL 5mg tablets",,,,,,,,,,,,,1,,,,1,1,
"5008141000033111",300,"8346811000001109","Captopril 10mg/5ml oral suspension","Captopril 10mg/5ml oral suspension","Oral suspension","Oral","Captopril","2.000mg/1.000ml","02050501","0205051F0AABRBR","02050501","Captopril 10mg/5ml oral liquid",1,,,,,1,1,,,,1,"Captopril",1,,,,1,1,
"4456241000033111",300,"8528611000001105","Hydralazine 10mg/5ml oral suspension","Hydralazine 10mg/5ml oral suspension","Oral suspension","Oral","Hydralazine hydrochloride","2.000mg/1.000ml","02050100","0205010J0AABTBT","02050100","Hydralazine 10mg/5ml oral suspension",1,1,,,,,,,,,1,"Hydralazine",1,,,,1,1,
"5575541000033119",300,"8668711000001100","Metoprolol 25mg/5ml oral solution","Metoprolol 25mg/5ml oral solution","Oral solution","Oral","Metoprolol tartrate","5.000mg/1.000ml","02040000","0204000K0AAASAS","02040000","Metoprolol 25mg/5ml oral liquid",,,,,,,,,,,,,1,,,,1,1,
"5998241000033112",300,"8720211000001109","Ramipril 1.25mg/5ml oral solution","Ramipril 1.25mg/5ml oral solution","Oral solution","Oral","Ramipril","250.000microgram/1.000ml","02050501","0205051R0AAAGAG","02050501","Ramipril 1.25mg/5ml oral liquid",1,,,,,1,1,,,,1,"Ramipril",1,,,,1,1,
"5890541000033115",300,"8720611000001106","Ramipril 2.5mg/5ml oral solution","Ramipril 2.5mg/5ml oral solution","Oral solution","Oral","Ramipril","500.000microgram/1.000ml","02050501","0205051R0AAAFAF","02050501","Ramipril 2.5mg/5ml oral liquid",1,,,,,1,1,,,,1,"Ramipril",1,,,,1,1,
"1420741000033114",300,"9111000001107","Tenormin 5mg/10ml solution for injection ampoules (Atnahs Pharma UK Ltd)","Tenormin 5mg/10ml solution for injection ampoules","Solution for injection","Intravenous","Atenolol","500.000microgram/1.000ml","02040000","0204000E0BBAAAD","02040000","Tenormin 5mg/10ml solution for injection ampoules",,,,,,,,,,,,,1,1,1,1,1,,
"740941000033119",200,"","Hytrin Bph  Starter pack  7 x 1 mg, 7 x 2 mg","","","","","","","","","",1,,,,1,,,,,,1,"Terazosin",,,,,,,
"890741000033112",200,"","Metoprolol Fumarate  S/r tablets  95 mg","","","","","","","","","",,,,,,,,,,,,,1,,,,1,,
"524341000033113",200,"","Enalapril Maleate  Wafers  10 mg","","","","","","","","","",1,,,,,1,1,,,,1,"Enalapril",1,,,,1,,
"3940641000033114",200,"","Hydralazine Hydrochloride  Dispersible tablets  10 mg","","","","","","","","","",1,1,,,,,,,,,1,"Hydralazine",1,,,,1,,
"3890041000033117",200,"","Ramipril  Powder For Oral Suspension With Diluent (Kit)  10 mg/5 ml","","","","","","","","","",1,,,,,1,1,,,,1,"Ramipril",1,,,,1,,
"770741000033116",200,"","Innovace Melt  Wafers  5 mg","","","","","","","","","",1,,,,,1,1,,,,1,"Enalapril",,,,,,,
"1023841000033116",200,"","Oxprenolol Hydrochloride  Injection  2 mg/amp","","","","","","","","","",,,,,,,,,,,,,1,,,,1,,
"210141000033116",200,"","Carvedilol  Tablets  50 mg","","","","","","","","","",,,,,,,,,,,,,1,,,,1,,
"12569041000033115",200,"11813011000001109","Clonidine 100micrograms/5ml oral suspension","Clonidine 100micrograms/5ml oral suspension","Oral suspension","Oral","Clonidine hydrochloride","20.000microgram/1.000ml","04070402","0407042F0AAALAL","04070402","Clonidine 100micrograms/5ml oral liquid",1,,1,,,,,,,,1,"Clonidine",1,,,,1,,
"8536441000033115",200,"12287411000001103","Bisoprolol 10mg/5ml oral suspension","Bisoprolol 10mg/5ml oral suspension","Oral suspension","Oral","Bisoprolol fumarate","2.000mg/1.000ml","02040000","0204000H0AAARAR","02040000","Bisoprolol 10mg/5ml oral liquid",,,,,,,,,,,,,1,,,,1,1,
"4897741000033118",200,"15773511000001108","Amlodipine 1.5mg/5ml oral suspension","Amlodipine 1.5mg/5ml oral suspension","Oral suspension","Oral","Amlodipine","300.000microgram/1.000ml","02060200","0206020A0AAAMAM","02060200","Amlodipine 1.5mg/5ml oral liquid",,,,,,,,,,,,,1,,,,1,1,
"10650141000033117",200,"16110011000001107","Nadolol 30mg/5ml oral suspension","Nadolol 30mg/5ml oral suspension","Oral suspension","Oral","Nadolol","6.000mg/1.000ml","02040000","0204000M0AAAIAI","02040000","Nadolol 30mg/5ml oral suspension",,,,,,,,,,,,,1,,,,1,1,
"6528441000033113",200,"20007411000001100","Valsartan 3mg/ml oral solution","Valsartan 3mg/ml oral solution","Oral solution","Oral","Valsartan","3.000mg/1.000ml","02050502","0205052V0AAAJAJ","02050502","Valsartan 3mg/ml oral solution",1,,,,,1,,1,,,1,"Valsartan",1,,,,1,1,
"7754841000033119",200,"20418711000001104","Azilsartan medoxomil 20mg tablets","Azilsartan medoxomil 20mg tablets","Tablet","Oral","Azilsartan medoxomil potassium","20.000mg","02050502","0205052ADAAAAAA","02050502","Azilsartan medoxomil 20mg tablets",1,,,,,1,,1,,,1,"Azilsartan",1,1,1,1,1,1,
"5568741000033113",200,"20556011000001103","Lisinopril 40mg/5ml oral suspension","Lisinopril 40mg/5ml oral suspension","Oral suspension","Oral","Lisinopril","8.000mg/1.000ml","02050501","0205051L0AAARAR","02050501","Lisinopril 40mg/5ml oral suspension",1,,,,,1,1,,,,1,"Lisinopril",1,,,,1,1,
"8196541000033117",200,"21574911000001103","Zaroxolyn 2.5mg tablets (Imported (Canada))","Zaroxolyn 2.5mg tablets","Tablet","","Metolazone","2.500mg","02020100","0202010V0BEAAAN","02020100","Zaroxolyn 2.5mg tablets",,,,,,,,,,,,,1,,,,1,,
"8234141000033114",200,"21700211000001108","Revatio 10mg/ml oral suspension (Viatris UK Healthcare Ltd)","Revatio 10mg/ml oral suspension","Oral suspension","Oral","Sildenafil citrate","10.000mg/1.000ml","02050100","0205010Y0BBABAB","02050100","Revatio 10mg/ml oral suspension",1,1,,,,,,,,,1,"Sildenafil",1,,,,1,,
"8504141000033111",200,"22648911000001102","Sildenafil 25mg chewable tablets sugar free","Sildenafil 25mg chewable tablets sugar free","Chewable tablet","Oral","Sildenafil citrate","25.000mg","07040500","0704050Z0AAAMAM","07040500","Sildenafil 25mg chewable tablets sugar free",1,1,,,,,,,,,1,"Sildenafil",,,,,,,
"8961241000033112",200,"23682011000001102","Noyada 5mg/5ml oral solution (Martindale Pharmaceuticals Ltd)","Noyada 5mg/5ml oral solution","Oral solution","Oral","Captopril","1.000mg/1.000ml","02050501","0205051F0BIABEA","02050501","Noyada 5mg/5ml oral solution",1,,,,,1,1,,,,1,"Captopril",1,1,1,1,1,1,
"2051241000033116",200,"309611000001102","Coroday MR 20mg tablets (Viatris UK Healthcare Ltd)","Coroday MR 20mg tablets","Modified-release tablet","Oral","Nifedipine","20.000mg","02060200","0206020R0CDAAAR","02060200","Coroday MR 20mg tablets",,,,,,,,,,,,,1,,,,1,1,
"12682341000033117",200,"36106311000001108","Bedranol 10mg tablets (Ennogen Pharma Ltd)","Bedranol 10mg tablets","Tablet","Oral","Propranolol hydrochloride","10.000mg","02040000","0204000R0BDAGAH","02040000","Bedranol 10mg tablets",,,,,,,,,,,,,1,,,,1,1,
"1065941000033115",200,"4040311000001101","Perdix 15mg tablets (UCB Pharma Ltd)","Perdix 15mg tablets","Tablet","Oral","Moexipril hydrochloride","15.000mg","02050501","0205051C0BBABAB","02050501","Perdix 15mg tablets",1,,,,,1,1,,,,1,"Moexipril",1,1,1,1,1,1,
"1066041000033113",200,"4041111000001109","Perdix 7.5mg tablets (UCB Pharma Ltd)","Perdix 7.5mg tablets","Tablet","Oral","Moexipril hydrochloride","7.500mg","02050501","0205051C0BBAAAA","02050501","Perdix 7.5mg tablets",1,,,,,1,1,,,,1,"Moexipril",1,1,1,1,1,1,
"1401441000033116",200,"4070011000001100","Syscor MR 20 tablets (Forest Laboratories UK Ltd)","Syscor MR 20 tablets","Modified-release tablet","Oral","Nisoldipine","20.000mg","02060200","0206020W0BBABAB","02060200","Syscor MR 20 tablets",,,,,,,,,,,,,1,,,,1,1,
"4521041000033115",200,"428480001","Ambrisentan 10mg tablets","","","","","","","","","",1,1,,,,,,,,,1,"Ambrisentan",1,,,,1,,
"2638041000033110",200,"501211000001103","Bipranix 5mg tablets (Ashbourne Pharmaceuticals Ltd)","Bipranix 5mg tablets","Tablet","Oral","Bisoprolol fumarate","5.000mg","02040000","0204000H0BGAAAA","02040000","Bipranix 5mg tablets",,,,,,,,,,,,,1,1,1,1,1,1,
"1622241000033119",200,"572511000001102","Kaplon 50mg tablets (Teva UK Ltd)","Kaplon 50mg tablets","Tablet","Oral","Captopril","50.000mg","02050501","0205051F0BFACAF","02050501","Kaplon 50mg tablets",1,,,,,1,1,,,,1,"Captopril",1,1,1,1,1,1,
"1918741000033115",200,"578511000001100","Pralenal 5 tablets (Opus Pharmaceuticals Ltd)","Pralenal 5 tablets","Tablet","Oral","Enalapril maleate","5.000mg","02050501","0205051I0BEABAB","02050501","Pralenal 5 tablets",1,,,,,1,1,,,,1,"Enalapril",1,1,1,1,1,1,
"5453941000033119",200,"8307011000001105","Bendroflumethiazide 1.25mg/5ml oral suspension","Bendroflumethiazide 1.25mg/5ml oral suspension","Oral suspension","Oral","Bendroflumethiazide","250.000microgram/1.000ml","02020100","0202010B0AAAUAU","02020100","Bendroflumethiazide 1.25mg/5ml oral suspension",,,,,,,,,,,,,1,,,,1,1,
"5710441000033117",200,"8427011000001108","Co-amilofruse 5mg/40mg/5ml oral suspension","Co-amilofruse 5mg/40mg/5ml oral suspension","Oral suspension","Oral","Amiloride hydrochloride/ Furosemide","1.000mg/1.000ml + 8.000mg/1.000ml","02020400","0202040B0AAAHAH","02020400","Co-amilofruse 5mg/40mg/5ml oral liquid",,,,,,,,,,,,,1,,,,1,1,
"6012541000033117",200,"8485611000001104","Enalapril 1.25mg/5ml oral suspension","Enalapril 1.25mg/5ml oral suspension","Oral suspension","Oral","Enalapril maleate","250.000microgram/1.000ml","02050501","0205051I0AACBCB","02050501","Enalapril 1.25mg/5ml oral suspension",1,,,,,1,1,,,,1,"Enalapril",1,,,,1,1,
"5967141000033118",200,"8485811000001100","Enalapril 10mg/5ml oral suspension","Enalapril 10mg/5ml oral suspension","Oral suspension","Oral","Enalapril maleate","2.000mg/1.000ml","02050501","0205051I0AACACA","02050501","Enalapril 10mg/5ml oral suspension",1,,,,,1,1,,,,1,"Enalapril",1,,,,1,1,
"5971441000033111",200,"8622211000001103","Lisinopril 2.5mg/5ml oral suspension","Lisinopril 2.5mg/5ml oral suspension","Oral suspension","Oral","Lisinopril","500.000microgram/1.000ml","02050501","0205051L0AAAIAI","02050501","Lisinopril 2.5mg/5ml oral liquid",1,,,,,1,1,,,,1,"Lisinopril",1,,,,1,1,
"4957141000033117",200,"8672911000001108","Propranolol 80mg/5ml oral solution","Propranolol 80mg/5ml oral solution","Oral solution","Oral","Propranolol hydrochloride","16.000mg/1.000ml","02040000","0204000R0AACNCN","02040000","Propranolol 80mg/5ml oral liquid",,,,,,,,,,,,,1,,,,1,1,
"5975441000033113",200,"8727011000001103","Spironolactone 15mg/5ml oral suspension","Spironolactone 15mg/5ml oral suspension","Oral suspension","Oral","Spironolactone","3.000mg/1.000ml","02020300","0202030S0AADCDC","02020300","Spironolactone 15mg/5ml oral suspension",,,,,,,,,,,,,1,,,,1,1,
"3940841000033110",200,"8791811000001109","Captopril 2mg capsules","Captopril 2mg capsules","Capsule","Oral","Captopril","2.000mg","02050501","0205051F0AAAKAK","02050501","Captopril 2mg capsules",1,,,,,1,1,,,,1,"Captopril",1,,,,1,1,
"770441000033111",100,"","Innovace Melt  Wafers  10 mg","","","","","","","","","",1,,,,,1,1,,,,1,"Enalapril",,,,,,,
"770841000033114",100,"","Innovace Melt  Wafers  10 mg","","","","","","","","","",1,,,,,1,1,,,,1,"Enalapril",,,,,,,
"1358641000033114",100,"","Sotalol Hydrochloride  Injection  10 mg/ml","","","","","","","","","",,,,,,,,,,,,,1,,,,1,,
"2517541000033116",100,"","*Rauwolfia Serpentina  Liquid  ","","","","","","","","","",,,,,,,,,,,,,1,,,,1,,
"5817441000033119",100,"10751211000001100","Neozipine XL 30mg tablets (Kent Pharma (UK) Ltd)","Neozipine XL 30mg tablets","Modified-release tablet","Oral","Nifedipine","30.000mg","02060200","0206020R0CHAAAN","02060200","Neozipine XL 30mg tablets",,,,,,,,,,,,,1,,,,1,1,
"5969841000033119",100,"12538711000001107","Hydrochlorothiazide 5mg/5ml oral solution","Hydrochlorothiazide 5mg/5ml oral solution","Oral solution","Oral","Hydrochlorothiazide","1.000mg/1.000ml","02020100","0202010L0AAATAT","02020100","Hydrochlorothiazide 5mg/5ml oral liquid",,,,,,,,,,,,,1,,,,1,1,
"998641000033111",100,"140511000001108","Odrik 2mg capsules (Aventis Pharma)","Odrik 2mg capsules","Capsule","Oral","Trandolapril","2.000mg","02050501","0205051U0BCACAC","02050501","Odrik 2mg capsules",1,,,,,1,1,,,,1,"Trandolapril",1,,,,1,1,
"8275941000033110",100,"14057311000001102","Perindopril erbumine 8mg/5ml oral solution","Perindopril erbumine 8mg/5ml oral solution","Oral solution","Oral","Perindopril erbumine","1.600mg/1.000ml","02050501","0205051M0AAAHAH","02050501","Perindopril erbumine 8mg/5ml oral liquid",1,,,,,1,1,,,,1,"Perindopril",1,,,,1,1,
"8276141000033118",100,"14057411000001109","Perindopril erbumine 8mg/5ml oral suspension","Perindopril erbumine 8mg/5ml oral suspension","Oral suspension","Oral","Perindopril erbumine","1.600mg/1.000ml","02050501","0205051M0AAAHAH","02050501","Perindopril erbumine 8mg/5ml oral liquid",1,,,,,1,1,,,,1,"Perindopril",1,,,,1,1,
"11826141000033119",100,"14160211000001106","Sildenafil 5mg/5ml oral solution","Sildenafil 5mg/5ml oral solution","Oral solution","Oral","Sildenafil citrate","1.000mg/1.000ml","07040500","0704050Z0AAAEAE","07040500","Sildenafil 5mg/5ml oral liquid",1,1,,,,,,,,,1,"Sildenafil",1,,,,1,,
"4273241000033118",100,"14680711000001103","Olmesartan medoxomil 10mg/5ml oral suspension","Olmesartan medoxomil 10mg/5ml oral suspension","Oral suspension","Oral","Olmesartan medoxomil","2.000mg/1.000ml","02050502","0205052B0AAADAD","02050502","Olmesartan medoxomil 10mg/5ml oral liquid",1,,,,,1,,1,,,1,"Olmesartan",1,,,,1,1,
"5971841000033114",100,"15451211000001101","Losartan 100mg/5ml oral suspension","Losartan 100mg/5ml oral suspension","Oral suspension","Oral","Losartan potassium","20.000mg/1.000ml","02050502","0205052N0AAAFAF","02050502","Losartan 100mg/5ml oral liquid",1,,,,,1,,1,,,1,"Losartan",1,,,,1,1,
"9278541000033112",100,"16072811000001103","Spironolactone 3mg / Chlorothiazide 30mg capsules","Spironolactone 3mg / Chlorothiazide 30mg capsules","Capsule","Oral","Chlorothiazide/ Spironolactone","30.000mg + 3.000mg","02020400","0202040S0AAAMAM","02020400","Spironolactone 3mg / Chlorothiazide 30mg capsules",,,,,,,,,,,,,1,,,,1,1,1
"6046741000033119",100,"18249011000001104","Adcirca 20mg tablets (Eli Lilly and Company Ltd)","Adcirca 20mg tablets","Tablet","Oral","Tadalafil","20.000mg","02050100","0205010Z0BBAAAA","02050100","Adcirca 20mg tablets",1,1,,,,,,,,,1,"Tadalafil",1,,,,1,,
"7681541000033117",100,"18520511000001107","Spironolactone 4mg / Chlorothiazide 40mg capsules","Spironolactone 4mg / Chlorothiazide 40mg capsules","Capsule","Oral","Chlorothiazide/ Spironolactone","40.000mg + 4.000mg","02020400","0202040S0AAAHAH","02020400","Spironolactone 4mg / Chlorothiazide 40mg capsules",,,,,,,,,,,,,1,,,,1,1,1
"3333941000033117",100,"19820711000001101","Captopril 8mg/5ml oral suspension","Captopril 8mg/5ml oral suspension","Oral suspension","Oral","Captopril","1.600mg/1.000ml","02050501","0205051F0AADEDE","02050501","Captopril 8mg/5ml oral liquid",1,,,,,1,1,,,,1,"Captopril",1,,,,1,1,
"7755341000033112",100,"20351811000001102","Edarbi 80mg tablets (Takeda UK Ltd)","Edarbi 80mg tablets","Tablet","Oral","Azilsartan medoxomil potassium","80.000mg","02050502","0205052ADBBACAC","02050502","Edarbi 80mg tablets",1,,,,,1,,1,,,1,"Azilsartan",1,1,1,1,1,1,
"8509741000033114",100,"22521211000001105","Nipatra 100mg chewable tablets (Advanz Pharma)","Nipatra 100mg chewable tablets","Chewable tablet","Oral","Sildenafil citrate","100.000mg","07040500","0704050Z0BDACAP","07040500","Nipatra 100mg chewable tablets",1,1,,,,,,,,,1,"Sildenafil",,,,,,,
"3954441000033119",100,"34193711000001108","Furosemide 250mg/25ml solution for injection ampoules","Furosemide 250mg/25ml solution for injection ampoules","Solution for injection","Intravenous/ Intramuscular","Furosemide","10.000mg/1.000ml","02020200","0202020L0AAADAD","02020200","Furosemide 250mg/25ml solution for injection ampoules",,,,,,,,,,,,,1,,,,1,,
"3858741000033112",100,"35912911000001108","Bumetanide 2mg/4ml solution for injection ampoules","Bumetanide 2mg/4ml solution for injection ampoules","Solution for injection","Intravenous/ Intramuscular","Bumetanide","500.000microgram/1.000ml","02020200","0202020D0AAABAB","02020200","Bumetanide 2mg/4ml solution for injection ampoules",,,,,,,,,,,,,1,,,,1,,
"4023641000033112",100,"39716411000001102","Iloprost 10micrograms/1ml nebuliser liquid ampoules","Iloprost 10micrograms/1ml nebuliser liquid ampoules"," Nebuliser liquid","Inhalation","Iloprost trometamol","10.000microgram/1.000ml","02050100","0205010V0AAACAC","02050100","Iloprost 10micrograms/1ml nebuliser liquid ampoules",1,1,,,,,,,,,1,"Iloprost",,,,,,,
"1918941000033117",100,"508511000001105","Pralenal 20 tablets (Opus Pharmaceuticals Ltd)","Pralenal 20 tablets","Tablet","Oral","Enalapril maleate","20.000mg","02050501","0205051I0BEADAD","02050501","Pralenal 20 tablets",1,,,,,1,1,,,,1,"Enalapril",1,1,1,1,1,1,
"1918841000033113",100,"761411000001101","Pralenal 10 tablets (Opus Pharmaceuticals Ltd)","Pralenal 10 tablets","Tablet","Oral","Enalapril maleate","10.000mg","02050501","0205051I0BEACAC","02050501","Pralenal 10 tablets",1,,,,,1,1,,,,1,"Enalapril",1,1,1,1,1,1,
"4521741000033117",100,"8089811000001107","Neofel XL 10mg tablets (Kent Pharma (UK) Ltd)","Neofel XL 10mg tablets","Modified-release tablet","Oral","Felodipine","10.000mg","02060200","0206020F0BLABAC","02060200","Neofel XL 10mg tablets",,,,,,,,,,,,,1,,,,1,1,
"5898741000033114",100,"8347111000001104","Captopril 12.5mg/5ml oral solution","Captopril 12.5mg/5ml oral solution","Oral solution","Oral","Captopril","2.500mg/1.000ml","02050501","0205051F0AABTBT","02050501","Captopril 12.5mg/5ml oral liquid",1,,,,,1,1,,,,1,"Captopril",1,,,,1,1,
"1697641000033111",100,"843411000001105","Slofedipine 20mg tablets (Sterwin Medicines)","Slofedipine 20mg tablets","Modified-release tablet","Oral","Nifedipine","20.000mg","02060200","0206020R0BVAAAR","02060200","Slofedipine 20mg tablets",,,,,,,,,,,,,1,,,,1,1,
"5966941000033118",100,"8452811000001104","Diazoxide 10mg/5ml oral solution","Diazoxide 10mg/5ml oral solution","Oral solution","Oral","Diazoxide","2.000mg/1.000ml","06010400","0601040E0AAAXAX","06010400","Diazoxide 10mg/5ml oral liquid",1,1,,,,,,,,,1,"Diazoxide",1,,,,1,,
"5967041000033117",100,"8485711000001108","Enalapril 10mg/5ml oral solution","Enalapril 10mg/5ml oral solution","Oral solution","Oral","Enalapril maleate","2.000mg/1.000ml","02050501","0205051I0AAAUAU","02050501","Enalapril 10mg/5ml oral solution",1,,,,,1,1,,,,1,"Enalapril",1,,,,1,1,
"5970641000033117",100,"8580811000001101","Irbesartan 150mg/5ml oral suspension","Irbesartan 150mg/5ml oral suspension","Oral suspension","Oral","Irbesartan","30.000mg/1.000ml","02050502","0205052I0AAAFAF","02050502","Irbesartan 150mg/5ml oral suspension",1,,,,,1,,1,,,1,"Irbesartan",1,,,,1,1,
"6487941000033119",100,"8582311000001109","Labetalol 50mg/5ml oral solution","Labetalol 50mg/5ml oral solution","Oral solution","Oral","Labetalol hydrochloride","10.000mg/1.000ml","02040000","0204000I0AAAIAI","02040000","Labetalol 50mg/5ml oral liquid",,,,,,,,,,,,,1,,,,1,,
"5971641000033113",100,"8622911000001107","Lisinopril 7.5mg/5ml oral suspension","Lisinopril 7.5mg/5ml oral suspension","Oral suspension","Oral","Lisinopril","1.500mg/1.000ml","02050501","0205051L0AAANAN","02050501","Lisinopril 7.5mg/5ml oral liquid",1,,,,,1,1,,,,1,"Lisinopril",1,,,,1,1,
"524641000033117",90,"","Enalapril Maleate  Wafers  5 mg","","","","","","","","","",1,,,,,1,1,,,,1,"Enalapril",1,,,,1,,
"5898441000033119",90,"15160211000001100","Bisoprolol 625micrograms/5ml oral solution","Bisoprolol 625micrograms/5ml oral solution","Oral solution","Oral","Bisoprolol fumarate","125.000microgram/1.000ml","02040000","0204000H0AABDBD","02040000","Bisoprolol 625micrograms/5ml oral liquid",,,,,,,,,,,,,1,,,,1,1,
"7755241000033119",90,"20351211000001103","Edarbi 40mg tablets (Takeda UK Ltd)","Edarbi 40mg tablets","Tablet","Oral","Azilsartan medoxomil potassium","40.000mg","02050502","0205052ADBBABAB","02050502","Edarbi 40mg tablets",1,,,,,1,,1,,,1,"Azilsartan",1,1,1,1,1,1,
"1508641000033116",80,"","Verapamil Hydrochloride  Injection  2.5 mg/ml","","","","","","","","","",1,,,,,1,1,,,,1,"Trandolapril",1,,,,1,,
"902441000033114",80,"","Methoserpidine  Tablets  10 mg","","","","","","","","","",,,,,,,,,,,,,1,,,,1,,
"3952641000033110",80,"10189111000001106","Nimodrel XL 30mg tablets (Zurich Pharmaceuticals)","Nimodrel XL 30mg tablets","Modified-release tablet","Oral","Nifedipine","30.000mg","02060200","0206020R0BUACAN","02060200","Nimodrel XL 30mg tablets",,,,,,,,,,,,,1,,,,1,1,
"12107141000033117",80,"10448811000001101","Catapres TTS 1 patches (Imported (Germany))","Catapres TTS 1 patches","Transdermal patch","","Clonidine","100.000microgram/24.000hour","02050200","0205020E0BBAEAF","02050200","Catapres TTS 1 patches",1,,1,,,,,,,,1,"Clonidine",1,,,,1,1,
"5817541000033118",80,"10751411000001101","Neozipine XL 60mg tablets (Kent Pharma (UK) Ltd)","Neozipine XL 60mg tablets","Modified-release tablet","Oral","Nifedipine","60.000mg","02060200","0206020R0CHABAP","02060200","Neozipine XL 60mg tablets",,,,,,,,,,,,,1,,,,1,1,
"5969941000033110",80,"12538811000001104","Hydrochlorothiazide 5mg/5ml oral suspension","Hydrochlorothiazide 5mg/5ml oral suspension","Oral suspension","Oral","Hydrochlorothiazide","1.000mg/1.000ml","02020100","0202010L0AAATAT","02020100","Hydrochlorothiazide 5mg/5ml oral liquid",,,,,,,,,,,,,1,,,,1,1,
"9687241000033116",80,"15535711000001103","Sildenafil 12.5mg/5ml oral suspension","Sildenafil 12.5mg/5ml oral suspension","Oral suspension","Oral","Sildenafil citrate","2.500mg/1.000ml","07040500","0704050Z0AAAIAI","07040500","Sildenafil 12.5mg/5ml oral liquid",1,1,,,,,,,,,1,"Sildenafil",1,,,,1,,
"8263341000033116",80,"21939911000001107","Perindopril tosilate 2.5mg tablets","Perindopril tosilate 2.5mg tablets","Tablet","Oral","Perindopril tosilate","2.500mg","02050501","0205051AAAAAAAA","02050501","Perindopril tosilate 2.5mg tablets",1,,,,,1,1,,,,1,"Perindopril",1,,,,1,1,
"12682641000033113",80,"36106711000001107","Bedranol 80mg tablets (Ennogen Pharma Ltd)","Bedranol 80mg tablets","Tablet","Oral","Propranolol hydrochloride","80.000mg","02040000","0204000R0BDAJAK","02040000","Bedranol 80mg tablets",,,,,,,,,,,,,1,,,,1,1,
"2928441000033115",80,"597511000001109","Tensopril 25mg tablets (Teva UK Ltd)","Tensopril 25mg tablets","Tablet","Oral","Captopril","25.000mg","02050501","0205051F0BEABAE","02050501","Tensopril 25mg tablets",1,,,,,1,1,,,,1,"Captopril",1,1,1,1,1,1,
"5898841000033116",80,"8347211000001105","Captopril 12.5mg/5ml oral suspension","Captopril 12.5mg/5ml oral suspension","Oral suspension","Oral","Captopril","2.500mg/1.000ml","02050501","0205051F0AABTBT","02050501","Captopril 12.5mg/5ml oral liquid",1,,,,,1,1,,,,1,"Captopril",1,,,,1,1,
"5899041000033115",80,"8352011000001100","Captopril 6.25mg/5ml oral suspension","Captopril 6.25mg/5ml oral suspension","Oral suspension","Oral","Captopril","1.250mg/1.000ml","02050501","0205051F0AABXBX","02050501","Captopril 6.25mg/5ml oral liquid",1,,,,,1,1,,,,1,"Captopril",1,,,,1,1,
"4575941000033115",70,"13811611000001108","Doxzogen XL 4mg tablets (Viatris UK Healthcare Ltd)","Doxzogen XL 4mg tablets","Modified-release tablet","Oral","Doxazosin mesilate","4.000mg","02050400","0205040D0BIAAAQ","02050400","Doxzogen XL 4mg tablets",1,,,,1,,,,,,1,"Doxazosin",1,,,,1,1,
"5401741000033110",70,"8306711000001109","Bendroflumethiazide 5mg/5ml oral suspension","Bendroflumethiazide 5mg/5ml oral suspension","Oral suspension","Oral","Bendroflumethiazide","1.000mg/1.000ml","02020100","0202010B0AAAQAQ","02020100","Bendroflumethiazide 5mg/5ml oral suspension",,,,,,,,,,,,,1,,,,1,1,
"5966841000033114",70,"8452911000001109","Diazoxide 10mg/5ml oral suspension","Diazoxide 10mg/5ml oral suspension","Oral suspension","Oral","Diazoxide","2.000mg/1.000ml","06010400","0601040E0AAAXAX","06010400","Diazoxide 10mg/5ml oral liquid",1,1,,,,,,,,,1,"Diazoxide",1,,,,1,,
"2908541000033114",60,"35930811000001109","Sotalol 40mg/4ml solution for injection ampoules","Sotalol 40mg/4ml solution for injection ampoules","Solution for injection","Intravenous","Sotalol hydrochloride","10.000mg/1.000ml","02040000","0204000T0AAAHAH","02040000","Sotalol 40mg/4ml solution for injection ampoules",,,,,,,,,,,,,1,1,1,1,1,,
"5401641000033118",60,"8347411000001109","Captopril 15mg/5ml oral suspension","Captopril 15mg/5ml oral suspension","Oral suspension","Oral","Captopril","3.000mg/1.000ml","02050501","0205051F0AACGCG","02050501","Captopril 15mg/5ml oral liquid",1,,,,,1,1,,,,1,"Captopril",1,,,,1,1,
"5971541000033112",60,"8622811000001102","Lisinopril 7.5mg/5ml oral solution","Lisinopril 7.5mg/5ml oral solution","Oral solution","Oral","Lisinopril","1.500mg/1.000ml","02050501","0205051L0AAANAN","02050501","Lisinopril 7.5mg/5ml oral liquid",1,,,,,1,1,,,,1,"Lisinopril",1,,,,1,1,
"5998141000033117",60,"8672811000001103","Propranolol 40mg/5ml oral suspension","Propranolol 40mg/5ml oral suspension","Oral suspension","Oral","Propranolol hydrochloride","8.000mg/1.000ml","02040000","0204000R0AACLCL","02040000","Propranolol 40mg/5ml oral liquid",,,,,,,,,,,,,1,,,,1,1,
"770541000033112",50,"","Innovace Melt  Wafers  2.5 mg","","","","","","","","","",1,,,,,1,1,,,,1,"Enalapril",,,,,,,
"1165041000033114",50,"","Reserpine  Tablets  0.25 mg","","","","","","","","","",,,,,,,,,,,,,1,,,,1,,
"5492841000033111",50,"20434311000001100","Vastarel MR 35mg tablets (Imported (France))","Vastarel MR 35mg tablets","Modified-release tablet","","Trimetazidine dihydrochloride","35.000mg","02060200","0206020B0BBABAB","02060200","Vastarel MR 35mg tablets",,,,,,,,,,,,,1,,,,1,1,
"196241000033111",50,"364911000001108","Catapres 150micrograms/1ml solution for injection ampoules (Glenwood GmbH)","Catapres 150micrograms/1ml solution for injection ampoules","Solution for injection","Intravenous","Clonidine hydrochloride","150.000microgram/1.000ml","02050200","0205020E0BBADAB","02050200","Catapres 150micrograms/1ml solution for injection ampoules",1,,1,,,,,,,,1,"Clonidine",1,,,,1,,
"2638141000033114",50,"405411000001107","Bipranix 10mg tablets (Ashbourne Pharmaceuticals Ltd)","Bipranix 10mg tablets","Tablet","Oral","Bisoprolol fumarate","10.000mg","02040000","0204000H0BGABAB","02040000","Bipranix 10mg tablets",,,,,,,,,,,,,1,1,1,1,1,1,
"2641041000033116",50,"4129511000001107","Zolvera 40mg/5ml oral solution (Rosemont Pharmaceuticals Ltd)","Zolvera 40mg/5ml oral solution","Oral solution","Oral","Verapamil hydrochloride","8.000mg/1.000ml","02060200","0206020T0BKAAAV","02060200","Zolvera 40mg/5ml oral solution",1,,,,,1,1,,,,1,"Trandolapril",1,,,,1,1,
"1918641000033112",50,"448611000001106","Pralenal 2.5 tablets (Opus Pharmaceuticals Ltd)","Pralenal 2.5 tablets","Tablet","Oral","Enalapril maleate","2.500mg","02050501","0205051I0BEAAAA","02050501","Pralenal 2.5 tablets",1,,,,,1,1,,,,1,"Enalapril",1,1,1,1,1,1,
"5898941000033112",50,"8351911000001107","Captopril 6.25mg/5ml oral solution","Captopril 6.25mg/5ml oral solution","Oral solution","Oral","Captopril","1.250mg/1.000ml","02050501","0205051F0AABXBX","02050501","Captopril 6.25mg/5ml oral liquid",1,,,,,1,1,,,,1,"Captopril",1,,,,1,1,
"770641000033113",40,"","Innovace Melt  Wafers  20 mg","","","","","","","","","",1,,,,,1,1,,,,1,"Enalapril",,,,,,,
"1618441000033111",40,"","Hydralazine Hydrochloride  Tablets  12.5 mg","","","","","","","","","",1,1,,,,,,,,,1,"Hydralazine",1,,,,1,,
"12118541000033113",40,"10449311000001104","Catapres TTS 3 patches (Imported (Germany))","Catapres TTS 3 patches","Transdermal patch","","Clonidine","300.000microgram/24.000hour","02050200","0205020E0BBAGAH","02050200","Catapres TTS 3 patches",1,,1,,,,,,,,1,"Clonidine",1,,,,1,1,
"5816941000033110",40,"158411000001105","Bi-Carzem XL 300mg capsules (Tillomed Laboratories Ltd)","Bi-Carzem XL 300mg capsules","Modified-release capsule","Oral","Diltiazem hydrochloride","300.000mg","02060200","0206020C0BRAEAE","02060200","Bi-Carzem XL 300mg capsules",,,,,,,,,,,,,1,,,,1,1,
"9157641000033112",40,"24408511000001109","Riociguat 2.5mg tablets","Riociguat 2.5mg tablets","Tablet","Oral","Riociguat","2.500mg","02050100","0205010ABAAAEAE","02050100","Riociguat 2.5mg tablets",1,1,,,,,,,,,1,"Riociguat",1,,,,1,,
"13788341000033118",40,"39214711000001106","Dexipress MR 20mg tablets (Dexcel-Pharma Ltd)","Dexipress MR 20mg tablets","Modified-release tablet","Oral","Nifedipine","20.000mg","02060200","0206020R0CKAAAR","02060200","Dexipress MR 20mg tablets",,,,,,,,,,,,,1,,,,,1,
"12877141000033119",40,"414426001","Hydralazine 10mg tablets","Hydralazine 10mg tablets","Tablet","Oral","Hydralazine hydrochloride","10.000mg","02050100","","","",1,1,,,,,,,,,1,"Hydralazine",1,,,,1,,
"13127941000033115",40,"4897711000001106","Iloprost 50micrograms/0.5ml solution for infusion ampoules","Iloprost 50micrograms/0.5ml solution for infusion ampoules","Solution for infusion","Intravenous","Iloprost trometamol","100.000microgram/1.000ml","02050100","0205010V0AAABAB","02050100","Iloprost 50micrograms/0.5ml solution for infusion ampoules",1,1,,,,,,,,,1,"Iloprost",1,,,,1,,
"5816841000033119",40,"884811000001103","Bi-Carzem XL 240mg capsules (Tillomed Laboratories Ltd)","Bi-Carzem XL 240mg capsules","Modified-release capsule","Oral","Diltiazem hydrochloride","240.000mg","02060200","0206020C0BRADAW","02060200","Bi-Carzem XL 240mg capsules",,,,,,,,,,,,,1,,,,1,1,
"524541000033118",30,"","Enalapril Maleate  Wafers  20 mg","","","","","","","","","",1,,,,,1,1,,,,1,"Enalapril",1,,,,1,,
"177441000033116",30,"","Catapres  Capsules  0.25 mg","","","","","","","","","",1,,1,,,,,,,,1,"Clonidine",,,,,,,
"5997541000033113",30,"","Perindopril  Oral solution  8 mg/5 ml","","","","","","","","","",1,,,,,1,1,,,,1,"Perindopril",1,,,,1,,
"4156341000033119",30,"11394311000001108","Sitaxentan 100mg tablets","Sitaxentan 100mg tablets","Tablet","Oral","Sitaxentan sodium","100.000mg","02050100","0205010W0AAAAAA","02050100","Sitaxentan 100mg tablets",1,1,,,,,,,,,1,"Sitaxentan",1,,,,1,,
"6435741000033117",30,"19481911000001105","Irbesartan 37.5mg oral powder sachets","Irbesartan 37.5mg oral powder sachets"," Powder","Oral","Irbesartan","37.500mg","02050502","0205052I0AAALAL","02050502","Irbesartan 37.5mg oral powder sachets",1,,,,,1,,1,,,1,"Irbesartan",1,,,,1,1,
"7755141000033114",30,"20350911000001100","Edarbi 20mg tablets (Takeda UK Ltd)","Edarbi 20mg tablets","Tablet","Oral","Azilsartan medoxomil potassium","20.000mg","02050502","0205052ADBBAAAA","02050502","Edarbi 20mg tablets",1,,,,,1,,1,,,1,"Azilsartan",1,1,1,1,1,1,
"8508941000033119",30,"22519511000001100","Nipatra 50mg chewable tablets (Advanz Pharma)","Nipatra 50mg chewable tablets","Chewable tablet","Oral","Sildenafil citrate","50.000mg","07040500","0704050Z0BDABAN","07040500","Nipatra 50mg chewable tablets",1,1,,,,,,,,,1,"Sildenafil",,,,,,,
"8554141000033116",30,"22720311000001108","Ifirmasta 75mg tablets (Krka UK Ltd)","Ifirmasta 75mg tablets","Tablet","Oral","Irbesartan","75.000mg","02050502","0205052I0BEAAAA","02050502","Ifirmasta 75mg tablets",1,,,,,1,,1,,,1,"Irbesartan",1,,,,1,1,
"9157341000033116",30,"24408411000001105","Riociguat 1mg tablets","Riociguat 1mg tablets","Tablet","Oral","Riociguat","1.000mg","02050100","0205010ABAAABAB","02050100","Riociguat 1mg tablets",1,1,,,,,,,,,1,"Riociguat",1,,,,1,,
"11734641000033115",30,"32963211000001108","Selexipag 200microgram tablets","Selexipag 200microgram tablets","Tablet","Oral","Selexipag","200.000microgram","02050100","","","",1,1,,,,,,,,,1,"Selexipag",1,,,,1,,
"1119641000033117",30,"35932611000001106","Propranolol 1mg/1ml solution for injection ampoules","Propranolol 1mg/1ml solution for injection ampoules","Solution for injection","Intravenous","Propranolol hydrochloride","1.000mg/1.000ml","02040000","0204000R0AAACAC","02040000","Propranolol 1mg/1ml solution for injection ampoules",,,,,,,,,,,,,1,1,1,1,1,,
"811341000033119",30,"36037611000001104","Labetalol 100mg/20ml solution for injection ampoules","Labetalol 100mg/20ml solution for injection ampoules","Solution for injection","Intravenous","Labetalol hydrochloride","5.000mg/1.000ml","02040000","0204000I0AAAAAA","02040000","Labetalol 100mg/20ml solution for injection ampoules",,,,,,,,,,,,,1,1,1,1,1,,
"655241000033111",30,"36053311000001103","Guanethidine 10mg/1ml solution for injection ampoules","Guanethidine 10mg/1ml solution for injection ampoules","Solution for injection","Intramuscular","Guanethidine monosulfate","10.000mg/1.000ml","02050300","0205030N0AAAAAA","02050300","Guanethidine 10mg/1ml solution for injection ampoules",1,,,1,,,,,,,1,"Guanethidine",,,,,,,
"887141000033113",30,"3631211000001109","Metoprolol 5mg/5ml solution for injection ampoules","Metoprolol 5mg/5ml solution for injection ampoules","Solution for injection","Intravenous","Metoprolol tartrate","1.000mg/1.000ml","02040000","0204000K0AAAAAA","02040000","Metoprolol 5mg/5ml solution for injection ampoules",,,,,,,,,,,,,1,1,1,1,1,,
"1357141000033115",30,"375899001","Sodium nitroprusside 50mg powder for solution for infusion vials","","","","","","","","","",,,,,,,,,,,,,1,,,,1,,
"998541000033110",30,"432911000001102","Odrik 1mg capsules (Aventis Pharma)","Odrik 1mg capsules","Capsule","Oral","Trandolapril","1.000mg","02050501","0205051U0BCABAB","02050501","Odrik 1mg capsules",1,,,,,1,1,,,,1,"Trandolapril",1,,,,1,1,
"2928541000033119",30,"653111000001108","Tensopril 50mg tablets (Teva UK Ltd)","Tensopril 50mg tablets","Tablet","Oral","Captopril","50.000mg","02050501","0205051F0BEACAF","02050501","Tensopril 50mg tablets",1,,,,,1,1,,,,1,"Captopril",1,1,1,1,1,1,
"5595341000033117",20,"","Captopril  Oral Suspension Sugar Free  2 mg/ml","","","","","","","","","",1,,,,,1,1,,,,1,"Captopril",1,,,,1,,
"3952741000033118",20,"10189311000001108","Nimodrel XL 60mg tablets (Zurich Pharmaceuticals)","Nimodrel XL 60mg tablets","Modified-release tablet","Oral","Nifedipine","60.000mg","02060200","0206020R0BUADAP","02060200","Nimodrel XL 60mg tablets",,,,,,,,,,,,,1,,,,1,1,
"8182141000033114",20,"11652011000001102","Diazoxide 12.5mg/5ml oral suspension","Diazoxide 12.5mg/5ml oral suspension","Oral suspension","Oral","Diazoxide","2.500mg/1.000ml","06010400","0601040E0AAARAR","06010400","Diazoxide 12.5mg/5ml oral liquid",1,1,,,,,,,,,1,"Diazoxide",1,,,,1,,
"5898541000033118",20,"15160311000001108","Bisoprolol 625micrograms/5ml oral suspension","Bisoprolol 625micrograms/5ml oral suspension","Oral suspension","Oral","Bisoprolol fumarate","125.000microgram/1.000ml","02040000","0204000H0AABDBD","02040000","Bisoprolol 625micrograms/5ml oral liquid",,,,,,,,,,,,,1,,,,1,1,
"6045641000033115",20,"18149011000001101","Neo-Naclex 2.5mg tablets (Advanz Pharma)","Neo-Naclex 2.5mg tablets","Tablet","Oral","Bendroflumethiazide","2.500mg","02020100","0202010B0BEABAB","02020100","Neo-Naclex 2.5mg tablets",,,,,,,,,,,,,1,,,,1,1,
"6139041000033116",20,"18759511000001104","Revatio 10mg/12.5ml solution for injection vials (Viatris UK Healthcare Ltd)","Revatio 10mg/12.5ml solution for injection vials","Solution for injection","Intravenous","Sildenafil citrate","0.800mg/1.000ml","02050100","0205010Y0BBACAC","02050100","Revatio 10mg/12.5ml solution for injection vials",1,1,,,,,,,,,1,"Sildenafil",1,,,,1,,
"2956041000033112",20,"220711000001102","Amoride 5mg tablets (Dr Reddy's Laboratories (UK) Ltd)","Amoride 5mg tablets","Tablet","Oral","Amiloride hydrochloride","5.000mg","02020300","0202030C0BEAAAC","02020300","Amoride 5mg tablets",,,,,,,,,,,,,1,,,,1,1,
"8554341000033118",20,"22720811000001104","Ifirmasta 300mg tablets (Krka UK Ltd)","Ifirmasta 300mg tablets","Tablet","Oral","Irbesartan","300.000mg","02050502","0205052I0BEACAC","02050502","Ifirmasta 300mg tablets",1,,,,,1,,1,,,1,"Irbesartan",1,,,,1,1,
"9157241000033114",20,"24408711000001104","Riociguat 500microgram tablets","Riociguat 500microgram tablets","Tablet","Oral","Riociguat","500.000microgram","02050100","0205010ABAAAAAA","02050100","Riociguat 500microgram tablets",1,1,,,,,,,,,1,"Riociguat",1,,,,1,,
"9159541000033117",20,"24413611000001103","Actelsar HCT 80mg/25mg tablets (Accord Healthcare Ltd)","Actelsar HCT 80mg/25mg tablets","Tablet","Oral","Hydrochlorothiazide/ Telmisartan","25.000mg + 80.000mg","02050502","0205052R0BCACAC","02050502","Actelsar HCT 80mg/25mg tablets",1,,,,,1,,1,,,1,"Telmisartan",1,,,,1,1,1
"11734741000033112",20,"32964011000001101","Selexipag 400microgram tablets","Selexipag 400microgram tablets","Tablet","Oral","Selexipag","400.000microgram","02050100","","","",1,1,,,,,,,,,1,"Selexipag",1,,,,1,,
"12443741000033115",20,"34986511000001109","Iloprost 20micrograms/1ml nebuliser liquid ampoules","Iloprost 20micrograms/1ml nebuliser liquid ampoules"," Nebuliser liquid","Inhalation","Iloprost trometamol","20.000microgram/1.000ml","02050100","0205010V0AAADAD","02050100","Iloprost 20micrograms/1ml nebuliser liquid ampoules",1,1,,,,,,,,,1,"Iloprost",,,,,,,
"448841000033117",20,"36097811000001109","Diazoxide 300mg/20ml solution for injection ampoules","Diazoxide 300mg/20ml solution for injection ampoules","Solution for injection","Intravenous","Diazoxide","15.000mg/1.000ml","02050100","0205010E0AAAAAA","02050100","Diazoxide 300mg/20ml solution for injection ampoules",1,1,,,,,,,,,1,"Diazoxide",1,,,,1,,
"12682741000033116",20,"36107111000001109","Bedranol 160mg tablets (Ennogen Pharma Ltd)","Bedranol 160mg tablets","Tablet","Oral","Propranolol hydrochloride","160.000mg","02040000","0204000R0BDAHAL","02040000","Bedranol 160mg tablets",,,,,,,,,,,,,1,,,,1,1,
"4260341000033110",20,"36149611000001100","Verapamil 5mg/2ml solution for injection ampoules","Verapamil 5mg/2ml solution for injection ampoules","Solution for injection","Intravenous","Verapamil hydrochloride","2.500mg/1.000ml","02060200","0206020T0AAAAAA","02060200","Verapamil 5mg/2ml solution for injection ampoules",1,,,,,1,1,,,,1,"Trandolapril",1,,,,1,,
"13443541000033119",20,"38240011000001105","Lisoretic 20mg/12.5mg tablets (Bristol Laboratories Ltd)","Lisoretic 20mg/12.5mg tablets","Tablet","Oral","Hydrochlorothiazide/ Lisinopril","12.500mg + 20.000mg","02050501","0205051K0BFAAAA","02050501","Lisoretic 20mg/12.5mg tablets",1,,,,,1,1,,,,1,"Lisinopril",1,,,,,1,
"3279541000033115",20,"8145711000001102","Lisicostad 10mg/12.5mg tablets (Genus Pharmaceuticals Ltd)","Lisicostad 10mg/12.5mg tablets","Tablet","Oral","Hydrochlorothiazide/ Lisinopril","12.500mg + 10.000mg","02050501","0205051K0BEAAAB","02050501","Lisicostad 10mg/12.5mg tablets",1,,,,,1,1,,,,1,"Lisinopril",1,1,1,1,1,1,1
"6468341000033117",20,"8452611000001103","Diazoxide 100mg/5ml oral solution","Diazoxide 100mg/5ml oral solution","Oral solution","Oral","Diazoxide","20.000mg/1.000ml","06010400","0601040E0AAAPAP","06010400","Diazoxide 100mg/5ml oral liquid",1,1,,,,,,,,,1,"Diazoxide",1,,,,1,,
"11072741000033116",20,"8580911000001106","Hydralazine 25mg/5ml oral solution","Hydralazine 25mg/5ml oral solution","Oral solution","Oral","Hydralazine hydrochloride","5.000mg/1.000ml","02050100","0205010J0AAA8A8","02050100","Hydralazine 25mg/5ml oral liquid",1,1,,,,,,,,,1,"Hydralazine",1,,,,1,1,
"770941000033118",10,"","Innovace Melt  Wafers  2.5 mg","","","","","","","","","",1,,,,,1,1,,,,1,"Enalapril",,,,,,,
"524441000033119",10,"","Enalapril Maleate  Wafers  2.5 mg","","","","","","","","","",1,,,,,1,1,,,,1,"Enalapril",1,,,,1,,
"8196641000033116",10,"21574611000001109","Zaroxolyn 5mg tablets (Imported (Canada))","Zaroxolyn 5mg tablets","Tablet","","Metolazone","5.000mg","02020100","0202010V0BEABAA","02020100","Zaroxolyn 5mg tablets",,,,,,,,,,,,,1,,,,1,,
"8962641000033115",10,"23705711000001101","Opsumit 10mg tablets (Janssen-Cilag Ltd)","Opsumit 10mg tablets","Tablet","Oral","Macitentan","10.000mg","02050100","0205010AABBAAAA","02050100","Opsumit 10mg tablets",1,1,,,,,,,,,1,"Macitentan",1,,,,1,,
"9157441000033110",10,"24408311000001103","Riociguat 1.5mg tablets","Riociguat 1.5mg tablets","Tablet","Oral","Riociguat","1.500mg","02050100","0205010ABAAACAC","02050100","Riociguat 1.5mg tablets",1,1,,,,,,,,,1,"Riociguat",1,,,,1,,
"9159341000033112",10,"24411411000001100","Actelsar HCT 40mg/12.5mg tablets (Actavis UK Ltd)","Actelsar HCT 40mg/12.5mg tablets","Tablet","Oral","Hydrochlorothiazide/ Telmisartan","12.500mg + 40.000mg","02050502","0205052R0BCAAAA","02050502","Actelsar HCT 40mg/12.5mg tablets",1,,,,,1,,1,,,1,"Telmisartan",1,,,,1,1,1
"10217641000033116",10,"28882211000001100","Molap 4mg tablets (Rivopharm (UK) Ltd)","Molap 4mg tablets","Tablet","Oral","Lacidipine","4.000mg","02060200","0206020K0BDAAAB","02060200","Molap 4mg tablets",,,,,,,,,,,,,1,,,,1,1,
"11735041000033110",10,"32965211000001107","Selexipag 1mg tablets","Selexipag 1mg tablets","Tablet","Oral","Selexipag","1.000mg","02050100","","","",1,1,,,,,,,,,1,"Selexipag",1,,,,1,,
"734141000033114",10,"34193811000001100","Hydralazine 20mg powder for solution for injection ampoules","Hydralazine 20mg powder for solution for injection ampoules","Powder for solution for injection","Intravenous","Hydralazine hydrochloride","20.000mg","02050100","0205010J0AAAKAK","02050100","Hydralazine 20mg powder for solution for injection ampoules",1,1,,,,,,,,,1,"Hydralazine",1,,,,1,,
"13443441000033115",10,"38240211000001100","Lisoretic 10mg/12.5mg tablets (Bristol Laboratories Ltd)","Lisoretic 10mg/12.5mg tablets","Tablet","Oral","Hydrochlorothiazide/ Lisinopril","12.500mg + 10.000mg","02050501","0205051K0BFABAB","02050501","Lisoretic 10mg/12.5mg tablets",1,,,,,1,1,,,,1,"Lisinopril",1,,,,,1,
"1461441000033115",10,"4413911000001106","Trandate 100mg/20ml solution for injection ampoules (Focus Pharmaceuticals Ltd)","Trandate 100mg/20ml solution for injection ampoules","Solution for injection","Intravenous","Labetalol hydrochloride","5.000mg/1.000ml","02040000","0204000I0BCAEAA","02040000","Trandate 100mg/20ml solution for injection ampoules",,,,,,,,,,,,,1,,,,1,,
"2846241000033113",10,"4765711000001100","Tracleer 125mg tablets (Janssen-Cilag Ltd)","Tracleer 125mg tablets","Tablet","Oral","Bosentan monohydrate","125.000mg","02050100","0205010U0BBABAB","02050100","Tracleer 125mg tablets",1,1,,,,,,,,,1,"Bosentan",1,,,,1,,
"2928341000033114",10,"673711000001107","Tensopril 12.5mg tablets (Teva UK Ltd)","Tensopril 12.5mg tablets","Tablet","Oral","Captopril","12.500mg","02050501","0205051F0BEAAAD","02050501","Tensopril 12.5mg tablets",1,,,,,1,1,,,,1,"Captopril",1,1,1,1,1,1,
"9121641000033116",10,"7387911000001103","Parmid XL 5mg tablets (Sandoz Ltd)","Parmid XL 5mg tablets","Modified-release tablet","Oral","Felodipine","5.000mg","02060200","0206020F0BJAAAB","02060200","Parmid XL 5mg tablets",,,,,,,,,,,,,1,,,,1,1,
"9121741000033113",10,"7388311000001103","Parmid XL 10mg tablets (Sandoz Ltd)","Parmid XL 10mg tablets","Modified-release tablet","Oral","Felodipine","10.000mg","02060200","0206020F0BJABAC","02060200","Parmid XL 10mg tablets",,,,,,,,,,,,,1,,,,1,1,
"12117941000033118",10,"7657311000001101","Catapres TTS 2 patches (Imported (Germany))","Catapres TTS 2 patches","Transdermal patch","","Clonidine","200.000microgram/24.000hour","02050200","0205020E0BBAFAG","02050200","Catapres TTS 2 patches",1,,1,,,,,,,,1,"Clonidine",1,,,,1,1,
"6468441000033111",10,"8452711000001107","Diazoxide 100mg/5ml oral suspension","Diazoxide 100mg/5ml oral suspension","Oral suspension","Oral","Diazoxide","20.000mg/1.000ml","06010400","0601040E0AAAPAP","06010400","Diazoxide 100mg/5ml oral liquid",1,1,,,,,,,,,1,"Diazoxide",1,,,,1,,
"5454041000033117",10,"8791911000001104","Captopril 4mg capsules","Captopril 4mg capsules","Capsule","Oral","Captopril","4.000mg","02050501","0205051F0AAA2A2","02050501","Captopril 4mg capsules",1,,,,,1,1,,,,1,"Captopril",1,,,,1,1,
"2866041000033110",10,"9105811000001100","Vivacor 5mg tablets (Lexon (UK) Ltd)","Vivacor 5mg tablets","Tablet","Oral","Bisoprolol fumarate","5.000mg","02040000","0204000H0BJAAAA","02040000","Vivacor 5mg tablets",,,,,,,,,,,,,1,1,1,1,1,1,
"2866141000033114",10,"9739311000001105","Vivacor 10mg tablets (Lexon (UK) Ltd)","Vivacor 10mg tablets","Tablet","Oral","Bisoprolol fumarate","10.000mg","02040000","0204000H0BJABAB","02040000","Vivacor 10mg tablets",,,,,,,,,,,,,1,1,1,1,1,1,
"771041000033111",9,"","Innovace Melt  Wafers  20 mg","","","","","","","","","",1,,,,,1,1,,,,1,"Enalapril",,,,,,,
"4288341000033111",9,"11812211000001105","Oxandosin XL 4mg tablets (Ratiopharm UK Ltd)","Oxandosin XL 4mg tablets","Modified-release tablet","Oral","Doxazosin mesilate","4.000mg","02050400","0205040D0BHAAAQ","02050400","Oxandosin XL 4mg tablets",1,,,,1,,,,,,1,"Doxazosin",1,,,,1,1,
"4571241000033110",9,"13824811000001102","Ethibide XL 1.5mg tablets (Genus Pharmaceuticals Ltd)","Ethibide XL 1.5mg tablets","Modified-release tablet","Oral","Indapamide","1.500mg","02020100","0202010P0BGAAAD","02020100","Ethibide XL 1.5mg tablets",,,,,,,,,,,,,1,,,,1,1,
"5128741000033110",9,"15600711000001107","Mapemid XL 1.5mg tablets (Teva UK Ltd)","Mapemid XL 1.5mg tablets","Modified-release tablet","Oral","Indapamide","1.500mg","02020100","0202010P0BKAAAD","02020100","Mapemid XL 1.5mg tablets",,,,,,,,,,,,,1,,,,1,1,
"8554241000033111",9,"22720611000001103","Ifirmasta 150mg tablets (Krka UK Ltd)","Ifirmasta 150mg tablets","Tablet","Oral","Irbesartan","150.000mg","02050502","0205052I0BEABAB","02050502","Ifirmasta 150mg tablets",1,,,,,1,,1,,,1,"Irbesartan",1,,,,1,1,
"8946141000033118",9,"23593111000001101","Vizarsin 100mg tablets (Krka UK Ltd)","Vizarsin 100mg tablets","Tablet","Oral","Sildenafil citrate","100.000mg","07040500","0704050Z0BEADAC","07040500","Vizarsin 100mg tablets",1,1,,,,,,,,,1,"Sildenafil",1,,,,1,,
"9159441000033118",9,"24412511000001109","Actelsar HCT 80mg/12.5mg tablets (Actavis UK Ltd)","Actelsar HCT 80mg/12.5mg tablets","Tablet","Oral","Hydrochlorothiazide/ Telmisartan","12.500mg + 80.000mg","02050502","0205052R0BCABAB","02050502","Actelsar HCT 80mg/12.5mg tablets",1,,,,,1,,1,,,1,"Telmisartan",1,,,,1,1,1
"11734841000033119",9,"32964411000001105","Selexipag 600microgram tablets","Selexipag 600microgram tablets","Tablet","Oral","Selexipag","600.000microgram","02050100","","","",1,1,,,,,,,,,1,"Selexipag",1,,,,1,,
"10024941000033116",8,"28365711000001103","Bisoprolol 5mg / Aspirin 75mg capsules","Bisoprolol 5mg / Aspirin 75mg capsules","Capsule","Oral","Aspirin/ Bisoprolol fumarate","75.000mg + 5.000mg","02040000","0204000ACAAAAAA","02040000","Bisoprolol 5mg / Aspirin 75mg capsules",,,,,,,,,,,,,1,,,,1,,
"10713941000033113",8,"30798811000001102","Bumetanide 5mg/5ml oral suspension","Bumetanide 5mg/5ml oral suspension","Oral suspension","Oral","Bumetanide","1.000mg/1.000ml","02020200","0202020D0AAAGAG","02020200","Bumetanide 5mg/5ml oral suspension",,,,,,,,,,,,,1,,,,1,,
"11735341000033112",8,"32966411000001102","Selexipag 1.6mg tablets","Selexipag 1.6mg tablets","Tablet","Oral","Selexipag","1.600mg","02050100","","","",1,1,,,,,,,,,1,"Selexipag",1,,,,1,,
"2945941000033116",8,"817411000001108","Ecopace 25mg tablets (Advanz Pharma)","Ecopace 25mg tablets","Tablet","Oral","Captopril","25.000mg","02050501","0205051F0BDABAE","02050501","Ecopace 25mg tablets",1,,,,,1,1,,,,1,"Captopril",1,1,1,1,1,1,
"771141000033110",7,"","Innovace Melt  Wafers  5 mg","","","","","","","","","",1,,,,,1,1,,,,1,"Enalapril",,,,,,,
"5975541000033114",7,"13353511000001101","Spironolactone 250mg/5ml oral solution","Spironolactone 250mg/5ml oral solution","Oral solution","Oral","Spironolactone","50.000mg/1.000ml","02020300","0202030S0AACZCZ","02020300","Spironolactone 250mg/5ml oral liquid",,,,,,,,,,,,,1,,,,1,1,
"998741000033119",7,"227511000001106","Odrik 500microgram capsules (Aventis Pharma)","Odrik 500microgram capsules","Capsule","Oral","Trandolapril","500.000microgram","02050501","0205051U0BCAAAA","02050501","Odrik 500microgram capsules",1,,,,,1,1,,,,1,"Trandolapril",1,,,,1,1,
"8946341000033115",7,"23592911000001105","Vizarsin 50mg tablets (Krka UK Ltd)","Vizarsin 50mg tablets","Tablet","Oral","Sildenafil citrate","50.000mg","07040500","0704050Z0BEABAA","07040500","Vizarsin 50mg tablets",1,1,,,,,,,,,1,"Sildenafil",1,,,,1,,
"3136141000033118",7,"7385711000001106","Caralpha 20mg/12.5mg tablets (Actavis UK Ltd)","Caralpha 20mg/12.5mg tablets","Tablet","Oral","Hydrochlorothiazide/ Lisinopril","12.500mg + 20.000mg","02050501","0205051K0BDABAA","02050501","Caralpha 20mg/12.5mg tablets",1,,,,,1,1,,,,1,"Lisinopril",1,,,,1,1,1
"3136041000033117",7,"7385911000001108","Caralpha 10mg/12.5mg tablets (Actavis UK Ltd)","Caralpha 10mg/12.5mg tablets","Tablet","Oral","Hydrochlorothiazide/ Lisinopril","12.500mg + 10.000mg","02050501","0205051K0BDAAAB","02050501","Caralpha 10mg/12.5mg tablets",1,,,,,1,1,,,,1,"Lisinopril",1,,,,1,1,
"4023741000033115",6,"11383311000001107","Ventavis 10micrograms/ml nebuliser solution 1ml ampoules (Bayer Plc)","Ventavis 10micrograms/ml nebuliser solution 1ml ampoules"," Nebuliser liquid","Inhalation","Iloprost trometamol","10.000microgram/1.000ml","02050100","0205010V0BBAAAC","02050100","Ventavis 10micrograms/ml nebuliser solution 1ml ampoules",1,1,,,,,,,,,1,"Iloprost",,,,,,,
"5975641000033110",6,"13353611000001102","Spironolactone 250mg/5ml oral suspension","Spironolactone 250mg/5ml oral suspension","Oral suspension","Oral","Spironolactone","50.000mg/1.000ml","02020300","0202030S0AACZCZ","02020300","Spironolactone 250mg/5ml oral liquid",,,,,,,,,,,,,1,,,,1,1,
"9292641000033116",6,"24573211000001101","Tolucombi 40mg/12.5mg tablets (Krka UK Ltd)","Tolucombi 40mg/12.5mg tablets","Tablet","Oral","Hydrochlorothiazide/ Telmisartan","12.500mg + 40.000mg","02050502","0205052R0BDAAAA","02050502","Tolucombi 40mg/12.5mg tablets",1,,,,,1,,1,,,1,"Telmisartan",1,,,,1,1,1
"10025241000033112",6,"28365311000001102","Bisoprolol 10mg / Aspirin 100mg capsules","Bisoprolol 10mg / Aspirin 100mg capsules","Capsule","Oral","Aspirin/ Bisoprolol fumarate","100.000mg + 10.000mg","02040000","0204000ACAAACAC","02040000","Bisoprolol 10mg / Aspirin 100mg capsules",,,,,,,,,,,,,1,,,,1,,
"11734941000033110",6,"32964811000001107","Selexipag 800microgram tablets","Selexipag 800microgram tablets","Tablet","Oral","Selexipag","800.000microgram","02050100","","","",1,1,,,,,,,,,1,"Selexipag",1,,,,1,,
"11735141000033114",6,"32965611000001109","Selexipag 1.2mg tablets","Selexipag 1.2mg tablets","Tablet","Oral","Selexipag","1.200mg","02050100","","","",1,1,,,,,,,,,1,"Selexipag",1,,,,1,,
"2952241000033115",6,"721811000001108","Zildil SR 60mg capsules (Healthcare Pharma Ltd)","Zildil SR 60mg capsules","Modified-release capsule","Oral","Diltiazem hydrochloride","60.000mg","02060200","0206020C0BSAAAJ","02060200","Zildil SR 60mg capsules",,,,,,,,,,,,,1,,,,1,1,
"11567441000033119",5,"13078011000001104","Prazosin 500micrograms/5ml oral solution","Prazosin 500micrograms/5ml oral solution","Oral solution","Oral","Prazosin hydrochloride","100.000microgram/1.000ml","02050400","0205040S0AAAIAI","02050400","Prazosin 500micrograms/5ml oral liquid",1,,,,1,,,,,,1,"Prazosin",1,,,,1,1,
"8101441000033110",5,"14689311000001106","Ketensin 20mg tablets (Imported (Netherlands))","Ketensin 20mg tablets","Tablet","","Ketanserin","20.000mg","02050800","0205080A0BCAAAB","02050800","Ketensin 20mg tablets",1,,,,,,,,,1,1,"Ketanserin",,,,,,,
"6138941000033113",5,"18759411000001103","Sildenafil 10mg/12.5ml solution for injection vials","Sildenafil 10mg/12.5ml solution for injection vials","Solution for injection","Intravenous","Sildenafil citrate","0.800mg/1.000ml","02050100","0205010Y0AAACAC","02050100","Sildenafil 10mg/12.5ml solution for injection vials",1,1,,,,,,,,,1,"Sildenafil",1,,,,1,,
"2945841000033112",5,"221411000001104","Ecopace 12.5mg tablets (Advanz Pharma)","Ecopace 12.5mg tablets","Tablet","Oral","Captopril","12.500mg","02050501","0205051F0BDAAAD","02050501","Ecopace 12.5mg tablets",1,,,,,1,1,,,,1,"Captopril",1,1,1,1,1,1,
"10025041000033116",5,"28365611000001107","Bisoprolol 5mg / Aspirin 100mg capsules","Bisoprolol 5mg / Aspirin 100mg capsules","Capsule","Oral","Aspirin/ Bisoprolol fumarate","100.000mg + 5.000mg","02040000","0204000ACAAADAD","02040000","Bisoprolol 5mg / Aspirin 100mg capsules",,,,,,,,,,,,,1,,,,1,,
"1128241000033117",4,"","Prazosin Hydrochloride  Starter pack  ","","","","","","","","","",1,,,,1,,,,,,1,"Prazosin",1,,,,1,,
"903941000033110",4,"","Methoserpidine  Tablets  5 mg","","","","","","","","","",,,,,,,,,,,,,1,,,,1,,
"4521141000033116",4,"13755511000001103","Volibris 5mg tablets (GlaxoSmithKline UK Ltd)","Volibris 5mg tablets","Tablet","Oral","Ambrisentan","5.000mg","02050100","0205010X0BBAAAA","02050100","Volibris 5mg tablets",1,1,,,,,,,,,1,"Ambrisentan",1,,,,1,,
"131141000033116",4,"3615711000001109","Betaloc I.V. 5mg/5ml solution for injection ampoules (Recordati Pharmaceuticals Ltd)","Betaloc I.V. 5mg/5ml solution for injection ampoules","Solution for injection","Intravenous","Metoprolol tartrate","1.000mg/1.000ml","02040000","0204000K0BBACAA","02040000","Betaloc I.V. 5mg/5ml solution for injection ampoules",,,,,,,,,,,,,1,1,1,1,1,1,
"3030041000033113",4,"39716511000001103","Iloprost 20micrograms/2ml nebuliser liquid ampoules","Iloprost 20micrograms/2ml nebuliser liquid ampoules"," Nebuliser liquid","Inhalation","Iloprost trometamol","10.000microgram/1.000ml","","","","",1,1,,,,,,,,,1,"Iloprost",,,,,,,
"1271741000033116",4,"4399811000001108","Securon IV 5mg/2ml solution for injection ampoules (Viatris UK Healthcare Ltd)","Securon IV 5mg/2ml solution for injection ampoules","Solution for injection","Intravenous","Verapamil hydrochloride","2.500mg/1.000ml","02060200","0206020T0BDAIAA","02060200","Securon IV 5mg/2ml solution for injection ampoules",1,,,,,1,1,,,,1,"Trandolapril",1,,,,1,,
"2846041000033117",4,"4765211000001107","Tracleer 62.5mg tablets (Janssen-Cilag Ltd)","Tracleer 62.5mg tablets","Tablet","Oral","Bosentan monohydrate","62.500mg","02050100","0205010U0BBAAAA","02050100","Tracleer 62.5mg tablets",1,1,,,,,,,,,1,"Bosentan",1,,,,1,,
"1358541000033113",4,"694711000001100","Sotacor 40mg/4ml solution for injection ampoules (Bristol-Myers Squibb Pharmaceuticals Ltd)","Sotacor 40mg/4ml solution for injection ampoules","Solution for injection","Intravenous","Sotalol hydrochloride","10.000mg/1.000ml","02040000","0204000T0BCADAH","02040000","Sotacor 40mg/4ml solution for injection ampoules",,,,,,,,,,,,,1,1,1,1,1,,
"555141000033110",4,"7500611000001109","Eudemine 300mg/20ml solution for injection ampoules (Mercury Pharma Group Ltd)","Eudemine 300mg/20ml solution for injection ampoules","Solution for injection","Intravenous","Diazoxide","15.000mg/1.000ml","02050100","0205010E0BBAAAA","02050100","Eudemine 300mg/20ml solution for injection ampoules",1,1,,,,,,,,,1,"Diazoxide",1,,,,1,,
"4502341000033119",3,"","Doxazosin  Oral suspension  1 mg/5 ml","","","","","","","","","",1,,,,1,,,,,,1,"Doxazosin",1,,,,1,,
"6528541000033114",3,"20001711000001102","Diovan 3mg/1ml oral solution (Novartis Pharmaceuticals UK Ltd)","Diovan 3mg/1ml oral solution","Oral solution","Oral","Valsartan","3.000mg/1.000ml","02050502","0205052V0BBAFAJ","02050502","Diovan 3mg/1ml oral solution",1,,,,,1,,1,,,1,"Valsartan",1,,,,1,1,
"9157541000033111",3,"24408611000001108","Riociguat 2mg tablets","Riociguat 2mg tablets","Tablet","Oral","Riociguat","2.000mg","02050100","0205010ABAAADAD","02050100","Riociguat 2mg tablets",1,1,,,,,,,,,1,"Riociguat",1,,,,1,,
"9292741000033113",3,"24573411000001102","Tolucombi 80mg/12.5mg tablets (Krka UK Ltd)","Tolucombi 80mg/12.5mg tablets","Tablet","Oral","Hydrochlorothiazide/ Telmisartan","12.500mg + 80.000mg","02050502","0205052R0BDABAB","02050502","Tolucombi 80mg/12.5mg tablets",1,,,,,1,,1,,,1,"Telmisartan",1,,,,1,1,1
"12427241000033119",3,"34889411000001105","Stayveer 125mg tablets (Advanz Pharma)","Stayveer 125mg tablets","Tablet","Oral","Bosentan monohydrate","125.000mg","02050100","0205010U0BCABAB","02050100","Stayveer 125mg tablets",1,1,,,,,,,,,1,"Bosentan",1,,,,1,,
"970741000033110",3,"36031711000001104","Nimodipine 10mg/50ml solution for infusion vials","Nimodipine 10mg/50ml solution for infusion vials","Solution for infusion","Intravenous","Nimodipine","200.000microgram/1.000ml","02060200","0206020M0AAAAAA","02060200","Nimodipine 10mg/50ml solution for infusion vials",,,,,,,,,,,,,1,,,,1,,
"2955941000033119",3,"485311000001101","Urizide 2.5mg tablets (Dr Reddy's Laboratories (UK) Ltd)","Urizide 2.5mg tablets","Tablet","Oral","Bendroflumethiazide","2.500mg","02020100","0202010B0BFABAB","02020100","Urizide 2.5mg tablets",,,,,,,,,,,,,1,,,,1,1,
"3279641000033119",3,"8145911000001100","Lisicostad 20mg/12.5mg tablets (Genus Pharmaceuticals Ltd)","Lisicostad 20mg/12.5mg tablets","Tablet","Oral","Hydrochlorothiazide/ Lisinopril","12.500mg + 20.000mg","02050501","0205051K0BEABAA","02050501","Lisicostad 20mg/12.5mg tablets",1,,,,,1,1,,,,1,"Lisinopril",1,1,1,1,1,1,
"2757941000033118",3,"8671511000001109","Phenoxybenzamine 25mg/5ml oral suspension","Phenoxybenzamine 25mg/5ml oral suspension","Oral suspension","Oral","Phenoxybenzamine hydrochloride","5.000mg/1.000ml","02050400","0205040M0AAAMAM","02050400","Phenoxybenzamine 25mg/5ml oral liquid",1,,,,1,,,,,,1,"Phenoxybenzamine",1,,,,1,1,
"878541000033112",2,"","Methyldopa  Injection  50 mg/ml","","","","","","","","","",1,,1,,,,,,,,1,"Methyldopa",1,,,,1,,
"3940141000033116",2,"","Phenoxybenzamine Hydrochloride  Capsules  8 mg","","","","","","","","","",1,,,,1,,,,,,1,"Phenoxybenzamine",1,,,,1,,
"4521241000033111",2,"13756111000001101","Volibris 10mg tablets (GlaxoSmithKline UK Ltd)","Volibris 10mg tablets","Tablet","Oral","Ambrisentan","10.000mg","02050100","0205010X0BBABAB","02050100","Volibris 10mg tablets",1,1,,,,,,,,,1,"Ambrisentan",1,,,,1,,
"2929141000033117",2,"240711000001100","Slo-Pro 160mg capsules (Viatris UK Healthcare Ltd)","Slo-Pro 160mg capsules","Modified-release capsule","Oral","Propranolol hydrochloride","160.000mg","02040000","0204000R0BUAAAB","02040000","Slo-Pro 160mg capsules",,,,,,,,,,,,,1,1,1,1,1,1,
"9209441000033110",2,"24555411000001100","Tolura 40mg tablets (Krka UK Ltd)","Tolura 40mg tablets","Tablet","Oral","Telmisartan","40.000mg","02050502","0205052Q0BCAAAA","02050502","Tolura 40mg tablets",1,,,,,1,,1,,,1,"Telmisartan",1,,,,1,1,
"3092641000033111",2,"2898811000001106","Furosemide 80mg/8ml solution for injection Minijet pre-filled syringes (UCB Pharma Ltd)","Furosemide 80mg/8ml solution for injection Minijet pre-filled syringes","Solution for injection","Intravenous/ Intramuscular","Furosemide","10.000mg/1.000ml","02020200","0202020L0BIAGBS","02020200","Furosemide 80mg/8ml inj Minijet pre-filled syringes",,,,,,,,,,,,,1,,,,1,,
"13128541000033110",2,"37249111000001106","Iloprost 10micrograms/1ml nebuliser liquid ampoules with device","Iloprost 10micrograms/1ml nebuliser liquid ampoules with device"," Nebuliser liquid","Inhalation","Iloprost trometamol","10.000microgram/1.000ml","02050100","0205010V0AAAEAE","02050100","Iloprost 10micrograms/1ml neb liq ampoules with device",1,1,,,,,,,,,1,"Iloprost",,,,,,,
"73441000033117",2,"3925011000001100","Apresoline 20mg powder for solution for injection ampoules (Advanz Pharma)","Apresoline 20mg powder for solution for injection ampoules","Powder for solution for injection","Intravenous","Hydralazine hydrochloride","20.000mg","02050100","0205010J0BBACAK","02050100","Apresoline 20mg powder for solution for injection ampoules",1,1,,,,,,,,,1,"Hydralazine",1,,,,1,,
"2952441000033119",2,"655411000001104","Zildil SR 120mg capsules (Healthcare Pharma Ltd)","Zildil SR 120mg capsules","Modified-release capsule","Oral","Diltiazem hydrochloride","120.000mg","02060200","0206020C0BSACAU","02060200","Zildil SR 120mg capsules",,,,,,,,,,,,,1,,,,1,1,
"5393041000033115",1,"","Chlorothiazide And Spironolactone  Capsules  250 mg + 25 mg","","","","","","","","","",,,,,,,,,,,,,1,,,,1,,
"6041000033113",1,"","Acebutolol  Injection  5 mg/1 ml","","","","","","","","","",,,,,,,,,,,,,1,,,,1,,
"547841000033110",1,"","Ethacrynic Acid  Injection  50 mg","","","","","","","","","",,,,,,,,,,,,,1,,,,1,,
"5655241000033110",1,"10070311000001104","Brevibloc Premixed 100mg/10ml solution for injection vials (Baxter Healthcare Ltd)","Brevibloc Premixed 100mg/10ml solution for injection vials","Solution for injection","Intravenous","Esmolol hydrochloride","10.000mg/1.000ml","","","","",,,,,,,,,,,,,1,1,1,1,1,,
"5403641000033117",1,"11757711000001107","Colixil XL 4mg tablets (Sandoz Ltd)","Colixil XL 4mg tablets","Modified-release tablet","Oral","Doxazosin mesilate","4.000mg","02050400","0205040D0BFAAAQ","02050400","Colixil XL 4mg tablets",1,,,,1,,,,,,1,"Doxazosin",1,,,,1,1,
"8101341000033116",1,"14696611000001108","Ketanserin 20mg tablets","Ketanserin 20mg tablets","Tablet","Oral","Ketanserin","20.000mg","02050800","0205080A0AAABAB","02050800","Ketanserin 20mg tablets",1,,,,,,,,,1,1,"Ketanserin",,,,,,,
"2952341000033113",1,"200811000001104","Zildil 90mg modified-release capsules (Healthcare Pharma Ltd)","Zildil 90mg modified-release capsules","Modified-release capsule","Oral","Diltiazem hydrochloride","90.000mg","02060200","0206020C0BSABAT","02060200","Zildil 90mg modified-release capsules",,,,,,,,,,,,,1,,,,1,1,
"9157841000033113",1,"24397911000001108","Adempas 0.5mg tablets (Merck Sharp & Dohme (UK) Ltd)","Adempas 0.5mg tablets","Tablet","Oral","Riociguat","500.000microgram","02050100","0205010ABBBAAAA","02050100","Adempas 0.5mg tablets",1,1,,,,,,,,,1,"Riociguat",1,,,,1,,
"9158041000033119",1,"24399111000001104","Adempas 1.5mg tablets (Merck Sharp & Dohme (UK) Ltd)","Adempas 1.5mg tablets","Tablet","Oral","Riociguat","1.500mg","02050100","0205010ABBBACAC","02050100","Adempas 1.5mg tablets",1,1,,,,,,,,,1,"Riociguat",1,,,,1,,
"9209341000033116",1,"24555211000001104","Tolura 20mg tablets (Krka UK Ltd)","Tolura 20mg tablets","Tablet","Oral","Telmisartan","20.000mg","02050502","0205052Q0BCACAC","02050502","Tolura 20mg tablets",1,,,,,1,,1,,,1,"Telmisartan",1,,,,1,1,
"9209541000033111",1,"24555611000001102","Tolura 80mg tablets (Krka UK Ltd)","Tolura 80mg tablets","Tablet","Oral","Telmisartan","80.000mg","02050502","0205052Q0BCABAB","02050502","Tolura 80mg tablets",1,,,,,1,,1,,,1,"Telmisartan",1,,,,1,1,
"9292841000033115",1,"24573611000001104","Tolucombi 80mg/25mg tablets (Krka UK Ltd)","Tolucombi 80mg/25mg tablets","Tablet","Oral","Hydrochlorothiazide/ Telmisartan","25.000mg + 80.000mg","02050502","0205052R0BDACAC","02050502","Tolucombi 80mg/25mg tablets",1,,,,,1,,1,,,1,"Telmisartan",1,,,,1,1,1
"11735541000033117",1,"32964211000001106","Uptravi 400microgram tablets (Janssen-Cilag Ltd)","Uptravi 400microgram tablets","Tablet","Oral","Selexipag","400.000microgram","","","","",1,1,,,,,,,,,1,"Selexipag",1,,,,1,,
"11735241000033119",1,"32966011000001106","Selexipag 1.4mg tablets","Selexipag 1.4mg tablets","Tablet","Oral","Selexipag","1.400mg","02050100","","","",1,1,,,,,,,,,1,"Selexipag",1,,,,1,,
"11807841000033119",1,"33628611000001102","Benph 5mg tablets (Viatris UK Healthcare Ltd)","Benph 5mg tablets","Tablet","Oral","Terazosin hydrochloride","5.000mg","02050400","0205040V0BCABAC","02050400","Benph 5mg tablets",1,,,,1,,,,,,1,"Terazosin",1,,,,1,1,
"13311941000033112",1,"37925511000001103","Iloprost 20micrograms/1ml nebuliser liquid ampoules with device","Iloprost 20micrograms/1ml nebuliser liquid ampoules with device"," Nebuliser liquid","Inhalation","Iloprost trometamol","20.000microgram/1.000ml","02050100","0205010V0AAAFAF","02050100","Iloprost 20micrograms/1ml neb liq ampoules with device",1,1,,,,,,,,,1,"Iloprost",,,,,,,
"13740241000033119",1,"38955411000001109","Enalapril 20mg tablets (Imported)","Enalapril 20mg tablets","Tablet","","Enalapril maleate","20.000mg","02050501","0205051I0AAADAD","02050501","Enalapril 20mg tablets",1,,,,,1,1,,,,1,"Enalapril",1,,,,,1,
"13939941000033114",1,"39992411000001107","Vericiguat 2.5mg tablets","Vericiguat 2.5mg tablets","Tablet","Oral","Vericiguat","2.500mg","02050100","0205010ACAAABAB","02050100","Vericiguat 2.5mg tablets",1,1,,,,,,,,,1,"Vericiguat",,,,,,,
"13940041000033119",1,"39992511000001106","Vericiguat 5mg tablets","Vericiguat 5mg tablets","Tablet","Oral","Vericiguat","5.000mg","02050100","0205010ACAAACAC","02050100","Vericiguat 5mg tablets",1,1,,,,,,,,,1,"Vericiguat",,,,,,,
"780741000033110",1,"4369611000001106","Ismelin 10mg/1ml solution for injection ampoules (Amdipharm Plc)","Ismelin 10mg/1ml solution for injection ampoules","Solution for injection","Intramuscular","Guanethidine monosulfate","10.000mg/1.000ml","02050300","0205030N0BBACAA","02050300","Ismelin 10mg/1ml solution for injection ampoules",1,,,1,,,,,,,1,"Guanethidine",,,,,,,
"2802041000033113",1,"544711000001103","Soloc 10mg tablets (Mercury Pharma Group Ltd)","Soloc 10mg tablets","Tablet","Oral","Bisoprolol fumarate","10.000mg","02040000","0204000H0BIABAB","02040000","Soloc 10mg tablets",,,,,,,,,,,,,1,1,1,1,1,1,
"2946041000033114",1,"767911000001101","Ecopace 50mg tablets (Advanz Pharma)","Ecopace 50mg tablets","Tablet","Oral","Captopril","50.000mg","02050501","0205051F0BDACAF","02050501","Ecopace 50mg tablets",1,,,,,1,1,,,,1,"Captopril",1,1,1,1,1,1,
"1495441000033116",1,"898211000001109","Urizide 5mg tablets (Dr Reddy's Laboratories (UK) Ltd)","Urizide 5mg tablets","Tablet","Oral","Bendroflumethiazide","5.000mg","02020100","0202010B0BFAAAC","02020100","Urizide 5mg tablets",,,,,,,,,,,,,1,,,,1,1,
"3283141000033118",1,"9207711000001100","Quinil 5mg tablets (Tillomed Laboratories Ltd)","Quinil 5mg tablets","Tablet","Oral","Quinapril hydrochloride","5.000mg","02050501","0205051Q0BCAAAA","02050501","Quinil 5mg tablets",1,,,,,1,1,,,,1,"Quinapril",1,,,,1,1,
