prodcodeid,drugissues,dmdid,termfromemis,productname,formulation,routeofadministration,drugsubstancename,substancestrength,bnfchapter,bnfcode,bnfname,antipsychotic,antipsychotic_medication,lshtm_2796
"1150241000033115",6000000,"321624009","Quetiapine 25mg tablets","Quetiapine 25mg tablets","Tablet","Oral","Quetiapine fumarate","25.000mg","4020100","","",1,"Quetiapine",
"1003641000033113",5000000,"321614001","Olanzapine 10mg tablets","Olanzapine 10mg tablets","Tablet","Oral","Olanzapine","10.000mg","4020100","","",1,"Olanzapine",1
"1003741000033116",4000000,"321612002","Olanzapine 5mg tablets","Olanzapine 5mg tablets","Tablet","Oral","Olanzapine","5.000mg","4020100","","",1,"Olanzapine",1
"1176641000033117",3000000,"321589009","Risperidone 1mg tablets","Risperidone 1mg tablets","Tablet","Oral","Risperidone","1.000mg","4020100","","",1,"Risperidone",1
"2188241000033110",3000000,"321602009","Risperidone 500microgram tablets","Risperidone 500microgram tablets","Tablet","Oral","Risperidone","500.000microgram","4020100","","",1,"Risperidone",1
"1150041000033111",3000000,"321625005","Quetiapine 100mg tablets","Quetiapine 100mg tablets","Tablet","Oral","Quetiapine fumarate","100.000mg","4020100","","",1,"Quetiapine",
"1176741000033114",2000000,"321590000","Risperidone 2mg tablets","Risperidone 2mg tablets","Tablet","Oral","Risperidone","2.000mg","4020100","","",1,"Risperidone",1
"1661141000033114",2000000,"321618003","Olanzapine 2.5mg tablets","Olanzapine 2.5mg tablets","Tablet","Oral","Olanzapine","2.500mg","4020100","","",1,"Olanzapine",1
"1150141000033110",2000000,"321626006","Quetiapine 200mg tablets","Quetiapine 200mg tablets","Tablet","Oral","Quetiapine fumarate","200.000mg","4020100","","",1,"Quetiapine",
"3137541000033113",2000000,"406787003","Aripiprazole 10mg tablets","Aripiprazole 10mg tablets","Tablet","Oral","Aripiprazole","10.000mg","4020100","","",1,"Aripiprazole",1
"249241000033113",1000000,"321366002","Chlorpromazine 25mg tablets","Chlorpromazine 25mg tablets","Tablet","Oral","Chlorpromazine hydrochloride","25.000mg","4020100","","",1,"Chlorpromazine",
"249341000033115",1000000,"321367006","Chlorpromazine 50mg tablets","Chlorpromazine 50mg tablets","Tablet","Oral","Chlorpromazine hydrochloride","50.000mg","4020100","","",1,"Chlorpromazine",
"1396441000033117",1000000,"321514005","Sulpiride 200mg tablets","Sulpiride 200mg tablets","Tablet","Oral","Sulpiride","200.000mg","4020100","","",1,"Sulpiride",
"3996241000033117",1000000,"374054003","Olanzapine 20mg tablets","Olanzapine 20mg tablets","Tablet","Oral","Olanzapine","20.000mg","4020100","","",1,"Olanzapine",1
"1844641000033118",1000000,"39703111000001104","Quetiapine 150mg tablets","Quetiapine 150mg tablets","Tablet","Oral","Quetiapine fumarate","150.000mg","4020100","0402010ABAAAFAF","Quetiapine 150mg tablets",1,"Quetiapine",
"3225241000033118",1000000,"406786007","Aripiprazole 5mg tablets","Aripiprazole 5mg tablets","Tablet","Oral","Aripiprazole","5.000mg","4020100","","",1,"Aripiprazole",1
"3137641000033114",1000000,"406788008","Aripiprazole 15mg tablets","Aripiprazole 15mg tablets","Tablet","Oral","Aripiprazole","15.000mg","4020100","","",1,"Aripiprazole",1
"2975841000033113",1000000,"429830008","Quetiapine 300mg tablets","Quetiapine 300mg tablets","Tablet","Oral","Quetiapine fumarate","300.000mg","4020100","","",1,"Quetiapine",
"658341000033110",900000,"321448008","Haloperidol 500microgram capsules","Haloperidol 500microgram capsules","Capsule","Oral","Haloperidol","500.000microgram","4020100","","",1,"Haloperidol",
"1176841000033116",900000,"321591001","Risperidone 3mg tablets","Risperidone 3mg tablets","Tablet","Oral","Risperidone","3.000mg","4020100","","",1,"Risperidone",1
"58941000033117",900000,"321638002","Amisulpride 200mg tablets","Amisulpride 200mg tablets","Tablet","Oral","Amisulpride","200.000mg","4020100","","",1,"Amisulpride",1
"2759641000033117",900000,"376807001","Olanzapine 15mg tablets","Olanzapine 15mg tablets","Tablet","Oral","Olanzapine","15.000mg","4020100","","",1,"Olanzapine",1
"1433641000033111",800000,"321530002","Thioridazine 10mg tablets","Thioridazine 10mg tablets","Tablet","Oral","Thioridazine hydrochloride","10.000mg","4020100","","",1,"Thioridazine",
"1433841000033112",800000,"321531003","Thioridazine 25mg tablets","Thioridazine 25mg tablets","Tablet","Oral","Thioridazine hydrochloride","25.000mg","4020100","","",1,"Thioridazine",
"1176941000033112",800000,"321592008","Risperidone 4mg tablets","Risperidone 4mg tablets","Tablet","Oral","Risperidone","4.000mg","4020100","","",1,"Risperidone",1
"249141000033118",700000,"321368001","Chlorpromazine 100mg tablets","Chlorpromazine 100mg tablets","Tablet","Oral","Chlorpromazine hydrochloride","100.000mg","4020100","","",1,"Chlorpromazine",
"662341000033115",700000,"321416009","Haloperidol 1.5mg tablets","Haloperidol 1.5mg tablets","Tablet","Oral","Haloperidol","1.500mg","4020100","","",1,"Haloperidol",
"662541000033110",700000,"321417000","Haloperidol 5mg tablets","Haloperidol 5mg tablets","Tablet","Oral","Haloperidol","5.000mg","4020100","","",1,"Haloperidol",
"1003841000033114",700000,"321613007","Olanzapine 7.5mg tablets","Olanzapine 7.5mg tablets","Tablet","Oral","Olanzapine","7.500mg","4020100","","",1,"Olanzapine",1
"59041000033114",700000,"321637007","Amisulpride 50mg tablets","Amisulpride 50mg tablets","Tablet","Oral","Amisulpride","50.000mg","4020100","","",1,"Amisulpride",1
"1470641000033116",700000,"39706011000001108","Trifluoperazine 1mg tablets","Trifluoperazine 1mg tablets","Tablet","Oral","Trifluoperazine hydrochloride","1.000mg","4020100","0402010X0AAAHAH","Trifluoperazine 1mg tablets",1,"Trifluoperazine",
"3091141000033114",600000,"39692511000001105","Flupentixol 500microgram tablets","Flupentixol 500microgram tablets","Tablet","Oral","Flupentixol dihydrochloride","500.000microgram","4030400","0403040F0AAAAAA","Flupentixol 500microgram tablets",1,"Flupentixol",
"1129641000033111",500000,"35931311000001105","Promazine 25mg/5ml oral solution","Promazine 25mg/5ml oral solution","Oral solution","Oral","Promazine hydrochloride","5.000mg/1.000ml","4020100","0402010S0AAADAD","Promazine 25mg/5ml oral solution",1,"Promazine",
"1470741000033113",500000,"39706211000001103","Trifluoperazine 5mg tablets","Trifluoperazine 5mg tablets","Tablet","Oral","Trifluoperazine hydrochloride","5.000mg","4020100","0402010X0AAAIAI","Trifluoperazine 5mg tablets",1,"Trifluoperazine",
"2835141000033114",500000,"400645002","Amisulpride 100mg tablets","Amisulpride 100mg tablets","Tablet","Oral","Amisulpride","100.000mg","4020100","","",1,"Amisulpride",1
"4591941000033112",500000,"426401009","Quetiapine 300mg modified-release tablets","Quetiapine 300mg modified-release tablets","Modified-release tablet","Oral","Quetiapine fumarate","300.000mg","4020100","","",1,"Quetiapine",
"4591741000033114",400000,"14042811000001105","Quetiapine 50mg modified-release tablets","Quetiapine 50mg modified-release tablets","Modified-release tablet","Oral","Quetiapine fumarate","50.000mg","4020100","0402010ABAAAVAV","Quetiapine 50mg modified-release tablets",1,"Quetiapine",
"1134341000033116",400000,"321498009","Promazine 25mg tablets","Promazine 25mg tablets","Tablet","Oral","Promazine hydrochloride","25.000mg","4020100","","",1,"Promazine",
"3091041000033110",400000,"39692311000001104","Flupentixol 1mg tablets","Flupentixol 1mg tablets","Tablet","Oral","Flupentixol dihydrochloride","1.000mg","4030400","0403040F0AAABAB","Flupentixol 1mg tablets",1,"Flupentixol",
"2216641000033113",300000,"134517009","Amisulpride 400mg tablets","Amisulpride 400mg tablets","Tablet","Oral","Amisulpride","400.000mg","4020100","","",1,"Amisulpride",1
"1433941000033116",300000,"321532005","Thioridazine 50mg tablets","Thioridazine 50mg tablets","Tablet","Oral","Thioridazine hydrochloride","50.000mg","4020100","","",1,"Thioridazine",
"1173941000033117",300000,"321597002","Risperidone 1mg/ml oral solution sugar free","Risperidone 1mg/ml oral solution sugar free","Oral solution","Oral","Risperidone","1.000mg/1.000ml","4020100","","",1,"Risperidone",1
"3063441000033119",300000,"38895311000001102","Levomepromazine 25mg/1ml solution for injection ampoules","Levomepromazine 25mg/1ml solution for injection ampoules","Solution for injection","Subcutaneous/ Intramuscular/ Intravenous","Levomepromazine hydrochloride","25.000mg/1.000ml","4020100","0402010L0AAAAAA","Levomepromazine 25mg/1ml solution for injection ampoules",1,"Levomepromazine",
"896041000033111",200000,"160211000001102","Melleril 25mg tablets (Novartis Pharmaceuticals UK Ltd)","Melleril 25mg tablets","Tablet","Oral","Thioridazine hydrochloride","25.000mg","","0402010W0BBABAF","Melleril 25mg tablets",1,"Thioridazine",
"249041000033117",200000,"321365003","Chlorpromazine 10mg tablets","Chlorpromazine 10mg tablets","Tablet","Oral","Chlorpromazine hydrochloride","10.000mg","4020100","","",1,"Chlorpromazine",
"663241000033118",200000,"321418005","Haloperidol 10mg tablets","Haloperidol 10mg tablets","Tablet","Oral","Haloperidol","10.000mg","4020100","","",1,"Haloperidol",
"663341000033111",200000,"321451001","Haloperidol 500microgram tablets","Haloperidol 500microgram tablets","Tablet","Oral","Haloperidol","500.000microgram","4020100","","",1,"Haloperidol",
"3063541000033118",200000,"321461008","Levomepromazine 25mg tablets","Levomepromazine 25mg tablets","Tablet","Oral","Levomepromazine maleate","25.000mg","4020100","","",1,"Levomepromazine",
"1134441000033110",200000,"321499001","Promazine 50mg tablets","Promazine 50mg tablets","Tablet","Oral","Promazine hydrochloride","50.000mg","4020100","","",1,"Promazine",
"1397641000033117",200000,"321512009","Sulpiride 400mg tablets","Sulpiride 400mg tablets","Tablet","Oral","Sulpiride","400.000mg","4020100","","",1,"Sulpiride",
"2077841000033113",200000,"321623003","Olanzapine 10mg oral lyophilisates sugar free","Olanzapine 10mg oral lyophilisates sugar free","Oral lyophilisate","Oral","Olanzapine","10.000mg","4020100","","",1,"Olanzapine",1
"1386341000033112",200000,"325311000001103","Stelazine 1mg tablets (Mercury Pharma Group Ltd)","Stelazine 1mg tablets","Tablet","Oral","Trifluoperazine hydrochloride","1.000mg","","0402010X0BBAAAH","Stelazine 1mg tablets (Mercury Pharma)",1,"Trifluoperazine",
"2929741000033118",200000,"36053511000001109","Haloperidol 5mg/1ml solution for injection ampoules","Haloperidol 5mg/1ml solution for injection ampoules","Solution for injection","Intramuscular/ Intravenous","Haloperidol","5.000mg/1.000ml","4020100","0402010J0AAACAC","Haloperidol 5mg/1ml solution for injection ampoules",1,"Haloperidol",
"1467141000033117",200000,"36143511000001101","Trifluoperazine 2mg modified-release capsules","Trifluoperazine 2mg modified-release capsules","Modified-release capsule","Oral","Trifluoperazine hydrochloride","2.000mg","4020100","0402010X0AAAAAA","Trifluoperazine 2mg modified-release capsules",1,"Trifluoperazine",
"1564041000033119",200000,"39707711000001108","Zuclopenthixol 10mg tablets","Zuclopenthixol 10mg tablets","Tablet","Oral","Zuclopenthixol dihydrochloride","10.000mg","4020100","0402010T0AAABAB","Zuclopenthixol 10mg tablets",1,"Zuclopenthixol",
"3137741000033117",200000,"406790009","Aripiprazole 30mg tablets","Aripiprazole 30mg tablets","Tablet","Oral","Aripiprazole","30.000mg","4020100","","",1,"Aripiprazole",1
"4591841000033116",200000,"426802009","Quetiapine 200mg modified-release tablets","Quetiapine 200mg modified-release tablets","Modified-release tablet","Oral","Quetiapine fumarate","200.000mg","4020100","","",1,"Quetiapine",
"4592041000033118",200000,"426954000","Quetiapine 400mg modified-release tablets","Quetiapine 400mg modified-release tablets","Modified-release tablet","Oral","Quetiapine fumarate","400.000mg","4020100","","",1,"Quetiapine",
"1386441000033118",200000,"45811000001107","Stelazine 5mg tablets (Mercury Pharma Group Ltd)","Stelazine 5mg tablets","Tablet","Oral","Trifluoperazine hydrochloride","5.000mg","","0402010X0BBABAI","Stelazine 5mg tablets (Mercury Pharma)",1,"Trifluoperazine",
"593541000033112",200000,"507511000001106","Fluanxol 500microgram tablets (Lundbeck Ltd)","Fluanxol 500microgram tablets","Tablet","Oral","Flupentixol dihydrochloride","500.000microgram","","0403040F0BBAAAA","Fluanxol 500microgram tablets",1,"Flupentixol",
"1473341000033117",200000,"514611000001101","Triptafen tablets (Advanz Pharma)","Triptafen tablets","Tablet","Oral","Amitriptyline hydrochloride/ Perphenazine","25.000mg + 2.000mg","","0403010B0BIAAA8","Triptafen tablets",1,"Perphenazine",
"895841000033114",200000,"711411000001102","Melleril 10mg tablets (Novartis Pharmaceuticals UK Ltd)","Melleril 10mg tablets","Tablet","Oral","Thioridazine hydrochloride","10.000mg","","0402010W0BBAAAE","Melleril 10mg tablets",1,"Thioridazine",
"5909341000033112",100000,"17828611000001101","Quetiapine 150mg modified-release tablets","Quetiapine 150mg modified-release tablets","Modified-release tablet","Oral","Quetiapine fumarate","150.000mg","4020100","0402010ABAABABA","Quetiapine 150mg modified-release tablets",1,"Quetiapine",
"276041000033113",100000,"178611000001106","Clopixol 200mg/1ml solution for injection ampoules (Lundbeck Ltd)","Clopixol 200mg/1ml solution for injection ampoules","Solution for injection","Intramuscular","Zuclopenthixol decanoate","200.000mg/1.000ml","","0402020Z0BBAAAA","Clopixol 200mg/1ml solution for injection ampoules",1,"Zuclopenthixol",
"7687841000033114",100000,"20356011000001101","Sondate XL 50mg tablets (Teva UK Ltd)","Sondate XL 50mg tablets","Modified-release tablet","Oral","Quetiapine fumarate","50.000mg","","0402010ABBCAAAV","Sondate XL 50mg tablets",1,"Quetiapine",
"7688041000033115",100000,"20356411000001105","Sondate XL 300mg tablets (Teva UK Ltd)","Sondate XL 300mg tablets","Modified-release tablet","Oral","Quetiapine fumarate","300.000mg","","0402010ABBCACAX","Sondate XL 300mg tablets",1,"Quetiapine",
"10041741000033119",100000,"28411511000001102","Zaluron XL 50mg tablets (Fontus Health Ltd)","Zaluron XL 50mg tablets","Modified-release tablet","Oral","Quetiapine fumarate","50.000mg","","0402010ABBHAAAV","Zaluron XL 50mg tablets",1,"Quetiapine",
"10042041000033110",100000,"28412111000001101","Zaluron XL 300mg tablets (Fontus Health Ltd)","Zaluron XL 300mg tablets","Modified-release tablet","Oral","Quetiapine fumarate","300.000mg","","0402010ABBHADAX","Zaluron XL 300mg tablets",1,"Quetiapine",
"423041000033115",100000,"3101311000001105","Depixol Conc 100mg/1ml solution for injection ampoules (Lundbeck Ltd)","Depixol Conc 100mg/1ml solution for injection ampoules","Solution for injection","Intramuscular","Flupentixol decanoate","100.000mg/1.000ml","","0402020G0BBADAB","Depixol Conc 100mg/1ml solution for injection ampoules",1,"Flupentixol",
"420141000033110",100000,"3102111000001103","Depixol 40mg/2ml solution for injection ampoules (Lundbeck Ltd)","Depixol 40mg/2ml solution for injection ampoules","Solution for injection","Intramuscular","Flupentixol decanoate","20.000mg/1.000ml","","0402020G0BBABAC","Depixol 40mg/2ml solution for injection ampoules",1,"Flupentixol",
"422941000033113",100000,"3102911000001100","Depixol 20mg/1ml solution for injection ampoules (Lundbeck Ltd)","Depixol 20mg/1ml solution for injection ampoules","Solution for injection","Intramuscular","Flupentixol decanoate","20.000mg/1.000ml","","0402020G0BBAAAA","Depixol 20mg/1ml solution for injection ampoules",1,"Flupentixol",
"660341000033116",100000,"321450000","Haloperidol 5mg/5ml oral solution sugar free","Haloperidol 5mg/5ml oral solution sugar free","Oral solution","Oral","Haloperidol","1.000mg/1.000ml","4020100","","",1,"Haloperidol",
"1067041000033110",100000,"321473008","Pericyazine 2.5mg tablets","Pericyazine 2.5mg tablets","Tablet","Oral","Pericyazine","2.500mg","4020100","","",1,"Pericyazine",
"1177741000033111",100000,"321599004","Risperidone 6mg tablets","Risperidone 6mg tablets","Tablet","Oral","Risperidone","6.000mg","4020100","","",1,"Risperidone",1
"2077741000033115",100000,"321622008","Olanzapine 5mg oral lyophilisates sugar free","Olanzapine 5mg oral lyophilisates sugar free","Oral lyophilisate","Oral","Olanzapine","5.000mg","4020100","","",1,"Olanzapine",1
"240041000033110",100000,"36138311000001103","Chlorpromazine 25mg/5ml oral solution","Chlorpromazine 25mg/5ml oral solution","Oral solution","Oral","Chlorpromazine hydrochloride","5.000mg/1.000ml","4020100","0402010D0AAABAB","Chlorpromazine 25mg/5ml oral solution",1,"Chlorpromazine",
"1563641000033111",100000,"36152111000001102","Zuclopenthixol decanoate 200mg/1ml solution for injection ampoules","Zuclopenthixol decanoate 200mg/1ml solution for injection ampoules","Solution for injection","Intramuscular","Zuclopenthixol decanoate","200.000mg/1.000ml","4020200","0402020Z0AAAAAA","Zuclopenthixol decanoate 200mg/1ml inj ampoules",1,"Zuclopenthixol",
"1464141000033113",100000,"38750711000001100","Trifluoperazine 5mg/5ml oral solution sugar free","Trifluoperazine 5mg/5ml oral solution sugar free","Oral solution","Oral","Trifluoperazine hydrochloride","1.000mg/1.000ml","4020100","0402010X0AAAKAK","Trifluoperazine 5mg/5ml oral solution sugar free",1,"Trifluoperazine",
"2640141000033112",100000,"38753511000001104","Promazine 50mg/5ml oral solution","Promazine 50mg/5ml oral solution","Oral solution","Oral","Promazine hydrochloride","10.000mg/1.000ml","4020100","0402010S0AAAIAI","Promazine 50mg/5ml oral solution",1,"Promazine",
"3091241000033119",100000,"39692411000001106","Flupentixol 3mg tablets","Flupentixol 3mg tablets","Tablet","Oral","Flupentixol dihydrochloride","3.000mg","4020100","0402010H0AAAAAA","Flupentixol 3mg tablets",1,"Flupentixol",
"1564141000033115",100000,"39707911000001105","Zuclopenthixol 2mg tablets","Zuclopenthixol 2mg tablets","Tablet","Oral","Zuclopenthixol dihydrochloride","2.000mg","4020100","0402010T0AAAAAA","Zuclopenthixol 2mg tablets",1,"Zuclopenthixol",
"934841000033111",100000,"556111000001108","Modecate 25mg/1ml solution for injection ampoules (Sanofi)","Modecate 25mg/1ml solution for injection ampoules","Solution for injection","Intramuscular","Fluphenazine decanoate","25.000mg/1.000ml","","0402020L0BBABAC","Modecate 25mg/1ml solution for injection ampoules (Sanofi)",1,"Fluphenazine",
"1385541000033111",100000,"714111000001105","Stelazine 2mg Spansules (Mercury Pharma Group Ltd)","Stelazine 2mg Spansules","Modified-release capsule","Oral","Trifluoperazine hydrochloride","2.000mg","","0402010X0BBACAA","Stelazine 2mg Spansules",1,"Trifluoperazine",
"286941000033115",100000,"827511000001102","Clopixol 10mg tablets (Lundbeck Ltd)","Clopixol 10mg tablets","Tablet","Oral","Zuclopenthixol dihydrochloride","10.000mg","","0402010T0BBABAB","Clopixol 10mg tablets",1,"Zuclopenthixol",
"593441000033111",100000,"843011000001101","Fluanxol 1mg tablets (Lundbeck Ltd)","Fluanxol 1mg tablets","Tablet","Oral","Flupentixol dihydrochloride","1.000mg","","0403040F0BBABAB","Fluanxol 1mg tablets",1,"Flupentixol",
"10041141000033118",90000,"28400211000001109","Biquelle XL 50mg tablets (Aspire Pharma Ltd)","Biquelle XL 50mg tablets","Modified-release tablet","Oral","Quetiapine fumarate","50.000mg","","0402010ABBIAAAV","Biquelle XL 50mg tablets",1,"Quetiapine",
"10041441000033114",90000,"28400611000001106","Biquelle XL 300mg tablets (Aspire Pharma Ltd)","Biquelle XL 300mg tablets","Modified-release tablet","Oral","Quetiapine fumarate","300.000mg","","0402010ABBIADAX","Biquelle XL 300mg tablets",1,"Quetiapine",
"1433741000033119",90000,"321533000","Thioridazine 100mg tablets","Thioridazine 100mg tablets","Tablet","Oral","Thioridazine hydrochloride","100.000mg","4020100","","",1,"Thioridazine",
"1466941000033117",90000,"36143111000001105","Trifluoperazine 10mg modified-release capsules","Trifluoperazine 10mg modified-release capsules","Modified-release capsule","Oral","Trifluoperazine hydrochloride","10.000mg","4020100","0402010X0AAABAB","Trifluoperazine 10mg modified-release capsules",1,"Trifluoperazine",
"1473441000033111",90000,"479411000001101","Triptafen-M tablets (Mercury Pharma Group Ltd)","Triptafen-M tablets","Tablet","Oral","Amitriptyline hydrochloride/ Perphenazine","10.000mg + 2.000mg","","0403010B0BIABA9","Triptafen-M tablets",1,"Perphenazine",
"3090641000033112",80000,"36068611000001107","Flupentixol 100mg/1ml solution for injection ampoules","Flupentixol 100mg/1ml solution for injection ampoules","Solution for injection","Intramuscular","Flupentixol decanoate","100.000mg/1.000ml","4020200","0402020G0AAABAB","Flupentixol 100mg/1ml solution for injection ampoules",1,"Flupentixol",
"1563741000033119",80000,"36152211000001108","Zuclopenthixol decanoate 500mg/1ml solution for injection ampoules","Zuclopenthixol decanoate 500mg/1ml solution for injection ampoules","Solution for injection","Intramuscular","Zuclopenthixol decanoate","500.000mg/1.000ml","4020200","0402020Z0AAABAB","Zuclopenthixol decanoate 500mg/1ml inj ampoules",1,"Zuclopenthixol",
"3950541000033110",80000,"417374006","Aripiprazole 1mg/ml oral solution","Aripiprazole 1mg/ml oral solution","Oral solution","Oral","Aripiprazole","1.000mg/1.000ml","4020100","","",1,"Aripiprazole",1
"3246041000033119",80000,"9045911000001108","Risperidone 500microgram orodispersible tablets sugar free","Risperidone 500microgram orodispersible tablets sugar free","Orodispersible tablet","Oral","Risperidone","500.000microgram","4020100","040201030AAANAN","Risperidone 500microgram orodispersible tablets sugar free",1,"Risperidone",1
"287041000033119",70000,"153611000001101","Clopixol 2mg tablets (Lundbeck Ltd)","Clopixol 2mg tablets","Tablet","Oral","Zuclopenthixol dihydrochloride","2.000mg","","0402010T0BBAAAA","Clopixol 2mg tablets",1,"Zuclopenthixol",
"7681941000033111",70000,"19627011000001107","Olanzapine 5mg orodispersible tablets","Olanzapine 5mg orodispersible tablets","Orodispersible tablet","Oral","Olanzapine","5.000mg","4020100","040201060AAAWAW","Olanzapine 5mg orodispersible tablets",1,"Olanzapine",1
"7687941000033118",70000,"20356211000001106","Sondate XL 200mg tablets (Teva UK Ltd)","Sondate XL 200mg tablets","Modified-release tablet","Oral","Quetiapine fumarate","200.000mg","","0402010ABBCABAW","Sondate XL 200mg tablets",1,"Quetiapine",
"1432541000033116",70000,"321536008","Thioridazine 25mg/5ml oral solution","Thioridazine 25mg/5ml oral solution","Oral solution","Oral","Thioridazine hydrochloride","5.000mg/1.000ml","4020100","","",1,"Thioridazine",
"2188141000033115",70000,"526611000001101","Risperdal 500microgram tablets (Janssen-Cilag Ltd)","Risperdal 500microgram tablets","Tablet","Oral","Risperidone","500.000microgram","","040201030BBAGAK","Risperdal 500microgram tablets",1,"Risperidone",1
"896141000033110",70000,"883911000001106","Melleril 50mg tablets (Novartis Pharmaceuticals UK Ltd)","Melleril 50mg tablets","Tablet","Oral","Thioridazine hydrochloride","50.000mg","","0402010W0BBACAG","Melleril 50mg tablets",1,"Thioridazine",
"7681641000033116",60000,"19626711000001106","Olanzapine 10mg orodispersible tablets","Olanzapine 10mg orodispersible tablets","Orodispersible tablet","Oral","Olanzapine","10.000mg","4020100","040201060AAAXAX","Olanzapine 10mg orodispersible tablets",1,"Olanzapine",1
"7688141000033116",60000,"20356611000001108","Sondate XL 400mg tablets (Teva UK Ltd)","Sondate XL 400mg tablets","Modified-release tablet","Oral","Quetiapine fumarate","400.000mg","","0402010ABBCADAY","Sondate XL 400mg tablets",1,"Quetiapine",
"10041541000033110",60000,"28400811000001105","Biquelle XL 400mg tablets (Aspire Pharma Ltd)","Biquelle XL 400mg tablets","Modified-release tablet","Oral","Quetiapine fumarate","400.000mg","","0402010ABBIAEAY","Biquelle XL 400mg tablets",1,"Quetiapine",
"10041341000033115",60000,"28401011000001108","Biquelle XL 200mg tablets (Aspire Pharma Ltd)","Biquelle XL 200mg tablets","Modified-release tablet","Oral","Quetiapine fumarate","200.000mg","","0402010ABBIACAW","Biquelle XL 200mg tablets",1,"Quetiapine",
"10041941000033116",60000,"28411911000001109","Zaluron XL 200mg tablets (Fontus Health Ltd)","Zaluron XL 200mg tablets","Modified-release tablet","Oral","Quetiapine fumarate","200.000mg","","0402010ABBHACAW","Zaluron XL 200mg tablets",1,"Quetiapine",
"10042141000033114",60000,"28412311000001104","Zaluron XL 400mg tablets (Fontus Health Ltd)","Zaluron XL 400mg tablets","Modified-release tablet","Oral","Quetiapine fumarate","400.000mg","","0402010ABBHAEAY","Zaluron XL 400mg tablets",1,"Quetiapine",
"145141000033119",60000,"321393004","Benperidol 250microgram tablets","Benperidol 250microgram tablets","Tablet","Oral","Benperidol","250.000microgram","4020100","","",1,"Benperidol",
"1066741000033111",60000,"321474002","Pericyazine 10mg tablets","Pericyazine 10mg tablets","Tablet","Oral","Pericyazine","10.000mg","4020100","","",1,"Pericyazine",
"1065141000033117",60000,"321484001","Perphenazine 2mg tablets","Perphenazine 2mg tablets","Tablet","Oral","Perphenazine","2.000mg","4020100","","",1,"Perphenazine",
"1091041000033116",60000,"321491003","Pimozide 4mg tablets","Pimozide 4mg tablets","Tablet","Oral","Pimozide","4.000mg","4020100","","",1,"Pimozide",
"287541000033112",60000,"321574000","Clozapine 100mg tablets","Clozapine 100mg tablets","Tablet","Oral","Clozapine","100.000mg","4020100","","",1,"Clozapine",1
"1467641000033110",60000,"36143311000001107","Trifluoperazine 1mg/5ml oral solution sugar free","Trifluoperazine 1mg/5ml oral solution sugar free","Oral solution","Oral","Trifluoperazine hydrochloride","200.000microgram/1.000ml","4020100","0402010X0AAAFAF","Trifluoperazine 1mg/5ml oral solution sugar free",1,"Trifluoperazine",
"815941000033117",60000,"511000001103","Largactil 25mg tablets (Sanofi)","Largactil 25mg tablets","Tablet","Oral","Chlorpromazine hydrochloride","25.000mg","","0402010D0BDABAI","Largactil 25mg tablets",1,"Chlorpromazine",
"1176241000033115",60000,"589911000001105","Risperdal 1mg tablets (Janssen-Cilag Ltd)","Risperdal 1mg tablets","Tablet","Oral","Risperidone","1.000mg","","040201030BBAAAA","Risperdal 1mg tablets",1,"Risperidone",1
"7681841000033115",50000,"19626911000001108","Olanzapine 20mg orodispersible tablets","Olanzapine 20mg orodispersible tablets","Orodispersible tablet","Oral","Olanzapine","20.000mg","4020100","040201060AAAZAZ","Olanzapine 20mg orodispersible tablets",1,"Olanzapine",1
"1385341000033116",50000,"213711000001101","Stelazine 10mg Spansules (Mercury Pharma Group Ltd)","Stelazine 10mg Spansules","Modified-release capsule","Oral","Trifluoperazine hydrochloride","10.000mg","","0402010X0BBADAB","Stelazine 10mg Spansules",1,"Trifluoperazine",
"1432441000033117",50000,"321534006","Thioridazine 25mg/5ml oral suspension","Thioridazine 25mg/5ml oral suspension","Oral suspension","Oral","Thioridazine","5.000mg/1.000ml","4020100","","",1,"Thioridazine",
"276141000033112",50000,"32911000001106","Clopixol Conc 500mg/1ml solution for injection ampoules (Lundbeck Ltd)","Clopixol Conc 500mg/1ml solution for injection ampoules","Solution for injection","Intramuscular","Zuclopenthixol decanoate","500.000mg/1.000ml","","0402020Z0BBACAB","Clopixol Conc 500mg/1ml solution for injection ampoules",1,"Zuclopenthixol",
"2759741000033114",50000,"3434911000001100","Olanzapine 15mg oral lyophilisates sugar free","Olanzapine 15mg oral lyophilisates sugar free","Oral lyophilisate","Oral","Olanzapine","15.000mg","4020100","040201060AAAKAK","Olanzapine 15mg oral lyophilisates sugar free",1,"Olanzapine",1
"3090841000033113",50000,"36068811000001106","Flupentixol 20mg/1ml solution for injection ampoules","Flupentixol 20mg/1ml solution for injection ampoules","Solution for injection","Intramuscular","Flupentixol decanoate","20.000mg/1.000ml","4020200","0402020G0AAAAAA","Flupentixol 20mg/1ml solution for injection ampoules",1,"Flupentixol",
"1467041000033116",50000,"36143211000001104","Trifluoperazine 15mg modified-release capsules","Trifluoperazine 15mg modified-release capsules","Modified-release capsule","Oral","Trifluoperazine hydrochloride","15.000mg","4020100","0402010X0AAACAC","Trifluoperazine 15mg modified-release capsules",1,"Trifluoperazine",
"3866541000033110",50000,"386213008","Olanzapine 20mg oral lyophilisates sugar free","Olanzapine 20mg oral lyophilisates sugar free","Oral lyophilisate","Oral","Olanzapine","20.000mg","4020100","","",1,"Olanzapine",1
"1564241000033110",50000,"39708111000001108","Zuclopenthixol 25mg tablets","Zuclopenthixol 25mg tablets","Tablet","Oral","Zuclopenthixol dihydrochloride","25.000mg","4020100","0402010T0AAACAC","Zuclopenthixol 25mg tablets",1,"Zuclopenthixol",
"2868841000033116",50000,"4054011000001109","Risperidone 1mg orodispersible tablets sugar free","Risperidone 1mg orodispersible tablets sugar free","Orodispersible tablet","Oral","Risperidone","1.000mg","4020100","040201030AAALAL","Risperidone 1mg orodispersible tablets sugar free",1,"Risperidone",1
"925941000033117",50000,"565211000001101","Modecate Concentrate 100mg/1ml solution for injection ampoules (Sanofi)","Modecate Concentrate 100mg/1ml solution for injection ampoules","Solution for injection","Intramuscular","Fluphenazine decanoate","100.000mg/1.000ml","","0402020L0BBAGAF","Modecate Concentrate 100mg/1ml inj ampoules (Sanofi)",1,"Fluphenazine",
"816041000033110",50000,"910611000001102","Largactil 50mg tablets (Sanofi)","Largactil 50mg tablets","Tablet","Oral","Chlorpromazine hydrochloride","50.000mg","","0402010D0BDACAJ","Largactil 50mg tablets",1,"Chlorpromazine",
"485041000033112",40000,"","Droperidol  Tablets  10 mg","","","","","","","","",1,"Droperidol",
"1129141000033118",40000,"","Promazine Hydrochloride  Suspension  50 mg/5 ml","","","","","","","","",1,"Promazine",
"661341000033112",40000,"321420008","Haloperidol 10mg/5ml oral solution sugar free","Haloperidol 10mg/5ml oral solution sugar free","Oral solution","Oral","Haloperidol","2.000mg/1.000ml","4020100","","",1,"Haloperidol",
"2644841000033114",40000,"35901111000001102","Amisulpride 100mg/ml oral solution sugar free","Amisulpride 100mg/ml oral solution sugar free","Oral solution","Oral","Amisulpride","100.000mg/1.000ml","4020100","0402010A0AAAHAH","Amisulpride 100mg/ml oral solution sugar free",1,"Amisulpride",1
"1698441000033110",40000,"35931111000001108","Sulpiride 200mg/5ml oral solution sugar free","Sulpiride 200mg/5ml oral solution sugar free","Oral solution","Oral","Sulpiride","40.000mg/1.000ml","4020100","0402010U0AAAEAE","Sulpiride 200mg/5ml oral solution sugar free",1,"Sulpiride",
"584641000033111",40000,"36058411000001104","Fluphenazine decanoate 25mg/1ml solution for injection ampoules","Fluphenazine decanoate 25mg/1ml solution for injection ampoules","Solution for injection","Intramuscular","Fluphenazine decanoate","25.000mg/1.000ml","4020200","0402020L0AAACAC","Fluphenazine decanoate 25mg/1ml inj ampoules",1,"Fluphenazine",
"3090941000033117",40000,"36068911000001101","Flupentixol 40mg/2ml solution for injection ampoules","Flupentixol 40mg/2ml solution for injection ampoules","Solution for injection","Intramuscular","Flupentixol decanoate","20.000mg/1.000ml","4020200","0402020G0AAACAC","Flupentixol 40mg/2ml solution for injection ampoules",1,"Flupentixol",
"431741000033118",40000,"3679611000001105","Depixol 3mg tablets (Lundbeck Ltd)","Depixol 3mg tablets","Tablet","Oral","Flupentixol dihydrochloride","3.000mg","","0402010H0BBAAAA","Depixol 3mg tablets",1,"Flupentixol",
"2868941000033112",40000,"4054111000001105","Risperidone 2mg orodispersible tablets sugar free","Risperidone 2mg orodispersible tablets sugar free","Orodispersible tablet","Oral","Risperidone","2.000mg","4020100","040201030AAAMAM","Risperidone 2mg orodispersible tablets sugar free",1,"Risperidone",1
"659941000033116",30000,"","Haloperidol  Injection  5 mg/ml","","","","","","","","",1,"Haloperidol",
"4592341000033116",30000,"14026011000001102","Seroquel XL 300mg tablets (Luye Pharma Ltd)","Seroquel XL 300mg tablets","Modified-release tablet","Oral","Quetiapine fumarate","300.000mg","","0402010ABBBAJAX","Seroquel XL 300mg tablets",1,"Quetiapine",
"6466041000033115",30000,"19609111000001109","Olanzapine 10mg orodispersible tablets sugar free","Olanzapine 10mg orodispersible tablets sugar free","Orodispersible tablet","Oral","Olanzapine","10.000mg","4020100","040201060AAATAT","Olanzapine 10mg orodispersible tablets sugar free",1,"Olanzapine",1
"6465941000033113",30000,"19609511000001100","Olanzapine 5mg orodispersible tablets sugar free","Olanzapine 5mg orodispersible tablets sugar free","Orodispersible tablet","Oral","Olanzapine","5.000mg","4020100","040201060AAASAS","Olanzapine 5mg orodispersible tablets sugar free",1,"Olanzapine",1
"7681741000033113",30000,"19626811000001103","Olanzapine 15mg orodispersible tablets","Olanzapine 15mg orodispersible tablets","Orodispersible tablet","Oral","Olanzapine","15.000mg","4020100","040201060AAAYAY","Olanzapine 15mg orodispersible tablets",1,"Olanzapine",1
"8246241000033114",30000,"21714411000001103","Sondate XL 150mg tablets (Teva UK Ltd)","Sondate XL 150mg tablets","Modified-release tablet","Oral","Quetiapine fumarate","150.000mg","","0402010ABBCAEBA","Sondate XL 150mg tablets",1,"Quetiapine",
"9604441000033112",30000,"25803211000001100","Ebesque XL 50mg tablets (Ethypharm UK Ltd)","Ebesque XL 50mg tablets","Modified-release tablet","Oral","Quetiapine fumarate","50.000mg","","0402010ABBFAAAV","Ebesque XL 50mg tablets",1,"Quetiapine",
"9605941000033118",30000,"25804911000001106","Ebesque XL 300mg tablets (Ethypharm UK Ltd)","Ebesque XL 300mg tablets","Modified-release tablet","Oral","Quetiapine fumarate","300.000mg","","0402010ABBFACAX","Ebesque XL 300mg tablets",1,"Quetiapine",
"10041241000033113",30000,"28400411000001108","Biquelle XL 150mg tablets (Aspire Pharma Ltd)","Biquelle XL 150mg tablets","Modified-release tablet","Oral","Quetiapine fumarate","150.000mg","","0402010ABBIABBA","Biquelle XL 150mg tablets",1,"Quetiapine",
"10041841000033112",30000,"28411711000001107","Zaluron XL 150mg tablets (Fontus Health Ltd)","Zaluron XL 150mg tablets","Modified-release tablet","Oral","Quetiapine fumarate","150.000mg","","0402010ABBHABBA","Zaluron XL 150mg tablets",1,"Quetiapine",
"420441000033119",30000,"3100711000001101","Depixol Conc 50mg/0.5ml solution for injection ampoules (Lundbeck Ltd)","Depixol Conc 50mg/0.5ml solution for injection ampoules","Solution for injection","Intramuscular","Flupentixol decanoate","100.000mg/1.000ml","","0402020G0BBAFAH","Depixol Conc 50mg/0.5ml solution for injection ampoules",1,"Flupentixol",
"595441000033112",30000,"321412006","Fluphenazine 1mg tablets","Fluphenazine 1mg tablets","Tablet","Oral","Fluphenazine hydrochloride","1.000mg","4020100","","",1,"Fluphenazine",
"1065241000033112",30000,"321485000","Perphenazine 4mg tablets","Perphenazine 4mg tablets","Tablet","Oral","Perphenazine","4.000mg","4020100","","",1,"Perphenazine",
"1090941000033114",30000,"321490002","Pimozide 2mg tablets","Pimozide 2mg tablets","Tablet","Oral","Pimozide","2.000mg","4020100","","",1,"Pimozide",
"287641000033113",30000,"321573006","Clozapine 25mg tablets","Clozapine 25mg tablets","Tablet","Oral","Clozapine","25.000mg","4020100","","",1,"Clozapine",1
"659741000033119",30000,"36053611000001108","Haloperidol decanoate 100mg/1ml solution for injection ampoules","Haloperidol decanoate 100mg/1ml solution for injection ampoules","Solution for injection","Intramuscular","Haloperidol decanoate","100.000mg/1.000ml","4020200","0402020T0AAABAB","Haloperidol decanoate 100mg/1ml inj ampoules",1,"Haloperidol",
"587741000033113",30000,"36058111000001109","Fluphenazine decanoate 100mg/1ml solution for injection ampoules","Fluphenazine decanoate 100mg/1ml solution for injection ampoules","Solution for injection","Intramuscular","Fluphenazine decanoate","100.000mg/1.000ml","4020200","0402020L0AAAFAF","Fluphenazine decanoate 100mg/1ml inj ampoules",1,"Fluphenazine",
"3090741000033115",30000,"36068711000001103","Flupentixol 200mg/1ml solution for injection ampoules","Flupentixol 200mg/1ml solution for injection ampoules","Solution for injection","Intramuscular","Flupentixol decanoate","200.000mg/1.000ml","4020200","0402020G0AAAIAI","Flupentixol 200mg/1ml solution for injection ampoules",1,"Flupentixol",
"659441000033114",30000,"3748011000001101","Haldol decanoate 100mg/1ml solution for injection ampoules (Janssen-Cilag Ltd)","Haldol Decanoate 100mg/1ml solution for injection ampoules","Solution for injection","Intramuscular","Haloperidol decanoate","100.000mg/1.000ml","","0402020T0BBABAB","Haldol Decanoate 100mg/1ml solution for injection ampoules",1,"Haloperidol",
"13581641000033117",30000,"38696711000001103","Risperidone 250microgram tablets","Risperidone 250microgram tablets","Tablet","Oral","Risperidone","250.000microgram","4020100","040201030AAATAT","Risperidone 250microgram tablets",1,"Risperidone",1
"2780041000033113",30000,"4167011000001101","Risperdal Consta 50mg powder and solvent for suspension for injection vials (Janssen-Cilag Ltd)","Risperdal Consta 50mg powder and solvent for suspension for injection vials","Powder and solvent for suspension for injection","Intramuscular","Risperidone","50.000mg","","0402020AABBABAB","Risperdal Consta 50mg inj vials",1,"Risperidone",1
"981641000033117",30000,"4182911000001102","Nozinan 25mg/1ml solution for injection ampoules (Sanofi)","Nozinan 25mg/1ml solution for injection ampoules","Solution for injection","Subcutaneous/ Intravenous/ Intramuscular","Levomepromazine hydrochloride","25.000mg/1.000ml","","0402010L0BBAAAA","Nozinan 25mg/1ml solution for injection ampoules",1,"Levomepromazine",
"815841000033113",30000,"432111000001100","Largactil 100mg tablets (Sanofi)","Largactil 100mg tablets","Tablet","Oral","Chlorpromazine hydrochloride","100.000mg","","0402010D0BDADAK","Largactil 100mg tablets",1,"Chlorpromazine",
"480941000033116",30000,"44411000001109","Dolmatil 200mg tablets (Sanofi)","Dolmatil 200mg tablets","Tablet","Oral","Sulpiride","200.000mg","","0402010U0BBAAAH","Dolmatil 200mg tablets",1,"Sulpiride",
"1268341000033116",30000,"522711000001106","Serenace 500microgram capsules (Teva UK Ltd)","Serenace 500microgram capsules","Capsule","Oral","Haloperidol","500.000microgram","","0402010J0BEAAAA","Serenace 500microgram capsules",1,"Haloperidol",
"1277841000033115",30000,"596211000001109","Seroquel 25mg tablets (Luye Pharma Ltd)","Seroquel 25mg tablets","Tablet","Oral","Quetiapine fumarate","25.000mg","","0402010ABBBABAB","Seroquel 25mg tablets",1,"Quetiapine",
"1385441000033110",30000,"710411000001106","Stelazine 15mg Spansules (Mercury Pharma Group Ltd)","Stelazine 15mg Spansules","Modified-release capsule","Oral","Trifluoperazine hydrochloride","15.000mg","","0402010X0BBAEAC","Stelazine 15mg Spansules",1,"Trifluoperazine",
"1176341000033113",30000,"858911000001109","Risperdal 2mg tablets (Janssen-Cilag Ltd)","Risperdal 2mg tablets","Tablet","Oral","Risperidone","2.000mg","","040201030BBABAB","Risperdal 2mg tablets",1,"Risperidone",1
"3063641000033117",30000,"9536311000001104","Levomepromazine 6mg tablets","Levomepromazine 6mg tablets","Tablet","Oral","Levomepromazine maleate","6.000mg","4020100","0402010K0AAAMAM","Levomepromazine 6mg tablets",1,"Levomepromazine",
"3950341000033115",20000,"10675311000001102","Aripiprazole 10mg orodispersible tablets sugar free","Aripiprazole 10mg orodispersible tablets sugar free","Orodispersible tablet","Oral","Aripiprazole","10.000mg","4020100","0402010ADAAAEAE","Aripiprazole 10mg orodispersible tablets sugar free",1,"Aripiprazole",1
"3950441000033114",20000,"10675411000001109","Aripiprazole 15mg orodispersible tablets sugar free","Aripiprazole 15mg orodispersible tablets sugar free","Orodispersible tablet","Oral","Aripiprazole","15.000mg","4020100","0402010ADAAAFAF","Aripiprazole 15mg orodispersible tablets sugar free",1,"Aripiprazole",1
"4592241000033114",20000,"14025311000001109","Seroquel XL 200mg tablets (Luye Pharma Ltd)","Seroquel XL 200mg tablets","Modified-release tablet","Oral","Quetiapine fumarate","200.000mg","","0402010ABBBAIAW","Seroquel XL 200mg tablets",1,"Quetiapine",
"4592441000033110",20000,"14025711000001108","Seroquel XL 400mg tablets (Luye Pharma Ltd)","Seroquel XL 400mg tablets","Modified-release tablet","Oral","Quetiapine fumarate","400.000mg","","0402010ABBBAKAY","Seroquel XL 400mg tablets",1,"Quetiapine",
"4592141000033119",20000,"14026511000001105","Seroquel XL 50mg tablets (Luye Pharma Ltd)","Seroquel XL 50mg tablets","Modified-release tablet","Oral","Quetiapine fumarate","50.000mg","","0402010ABBBAHAV","Seroquel XL 50mg tablets",1,"Quetiapine",
"6466241000033111",20000,"19609411000001104","Olanzapine 20mg orodispersible tablets sugar free","Olanzapine 20mg orodispersible tablets sugar free","Orodispersible tablet","Oral","Olanzapine","20.000mg","4020100","040201060AAAVAV","Olanzapine 20mg orodispersible tablets sugar free",1,"Olanzapine",1
"9605541000033112",20000,"25804311000001105","Ebesque XL 200mg tablets (Ethypharm UK Ltd)","Ebesque XL 200mg tablets","Modified-release tablet","Oral","Quetiapine fumarate","200.000mg","","0402010ABBFABAW","Ebesque XL 200mg tablets",1,"Quetiapine",
"9606341000033113",20000,"25806011000001102","Ebesque XL 400mg tablets (Ethypharm UK Ltd)","Ebesque XL 400mg tablets","Modified-release tablet","Oral","Quetiapine fumarate","400.000mg","","0402010ABBFADAY","Ebesque XL 400mg tablets",1,"Quetiapine",
"9809041000033110",20000,"26655411000001104","Lurasidone 37mg tablets","Lurasidone 37mg tablets","Tablet","Oral","Lurasidone hydrochloride","37.000mg","4020100","0402010AIAAABAB","Lurasidone 37mg tablets",1,"Lurasidone",1
"9809141000033114",20000,"26655511000001100","Lurasidone 74mg tablets","Lurasidone 74mg tablets","Tablet","Oral","Lurasidone hydrochloride","74.000mg","4020100","0402010AIAAACAC","Lurasidone 74mg tablets",1,"Lurasidone",1
"2758141000033116",20000,"30799611000001105","Haloperidol 200micrograms/ml oral solution sugar free","Haloperidol 200micrograms/ml oral solution sugar free","Oral solution","Oral","Haloperidol","200.000microgram/1.000ml","4020100","0402010J0AABNBN","Haloperidol 200micrograms/ml oral solution sugar free",1,"Haloperidol",
"419941000033113",20000,"3104011000001105","Depixol Low Volume 200mg/1ml solution for injection ampoules (Lundbeck Ltd)","Depixol Low Volume 200mg/1ml solution for injection ampoules","Solution for injection","Intramuscular","Flupentixol decanoate","200.000mg/1.000ml","","0402020G0BBAGAI","Depixol Low Volume 200mg/1ml solution for injection ampoules",1,"Flupentixol",
"10946341000033116",20000,"31087211000001107","Aripiprazole 400mg powder and solvent for suspension for injection pre-filled syringes","Aripiprazole 400mg powder and solvent for suspension for injection pre-filled syringes","Powder and solvent for suspension for injection","Intramuscular","Aripiprazole","400.000mg","4020200","0402020ADAAABAB","Aripiprazole 400mg inj pre-filled syringes",1,"Aripiprazole",1
"662441000033114",20000,"321419002","Haloperidol 20mg tablets","Haloperidol 20mg tablets","Tablet","Oral","Haloperidol","20.000mg","4020100","","",1,"Haloperidol",
"1277641000033116",20000,"340911000001108","Seroquel 100mg tablets (Luye Pharma Ltd)","Seroquel 100mg tablets","Tablet","Oral","Quetiapine fumarate","100.000mg","","0402010ABBBACAC","Seroquel 100mg tablets",1,"Quetiapine",
"1173841000033113",20000,"343311000001101","Risperdal 1mg/ml oral solution (Janssen-Cilag Ltd)","Risperdal 1mg/ml oral solution","Oral solution","Oral","Risperidone","1.000mg/1.000ml","","040201030BBAEAE","Risperdal 1mg/ml oral solution",1,"Risperidone",1
"659841000033112",20000,"36053711000001104","Haloperidol decanoate 50mg/1ml solution for injection ampoules","Haloperidol decanoate 50mg/1ml solution for injection ampoules","Solution for injection","Intramuscular","Haloperidol decanoate","50.000mg/1.000ml","4020200","0402020T0AAAAAA","Haloperidol decanoate 50mg/1ml inj ampoules",1,"Haloperidol",
"570941000033117",20000,"3680311000001100","Fentazin 2mg tablets (Advanz Pharma)","Fentazin 2mg tablets","Tablet","Oral","Perphenazine","2.000mg","","0402010Q0BBAAAC","Fentazin 2mg tablets",1,"Perphenazine",
"659541000033110",20000,"3747311000001104","Haldol decanoate 50mg/1ml solution for injection ampoules (Janssen-Cilag Ltd)","Haldol Decanoate 50mg/1ml solution for injection ampoules","Solution for injection","Intramuscular","Haloperidol decanoate","50.000mg/1.000ml","","0402020T0BBAAAA","Haldol Decanoate 50mg/1ml solution for injection ampoules",1,"Haloperidol",
"1086741000033114",20000,"3822011000001103","Piportil Depot 50mg/1ml solution for injection ampoules (Sanofi)","Piportil Depot 50mg/1ml solution for injection ampoules","Solution for injection","Intramuscular","Pipotiazine palmitate","50.000mg/1.000ml","","0402020V0BBAAAA","Piportil Depot 50mg/1ml solution for injection ampoules",1,"Pipotiazine",
"3180441000033118",20000,"39731811000001104","Amitriptyline 25mg / Perphenazine 2mg tablets","Amitriptyline 25mg / Perphenazine 2mg tablets","Tablet","Oral","Amitriptyline hydrochloride/ Perphenazine","25.000mg + 2.000mg","4030100","0403010B0AAA8A8","Amitriptyline 25mg / Perphenazine 2mg tablets",1,"Perphenazine",
"2779941000033114",20000,"4166711000001102","Risperdal Consta 37.5mg powder and solvent for suspension for injection vials (Janssen-Cilag Ltd)","Risperdal Consta 37.5mg powder and solvent for suspension for injection vials","Powder and solvent for suspension for injection","Intramuscular","Risperidone","37.500mg","","0402020AABBACAC","Risperdal Consta 37.5mg inj vials",1,"Risperidone",1
"2780241000033117",20000,"4176911000001105","Risperidone 37.5mg powder and solvent for suspension for injection vials","Risperidone 37.5mg powder and solvent for suspension for injection vials","Powder and solvent for suspension for injection","Intramuscular","Risperidone","37.500mg","4020200","0402020AAAAACAC","Risperidone 37.5mg inj vials",1,"Risperidone",1
"2780341000033110",20000,"4177011000001109","Risperidone 50mg powder and solvent for suspension for injection vials","Risperidone 50mg powder and solvent for suspension for injection vials","Powder and solvent for suspension for injection","Intramuscular","Risperidone","50.000mg","4020200","0402020AAAAABAB","Risperidone 50mg inj vials",1,"Risperidone",1
"2779841000033118",20000,"4520711000001102","Risperdal Consta 25mg powder and solvent for suspension for injection vials (Janssen-Cilag Ltd)","Risperdal Consta 25mg powder and solvent for suspension for injection vials","Powder and solvent for suspension for injection","Intramuscular","Risperidone","25.000mg","","0402020AABBAAAA","Risperdal Consta 25mg inj vials",1,"Risperidone",1
"2780141000033112",20000,"4559111000001109","Risperidone 25mg powder and solvent for suspension for injection vials","Risperidone 25mg powder and solvent for suspension for injection vials","Powder and solvent for suspension for injection","Intramuscular","Risperidone","25.000mg","4020200","0402020AAAAAAAA","Risperidone 25mg inj vials",1,"Risperidone",1
"1176441000033119",20000,"518911000001100","Risperdal 3mg tablets (Janssen-Cilag Ltd)","Risperdal 3mg tablets","Tablet","Oral","Risperidone","3.000mg","","040201030BBACAC","Risperdal 3mg tablets",1,"Risperidone",1
"892241000033119",20000,"58711000001108","Melleril 25mg/5ml oral suspension (Novartis Pharmaceuticals UK Ltd)","Melleril 25mg/5ml oral suspension","Oral suspension","Oral","Thioridazine","5.000mg/1.000ml","","0402010W0BBAEAA","Melleril 25mg/5ml oral suspension",1,"Thioridazine",
"287141000033115",20000,"618211000001102","Clopixol 25mg tablets (Lundbeck Ltd)","Clopixol 25mg tablets","Tablet","Oral","Zuclopenthixol dihydrochloride","25.000mg","","0402010T0BBACAC","Clopixol 25mg tablets",1,"Zuclopenthixol",
"1385941000033117",20000,"636711000001103","Stelazine 1mg/5ml syrup (Mercury Pharma Group Ltd)","Stelazine 1mg/5ml syrup","Oral solution","Oral","Trifluoperazine hydrochloride","200.000microgram/1.000ml","","0402010X0BBAFAF","Stelazine 1mg/5ml syrup",1,"Trifluoperazine",
"1512741000033113",20000,"701911000001108","Nozinan 25mg tablets (Sanofi)","Nozinan 25mg tablets","Tablet","Oral","Levomepromazine maleate","25.000mg","","0402010K0BCAAAA","Nozinan 25mg tablets",1,"Levomepromazine",
"893741000033115",20000,"788511000001105","Melleril 25mg/5ml syrup (Novartis Pharmaceuticals UK Ltd)","Melleril 25mg/5ml syrup","Oral solution","Oral","Thioridazine hydrochloride","5.000mg/1.000ml","","0402010W0BBAGAC","Melleril 25mg/5ml syrup",1,"Thioridazine",
"925841000033113",20000,"790311000001100","Modecate 12.5mg/0.5ml solution for injection ampoules (Sanofi)","Modecate 12.5mg/0.5ml solution for injection ampoules","Solution for injection","Intramuscular","Fluphenazine decanoate","25.000mg/1.000ml","","0402020L0BBAAAA","Modecate 12.5mg/0.5ml solution for injection ampoules",1,"Fluphenazine",
"1719341000033115",20000,"8359411000001103","Chlorpromazine 100mg/5ml oral solution","Chlorpromazine 100mg/5ml oral solution","Oral solution","Oral","Chlorpromazine hydrochloride","20.000mg/1.000ml","4020100","0402010D0AAAFAF","Chlorpromazine 100mg/5ml oral solution",1,"Chlorpromazine",
"895941000033118",20000,"884511000001101","Melleril 100mg tablets (Novartis Pharmaceuticals UK Ltd)","Melleril 100mg tablets","Tablet","Oral","Thioridazine hydrochloride","100.000mg","","0402010W0BBADAH","Melleril 100mg tablets",1,"Thioridazine",
"660441000033110",10000,"","Haloperidol  Liquid  2mg/ml","","","","","","","","",1,"Haloperidol",
"4012041000033116",10000,"11140811000001105","Risperidone 3mg orodispersible tablets sugar free","Risperidone 3mg orodispersible tablets sugar free","Orodispersible tablet","Oral","Risperidone","3.000mg","4020100","040201030AAAPAP","Risperidone 3mg orodispersible tablets sugar free",1,"Risperidone",1
"4012141000033117",10000,"11140911000001100","Risperidone 4mg orodispersible tablets sugar free","Risperidone 4mg orodispersible tablets sugar free","Orodispersible tablet","Oral","Risperidone","4.000mg","4020100","040201030AAAQAQ","Risperidone 4mg orodispersible tablets sugar free",1,"Risperidone",1
"925341000033116",10000,"119311000001100","Modecate 50mg/2ml solution for injection ampoules (Sanofi)","Modecate 50mg/2ml solution for injection ampoules","Solution for injection","Intramuscular","Fluphenazine decanoate","25.000mg/1.000ml","","0402020L0BBACAD","Modecate 50mg/2ml solution for injection ampoules",1,"Fluphenazine",
"6359641000033119",10000,"19223511000001106","Paliperidone 100mg/1ml prolonged-release suspension for injection pre-filled syringes","Paliperidone 100mg/1ml prolonged-release suspension for injection pre-filled syringes","Suspension for injection/ Prolonged-release suspension for injection","Intramuscular","Paliperidone palmitate","100.000mg/1.000ml","4020200","0402020ABAAACAC","Paliperidone 100mg/1ml prolonged-release inj pf syringes",1,"Paliperidone",1
"6359741000033111",10000,"19223611000001105","Paliperidone 150mg/1.5ml prolonged-release suspension for injection pre-filled syringes","Paliperidone 150mg/1.5ml prolonged-release suspension for injection pre-filled syringes","Suspension for injection/ Prolonged-release suspension for injection","Intramuscular","Paliperidone palmitate","100.000mg/1.000ml","4020200","0402020ABAAADAD","Paliperidone 150mg/1.5ml prolonged-release inj pf syringes",1,"Paliperidone",1
"6466141000033116",10000,"19609311000001106","Olanzapine 15mg orodispersible tablets sugar free","Olanzapine 15mg orodispersible tablets sugar free","Orodispersible tablet","Oral","Olanzapine","15.000mg","4020100","040201060AAAUAU","Olanzapine 15mg orodispersible tablets sugar free",1,"Olanzapine",1
"3104041000033117",10000,"36016911000001101","Pipotiazine 50mg/1ml solution for injection ampoules","Pipotiazine 50mg/1ml solution for injection ampoules","Solution for injection","Intramuscular","Pipotiazine palmitate","50.000mg/1.000ml","4020200","0402020V0AAAAAA","Pipotiazine 50mg/1ml solution for injection ampoules",1,"Pipotiazine",
"3090541000033111",10000,"36058011000001108","Flupentixol 50mg/0.5ml solution for injection ampoules","Flupentixol 50mg/0.5ml solution for injection ampoules","Solution for injection","Intramuscular","Flupentixol decanoate","100.000mg/1.000ml","4020200","0402020G0AAAHAH","Flupentixol 50mg/0.5ml solution for injection ampoules",1,"Flupentixol",
"246641000033118",10000,"36137911000001103","Chlorpromazine 100mg/5ml oral suspension sugar free","Chlorpromazine 100mg/5ml oral suspension sugar free","Oral suspension","Oral","Chlorpromazine embonate","20.000mg/1.000ml","4020100","0402010D0AAAPAP","Chlorpromazine 100mg/5ml oral suspension sugar free",1,"Chlorpromazine",
"571041000033110",10000,"3680911000001104","Fentazin 4mg tablets (Advanz Pharma)","Fentazin 4mg tablets","Tablet","Oral","Perphenazine","4.000mg","","0402010Q0BBABAD","Fentazin 4mg tablets",1,"Perphenazine",
"2869141000033116",10000,"4039711000001108","Risperdal Quicklet 2mg orodispersible tablets (Janssen-Cilag Ltd)","Risperdal Quicklet 2mg orodispersible tablets","Orodispersible tablet","Oral","Risperidone","2.000mg","","040201030BBAIAM","Risperdal Quicklet 2mg orodispersible tablets",1,"Risperidone",1
"1176541000033118",10000,"429611000001104","Risperdal 4mg tablets (Janssen-Cilag Ltd)","Risperdal 4mg tablets","Tablet","Oral","Risperidone","4.000mg","","040201030BBADAD","Risperdal 4mg tablets",1,"Risperidone",1
"1565241000033114",10000,"467011000001109","Zyprexa 5mg tablets (Eli Lilly and Company Ltd)","Zyprexa 5mg tablets","Tablet","Oral","Olanzapine","5.000mg","","040201060BBAAAA","Zyprexa 5mg tablets",1,"Olanzapine",1
"1277741000033113",10000,"476411000001108","Seroquel 200mg tablets (Luye Pharma Ltd)","Seroquel 200mg tablets","Tablet","Oral","Quetiapine fumarate","200.000mg","","0402010ABBBADAD","Seroquel 200mg tablets",1,"Quetiapine",
"1565141000033119",10000,"486611000001101","Zyprexa 10mg tablets (Eli Lilly and Company Ltd)","Zyprexa 10mg tablets","Tablet","Oral","Olanzapine","10.000mg","","040201060BBACAC","Zyprexa 10mg tablets",1,"Olanzapine",1
"3137841000033110",10000,"7637111000001104","Abilify 10mg tablets (Otsuka Pharmaceuticals (U.K.) Ltd)","Abilify 10mg tablets","Tablet","Oral","Aripiprazole","10.000mg","","0402010ADBBAAAA","Abilify 10mg tablets",1,"Aripiprazole",1
"927841000033117",10000,"837811000001102","Modecate Concentrate 50mg/0.5ml solution for injection ampoules (Sanofi)","Modecate Concentrate 50mg/0.5ml solution for injection ampoules","Solution for injection","Intramuscular","Fluphenazine decanoate","100.000mg/1.000ml","","0402020L0BBAFAB","Modecate Concentrate 50mg/0.5ml inj ampoules",1,"Fluphenazine",
"2078041000033119",10000,"897111000001104","Zyprexa 10mg Velotabs (Eli Lilly and Company Ltd)","Zyprexa 10mg Velotabs","Oral lyophilisate","Oral","Olanzapine","10.000mg","","040201060BBAFAF","Zyprexa 10mg Velotabs",1,"Olanzapine",1
"1275941000033115",10000,"899811000001103","Serenace 1.5mg tablets (Teva UK Ltd)","Serenace 1.5mg tablets","Tablet","Oral","Haloperidol","1.500mg","","0402010J0BEABAJ","Serenace 1.5mg tablets",1,"Haloperidol",
"815741000033115",10000,"911311000001102","Largactil 10mg tablets (Sanofi)","Largactil 10mg tablets","Tablet","Oral","Chlorpromazine hydrochloride","10.000mg","","0402010D0BDAAAH","Largactil 10mg tablets",1,"Chlorpromazine",
"3180541000033117",9000,"39731711000001107","Amitriptyline 10mg / Perphenazine 2mg tablets","Amitriptyline 10mg / Perphenazine 2mg tablets","Tablet","Oral","Amitriptyline hydrochloride/ Perphenazine","10.000mg + 2.000mg","4030100","0403010B0AAA9A9","Amitriptyline 10mg / Perphenazine 2mg tablets",1,"Perphenazine",
"3225341000033111",9000,"9037911000001102","Abilify 5mg tablets (Otsuka Pharmaceuticals (U.K.) Ltd)","Abilify 5mg tablets","Tablet","Oral","Aripiprazole","5.000mg","","0402010ADBBADAD","Abilify 5mg tablets",1,"Aripiprazole",1
"3246141000033115",9000,"9044211000001100","Risperdal Quicklet 500microgram orodispersible tablets (Janssen-Cilag Ltd)","Risperdal Quicklet 500microgram orodispersible tablets","Orodispersible tablet","Oral","Risperidone","500.000microgram","","040201030BBAJAN","Risperdal Quicklet 500microgram orodispersible tablets",1,"Risperidone",1
"6359541000033115",8000,"19223811000001109","Paliperidone 75mg/0.75ml prolonged-release suspension for injection pre-filled syringes","Paliperidone 75mg/0.75ml prolonged-release suspension for injection pre-filled syringes","Suspension for injection/ Prolonged-release suspension for injection","Intramuscular","Paliperidone palmitate","100.000mg/1.000ml","4020200","0402020ABAAABAB","Paliperidone 75mg/0.75ml prolonged-release inj pf syringes",1,"Paliperidone",1
"11753641000033118",8000,"33391011000001100","Quetiapine 20mg/ml oral suspension sugar free","Quetiapine 20mg/ml oral suspension sugar free","Oral suspension","Oral","Quetiapine fumarate","20.000mg/1.000ml","4020100","0402010ABAABFBF","Quetiapine 20mg/ml oral suspension sugar free",1,"Quetiapine",
"1713941000033118",8000,"337311000001109","Zyprexa 2.5mg tablets (Eli Lilly and Company Ltd)","Zyprexa 2.5mg tablets","Tablet","Oral","Olanzapine","2.500mg","","040201060BBADAD","Zyprexa 2.5mg tablets",1,"Olanzapine",1
"586941000033114",8000,"36058611000001101","Fluphenazine decanoate 50mg/0.5ml solution for injection ampoules","Fluphenazine decanoate 50mg/0.5ml solution for injection ampoules","Solution for injection","Intramuscular","Fluphenazine decanoate","100.000mg/1.000ml","4020200","0402020L0AAABAB","Fluphenazine decanoate 50mg/0.5ml inj ampoules",1,"Fluphenazine",
"935041000033115",8000,"3686111000001104","Moditen 1mg tablets (Sanofi)","Moditen 1mg tablets","Tablet","Oral","Fluphenazine hydrochloride","1.000mg","","0402010I0BBAAAB","Moditen 1mg tablets",1,"Fluphenazine",
"813741000033119",8000,"379911000001101","Largactil 25mg/5ml syrup (Sanofi)","Largactil 25mg/5ml syrup","Oral solution","Oral","Chlorpromazine hydrochloride","5.000mg/1.000ml","","0402010D0BDAEAB","Largactil 25mg/5ml syrup",1,"Chlorpromazine",
"1016441000033117",8000,"4544911000001108","Orap 2mg tablets (Janssen-Cilag Ltd)","Orap 2mg tablets","Tablet","Oral","Pimozide","2.000mg","","0402010R0BBAAAA","Orap 2mg tablets",1,"Pimozide",
"2975941000033117",8000,"4989111000001106","Seroquel 300mg tablets (Luye Pharma Ltd)","Seroquel 300mg tablets","Tablet","Oral","Quetiapine fumarate","300.000mg","","0402010ABBBAGAK","Seroquel 300mg tablets",1,"Quetiapine",
"2077941000033117",8000,"91711000001108","Zyprexa 5mg Velotabs (Eli Lilly and Company Ltd)","Zyprexa 5mg Velotabs","Oral lyophilisate","Oral","Olanzapine","5.000mg","","040201060BBAEAE","Zyprexa 5mg Velotabs",1,"Olanzapine",1
"1276241000033117",7000,"228411000001106","Serenace 5mg tablets (Teva UK Ltd)","Serenace 5mg tablets","Tablet","Oral","Haloperidol","5.000mg","","0402010J0BEACAK","Serenace 5mg tablets",1,"Haloperidol",
"8960241000033117",7000,"23661211000001102","Aripiprazole 400mg powder and solvent for suspension for injection vials","Aripiprazole 400mg powder and solvent for suspension for injection vials","Powder and solvent for suspension for injection","Intramuscular","Aripiprazole","400.000mg","4020200","0402020ADAAAAAA","Aripiprazole 400mg inj vials",1,"Aripiprazole",1
"9808941000033118",7000,"26655311000001106","Lurasidone 18.5mg tablets","Lurasidone 18.5mg tablets","Tablet","Oral","Lurasidone hydrochloride","18.500mg","4020100","0402010AIAAAAAA","Lurasidone 18.5mg tablets",1,"Lurasidone",1
"586641000033119",7000,"36058211000001103","Fluphenazine decanoate 12.5mg/0.5ml solution for injection ampoules","Fluphenazine decanoate 12.5mg/0.5ml solution for injection ampoules","Solution for injection","Intramuscular","Fluphenazine decanoate","25.000mg/1.000ml","4020200","0402020L0AAAAAA","Fluphenazine decanoate 12.5mg/0.5ml inj ampoules",1,"Fluphenazine",
"840741000033115",7000,"39699511000001101","Loxapine 10mg capsules","Loxapine 10mg capsules","Capsule","Oral","Loxapine succinate","10.000mg","4020100","0402010M0AAAAAA","Loxapine 10mg capsules",1,"Loxapine",
"2869041000033115",7000,"4039211000001101","Risperdal Quicklet 1mg orodispersible tablets (Janssen-Cilag Ltd)","Risperdal Quicklet 1mg orodispersible tablets","Orodispersible tablet","Oral","Risperidone","1.000mg","","040201030BBAHAL","Risperdal Quicklet 1mg orodispersible tablets",1,"Risperidone",1
"3137941000033119",7000,"7637411000001109","Abilify 15mg tablets (Otsuka Pharmaceuticals (U.K.) Ltd)","Abilify 15mg tablets","Tablet","Oral","Aripiprazole","15.000mg","","0402010ADBBABAB","Abilify 15mg tablets",1,"Aripiprazole",1
"1087341000033110",7000,"8823211000001101","Piportil Depot 100mg/2ml solution for injection ampoules (Sanofi)","Piportil Depot 100mg/2ml solution for injection ampoules","Solution for injection","Intramuscular","Pipotiazine palmitate","50.000mg/1.000ml","","0402020V0BBABAB","Piportil Depot 100mg/2ml solution for injection ampoules",1,"Pipotiazine",
"483541000033115",6000,"","Droperidol  Liquid  1mg/ml","","","","","","","","",1,"Droperidol",
"5909441000033118",6000,"17689811000001108","Seroquel XL 150mg tablets (Luye Pharma Ltd)","Seroquel XL 150mg tablets","Modified-release tablet","Oral","Quetiapine fumarate","150.000mg","","0402010ABBBALBA","Seroquel XL 150mg tablets",1,"Quetiapine",
"11782141000033111",6000,"33568811000001104","Brancico XL 300mg tablets (Zentiva Pharma UK Ltd)","Brancico XL 300mg tablets","Modified-release tablet","Oral","Quetiapine fumarate","300.000mg","","0402010ABBLAAAX","Brancico XL 300mg tablets",1,"Quetiapine",
"11782341000033114",6000,"33569911000001101","Brancico XL 50mg tablets (Zentiva Pharma UK Ltd)","Brancico XL 50mg tablets","Modified-release tablet","Oral","Quetiapine fumarate","50.000mg","","0402010ABBLADAV","Brancico XL 50mg tablets",1,"Quetiapine",
"1063541000033113",6000,"36027911000001107","Pericyazine 10mg/5ml oral solution","Pericyazine 10mg/5ml oral solution","Oral solution","Oral","Pericyazine","2.000mg/1.000ml","4020100","0402010P0AAACAC","Pericyazine 10mg/5ml oral solution",1,"Pericyazine",
"1016541000033116",6000,"3688011000001101","Orap 4mg tablets (Eumedica Pharma Ltd)","Orap 4mg tablets","Tablet","Oral","Pimozide","4.000mg","","0402010R0BBABAB","Orap 4mg tablets",1,"Pimozide",
"840941000033117",6000,"39699711000001106","Loxapine 50mg capsules","Loxapine 50mg capsules","Capsule","Oral","Loxapine succinate","50.000mg","4020100","0402010M0AAACAC","Loxapine 50mg capsules",1,"Loxapine",
"924241000033110",6000,"66211000001107","Modecate 25mg/1ml solution for injection pre-filled syringes (Sanofi-Synthelabo Ltd)","Modecate 25mg/1ml solution for injection pre-filled syringes","Solution for injection","Intramuscular","Fluphenazine decanoate","25.000mg/1.000ml","","0402020L0BBADAG","Modecate 25mg/1ml solution for injection pre-filled syringes",1,"Fluphenazine",
"965641000033118",6000,"746611000001104","Neulactil 2.5mg tablets (Sanofi)","Neulactil 2.5mg tablets","Tablet","Oral","Pericyazine","2.500mg","","0402010P0BBAAAD","Neulactil 2.5mg tablets",1,"Pericyazine",
"3866641000033111",6000,"9891011000001103","Zyprexa 20mg Velotabs (Eli Lilly and Company Ltd)","Zyprexa 20mg Velotabs","Oral lyophilisate","Oral","Olanzapine","20.000mg","","040201060BBAJAP","Zyprexa 20mg Velotabs",1,"Olanzapine",1
"4133841000033118",5000,"","Quetiapine  Oral Suspension Sugar Free  12.5 mg/5 ml","","","","","","","","",1,"Quetiapine",
"6359441000033116",5000,"19223711000001101","Paliperidone 50mg/0.5ml prolonged-release suspension for injection pre-filled syringes","Paliperidone 50mg/0.5ml prolonged-release suspension for injection pre-filled syringes","Suspension for injection/ Prolonged-release suspension for injection","Intramuscular","Paliperidone palmitate","100.000mg/1.000ml","4020200","0402020ABAAAAAA","Paliperidone 50mg/0.5ml prolonged-release inj pf syringes",1,"Paliperidone",1
"10254741000033110",5000,"28994711000001109","Mintreleq XL 50mg tablets (Aristo Pharma Ltd)","Mintreleq XL 50mg tablets","Modified-release tablet","Oral","Quetiapine fumarate","50.000mg","","0402010ABBJAAAV","Mintreleq XL 50mg tablets",1,"Quetiapine",
"965541000033119",5000,"340011000001109","Neulactil 10mg tablets (Sanofi)","Neulactil 10mg tablets","Tablet","Oral","Pericyazine","10.000mg","","0402010P0BBABAE","Neulactil 10mg tablets",1,"Pericyazine",
"3103841000033110",5000,"36016711000001103","Pipotiazine 100mg/2ml solution for injection ampoules","Pipotiazine 100mg/2ml solution for injection ampoules","Solution for injection","Intramuscular","Pipotiazine palmitate","50.000mg/1.000ml","4020200","0402020V0AAABAB","Pipotiazine 100mg/2ml solution for injection ampoules",1,"Pipotiazine",
"586841000033118",5000,"36058711000001105","Fluphenazine decanoate 50mg/2ml solution for injection ampoules","Fluphenazine decanoate 50mg/2ml solution for injection ampoules","Solution for injection","Intramuscular","Fluphenazine decanoate","25.000mg/1.000ml","4020200","0402020L0AAADAD","Fluphenazine decanoate 50mg/2ml inj ampoules",1,"Fluphenazine",
"840841000033113",5000,"39699611000001102","Loxapine 25mg capsules","Loxapine 25mg capsules","Capsule","Oral","Loxapine succinate","25.000mg","4020100","0402010M0AAABAB","Loxapine 25mg capsules",1,"Loxapine",
"1844741000033110",5000,"4111000001106","Seroquel 150mg tablets (AstraZeneca UK Ltd)","Seroquel 150mg tablets","Tablet","Oral","Quetiapine fumarate","150.000mg","","0402010ABBBAEAF","Seroquel 150mg tablets",1,"Quetiapine",
"1432741000033112",4000,"","Thioridazine  Syrup  12.5mg/5 ml","","","","","","","","",1,"Thioridazine",
"4012341000033119",4000,"11134311000001108","Risperdal Quicklet 4mg orodispersible tablets (Janssen-Cilag Ltd)","Risperdal Quicklet 4mg orodispersible tablets","Orodispersible tablet","Oral","Risperidone","4.000mg","","040201030BBALAQ","Risperdal Quicklet 4mg orodispersible tablets",1,"Risperidone",1
"4422541000033110",4000,"14018711000001108","Quetiapine 100mg/5ml oral suspension","Quetiapine 100mg/5ml oral suspension","Oral suspension","Oral","Quetiapine fumarate","20.000mg/1.000ml","4020100","0402010ABAAAMAM","Quetiapine 100mg/5ml oral liquid",1,"Quetiapine",
"11876741000033116",4000,"18956611000001104","Chlorpromazine 25mg/5ml oral solution sugar free","Chlorpromazine 25mg/5ml oral solution sugar free","Oral solution","Oral","Chlorpromazine hydrochloride","5.000mg/1.000ml","4020100","0402010D0AAAVAV","Chlorpromazine 25mg/5ml oral solution sugar free",1,"Chlorpromazine",
"10255041000033113",4000,"28995611000001104","Mintreleq XL 300mg tablets (Aristo Pharma Ltd)","Mintreleq XL 300mg tablets","Modified-release tablet","Oral","Quetiapine fumarate","300.000mg","","0402010ABBJADAX","Mintreleq XL 300mg tablets",1,"Quetiapine",
"10255141000033112",4000,"28995811000001100","Mintreleq XL 400mg tablets (Aristo Pharma Ltd)","Mintreleq XL 400mg tablets","Modified-release tablet","Oral","Quetiapine fumarate","400.000mg","","0402010ABBJAEAY","Mintreleq XL 400mg tablets",1,"Quetiapine",
"595641000033114",4000,"321413001","Fluphenazine 2.5mg tablets","Fluphenazine 2.5mg tablets","Tablet","Oral","Fluphenazine hydrochloride","2.500mg","4020100","","",1,"Fluphenazine",
"1432341000033111",4000,"321535007","Thioridazine 100mg/5ml oral suspension","Thioridazine 100mg/5ml oral suspension","Oral suspension","Oral","Thioridazine","20.000mg/1.000ml","4020100","","",1,"Thioridazine",
"11782041000033112",4000,"33569011000001100","Brancico XL 200mg tablets (Zentiva Pharma UK Ltd)","Brancico XL 200mg tablets","Modified-release tablet","Oral","Quetiapine fumarate","200.000mg","","0402010ABBLABAW","Brancico XL 200mg tablets",1,"Quetiapine",
"13353241000033112",4000,"37249011000001105","Aripiprazole 1mg/ml oral solution sugar free","Aripiprazole 1mg/ml oral solution sugar free","Oral solution","Oral","Aripiprazole","1.000mg/1.000ml","4020100","0402010ADAAAKAK","Aripiprazole 1mg/ml oral solution sugar free",1,"Aripiprazole",1
"285041000033113",4000,"3832011000001100","Clozaril 100mg tablets (Viatris UK Healthcare Ltd)","Clozaril 100mg tablets","Tablet","Oral","Clozapine","100.000mg","","0402010C0BBABAB","Clozaril 100mg tablets",1,"Clozapine",1
"13734841000033110",4000,"39027411000001105","Quetiapine 600mg modified-release tablets","Quetiapine 600mg modified-release tablets","Modified-release tablet","Oral","Quetiapine fumarate","600.000mg","4020100","0402010ABAABGBG","Quetiapine 600mg modified-release tablets",1,"Quetiapine",
"1090841000033118",3000,"","Pimozide  Tablets  10 mg","","","","","","","","",1,"Pimozide",
"4012241000033112",3000,"11134611000001103","Risperdal Quicklet 3mg orodispersible tablets (Janssen-Cilag Ltd)","Risperdal Quicklet 3mg orodispersible tablets","Orodispersible tablet","Oral","Risperidone","3.000mg","","040201030BBAKAP","Risperdal Quicklet 3mg orodispersible tablets",1,"Risperidone",1
"4200741000033110",3000,"11763311000001108","Paliperidone 6mg modified-release tablets","Paliperidone 6mg modified-release tablets","Modified-release tablet","Oral","Paliperidone","6.000mg","4020100","0402010AEAAABAB","Paliperidone 6mg modified-release tablets",1,"Paliperidone",1
"661541000033117",3000,"117911000001106","Haldol 2mg/ml oral solution (Janssen-Cilag Ltd)","Haldol 2mg/ml oral solution","Oral solution","Oral","Haloperidol","2.000mg/1.000ml","","0402010J0BDACAG","Haldol 2mg/ml oral solution",1,"Haloperidol",
"1177641000033119",3000,"153111000001109","Risperdal 6mg tablets (Janssen-Cilag Ltd)","Risperdal 6mg tablets","Tablet","Oral","Risperidone","6.000mg","","040201030BBAFAF","Risperdal 6mg tablets",1,"Risperidone",1
"5077941000033115",3000,"15506211000001109","Clozapine 200mg tablets","Clozapine 200mg tablets","Tablet","Oral","Clozapine","200.000mg","4020100","0402010C0AAADAD","Clozapine 200mg tablets",1,"Clozapine",1
"1366741000033110",3000,"24311000001100","Solian 50 tablets (Sanofi)","Solian 50 tablets","Tablet","Oral","Amisulpride","50.000mg","","0402010A0BBABAB","Solian 50 tablets",1,"Amisulpride",1
"1396541000033116",3000,"246411000001108","Sulpitil 200mg tablets (Pfizer Ltd)","Sulpitil 200mg tablets","Tablet","Oral","Sulpiride","200.000mg","","0402010U0BCAAAH","Sulpitil 200mg tablets",1,"Sulpiride",
"813441000033114",3000,"2880511000001106","Largactil Forte 100mg/5ml oral suspension (Sanofi)","Largactil Forte 100mg/5ml oral suspension","Oral suspension","Oral","Chlorpromazine embonate","20.000mg/1.000ml","","0402010D0BDAFAP","Largactil Forte 100mg/5ml oral suspension",1,"Chlorpromazine",
"10254841000033117",3000,"28994911000001106","Mintreleq XL 150mg tablets (Aristo Pharma Ltd)","Mintreleq XL 150mg tablets","Modified-release tablet","Oral","Quetiapine fumarate","150.000mg","","0402010ABBJABBA","Mintreleq XL 150mg tablets",1,"Quetiapine",
"10254941000033113",3000,"28995111000001107","Mintreleq XL 200mg tablets (Aristo Pharma Ltd)","Mintreleq XL 200mg tablets","Modified-release tablet","Oral","Quetiapine fumarate","200.000mg","","0402010ABBJACAW","Mintreleq XL 200mg tablets",1,"Quetiapine",
"1366641000033118",3000,"319511000001103","Solian 200 tablets (Sanofi)","Solian 200 tablets","Tablet","Oral","Amisulpride","200.000mg","","0402010A0BBAAAA","Solian 200 tablets",1,"Amisulpride",1
"595741000033117",3000,"321414007","Fluphenazine 5mg tablets","Fluphenazine 5mg tablets","Tablet","Oral","Fluphenazine hydrochloride","5.000mg","4020100","","",1,"Fluphenazine",
"1766141000033110",3000,"321642004","Zotepine 25mg tablets","Zotepine 25mg tablets","Tablet","Oral","Zotepine","25.000mg","4020100","","",1,"Zotepine",1
"1766241000033115",3000,"321643009","Zotepine 50mg tablets","Zotepine 50mg tablets","Tablet","Oral","Zotepine","50.000mg","4020100","","",1,"Zotepine",1
"11782241000033116",3000,"33570111000001101","Brancico XL 400mg tablets (Zentiva Pharma UK Ltd)","Brancico XL 400mg tablets","Modified-release tablet","Oral","Quetiapine fumarate","400.000mg","","0402010ABBLAEAY","Brancico XL 400mg tablets",1,"Quetiapine",
"5078041000033117",3000,"418754000","Clozapine 50mg tablets","Clozapine 50mg tablets","Tablet","Oral","Clozapine","50.000mg","4020100","","",1,"Clozapine",1
"2759841000033116",3000,"511111000001106","Zyprexa 15mg tablets (Eli Lilly and Company Ltd)","Zyprexa 15mg tablets","Tablet","Oral","Olanzapine","15.000mg","","040201060BBAHAL","Zyprexa 15mg tablets",1,"Olanzapine",1
"4940141000033119",3000,"8277211000001103","Amisulpride 25mg/5ml oral solution","Amisulpride 25mg/5ml oral solution","Oral solution","Oral","Amisulpride","5.000mg/1.000ml","4020100","0402010A0AAADAD","Amisulpride 25mg/5ml oral liquid",1,"Amisulpride",1
"420241000033115",2000,"","Depixol  Injection (syringe)  20 mg/1 ml","","","","","","","","",1,"Flupentixol",
"3950841000033112",2000,"10667211000001109","Abilify 1mg/ml oral solution (Otsuka Pharmaceuticals (U.K.) Ltd)","Abilify 1mg/ml oral solution","Oral solution","Oral","Aripiprazole","1.000mg/1.000ml","","0402010ADBBAGAG","Abilify 1mg/ml oral solution",1,"Aripiprazole",1
"3996341000033110",2000,"10878511000001107","Zyprexa 20mg tablets (Eli Lilly and Company Ltd)","Zyprexa 20mg tablets","Tablet","Oral","Olanzapine","20.000mg","","040201060BBAKAQ","Zyprexa 20mg tablets",1,"Olanzapine",1
"1276041000033113",2000,"113611000001108","Serenace 10mg tablets (Teva UK Ltd)","Serenace 10mg tablets","Tablet","Oral","Haloperidol","10.000mg","","0402010J0BEADAL","Serenace 10mg tablets",1,"Haloperidol",
"4200641000033118",2000,"11763211000001100","Paliperidone 3mg modified-release tablets","Paliperidone 3mg modified-release tablets","Modified-release tablet","Oral","Paliperidone","3.000mg","4020100","0402010AEAAAAAA","Paliperidone 3mg modified-release tablets",1,"Paliperidone",1
"4200841000033117",2000,"11763411000001101","Paliperidone 9mg modified-release tablets","Paliperidone 9mg modified-release tablets","Modified-release tablet","Oral","Paliperidone","9.000mg","4020100","0402010AEAAACAC","Paliperidone 9mg modified-release tablets",1,"Paliperidone",1
"4424541000033119",2000,"12505911000001109","Haloperidol 5mg/5ml oral solution","Haloperidol 5mg/5ml oral solution","Oral solution","Oral","Haloperidol","1.000mg/1.000ml","4020100","0402010J0AAA4A4","Haloperidol 5mg/5ml oral liquid",1,"Haloperidol",
"5889741000033118",2000,"13011611000001109","Quetiapine 12.5mg/5ml oral solution","Quetiapine 12.5mg/5ml oral solution","Oral solution","Oral","Quetiapine fumarate","2.500mg/1.000ml","4020100","0402010ABAAAIAI","Quetiapine 12.5mg/5ml oral solution",1,"Quetiapine",
"5889841000033111",2000,"13011711000001100","Quetiapine 12.5mg/5ml oral suspension","Quetiapine 12.5mg/5ml oral suspension","Oral suspension","Oral","Quetiapine fumarate","2.500mg/1.000ml","4020100","0402010ABAABBBB","Quetiapine 12.5mg/5ml oral suspension",1,"Quetiapine",
"5974941000033116",2000,"13012311000001108","Quetiapine 25mg/5ml oral suspension","Quetiapine 25mg/5ml oral suspension","Oral suspension","Oral","Quetiapine fumarate","5.000mg/1.000ml","4020100","0402010ABAABDBD","Quetiapine 25mg/5ml oral suspension",1,"Quetiapine",
"3892541000033114",2000,"14015911000001104","Olanzapine 2.5mg/5ml oral suspension","Olanzapine 2.5mg/5ml oral suspension","Oral suspension","Oral","Olanzapine","500.000microgram/1.000ml","4020100","040201060AABABA","Olanzapine 2.5mg/5ml oral suspension",1,"Olanzapine",1
"924341000033117",2000,"153511000001100","Modecate 50mg/2ml solution for injection pre-filled syringes (Sanofi-Synthelabo Ltd)","Modecate 50mg/2ml solution for injection pre-filled syringes","Solution for injection","Intramuscular","Fluphenazine decanoate","25.000mg/1.000ml","","0402020L0BBAEAH","Modecate 50mg/2ml solution for injection pre-filled syringes",1,"Fluphenazine",
"6443141000033116",2000,"19504311000001103","Asenapine 10mg sublingual tablets sugar free","Asenapine 10mg sublingual tablets sugar free","Sublingual tablet","Sublingual","Asenapine maleate","10.000mg","4020300","0402030R0AAAAAA","Asenapine 10mg sublingual tablets sugar free",1,"Asenapine",
"6443041000033115",2000,"19504411000001105","Asenapine 5mg sublingual tablets sugar free","Asenapine 5mg sublingual tablets sugar free","Sublingual tablet","Sublingual","Asenapine maleate","5.000mg","4020300","0402030R0AAABAB","Asenapine 5mg sublingual tablets sugar free",1,"Asenapine",
"1022741000033116",2000,"321465004","Oxypertine 10mg capsules","Oxypertine 10mg capsules","Capsule","Oral","Oxypertine","10.000mg","4020100","","",1,"Oxypertine",
"1026941000033117",2000,"321466003","Oxypertine 40mg tablets","Oxypertine 40mg tablets","Tablet","Oral","Oxypertine","40.000mg","4020100","","",1,"Oxypertine",
"1766041000033111",2000,"321644003","Zotepine 100mg tablets","Zotepine 100mg tablets","Tablet","Oral","Zotepine","100.000mg","4020100","","",1,"Zotepine",1
"11781941000033118",2000,"33569711000001103","Brancico XL 150mg tablets (Zentiva Pharma UK Ltd)","Brancico XL 150mg tablets","Modified-release tablet","Oral","Quetiapine fumarate","150.000mg","","0402010ABBLACBA","Brancico XL 150mg tablets",1,"Quetiapine",
"1563441000033114",2000,"36151811000001100","Zuclopenthixol acetate 100mg/2ml solution for injection ampoules","Zuclopenthixol acetate 100mg/2ml solution for injection ampoules","Solution for injection","Intramuscular","Zuclopenthixol acetate","50.000mg/1.000ml","4020100","040201010AAABAB","Zuclopenthixol acetate 100mg/2ml inj ampoules",1,"Zuclopenthixol",
"1563541000033110",2000,"36152011000001103","Zuclopenthixol acetate 50mg/1ml solution for injection ampoules","Zuclopenthixol acetate 50mg/1ml solution for injection ampoules","Solution for injection","Intramuscular","Zuclopenthixol acetate","50.000mg/1.000ml","4020100","040201010AAAAAA","Zuclopenthixol acetate 50mg/1ml inj ampoules",1,"Zuclopenthixol",
"935141000033116",2000,"3825711000001105","Moditen 2.5mg tablets (Sanofi)","Moditen 2.5mg tablets","Tablet","Oral","Fluphenazine hydrochloride","2.500mg","","0402010I0BBABAC","Moditen 2.5mg tablets",1,"Fluphenazine",
"284941000033113",2000,"3830311000001101","Clozaril 25mg tablets (Viatris UK Healthcare Ltd)","Clozaril 25mg tablets","Tablet","Oral","Clozapine","25.000mg","","0402010C0BBAAAA","Clozaril 25mg tablets",1,"Clozapine",1
"479841000033112",2000,"416411000001101","Dolmatil 400mg tablets (Sanofi)","Dolmatil 400mg tablets","Tablet","Oral","Sulpiride","400.000mg","","0402010U0BBABAQ","Dolmatil 400mg tablets",1,"Sulpiride",
"2759941000033112",2000,"437611000001106","Zyprexa 15mg Velotabs (Eli Lilly and Company Ltd)","Zyprexa 15mg Velotabs","Oral lyophilisate","Oral","Olanzapine","15.000mg","","040201060BBAGAK","Zyprexa 15mg Velotabs",1,"Olanzapine",1
"1269741000033112",2000,"502611000001107","Serenace 2mg/ml liquid (Teva UK Ltd)","Serenace 2mg/ml liquid","Oral solution","Oral","Haloperidol","2.000mg/1.000ml","","0402010J0BEAFAG","Serenace 2mg/ml liquid",1,"Haloperidol",
"892141000033114",2000,"555111000001102","Melleril 100mg/5ml oral suspension (Novartis Pharmaceuticals UK Ltd)","Melleril 100mg/5ml oral suspension","Oral suspension","Oral","Thioridazine","20.000mg/1.000ml","","0402010W0BBAFAB","Melleril 100mg/5ml oral suspension",1,"Thioridazine",
"3138041000033116",2000,"7637811000001106","Abilify 30mg tablets (Otsuka Pharmaceuticals (U.K.) Ltd)","Abilify 30mg tablets","Tablet","Oral","Aripiprazole","30.000mg","","0402010ADBBACAC","Abilify 30mg tablets",1,"Aripiprazole",1
"1565341000033116",2000,"776911000001109","Zyprexa 7.5mg tablets (Eli Lilly and Company Ltd)","Zyprexa 7.5mg tablets","Tablet","Oral","Olanzapine","7.500mg","","040201060BBABAB","Zyprexa 7.5mg tablets",1,"Olanzapine",1
"5890941000033114",2000,"8277311000001106","Amisulpride 25mg/5ml oral suspension","Amisulpride 25mg/5ml oral suspension","Oral suspension","Oral","Amisulpride","5.000mg/1.000ml","4020100","0402010A0AAADAD","Amisulpride 25mg/5ml oral liquid",1,"Amisulpride",1
"3849441000033112",2000,"8359711000001109","Chlorpromazine 50mg/5ml oral solution","Chlorpromazine 50mg/5ml oral solution","Oral solution","Oral","Chlorpromazine hydrochloride","10.000mg/1.000ml","4020100","0402010D0AAA3A3","Chlorpromazine 50mg/5ml oral liquid",1,"Chlorpromazine",
"5054641000033118",2000,"8527911000001100","Haloperidol 1mg/5ml oral solution","Haloperidol 1mg/5ml oral solution","Oral solution","Oral","Haloperidol","200.000microgram/1.000ml","4020100","0402010J0AAA7A7","Haloperidol 1mg/5ml oral liquid",1,"Haloperidol",
"811041000033116",2000,"869511000001104","Largactil 50mg/2ml solution for injection ampoules (Sanofi)","Largactil 50mg/2ml solution for injection ampoules","Solution for injection","Intramuscular","Chlorpromazine hydrochloride","25.000mg/1.000ml","","0402010D0BDALAM","Largactil 50mg/2ml solution for injection ampoules",1,"Chlorpromazine",
"69041000033115",2000,"9483411000001104","Anquil 250microgram tablets (Neon Healthcare Ltd)","Anquil 250microgram tablets","Tablet","Oral","Benperidol","250.000microgram","","0402010B0BBAAAA","Anquil 250microgram tablets",1,"Benperidol",
"1134241000033114",1000,"","Promazine Hydrochloride  Tablets  100 mg","","","","","","","","",1,"Promazine",
"659241000033113",1000,"","Haloperidol  Elixir  2 mg/5 ml","","","","","","","","",1,"Haloperidol",
"420041000033111",1000,"","Depixol  Injection  200 mg/10 ml","","","","","","","","",1,"Flupentixol",
"242341000033113",1000,"","Chlorpromazine Hydrochloride  Injection  25 mg/ml","","","","","","","","",1,"Chlorpromazine",
"1832841000033113",1000,"","Quetiapine Fumarate  Tablets (starter pack)  6x25 mg, 2x100 mg, 2x150 mg","","","","","","","","",1,"Quetiapine",
"5974841000033112",1000,"13012211000001100","Quetiapine 25mg/5ml oral solution","Quetiapine 25mg/5ml oral solution","Oral solution","Oral","Quetiapine fumarate","5.000mg/1.000ml","4020100","0402010ABAAAHAH","Quetiapine 25mg/5ml oral solution",1,"Quetiapine",
"5891141000033117",1000,"14018611000001104","Quetiapine 100mg/5ml oral solution","Quetiapine 100mg/5ml oral solution","Oral solution","Oral","Quetiapine fumarate","20.000mg/1.000ml","4020100","0402010ABAAAMAM","Quetiapine 100mg/5ml oral liquid",1,"Quetiapine",
"663541000033116",1000,"152111000001103","Haldol 5mg tablets (Janssen-Cilag Ltd)","Haldol 5mg tablets","Tablet","Oral","Haloperidol","5.000mg","","0402010J0BDAAAK","Haldol 5mg tablets",1,"Haloperidol",
"10946441000033110",1000,"31078011000001108","Abilify Maintena 400mg powder and solvent for prolonged-release suspension for injection pre-filled syringes (Otsuka Pharmaceuticals (U.K.) Ltd)","Abilify Maintena 400mg powder and solvent for prolonged-release suspension for injection pre-filled syringes","Powder and solvent for suspension for injection","Intramuscular","Aripiprazole","400.000mg","","0402020ADBBABAB","Abilify Maintena 400mg inj pre-filled syringes",1,"Aripiprazole",1
"659641000033111",1000,"36053411000001105","Haloperidol 20mg/2ml solution for injection ampoules","Haloperidol 20mg/2ml solution for injection ampoules","Solution for injection","Intramuscular/ Intravenous","Haloperidol","10.000mg/1.000ml","4020100","0402010J0AAADAD","Haloperidol 20mg/2ml solution for injection ampoules",1,"Haloperidol",
"582041000033112",1000,"36058511000001100","Fluphenazine decanoate 25mg/1ml solution for injection pre-filled syringes","Fluphenazine decanoate 25mg/1ml solution for injection pre-filled syringes","Solution for injection","Intramuscular","Fluphenazine decanoate","25.000mg/1.000ml","4020200","0402020L0AAAGAG","Fluphenazine decanoate 25mg/1ml inj pre-filled syringes",1,"Fluphenazine",
"241341000033116",1000,"36138411000001105","Chlorpromazine 50mg/2ml solution for injection ampoules","Chlorpromazine 50mg/2ml solution for injection ampoules","Solution for injection","Intramuscular","Chlorpromazine hydrochloride","25.000mg/1.000ml","4020100","0402010D0AAAMAM","Chlorpromazine 50mg/2ml solution for injection ampoules",1,"Chlorpromazine",
"935241000033111",1000,"3826011000001104","Moditen 5mg tablets (Sanofi-Synthelabo Ltd)","Moditen 5mg tablets","Tablet","Oral","Fluphenazine hydrochloride","5.000mg","","0402010I0BBACAD","Moditen 5mg tablets",1,"Fluphenazine",
"3159041000033113",1000,"7974011000001109","Denzapine 100mg tablets (Britannia Pharmaceuticals Ltd)","Denzapine 100mg tablets","Tablet","Oral","Clozapine","100.000mg","","0402010C0BCABAB","Denzapine 100mg tablets",1,"Clozapine",1
"5814341000033116",1000,"8582811000001100","Levomepromazine 2.5mg/5ml oral suspension","Levomepromazine 2.5mg/5ml oral suspension","Oral suspension","Oral","Levomepromazine maleate","500.000microgram/1.000ml","4020100","0402010K0AAARAR","Levomepromazine 2.5mg/5ml oral suspension",1,"Levomepromazine",
"965041000033112",1000,"917811000001104","Neulactil Forte syrup (Sanofi)","Neulactil Forte syrup","Oral solution","Oral","Pericyazine","2.000mg/1.000ml","","0402010P0BBADAC","Neulactil Forte syrup",1,"Pericyazine",
"420341000033113",900,"","Depixol  Injection (syringe)  40 mg/2 ml","","","","","","","","",1,"Flupentixol",
"6359941000033114",900,"19210011000001104","Xeplion 75mg/0.75ml prolonged-release suspension for injection pre-filled syringes (Janssen-Cilag Ltd)","Xeplion 75mg/0.75ml prolonged-release suspension for injection pre-filled syringes","Suspension for injection/ Prolonged-release suspension for injection","Intramuscular","Paliperidone palmitate","100.000mg/1.000ml","","0402020ABBBABAB","Xeplion 75mg/0.75ml prolonged-release inj pf syringes",1,"Paliperidone",1
"8960441000033116",900,"23636811000001103","Abilify Maintena 400mg powder and solvent for prolonged-release suspension for injection vials (Otsuka Pharmaceuticals (U.K.) Ltd)","Abilify Maintena 400mg powder and solvent for prolonged-release suspension for injection vials","Powder and solvent for suspension for injection","Intramuscular","Aripiprazole","400.000mg","","0402020ADBBAAAA","Abilify Maintena 400mg inj vials",1,"Aripiprazole",1
"10615141000033115",900,"27842211000001101","Atrolak XL 50mg tablets (Accord Healthcare Ltd)","Atrolak XL 50mg tablets","Modified-release tablet","Oral","Quetiapine fumarate","50.000mg","","0402010ABBGAAAV","Atrolak XL 50mg tablets",1,"Quetiapine",
"842041000033117",900,"3872811000001108","Loxapac 10mg capsules (Wyeth Pharmaceuticals)","Loxapac 10mg capsules","Capsule","Oral","Loxapine succinate","10.000mg","","0402010M0BBAAAA","Loxapac 10mg capsules",1,"Loxapine",
"274841000033112",900,"4130411000001101","Clopixol Acuphase 100mg/2ml solution for injection ampoules (Lundbeck Ltd)","Clopixol Acuphase 100mg/2ml solution for injection ampoules","Solution for injection","Intramuscular","Zuclopenthixol acetate","50.000mg/1.000ml","","040201010BBABAB","Clopixol Acuphase 100mg/2ml solution for injection ampoules",1,"Zuclopenthixol",
"1117541000033112",800,"","Promazine Hydrochloride  Injection  50 mg/ml","","","","","","","","",1,"Promazine",
"4148441000033110",800,"","Chlorpromazine  Capsules  10 mg","","","","","","","","",1,"Chlorpromazine",
"3950641000033111",800,"10664611000001100","Abilify 10mg orodispersible tablets (Otsuka Pharmaceuticals (U.K.) Ltd)","Abilify 10mg orodispersible tablets","Orodispersible tablet","Oral","Aripiprazole","10.000mg","","0402010ADBBAEAE","Abilify 10mg orodispersible tablets",1,"Aripiprazole",1
"5575841000033117",800,"17038211000001100","Olanzapine embonate 300mg powder and solvent for suspension for injection vials","Olanzapine embonate 300mg powder and solvent for suspension for injection vials","Powder and solvent for suspension for injection","Intramuscular","Olanzapine embonate monohydrate","300.000mg","4020200","0402020ACAAABAB","Olanzapine embonate 300mg inj vials",1,"Olanzapine",1
"663441000033117",800,"271211000001102","Haldol 10mg tablets (Janssen-Cilag Ltd)","Haldol 10mg tablets","Tablet","Oral","Haloperidol","10.000mg","","0402010J0BDABAL","Haldol 10mg tablets",1,"Haloperidol",
"2835241000033119",800,"2841911000001104","Solian 100 tablets (Sanofi)","Solian 100 tablets","Tablet","Oral","Amisulpride","100.000mg","","0402010A0BBAEAG","Solian 100 tablets",1,"Amisulpride",1
"1271641000033113",800,"3245711000001101","Serenace 5mg/1ml solution for injection ampoules (IVAX Pharmaceuticals UK Ltd)","Serenace 5mg/1ml solution for injection ampoules","Solution for injection","Intravenous/ Intramuscular","Haloperidol","5.000mg/1.000ml","","0402010J0BEAGAC","Serenace 5mg/1ml solution for injection ampoules",1,"Haloperidol",
"13719041000033113",800,"38931811000001107","Levomepromazine 50mg tablets","Levomepromazine 50mg tablets","Tablet","Oral","Levomepromazine maleate","50.000mg","4020100","0402010K0AAAVAV","Levomepromazine 50mg tablets",1,"Levomepromazine",
"273641000033114",800,"4129911000001100","Clopixol Acuphase 50mg/1ml solution for injection ampoules (Lundbeck Ltd)","Clopixol Acuphase 50mg/1ml solution for injection ampoules","Solution for injection","Intramuscular","Zuclopenthixol acetate","50.000mg/1.000ml","","040201010BBAAAA","Clopixol Acuphase 50mg/1ml solution for injection ampoules",1,"Zuclopenthixol",
"476541000033119",800,"463911000001104","Dozic 5mg/5ml oral solution (Rosemont Pharmaceuticals Ltd)","Dozic 5mg/5ml oral solution","Oral solution","Oral","Haloperidol","1.000mg/1.000ml","","0402010J0BBAABC","Dozic 5mg/5ml oral solution",1,"Haloperidol",
"1277541000033117",800,"4748511000001107","Sertindole 4mg tablets","Sertindole 4mg tablets","Tablet","Oral","Sertindole","4.000mg","4020100","040201050AAAAAA","Sertindole 4mg tablets",1,"Sertindole",1
"660041000033118",700,"","Haldol  Injection  5 mg/ml","","","","","","","","",1,"Haloperidol",
"12665441000033116",700,"35853911000001100","Cariprazine 3mg capsules","Cariprazine 3mg capsules","Capsule","Oral","Cariprazine hydrochloride","3.000mg","4020100","0402010AJAAABAB","Cariprazine 3mg capsules",1,"Cariprazine",
"2644941000033118",700,"3933811000001105","Solian 100mg/ml oral solution (Sanofi)","Solian 100mg/ml oral solution","Oral solution","Oral","Amisulpride","100.000mg/1.000ml","","0402010A0BBAFAH","Solian 100mg/ml oral solution",1,"Amisulpride",1
"3158941000033116",700,"7972911000001104","Denzapine 25mg tablets (Britannia Pharmaceuticals Ltd)","Denzapine 25mg tablets","Tablet","Oral","Clozapine","25.000mg","","0402010C0BCAAAA","Denzapine 25mg tablets",1,"Clozapine",1
"661441000033118",600,"","Haloperidol  Oral liquid conc.  10 mg/ml","","","","","","","","",1,"Haloperidol",
"1462041000033119",600,"","Trifluoperazine  Liquid  10mg/ml","","","","","","","","",1,"Trifluoperazine",
"3950741000033119",600,"10664911000001106","Abilify 15mg orodispersible tablets (Otsuka Pharmaceuticals (U.K.) Ltd)","Abilify 15mg orodispersible tablets","Orodispersible tablet","Oral","Aripiprazole","15.000mg","","0402010ADBBAFAF","Abilify 15mg orodispersible tablets",1,"Aripiprazole",1
"5997341000033118",600,"14015811000001109","Olanzapine 2.5mg/5ml oral solution","Olanzapine 2.5mg/5ml oral solution","Oral solution","Oral","Olanzapine","500.000microgram/1.000ml","4020100","040201060AAAIAI","Olanzapine 2.5mg/5ml oral solution",1,"Olanzapine",1
"6360141000033111",600,"19210911000001100","Xeplion 150mg/1.5ml prolonged-release suspension for injection pre-filled syringes (Janssen-Cilag Ltd)","Xeplion 150mg/1.5ml prolonged-release suspension for injection pre-filled syringes","Suspension for injection/ Prolonged-release suspension for injection","Intramuscular","Paliperidone palmitate","100.000mg/1.000ml","","0402020ABBBADAD","Xeplion 150mg/1.5ml prolonged-release inj pf syringes",1,"Paliperidone",1
"2653841000033110",600,"19809011000001101","Levinan 6mg tablets (Kyowa Kirin Ltd)","Levinan 6mg tablets","Tablet","Oral","Levomepromazine maleate","6.000mg","","0402010K0BDAAAM","Levinan 6mg tablets",1,"Levomepromazine",
"2216741000033116",600,"254011000001107","Solian 400 tablets (Sanofi)","Solian 400 tablets","Tablet","Oral","Amisulpride","400.000mg","","0402010A0BBACAE","Solian 400 tablets",1,"Amisulpride",1
"12988741000033118",600,"36905011000001104","Olanzapine 2.5mg orodispersible tablets sugar free","Olanzapine 2.5mg orodispersible tablets sugar free","Orodispersible tablet","Oral","Olanzapine","2.500mg","4020100","040201060AABGBG","Olanzapine 2.5mg orodispersible tablets sugar free",1,"Olanzapine",1
"13734941000033119",600,"39005011000001102","Biquelle XL 600mg tablets (Aspire Pharma Ltd)","Biquelle XL 600mg tablets","Modified-release tablet","Oral","Quetiapine fumarate","600.000mg","","0402010ABBIAFBG","Biquelle XL 600mg tablets",1,"Quetiapine",
"1016341000033111",500,"","Orap  Tablets  10 mg","","","","","","","","",1,"Pimozide",
"6445641000033110",500,"12646911000001102","Levomepromazine 6mg/5ml oral suspension","Levomepromazine 6mg/5ml oral suspension","Oral suspension","Oral","Levomepromazine maleate","1.200mg/1.000ml","4020100","0402010K0AAAUAU","Levomepromazine 6mg/5ml oral suspension",1,"Levomepromazine",
"6360041000033112",500,"19210611000001106","Xeplion 100mg/1ml prolonged-release suspension for injection pre-filled syringes (Janssen-Cilag Ltd)","Xeplion 100mg/1ml prolonged-release suspension for injection pre-filled syringes","Suspension for injection/ Prolonged-release suspension for injection","Intramuscular","Paliperidone palmitate","100.000mg/1.000ml","","0402020ABBBACAC","Xeplion 100mg/1ml prolonged-release inj pf syringes",1,"Paliperidone",1
"10615241000033110",500,"27842411000001102","Atrolak XL 200mg tablets (Accord Healthcare Ltd)","Atrolak XL 200mg tablets","Modified-release tablet","Oral","Quetiapine fumarate","200.000mg","","0402010ABBGABAW","Atrolak XL 200mg tablets",1,"Quetiapine",
"10615341000033117",500,"27842611000001104","Atrolak XL 300mg tablets (Accord Healthcare Ltd)","Atrolak XL 300mg tablets","Modified-release tablet","Oral","Quetiapine fumarate","300.000mg","","0402010ABBGACAX","Atrolak XL 300mg tablets",1,"Quetiapine",
"2929841000033111",500,"3246911000001106","Haldol 5mg/1ml solution for injection ampoules (Janssen-Cilag Ltd)","Haldol 5mg/1ml solution for injection ampoules","Solution for injection","Intramuscular","Haloperidol","5.000mg/1.000ml","","0402010J0BDAEAC","Haldol 5mg/1ml solution for injection ampoules",1,"Haloperidol",
"12665341000033110",500,"35853811000001105","Cariprazine 1.5mg capsules","Cariprazine 1.5mg capsules","Capsule","Oral","Cariprazine hydrochloride","1.500mg","4020100","0402010AJAAAAAA","Cariprazine 1.5mg capsules",1,"Cariprazine",
"12665641000033119",500,"35854111000001101","Cariprazine 6mg capsules","Cariprazine 6mg capsules","Capsule","Oral","Cariprazine hydrochloride","6.000mg","4020100","0402010AJAAADAD","Cariprazine 6mg capsules",1,"Cariprazine",
"582141000033111",500,"36058811000001102","Fluphenazine decanoate 50mg/2ml solution for injection pre-filled syringes","Fluphenazine decanoate 50mg/2ml solution for injection pre-filled syringes","Solution for injection","Intramuscular","Fluphenazine decanoate","25.000mg/1.000ml","4020200","0402020L0AAAHAH","Fluphenazine decanoate 50mg/2ml inj pre-filled syringes",1,"Fluphenazine",
"842141000033118",500,"4023011000001106","Loxapac 25mg capsules (Wyeth Pharmaceuticals)","Loxapac 25mg capsules","Capsule","Oral","Loxapine succinate","25.000mg","","0402010M0BBABAB","Loxapac 25mg capsules",1,"Loxapine",
"5969741000033112",400,"12505611000001103","Haloperidol 250micrograms/5ml oral suspension","Haloperidol 250micrograms/5ml oral suspension","Oral suspension","Oral","Haloperidol","50.000microgram/1.000ml","4020100","0402010J0AAA5A5","Haloperidol 250micrograms/5ml oral liquid",1,"Haloperidol",
"5975041000033116",400,"15452011000001103","Quetiapine 50mg/5ml oral solution","Quetiapine 50mg/5ml oral solution","Oral solution","Oral","Quetiapine fumarate","10.000mg/1.000ml","4020100","0402010ABAAALAL","Quetiapine 50mg/5ml oral solution",1,"Quetiapine",
"5975141000033117",400,"15452111000001102","Quetiapine 50mg/5ml oral suspension","Quetiapine 50mg/5ml oral suspension","Oral suspension","Oral","Quetiapine fumarate","10.000mg/1.000ml","4020100","0402010ABAABEBE","Quetiapine 50mg/5ml oral suspension",1,"Quetiapine",
"5077641000033110",400,"15506311000001101","Clozapine 50mg/ml oral suspension sugar free","Clozapine 50mg/ml oral suspension sugar free","Oral suspension","Oral","Clozapine","50.000mg/1.000ml","4020100","0402010C0AAAEAE","Clozapine 50mg/ml oral suspension sugar free",1,"Clozapine",1
"6359841000033118",400,"19208911000001101","Xeplion 50mg/0.5ml prolonged-release suspension for injection pre-filled syringes (Janssen-Cilag Ltd)","Xeplion 50mg/0.5ml prolonged-release suspension for injection pre-filled syringes","Suspension for injection/ Prolonged-release suspension for injection","Intramuscular","Paliperidone palmitate","100.000mg/1.000ml","","0402020ABBBAAAA","Xeplion 50mg/0.5ml prolonged-release inj pf syringes",1,"Paliperidone",1
"9809341000033112",400,"26654711000001106","Latuda 37mg tablets (CNX Therapeutics Ltd)","Latuda 37mg tablets","Tablet","Oral","Lurasidone hydrochloride","37.000mg","","0402010AIBBABAB","Latuda 37mg tablets",1,"Lurasidone",1
"9809441000033118",400,"26655011000001108","Latuda 74mg tablets (CNX Therapeutics Ltd)","Latuda 74mg tablets","Tablet","Oral","Lurasidone hydrochloride","74.000mg","","0402010AIBBACAC","Latuda 74mg tablets",1,"Lurasidone",1
"11694641000033115",400,"32879211000001105","Paliperidone 525mg/2.625ml prolonged-release suspension for injection pre-filled syringes","Paliperidone 525mg/2.625ml prolonged-release suspension for injection pre-filled syringes","Prolonged-release suspension for injection/","Intramuscular","Paliperidone palmitate","200.000mg/1.000ml","4020200","0402020ABAAAIAI","Paliperidone 525mg/2.625ml prolonged-release inj pf syringes",1,"Paliperidone",1
"12665541000033115",400,"35854011000001102","Cariprazine 4.5mg capsules","Cariprazine 4.5mg capsules","Capsule","Oral","Cariprazine hydrochloride","4.500mg","4020100","0402010AJAAACAC","Cariprazine 4.5mg capsules",1,"Cariprazine",
"1276141000033112",400,"387311000001101","Serenace 20mg tablets (Teva UK Ltd)","Serenace 20mg tablets","Tablet","Oral","Haloperidol","20.000mg","","0402010J0BEAEAM","Serenace 20mg tablets",1,"Haloperidol",
"842241000033113",400,"3873611000001104","Loxapac 50mg capsules (Wyeth Pharmaceuticals)","Loxapac 50mg capsules","Capsule","Oral","Loxapine succinate","50.000mg","","0402010M0BBACAC","Loxapac 50mg capsules",1,"Loxapine",
"1277241000033119",400,"4748211000001109","Sertindole 12mg tablets","Sertindole 12mg tablets","Tablet","Oral","Sertindole","12.000mg","4020100","040201050AAABAB","Sertindole 12mg tablets",1,"Sertindole",1
"420541000033118",300,"","Depixol Conc.  Injection  500 mg/5 ml","","","","","","","","",1,"Flupentixol",
"246541000033119",300,"","Chlorpromazine Hydrochloride  Suppositories  100 mg","","","","","","","","",1,"Chlorpromazine",
"1067141000033114",300,"","Pericyazine  Tablets  25 mg","","","","","","","","",1,"Pericyazine",
"1269641000033115",300,"","Serenace  Elixir  2 mg/5 ml","","","","","","","","",1,"Haloperidol",
"1381441000033113",300,"","Stelazine  Liquid  10mg/ml","","","","","","","","",1,"Trifluoperazine",
"5969641000033115",300,"12505511000001102","Haloperidol 250micrograms/5ml oral solution","Haloperidol 250micrograms/5ml oral solution","Oral solution","Oral","Haloperidol","50.000microgram/1.000ml","4020100","0402010J0AAA5A5","Haloperidol 250micrograms/5ml oral liquid",1,"Haloperidol",
"4456741000033117",300,"13456411000001100","Aripiprazole 9.75mg/1.3ml solution for injection vials","Aripiprazole 9.75mg/1.3ml solution for injection vials","Solution for injection","Intramuscular","Aripiprazole","7.500mg/1.000ml","4020100","0402010ADAAAHAH","Aripiprazole 9.75mg/1.3ml solution for injection vials",1,"Aripiprazole",1
"2658941000033110",300,"145511000001103","Sulpor 200mg/5ml oral solution (Rosemont Pharmaceuticals Ltd)","Sulpor 200mg/5ml oral solution","Oral solution","Oral","Sulpiride","40.000mg/1.000ml","","0402010U0BFAAAE","Sulpor 200mg/5ml oral solution",1,"Sulpiride",
"5078241000033113",300,"15498911000001105","Denzapine 50mg tablets (Britannia Pharmaceuticals Ltd)","Denzapine 50mg tablets","Tablet","Oral","Clozapine","50.000mg","","0402010C0BCACAC","Denzapine 50mg tablets",1,"Clozapine",1
"5575941000033113",300,"17038711000001107","Olanzapine embonate 405mg powder and solvent for suspension for injection vials","Olanzapine embonate 405mg powder and solvent for suspension for injection vials","Powder and solvent for suspension for injection","Intramuscular","Olanzapine embonate monohydrate","405.000mg","4020200","0402020ACAAACAC","Olanzapine embonate 405mg inj vials",1,"Olanzapine",1
"11694441000033117",300,"32879011000001100","Paliperidone 263mg/1.315ml prolonged-release suspension for injection pre-filled syringes","Paliperidone 263mg/1.315ml prolonged-release suspension for injection pre-filled syringes","Prolonged-release suspension for injection/","Intramuscular","Paliperidone palmitate","200.000mg/1.000ml","4020200","0402020ABAAAGAG","Paliperidone 263mg/1.315ml prolonged-release inj pf syringes",1,"Paliperidone",1
"11694541000033116",300,"32879111000001104","Paliperidone 350mg/1.75ml prolonged-release suspension for injection pre-filled syringes","Paliperidone 350mg/1.75ml prolonged-release suspension for injection pre-filled syringes","Prolonged-release suspension for injection/","Intramuscular","Paliperidone palmitate","200.000mg/1.000ml","4020200","0402020ABAAAHAH","Paliperidone 350mg/1.75ml prolonged-release inj pf syringes",1,"Paliperidone",1
"757541000033111",300,"4547611000001108","Integrin 10mg capsules (Sterling-Winthrop)","Integrin 10mg capsules","Capsule","Oral","Oxypertine","10.000mg","","0402010N0BBAAAA","Integrin 10mg capsules",1,"Oxypertine",
"1277141000033114",300,"4729611000001104","Serdolect 4mg tablets (Imported (Denmark))","Serdolect 4mg tablets","Tablet","","Sertindole","4.000mg","","040201050BBAAAA","Serdolect 4mg tablets",1,"Sertindole",1
"1277341000033112",300,"4748311000001101","Sertindole 16mg tablets","Sertindole 16mg tablets","Tablet","Oral","Sertindole","16.000mg","4020100","040201050AAACAC","Sertindole 16mg tablets",1,"Sertindole",1
"5890741000033111",300,"8528011000001103","Haloperidol 1mg/5ml oral suspension","Haloperidol 1mg/5ml oral suspension","Oral suspension","Oral","Haloperidol","200.000microgram/1.000ml","4020100","0402010J0AAA7A7","Haloperidol 1mg/5ml oral liquid",1,"Haloperidol",
"8540041000033111",300,"9490711000001100","Psytixol 50mg/0.5ml solution for injection ampoules (Viatris UK Healthcare Ltd)","Psytixol 50mg/0.5ml solution for injection ampoules","Solution for injection","Intramuscular","Flupentixol decanoate","100.000mg/1.000ml","","0402020G0BCACAH","Psytixol 50mg/0.5ml solution for injection ampoules",1,"Flupentixol",
"242241000033115",200,"","Chlorpromazine Hydrochloride  Injection  100 mg/5 ml","","","","","","","","",1,"Chlorpromazine",
"483141000033112",200,"","Droperidol  Injection  5mg/ml","","","","","","","","",1,"Droperidol",
"1379241000033117",200,"","Stelazine  Injection  1 mg/ml","","","","","","","","",1,"Trifluoperazine",
"5078141000033118",200,"15505711000001105","Denzapine 200mg tablets (Britannia Pharmaceuticals Ltd)","Denzapine 200mg tablets","Tablet","Oral","Clozapine","200.000mg","","0402010C0BCADAD","Denzapine 200mg tablets",1,"Clozapine",1
"10615441000033111",200,"27842811000001100","Atrolak XL 400mg tablets (Accord Healthcare Ltd)","Atrolak XL 400mg tablets","Modified-release tablet","Oral","Quetiapine fumarate","400.000mg","","0402010ABBGADAY","Atrolak XL 400mg tablets",1,"Quetiapine",
"11579541000033117",200,"32504011000001109","Psyquet XL 400mg tablets (Sandoz Ltd)","Psyquet XL 400mg tablets","Modified-release tablet","Oral","Quetiapine fumarate","400.000mg","","0402010ABBKAEAY","Psyquet XL 400mg tablets",1,"Quetiapine",
"11694841000033119",200,"32867811000001107","Trevicta 263mg/1.315ml prolonged-release suspension for injection pre-filled syringes (Janssen-Cilag Ltd)","Trevicta 263mg/1.315ml prolonged-release suspension for injection pre-filled syringes","Prolonged-release suspension for injection/","Intramuscular","Paliperidone palmitate","200.000mg/1.000ml","","0402020ABBCABAG","Trevicta 263mg/1.315ml prolonged-release inj pf syringes",1,"Paliperidone",1
"11694941000033110",200,"32868111000001104","Trevicta 350mg/1.75ml prolonged-release suspension for injection pre-filled syringes (Janssen-Cilag Ltd)","Trevicta 350mg/1.75ml prolonged-release suspension for injection pre-filled syringes","Prolonged-release suspension for injection/","Intramuscular","Paliperidone palmitate","200.000mg/1.000ml","","0402020ABBCACAH","Trevicta 350mg/1.75ml prolonged-release inj pf syringes",1,"Paliperidone",1
"11695041000033110",200,"32868411000001109","Trevicta 525mg/2.625ml prolonged-release suspension for injection pre-filled syringes (Janssen-Cilag Ltd)","Trevicta 525mg/2.625ml prolonged-release suspension for injection pre-filled syringes","Prolonged-release suspension for injection/","Intramuscular","Paliperidone palmitate","200.000mg/1.000ml","","0402020ABBCADAI","Trevicta 525mg/2.625ml prolonged-release inj pf syringes",1,"Paliperidone",1
"12988841000033111",200,"36905111000001103","Olanzapine 7.5mg orodispersible tablets sugar free","Olanzapine 7.5mg orodispersible tablets sugar free","Orodispersible tablet","Oral","Olanzapine","7.500mg","4020100","040201060AABHBH","Olanzapine 7.5mg orodispersible tablets sugar free",1,"Olanzapine",1
"1277441000033118",200,"4748411000001108","Sertindole 20mg tablets","Sertindole 20mg tablets","Tablet","Oral","Sertindole","20.000mg","4020100","040201050AAADAD","Sertindole 20mg tablets",1,"Sertindole",1
"584741000033119",100,"","Fluphenazine Enanthate  Injection  25 mg/ml","","","","","","","","",1,"Fluphenazine",
"4200941000033113",100,"11749311000001101","Invega 3mg modified-release tablets (Janssen-Cilag Ltd)","Invega 3mg modified-release tablets","Modified-release tablet","Oral","Paliperidone","3.000mg","","0402010AEBBAAAA","Invega 3mg modified-release tablets",1,"Paliperidone",1
"5993541000033117",100,"12506011000001101","Haloperidol 5mg/5ml oral suspension","Haloperidol 5mg/5ml oral suspension","Oral suspension","Oral","Haloperidol","1.000mg/1.000ml","4020100","0402010J0AAA4A4","Haloperidol 5mg/5ml oral liquid",1,"Haloperidol",
"5575741000033110",100,"17037611000001102","Olanzapine embonate 210mg powder and solvent for suspension for injection vials","Olanzapine embonate 210mg powder and solvent for suspension for injection vials","Powder and solvent for suspension for injection","Intramuscular","Olanzapine embonate monohydrate","210.000mg","4020200","0402020ACAAAAAA","Olanzapine embonate 210mg inj vials",1,"Olanzapine",1
"6443241000033111",100,"19496611000001105","Sycrest 5mg sublingual tablets (Organon Pharma (UK) Ltd)","Sycrest 5mg sublingual tablets","Sublingual tablet","Sublingual","Asenapine maleate","5.000mg","","0402030R0BBABAB","Sycrest 5mg sublingual tablets",1,"Asenapine",
"6457041000033113",100,"19588711000001108","Zalasta 20mg tablets (Krka UK Ltd)","Zalasta 20mg tablets","Tablet","Oral","Olanzapine","20.000mg","","040201060BCAFAQ","Zalasta 20mg tablets",1,"Olanzapine",1
"9809241000033119",100,"26654411000001100","Latuda 18.5mg tablets (CNX Therapeutics Ltd)","Latuda 18.5mg tablets","Tablet","Oral","Lurasidone hydrochloride","18.500mg","","0402010AIBBAAAA","Latuda 18.5mg tablets",1,"Lurasidone",1
"11694341000033111",100,"32878911000001109","Paliperidone 175mg/0.875ml prolonged-release suspension for injection pre-filled syringes","Paliperidone 175mg/0.875ml prolonged-release suspension for injection pre-filled syringes","Prolonged-release suspension for injection/","Intramuscular","Paliperidone palmitate","200.000mg/1.000ml","4020200","0402020ABAAAFAF","Paliperidone 175mg/0.875ml prolonged-release inj pf syringes",1,"Paliperidone",1
"13158441000033113",100,"37697711000001107","Clozapine 12.5mg orodispersible tablets sugar free","Clozapine 12.5mg orodispersible tablets sugar free","Orodispersible tablet","Oral","Clozapine","12.500mg","4020100","0402010C0AAAHAH","Clozapine 12.5mg orodispersible tablets sugar free",1,"Clozapine",1
"1832941000033117",90,"","Seroquel  Tablets (starter pack)  6x25 mg, 2x100 mg, 2x150 mg","","","","","","","","",1,"Quetiapine",
"1459841000033114",90,"","Trifluoperazine  Injection  1 mg/ml","","","","","","","","",1,"Trifluoperazine",
"926041000033110",90,"","Moditen Enanthate  Injection  25 mg/ml","","","","","","","","",1,"Fluphenazine",
"894141000033116",90,"","Melleril  Syrup  3mg/10 ml","","","","","","","","",1,"Thioridazine",
"4201041000033115",90,"11749811000001105","Invega 6mg modified-release tablets (Janssen-Cilag Ltd)","Invega 6mg modified-release tablets","Modified-release tablet","Oral","Paliperidone","6.000mg","","0402010AEBBABAB","Invega 6mg modified-release tablets",1,"Paliperidone",1
"8886041000033118",90,"20176811000001101","Chlorpromazine 10mg capsules","Chlorpromazine 10mg capsules","Capsule","Oral","Chlorpromazine hydrochloride","10.000mg","4020100","0402010D0AABDBD","Chlorpromazine 10mg capsules",1,"Chlorpromazine",
"11730041000033115",90,"22635511000001100","Quetiapine 200mg/5ml oral suspension","Quetiapine 200mg/5ml oral suspension","Oral suspension","Oral","Quetiapine fumarate","40.000mg/1.000ml","4020100","0402010ABAAARAR","Quetiapine 200mg/5ml oral suspension",1,"Quetiapine",
"3858941000033110",90,"36138211000001106","Chlorpromazine 25mg/1ml solution for injection ampoules","Chlorpromazine 25mg/1ml solution for injection ampoules","Solution for injection","Intravenous/ Intramuscular","Chlorpromazine hydrochloride","25.000mg/1.000ml","4020100","0402010D0AAADAD","Chlorpromazine 25mg/1ml solution for injection ampoules",1,"Chlorpromazine",
"13158541000033114",90,"37697811000001104","Clozapine 200mg orodispersible tablets sugar free","Clozapine 200mg orodispersible tablets sugar free","Orodispersible tablet","Oral","Clozapine","200.000mg","4020100","0402010C0AAALAL","Clozapine 200mg orodispersible tablets sugar free",1,"Clozapine",1
"1276841000033118",90,"4731711000001106","Serdolect 12mg tablets (Imported (Denmark))","Serdolect 12mg tablets","Tablet","","Sertindole","12.000mg","","040201050BBABAB","Serdolect 12mg tablets",1,"Sertindole",1
"1150341000033113",80,"","Quetiapine Fumarate  Tablets (starter pack)  6 x 25 mg, 2 x 100 mg","","","","","","","","",1,"Quetiapine",
"6443341000033118",80,"19496311000001100","Sycrest 10mg sublingual tablets (Organon Pharma (UK) Ltd)","Sycrest 10mg sublingual tablets","Sublingual tablet","Sublingual","Asenapine maleate","10.000mg","","0402030R0BBAAAA","Sycrest 10mg sublingual tablets",1,"Asenapine",
"1276941000033114",80,"4732011000001101","Serdolect 16mg tablets (Imported (Denmark))","Serdolect 16mg tablets","Tablet","","Sertindole","16.000mg","","040201050BBACAC","Serdolect 16mg tablets",1,"Sertindole",1
"1065341000033119",70,"","Perphenazine  Tablets  8 mg","","","","","","","","",1,"Perphenazine",
"5969441000033117",70,"12504911000001105","Haloperidol 1.5mg/5ml oral solution","Haloperidol 1.5mg/5ml oral solution","Oral solution","Oral","Haloperidol","300.000microgram/1.000ml","4020100","0402010J0AABBBB","Haloperidol 1.5mg/5ml oral liquid",1,"Haloperidol",
"6457141000033112",70,"19587911000001109","Zalasta 5mg tablets (Krka UK Ltd)","Zalasta 5mg tablets","Tablet","Oral","Olanzapine","5.000mg","","040201060BCABAA","Zalasta 5mg tablets",1,"Olanzapine",1
"11694741000033112",70,"32866911000001100","Trevicta 175mg/0.875ml prolonged-release suspension for injection pre-filled syringes (Janssen-Cilag Ltd)","Trevicta 175mg/0.875ml prolonged-release suspension for injection pre-filled syringes","Prolonged-release suspension for injection/","Intramuscular","Paliperidone palmitate","200.000mg/1.000ml","","0402020ABBCAAAF","Trevicta 175mg/0.875ml prolonged-release inj pf syringes",1,"Paliperidone",1
"1271541000033112",70,"3927511000001104","Serenace 20mg/2ml solution for injection ampoules (IVAX Pharmaceuticals UK Ltd)","Serenace 20mg/2ml solution for injection ampoules","Solution for injection","Intravenous/ Intramuscular","Haloperidol","10.000mg/1.000ml","","0402010J0BEAHAD","Serenace 20mg/2ml solution for injection ampoules",1,"Haloperidol",
"3030841000033118",70,"5818311000001104","Olanzapine 10mg powder for solution for injection vials","Olanzapine 10mg powder for solution for injection vials","Powder for solution for injection","Intramuscular","Olanzapine","10.000mg","4020100","040201060AAANAN","Olanzapine 10mg powder for solution for injection vials",1,"Olanzapine",1
"3141141000033114",70,"7740511000001103","Stelazine Forte 1mg/ml oral solution (Mercury Pharma Group Ltd)","Stelazine Forte 1mg/ml oral solution","Oral solution","Oral","Trifluoperazine hydrochloride","1.000mg/1.000ml","","0402010X0BBAJAK","Stelazine Forte 1mg/ml oral solution",1,"Trifluoperazine",
"3226441000033114",70,"8839511000001103","Zaponex 100mg tablets (Leyden Delta B.V.)","Zaponex 100mg tablets","Tablet","Oral","Clozapine","100.000mg","","0402010C0BDABAB","Zaponex 100mg tablets",1,"Clozapine",1
"965741000033110",60,"","Neulactil  Tablets  25 mg","","","","","","","","",1,"Pericyazine",
"813341000033115",60,"","Largactil  Suppositories  100 mg","","","","","","","","",1,"Chlorpromazine",
"4201141000033116",60,"11751011000001100","Invega 9mg modified-release tablets (Janssen-Cilag Ltd)","Invega 9mg modified-release tablets","Modified-release tablet","Oral","Paliperidone","9.000mg","","0402010AEBBACAC","Invega 9mg modified-release tablets",1,"Paliperidone",1
"11579341000033112",60,"32503611000001100","Psyquet XL 200mg tablets (Sandoz Ltd)","Psyquet XL 200mg tablets","Modified-release tablet","Oral","Quetiapine fumarate","200.000mg","","0402010ABBKACAW","Psyquet XL 200mg tablets",1,"Quetiapine",
"10493341000033115",60,"8528311000001100","Haloperidol 500micrograms/5ml oral solution","Haloperidol 500micrograms/5ml oral solution","Oral solution","Oral","Haloperidol","100.000microgram/1.000ml","4020100","0402010J0AAA8A8","Haloperidol 500micrograms/5ml oral liquid",1,"Haloperidol",
"927741000033110",60,"928411000001107","Modecate 250mg/10ml solution for injection vials (Sanofi-Synthelabo Ltd)","Modecate 250mg/10ml solution for injection vials","Solution for injection","Intramuscular","Fluphenazine decanoate","25.000mg/1.000ml","","0402020L0BBADAE","Modecate 250mg/10ml solution for injection vials",1,"Fluphenazine",
"11821541000033119",50,"33690711000001102","Levomepromazine 62.5mg/5ml oral suspension","Levomepromazine 62.5mg/5ml oral suspension","Oral suspension","Oral","Levomepromazine maleate","12.500mg/1.000ml","4020100","0402010K0AAASAS","Levomepromazine 62.5mg/5ml oral suspension",1,"Levomepromazine",
"13158341000033119",50,"37697511000001102","Clozapine 100mg orodispersible tablets sugar free","Clozapine 100mg orodispersible tablets sugar free","Orodispersible tablet","Oral","Clozapine","100.000mg","4020100","0402010C0AAAKAK","Clozapine 100mg orodispersible tablets sugar free",1,"Clozapine",1
"10493441000033114",50,"8528411000001107","Haloperidol 500micrograms/5ml oral suspension","Haloperidol 500micrograms/5ml oral suspension","Oral suspension","Oral","Haloperidol","100.000microgram/1.000ml","4020100","0402010J0AAA8A8","Haloperidol 500micrograms/5ml oral liquid",1,"Haloperidol",
"10253841000033119",40,"12797811000001108","Melperone hydrochloride 100mg tablets","Melperone hydrochloride 100mg tablets","Tablet","Oral","Melperone hydrochloride","100.000mg","4020100","0402010AFAAAAAA","Melperone hydrochloride 100mg tablets",1,"Melperone",
"5077741000033118",40,"15506011000001104","Denzapine 50mg/ml oral suspension (Britannia Pharmaceuticals Ltd)","Denzapine 50mg/ml oral suspension","Oral suspension","Oral","Clozapine","50.000mg/1.000ml","","0402010C0BCAEAE","Denzapine 50mg/ml oral suspension",1,"Clozapine",1
"6456741000033114",40,"19588311000001109","Zalasta 10mg tablets (Krka UK Ltd)","Zalasta 10mg tablets","Tablet","Oral","Olanzapine","10.000mg","","040201060BCADAC","Zalasta 10mg tablets",1,"Olanzapine",1
"1765741000033116",40,"4124511000001108","Zoleptil 100 tablets (Movianto UK Ltd)","Zoleptil 100 tablets","Tablet","Oral","Zotepine","100.000mg","","0402010ACBBACAC","Zoleptil 100 tablets",1,"Zotepine",1
"3226341000033115",40,"8838911000001102","Zaponex 25mg tablets (Leyden Delta B.V.)","Zaponex 25mg tablets","Tablet","Oral","Clozapine","25.000mg","","0402010C0BDAAAA","Zaponex 25mg tablets",1,"Clozapine",1
"769641000033110",30,"","Integrin  Tablets  40 mg","","","","","","","","",1,"Oxypertine",
"661641000033116",30,"","Haldol  Oral liquid conc.  10 mg/ml","","","","","","","","",1,"Haloperidol",
"5969541000033116",30,"12505011000001105","Haloperidol 1.5mg/5ml oral suspension","Haloperidol 1.5mg/5ml oral suspension","Oral suspension","Oral","Haloperidol","300.000microgram/1.000ml","4020100","0402010J0AABBBB","Haloperidol 1.5mg/5ml oral liquid",1,"Haloperidol",
"8113141000033117",30,"21249511000001100","Tenprolide XL 300mg tablets (Actavis UK Ltd)","Tenprolide XL 300mg tablets","Modified-release tablet","Oral","Quetiapine fumarate","300.000mg","","0402010ABBDACAX","Tenprolide XL 300mg tablets",1,"Quetiapine",
"13719141000033112",30,"27946311000001103","Levomepromazine 100mg tablets","Levomepromazine 100mg tablets","Tablet","Oral","Levomepromazine maleate","100.000mg","","","",1,"Levomepromazine",
"13158641000033110",30,"37697911000001109","Clozapine 25mg orodispersible tablets sugar free","Clozapine 25mg orodispersible tablets sugar free","Orodispersible tablet","Oral","Clozapine","25.000mg","4020100","0402010C0AAAIAI","Clozapine 25mg orodispersible tablets sugar free",1,"Clozapine",1
"1765841000033114",30,"3904811000001101","Zoleptil 25 tablets (Movianto UK Ltd)","Zoleptil 25 tablets","Tablet","Oral","Zotepine","25.000mg","","0402010ACBBAAAA","Zoleptil 25 tablets",1,"Zotepine",1
"1765941000033118",30,"3905611000001104","Zoleptil 50 tablets (Movianto UK Ltd)","Zoleptil 50 tablets","Tablet","Oral","Zotepine","50.000mg","","0402010ACBBABAB","Zoleptil 50 tablets",1,"Zotepine",1
"571141000033114",20,"","Fentazin  Tablets  8 mg","","","","","","","","",1,"Perphenazine",
"567141000033111",20,"","Fentazin  Injection  5 mg/ml","","","","","","","","",1,"Perphenazine",
"1277941000033111",20,"","Seroquel  Tablets (starter pack)  6 x 25 mg, 2 x 100 mg","","","","","","","","",1,"Quetiapine",
"5565141000033118",20,"17038411000001101","Zypadhera 300mg powder and solvent for suspension for injection vials (Eli Lilly and Company Ltd)","Zypadhera 300mg powder and solvent for suspension for injection vials","Powder and solvent for suspension for injection","Intramuscular","Olanzapine embonate monohydrate","300.000mg","","0402020ACBBABAB","Zypadhera 300mg inj vials",1,"Olanzapine",1
"6455741000033116",20,"18172311000001105","Ziprasidone 40mg capsules","Ziprasidone 40mg capsules","Capsule","Oral","Ziprasidone hydrochloride","40.000mg","4020100","0402010AGAAAAAA","Ziprasidone 40mg capsules",1,"Ziprasidone",
"8349141000033117",20,"22409511000001108","Tenprolide XL 400mg tablets (Actavis UK Ltd)","Tenprolide XL 400mg tablets","Modified-release tablet","Oral","Quetiapine fumarate","400.000mg","","0402010ABBDADAY","Tenprolide XL 400mg tablets",1,"Quetiapine",
"8885941000033111",20,"348374003","Chlorpromazine 25mg suppositories","Chlorpromazine 25mg suppositories","Suppository","Rectal","Chlorpromazine hydrochloride","25.000mg","4020100","","",1,"Chlorpromazine",
"13158741000033118",20,"37698011000001106","Clozapine 50mg orodispersible tablets sugar free","Clozapine 50mg orodispersible tablets sugar free","Orodispersible tablet","Oral","Clozapine","50.000mg","4020100","0402010C0AAAJAJ","Clozapine 50mg orodispersible tablets sugar free",1,"Clozapine",1
"1277041000033110",20,"4732311000001103","Serdolect 20mg tablets (Imported (Denmark))","Serdolect 20mg tablets","Tablet","","Sertindole","20.000mg","","040201050BBADAD","Serdolect 20mg tablets",1,"Sertindole",1
"2730641000033111",10,"","Promazine Hydrochloride  Syrup  50 mg/5 ml","","","","","","","","",1,"Promazine",
"6456841000033116",10,"19588511000001103","Zalasta 15mg tablets (Krka UK Ltd)","Zalasta 15mg tablets","Tablet","Oral","Olanzapine","15.000mg","","040201060BCAEAL","Zalasta 15mg tablets",1,"Olanzapine",1
"8112941000033114",10,"21248811000001109","Tenprolide XL 50mg tablets (Actavis UK Ltd)","Tenprolide XL 50mg tablets","Modified-release tablet","Oral","Quetiapine fumarate","50.000mg","","0402010ABBDAAAV","Tenprolide XL 50mg tablets",1,"Quetiapine",
"8113041000033116",10,"21249311000001106","Tenprolide XL 200mg tablets (Actavis UK Ltd)","Tenprolide XL 200mg tablets","Modified-release tablet","Oral","Quetiapine fumarate","200.000mg","","0402010ABBDABAW","Tenprolide XL 200mg tablets",1,"Quetiapine",
"12667641000033113",10,"321387007","Chlorpromazine 100mg suppositories","Chlorpromazine 100mg suppositories","Suppository","Rectal","Chlorpromazine hydrochloride","100.000mg","4020100","","",1,"Chlorpromazine",
"586741000033111",10,"36058311000001106","Fluphenazine decanoate 250mg/10ml solution for injection vials","Fluphenazine decanoate 250mg/10ml solution for injection vials","Solution for injection","Intramuscular","Fluphenazine decanoate","25.000mg/1.000ml","4020200","0402020L0AAAEAE","Fluphenazine decanoate 250mg/10ml inj vials",1,"Fluphenazine",
"11578941000033118",9,"32503211000001102","Psyquet XL 50mg tablets (Sandoz Ltd)","Psyquet XL 50mg tablets","Modified-release tablet","Oral","Quetiapine fumarate","50.000mg","","0402010ABBKAAAV","Psyquet XL 50mg tablets",1,"Quetiapine",
"11798841000033118",8,"13059411000001102","Pimozide 2mg/5ml oral suspension","Pimozide 2mg/5ml oral suspension","Oral suspension","Oral","Pimozide","400.000microgram/1.000ml","4020100","0402010R0AAAHAH","Pimozide 2mg/5ml oral suspension",1,"Pimozide",
"8298441000033117",8,"22221611000001100","Seotiapim XL 300mg tablets (Sandoz Ltd)","Seotiapim XL 300mg tablets","Modified-release tablet","Oral","Quetiapine fumarate","300.000mg","","0402010ABBEACAX","Seotiapim XL 300mg tablets",1,"Quetiapine",
"12428041000033114",7,"34936811000001101","Atrolak XL 150mg tablets (Accord Healthcare Ltd)","Atrolak XL 150mg tablets","Modified-release tablet","Oral","Quetiapine fumarate","150.000mg","","0402010ABBGAEBA","Atrolak XL 150mg tablets",1,"Quetiapine",
"13155441000033117",7,"35753411000001105","Halkid 200micrograms/ml oral solution (Thame Laboratories Ltd)","Halkid 200micrograms/ml oral solution","Oral solution","Oral","Haloperidol","200.000microgram/1.000ml","","0402010J0BHAABN","Halkid 200micrograms/ml oral solution",1,"Haloperidol",
"1052041000033118",6,"","Perphenazine  Injection  5 mg/ml","","","","","","","","",1,"Perphenazine",
"11579441000033118",6,"32503811000001101","Psyquet XL 300mg tablets (Sandoz Ltd)","Psyquet XL 300mg tablets","Modified-release tablet","Oral","Quetiapine fumarate","300.000mg","","0402010ABBKADAX","Psyquet XL 300mg tablets",1,"Quetiapine",
"14024141000033115",6,"40617211000001107","Byannli 1000mg/5ml prolonged-release suspension for injection pre-filled syringes (Janssen-Cilag Ltd)","Byannli 1000mg/5ml prolonged-release suspension for injection pre-filled syringes","Prolonged-release suspension for injection","Intramuscular","Paliperidone palmitate","200.000mg/1.000ml","","0402020ABBDABAJ","Byannli 1000mg/5ml prolonged-release inj pf syringes",1,"Paliperidone",
"14174341000033110",6,"41482411000001101","Levomepromazine hydrochloride 25mg/5ml oral solution sugar free","Levomepromazine hydrochloride 25mg/5ml oral solution sugar free","Oral solution","Oral","Levomepromazine hydrochloride","5.000mg/1.000ml","4020100","0402010L0AAAEAE","Levomepromazine hydrochloride 25mg/5ml soln sugar free",1,"Levomepromazine",
"11579241000033119",5,"32503411000001103","Psyquet XL 150mg tablets (Sandoz Ltd)","Psyquet XL 150mg tablets","Modified-release tablet","Oral","Quetiapine fumarate","150.000mg","","0402010ABBKABBA","Psyquet XL 150mg tablets",1,"Quetiapine",
"13746741000033110",5,"39132811000001104","Modecate Concentrate 100mg/1ml solution for injection ampoules (Imported (Germany))","Modecate Concentrate 100mg/1ml solution for injection ampoules","Solution for injection","","Fluphenazine decanoate","100.000mg/1.000ml","","0402020L0BBAJAF","Modecate Concentrate 100mg/1ml inj amp (Imported (Germany))",1,"Fluphenazine",
"14024241000033110",5,"40617511000001105","Byannli 700mg/3.5ml prolonged-release suspension for injection pre-filled syringes (Janssen-Cilag Ltd)","Byannli 700mg/3.5ml prolonged-release suspension for injection pre-filled syringes","Prolonged-release suspension for injection","Intramuscular","Paliperidone palmitate","200.000mg/1.000ml","","0402020ABBDAAAK","Byannli 700mg/3.5ml prolonged-release inj pf syringes",1,"Paliperidone",
"6456941000033112",4,"19587711000001107","Zalasta 2.5mg tablets (Krka UK Ltd)","Zalasta 2.5mg tablets","Tablet","Oral","Olanzapine","2.500mg","","040201060BCAAAD","Zalasta 2.5mg tablets",1,"Olanzapine",1
"6465441000033115",3,"19610111000001101","Zalasta 15mg orodispersible tablets (Krka UK Ltd)","Zalasta 15mg orodispersible tablets","Orodispersible tablet","Oral","Olanzapine","15.000mg","","040201060BCAIAU","Zalasta 15mg orodispersible tablets",1,"Olanzapine",1
"12990341000033118",3,"36868411000001105","Arpoya 5mg tablets (Torrent Pharma (UK) Ltd)","Arpoya 5mg tablets","Tablet","Oral","Aripiprazole","5.000mg","","0402010ADBDAAAD","Arpoya 5mg tablets",1,"Aripiprazole",1
"12990441000033112",3,"36868711000001104","Arpoya 10mg tablets (Torrent Pharma (UK) Ltd)","Arpoya 10mg tablets","Tablet","Oral","Aripiprazole","10.000mg","","0402010ADBDABAA","Arpoya 10mg tablets",1,"Aripiprazole",1
"5055241000033117",2,"15432411000001108","Droperidol 2.5mg/1ml solution for injection ampoules","Droperidol 2.5mg/1ml solution for injection ampoules","Solution for injection","Intravenous","Droperidol","2.500mg/1.000ml","4020100","","",1,"Droperidol",
"6465641000033118",2,"19608211000001108","Zalasta 5mg orodispersible tablets (Krka UK Ltd)","Zalasta 5mg orodispersible tablets","Orodispersible tablet","Oral","Olanzapine","5.000mg","","040201060BCAGAS","Zalasta 5mg orodispersible tablets",1,"Olanzapine",1
"6465341000033114",2,"19609711000001105","Zalasta 10mg orodispersible tablets (Krka UK Ltd)","Zalasta 10mg orodispersible tablets","Orodispersible tablet","Oral","Olanzapine","10.000mg","","040201060BCAHAT","Zalasta 10mg orodispersible tablets",1,"Olanzapine",1
"13159041000033112",2,"37688811000001104","Zaponex 200mg orodispersible tablets (Leyden Delta B.V.)","Zaponex 200mg orodispersible tablets","Orodispersible tablet","Oral","Clozapine","200.000mg","","0402010C0BDAGAL","Zaponex 200mg orodispersible tablets",1,"Clozapine",1
"13746541000033119",2,"39132411000001101","Modecate 25mg/1ml solution for injection ampoules (Imported (Denmark))","Modecate 25mg/1ml solution for injection ampoules","Solution for injection","","Fluphenazine decanoate","25.000mg/1.000ml","","0402020L0BBAHAC","Modecate 25mg/1ml inj ampoules (Imported (Denmark))",1,"Fluphenazine",
"14025941000033117",2,"40625911000001102","Okedi 100mg powder and solvent for prolonged-release suspension for injection pre-filled syringes (ROVI Biotech Ltd)","Okedi 100mg powder and solvent for prolonged-release suspension for injection pre-filled syringes","Powder and solvent for prolonged-release suspension for inj","Intramuscular","Risperidone","100.000mg","","0402020AABCABAE","Okedi 100mg inj pre-filled syringes",1,"Risperidone",
"476641000033118",1,"","Dozic  Liquid  2mg/ml","","","","","","","","",1,"Haloperidol",
"4456841000033110",1,"13451111000001101","Abilify 9.75mg/1.3ml solution for injection vials (Otsuka Pharmaceuticals (U.K.) Ltd)","Abilify 9.75mg/1.3ml solution for injection vials","Solution for injection","Intramuscular","Aripiprazole","7.500mg/1.000ml","","0402010ADBBAHAH","Abilify 9.75mg/1.3ml solution for injection vials",1,"Aripiprazole",1
"5565241000033113",1,"17039011000001100","Zypadhera 405mg powder and solvent for suspension for injection vials (Eli Lilly and Company Ltd)","Zypadhera 405mg powder and solvent for suspension for injection vials","Powder and solvent for suspension for injection","Intramuscular","Olanzapine embonate monohydrate","405.000mg","","0402020ACBBACAC","Zypadhera 405mg inj vials",1,"Olanzapine",1
"8298341000033111",1,"22221211000001102","Seotiapim XL 200mg tablets (Sandoz Ltd)","Seotiapim XL 200mg tablets","Modified-release tablet","Oral","Quetiapine fumarate","200.000mg","","0402010ABBEAAAW","Seotiapim XL 200mg tablets",1,"Quetiapine",
"8298541000033116",1,"22221411000001103","Seotiapim XL 400mg tablets (Sandoz Ltd)","Seotiapim XL 400mg tablets","Modified-release tablet","Oral","Quetiapine fumarate","400.000mg","","0402010ABBEABAY","Seotiapim XL 400mg tablets",1,"Quetiapine",
"12665841000033118",1,"35772111000001108","Reagila 3mg capsules (Recordati Pharmaceuticals Ltd)","Reagila 3mg capsules","Capsule","Oral","Cariprazine hydrochloride","3.000mg","","0402010AJBBABAB","Reagila 3mg capsules",1,"Cariprazine",
"13158841000033111",1,"37688211000001100","Zaponex 100mg orodispersible tablets (Leyden Delta B.V.)","Zaponex 100mg orodispersible tablets","Orodispersible tablet","Oral","Clozapine","100.000mg","","0402010C0BDAFAK","Zaponex 100mg orodispersible tablets",1,"Clozapine",1
