--------------------------------------------------------------------------------------------------------------------------------------------------------------------------------
      name:  <unnamed>
       log:  C:\Users\rmjlton.AD\Documents\GitHub\priority\codelists\antihypertensives.log
  log type:  text
 opened on:   3 Apr 2025, 03:52:19

. 
. 
. //= CPRD LOOKUP LOCATION - would be good to get this in a shared location ======
. 
. //*Directory of product dictionary*
. local browser_dir "C:\Users\rmjlton.AD\OneDrive - University College London\CPRD\CPRD Aurum\Code Browser\CPRD_CodeBrowser_`aurum_build'_Aurum"

. 
. //*Directory of BNF to SNOMED mapping*
. local bnfsnomedmap_dir "C:\Users\rmjlton.AD\OneDrive - University College London\NHS TRUD\NHSBSA BNF SNOMED Mapping"

. 
. //==============================================================================
. 
. //Import BNF to SNOMED mapping
. import excel "`bnfsnomedmap_dir'/BNF Snomed Mapping data 20250221.xlsx", firstrow case(lower) clear
(11 vars, 388,832 obs)

. 
. drop if bnfcode == ""
(51,053 observations deleted)

. keep bnfcode bnfname snomedcode

. rename snomedcode dmdid

. 
. tempfile bnf_snomed_map

. save `bnf_snomed_map'
file C:\Users\rmjlton.AD\AppData\Local\Temp\ST_10d0_000001.tmp saved as .dta format

. 
. 
. //Import latest product browser; force prodcodeid and DM+D ID to be string
. import delimited "`browser_dir'/CPRDAurumProduct.txt", stringcols(1 2 9) favorstrfixed bindquotes(nobind) clear
(encoding automatically selected: ISO-8859-1)
(10 vars, 73,490 obs)

. 
. order drugissues, after(prodcodeid)

. 
. //Merge with BNF mapping
. count
  73,490

. merge m:1 dmdid using `bnf_snomed_map'

    Result                      Number of obs
    -----------------------------------------
    Not matched                       297,391
        from master                    16,551  (_merge==1)
        from using                    280,840  (_merge==2)

    Matched                            56,939  (_merge==3)
    -----------------------------------------

. drop if _merge == 2
(280,840 observations deleted)

. drop _merge

. count
  73,490

. 
. //Generate clean BNF variable
. //Leading zero is omitted at 1st level in 'bnfchapter' variable
. //Leading zero is omitted at 4th level in 'bnfcode' variable
. generate bnfchapt = bnfchapter
(67,250 missing values generated)

. replace bnfchapt = "0" + bnfchapter if length(bnfchapter) == 7
(4,734 real changes made)

. generate bnfcodeshort = substr(bnfcode, 1, 6) + "0" + substr(bnfcode, 7, 1) ///
>         if bnfcode != ""
(16,551 missing values generated)

. 
. //Disagreements
. list termfromemis drugsubstancename bnfchapt bnfcodeshort ///
>         if bnfchapt != bnfcodeshort & bnfchapter != "" & bnfcode != ""

       +--------------------------------------------------------------------------------------------------+
       |                                 termfromemis             drugsubstancename   bnfchapt   bnfcod~t |
       |--------------------------------------------------------------------------------------------------|
21662. | Sapropterin 100mg soluble tablets sugar free   Sapropterin dihydrochloride   09040100   09080100 |
58112. |                              Fructose powder                                 09040100   09131901 |
       +--------------------------------------------------------------------------------------------------+

.         
. //Favour original value but keep bnfcodeshort variable for reference
. replace bnfchapt = bnfcodeshort if bnfchapt == ""
(51,451 real changes made)

. 
. order bnfchapt, after(bnfchapter)

. drop bnfchapter

. order bnfcodeshort, after(bnfcode)

. 
. //Save product code browser to a tempfile
. compress
  (0 bytes saved)

. tempfile product

. save `product'
file C:\Users\rmjlton.AD\AppData\Local\Temp\ST_10d0_000002.tmp saved as .dta format

. 
. 
. // STEP 1. SELECT BNF CHAPTERS TO INCLUDE
. //========================================
. 
. //BNF Chapter information: https://openprescribing.net/bnf/
. 
. //BNF Chapter 2.5: Hypertension and heart failure
. generate byte bnf0205 = 1 if strmatch(bnfchapt, "0205*")
(73,016 missing values generated)

. 
. //BNF Chapter 2.5.1: Vasodilator antihypertensive drugs
. generate byte bnf020501 = 1 if strmatch(bnfchapt, "020501*")
(73,435 missing values generated)

. 
. //BNF Chapter 2.5.2: Centrally-acting antihypertensive drugs
. generate byte bnf020502 = 1 if strmatch(bnfchapt, "020502*")
(73,467 missing values generated)

. 
. //BNF Chapter 2.5.3: Adrenergic neurone blocking drugs
. generate byte bnf020503 = 1 if strmatch(bnfchapt, "020503*")
(73,487 missing values generated)

. 
. //BNF Chapter 2.5.4: Alpha-adrenoceptor blocking drugs
. generate byte bnf020504 = 1 if strmatch(bnfchapt, "020504*")
(73,440 missing values generated)

. 
. //BNF Chapter 2.5.5: Renin-angiotensin system drugs
. generate byte bnf020505 = 1 if strmatch(bnfchapt, "020505*")
(73,150 missing values generated)

. 
. //BNF Chapter 2.5.5.1: Angiotensin-converting enzyme inhibitors
. generate byte bnf02050501 = 1 if strmatch(bnfchapt, "02050501*")
(73,285 missing values generated)

. 
. //BNF Chapter 2.5.5.2: Angiotensin-II receptor antagonists
. generate byte bnf02050502 = 1 if strmatch(bnfchapt, "02050502*")
(73,359 missing values generated)

. 
. //BNF Chapter 2.5.5.3: Renin inhibitors
. generate byte bnf02050503 = 1 if strmatch(bnfchapt, "02050503*")
(73,486 missing values generated)

. 
. //BNF Chapter 2.5.8: Other adrenergic neurone blocking drugs
. generate byte bnf020508 = 1 if strmatch(bnfchapt, "020508*")
(73,488 missing values generated)

. 
. //Show drugs in each chapter
. foreach chapter in 0205 020501 020502 020503 020504 020505 02050501 ///
>         02050502 02050503 020508 {
  2.         
.         display "BNF Chapter: `chapter'"
  3.         tab drugsubstancename if bnf`chapter' == 1, missing
  4. }
BNF Chapter: 0205

                      DrugSubstanceName |      Freq.     Percent        Cum.
----------------------------------------+-----------------------------------
                                        |          4        0.84        0.84
                 Aliskiren hemifumarate |          4        0.84        1.69
                            Ambrisentan |          2        0.42        2.11
Amlodipine besilate/ Hydrochlorothiaz.. |          5        1.05        3.16
Amlodipine besilate/ Olmesartan medox.. |          6        1.27        4.43
Amlodipine besilate/ Perindopril erbu.. |          4        0.84        5.27
         Azilsartan medoxomil potassium |          6        1.27        6.54
                   Bosentan monohydrate |          5        1.05        7.59
                  Candesartan cilexetil |         10        2.11        9.70
                              Captopril |         37        7.81       17.51
         Captopril/ Hydrochlorothiazide |          5        1.05       18.57
                 Cilazapril monohydrate |          8        1.69       20.25
                              Clonidine |          6        1.27       21.52
                Clonidine hydrochloride |          5        1.05       22.57
                   Debrisoquine sulfate |          1        0.21       22.78
                              Diazoxide |          2        0.42       23.21
                     Doxazosin mesilate |         27        5.70       28.90
                      Enalapril maleate |         19        4.01       32.91
 Enalapril maleate/ Hydrochlorothiazide |          2        0.42       33.33
                    Eprosartan mesilate |          6        1.27       34.60
                   Felodipine/ Ramipril |          4        0.84       35.44
                      Fosinopril sodium |          4        0.84       36.29
               Guanethidine monosulfate |          2        0.42       36.71
              Hydralazine hydrochloride |          8        1.69       38.40
        Hydrochlorothiazide/ Irbesartan |          6        1.27       39.66
        Hydrochlorothiazide/ Lisinopril |         12        2.53       42.19
Hydrochlorothiazide/ Losartan potassium |          6        1.27       43.46
Hydrochlorothiazide/ Olmesartan medox.. |          6        1.27       44.73
Hydrochlorothiazide/ Quinapril hydroc.. |          2        0.42       45.15
       Hydrochlorothiazide/ Telmisartan |         12        2.53       47.68
         Hydrochlorothiazide/ Valsartan |          6        1.27       48.95
                    Iloprost trometamol |          6        1.27       50.21
                Imidapril hydrochloride |          6        1.27       51.48
       Indapamide/ Perindopril arginine |          2        0.42       51.90
       Indapamide/ Perindopril erbumine |          2        0.42       52.32
       Indapamide/ Perindopril tosilate |          1        0.21       52.53
                Indoramin hydrochloride |          2        0.42       52.95
                             Irbesartan |         12        2.53       55.49
                             Ketanserin |          2        0.42       55.91
                             Lisinopril |         22        4.64       60.55
                     Losartan potassium |         14        2.95       63.50
                             Macitentan |          2        0.42       63.92
                   Methyldopa anhydrous |          6        1.27       65.19
                              Minoxidil |          6        1.27       66.46
                Moexipril hydrochloride |          4        0.84       67.30
                             Moxonidine |          6        1.27       68.57
                   Olmesartan medoxomil |          7        1.48       70.04
                   Perindopril arginine |          6        1.27       71.31
                   Perindopril erbumine |         10        2.11       73.42
                   Perindopril tosilate |          3        0.63       74.05
         Phenoxybenzamine hydrochloride |          2        0.42       74.47
                  Phentolamine mesilate |          2        0.42       74.89
                 Prazosin hydrochloride |         11        2.32       77.22
                Quinapril hydrochloride |          9        1.90       79.11
                               Ramipril |         28        5.91       85.02
                              Riociguat |          7        1.48       86.50
                  Sacubitril/ Valsartan |          6        1.27       87.76
                              Selexipag |          8        1.69       89.45
                     Sildenafil citrate |          5        1.05       90.51
                      Sitaxentan sodium |          1        0.21       90.72
                              Tadalafil |          1        0.21       90.93
                            Telmisartan |          9        1.90       92.83
                Terazosin hydrochloride |          4        0.84       93.67
                           Trandolapril |         11        2.32       95.99
  Trandolapril/ Verapamil hydrochloride |          2        0.42       96.41
                  Trimetaphan camsilate |          1        0.21       96.62
                              Valsartan |         14        2.95       99.58
                             Vericiguat |          2        0.42      100.00
----------------------------------------+-----------------------------------
                                  Total |        474      100.00
BNF Chapter: 020501

                      DrugSubstanceName |      Freq.     Percent        Cum.
----------------------------------------+-----------------------------------
                            Ambrisentan |          2        3.64        3.64
                   Bosentan monohydrate |          5        9.09       12.73
                              Diazoxide |          2        3.64       16.36
              Hydralazine hydrochloride |          8       14.55       30.91
                    Iloprost trometamol |          6       10.91       41.82
                             Macitentan |          2        3.64       45.45
                              Minoxidil |          6       10.91       56.36
                              Riociguat |          7       12.73       69.09
                              Selexipag |          8       14.55       83.64
                     Sildenafil citrate |          5        9.09       92.73
                      Sitaxentan sodium |          1        1.82       94.55
                              Tadalafil |          1        1.82       96.36
                             Vericiguat |          2        3.64      100.00
----------------------------------------+-----------------------------------
                                  Total |         55      100.00
BNF Chapter: 020502

                      DrugSubstanceName |      Freq.     Percent        Cum.
----------------------------------------+-----------------------------------
                              Clonidine |          6       26.09       26.09
                Clonidine hydrochloride |          5       21.74       47.83
                   Methyldopa anhydrous |          6       26.09       73.91
                             Moxonidine |          6       26.09      100.00
----------------------------------------+-----------------------------------
                                  Total |         23      100.00
BNF Chapter: 020503

                      DrugSubstanceName |      Freq.     Percent        Cum.
----------------------------------------+-----------------------------------
                   Debrisoquine sulfate |          1       33.33       33.33
               Guanethidine monosulfate |          2       66.67      100.00
----------------------------------------+-----------------------------------
                                  Total |          3      100.00
BNF Chapter: 020504

                      DrugSubstanceName |      Freq.     Percent        Cum.
----------------------------------------+-----------------------------------
                                        |          2        4.00        4.00
                     Doxazosin mesilate |         27       54.00       58.00
                Indoramin hydrochloride |          2        4.00       62.00
         Phenoxybenzamine hydrochloride |          2        4.00       66.00
                  Phentolamine mesilate |          2        4.00       70.00
                 Prazosin hydrochloride |         11       22.00       92.00
                Terazosin hydrochloride |          4        8.00      100.00
----------------------------------------+-----------------------------------
                                  Total |         50      100.00
BNF Chapter: 020505

                      DrugSubstanceName |      Freq.     Percent        Cum.
----------------------------------------+-----------------------------------
                                        |          2        0.59        0.59
                 Aliskiren hemifumarate |          4        1.18        1.76
Amlodipine besilate/ Hydrochlorothiaz.. |          5        1.47        3.24
Amlodipine besilate/ Olmesartan medox.. |          6        1.76        5.00
Amlodipine besilate/ Perindopril erbu.. |          4        1.18        6.18
         Azilsartan medoxomil potassium |          6        1.76        7.94
                  Candesartan cilexetil |         10        2.94       10.88
                              Captopril |         37       10.88       21.76
         Captopril/ Hydrochlorothiazide |          5        1.47       23.24
                 Cilazapril monohydrate |          8        2.35       25.59
                      Enalapril maleate |         19        5.59       31.18
 Enalapril maleate/ Hydrochlorothiazide |          2        0.59       31.76
                    Eprosartan mesilate |          6        1.76       33.53
                   Felodipine/ Ramipril |          4        1.18       34.71
                      Fosinopril sodium |          4        1.18       35.88
        Hydrochlorothiazide/ Irbesartan |          6        1.76       37.65
        Hydrochlorothiazide/ Lisinopril |         12        3.53       41.18
Hydrochlorothiazide/ Losartan potassium |          6        1.76       42.94
Hydrochlorothiazide/ Olmesartan medox.. |          6        1.76       44.71
Hydrochlorothiazide/ Quinapril hydroc.. |          2        0.59       45.29
       Hydrochlorothiazide/ Telmisartan |         12        3.53       48.82
         Hydrochlorothiazide/ Valsartan |          6        1.76       50.59
                Imidapril hydrochloride |          6        1.76       52.35
       Indapamide/ Perindopril arginine |          2        0.59       52.94
       Indapamide/ Perindopril erbumine |          2        0.59       53.53
       Indapamide/ Perindopril tosilate |          1        0.29       53.82
                             Irbesartan |         12        3.53       57.35
                             Lisinopril |         22        6.47       63.82
                     Losartan potassium |         14        4.12       67.94
                Moexipril hydrochloride |          4        1.18       69.12
                   Olmesartan medoxomil |          7        2.06       71.18
                   Perindopril arginine |          6        1.76       72.94
                   Perindopril erbumine |         10        2.94       75.88
                   Perindopril tosilate |          3        0.88       76.76
                Quinapril hydrochloride |          9        2.65       79.41
                               Ramipril |         28        8.24       87.65
                  Sacubitril/ Valsartan |          6        1.76       89.41
                            Telmisartan |          9        2.65       92.06
                           Trandolapril |         11        3.24       95.29
  Trandolapril/ Verapamil hydrochloride |          2        0.59       95.88
                              Valsartan |         14        4.12      100.00
----------------------------------------+-----------------------------------
                                  Total |        340      100.00
BNF Chapter: 02050501

                      DrugSubstanceName |      Freq.     Percent        Cum.
----------------------------------------+-----------------------------------
                                        |          2        0.98        0.98
Amlodipine besilate/ Perindopril erbu.. |          4        1.95        2.93
                              Captopril |         37       18.05       20.98
         Captopril/ Hydrochlorothiazide |          5        2.44       23.41
                 Cilazapril monohydrate |          8        3.90       27.32
                      Enalapril maleate |         19        9.27       36.59
 Enalapril maleate/ Hydrochlorothiazide |          2        0.98       37.56
                   Felodipine/ Ramipril |          4        1.95       39.51
                      Fosinopril sodium |          4        1.95       41.46
        Hydrochlorothiazide/ Lisinopril |         12        5.85       47.32
Hydrochlorothiazide/ Quinapril hydroc.. |          2        0.98       48.29
                Imidapril hydrochloride |          6        2.93       51.22
       Indapamide/ Perindopril arginine |          2        0.98       52.20
       Indapamide/ Perindopril erbumine |          2        0.98       53.17
       Indapamide/ Perindopril tosilate |          1        0.49       53.66
                             Lisinopril |         22       10.73       64.39
                Moexipril hydrochloride |          4        1.95       66.34
                   Perindopril arginine |          6        2.93       69.27
                   Perindopril erbumine |         10        4.88       74.15
                   Perindopril tosilate |          3        1.46       75.61
                Quinapril hydrochloride |          9        4.39       80.00
                               Ramipril |         28       13.66       93.66
                           Trandolapril |         11        5.37       99.02
  Trandolapril/ Verapamil hydrochloride |          2        0.98      100.00
----------------------------------------+-----------------------------------
                                  Total |        205      100.00
BNF Chapter: 02050502

                      DrugSubstanceName |      Freq.     Percent        Cum.
----------------------------------------+-----------------------------------
Amlodipine besilate/ Hydrochlorothiaz.. |          5        3.82        3.82
Amlodipine besilate/ Olmesartan medox.. |          6        4.58        8.40
         Azilsartan medoxomil potassium |          6        4.58       12.98
                  Candesartan cilexetil |         10        7.63       20.61
                    Eprosartan mesilate |          6        4.58       25.19
        Hydrochlorothiazide/ Irbesartan |          6        4.58       29.77
Hydrochlorothiazide/ Losartan potassium |          6        4.58       34.35
Hydrochlorothiazide/ Olmesartan medox.. |          6        4.58       38.93
       Hydrochlorothiazide/ Telmisartan |         12        9.16       48.09
         Hydrochlorothiazide/ Valsartan |          6        4.58       52.67
                             Irbesartan |         12        9.16       61.83
                     Losartan potassium |         14       10.69       72.52
                   Olmesartan medoxomil |          7        5.34       77.86
                  Sacubitril/ Valsartan |          6        4.58       82.44
                            Telmisartan |          9        6.87       89.31
                              Valsartan |         14       10.69      100.00
----------------------------------------+-----------------------------------
                                  Total |        131      100.00
BNF Chapter: 02050503

                      DrugSubstanceName |      Freq.     Percent        Cum.
----------------------------------------+-----------------------------------
                 Aliskiren hemifumarate |          4      100.00      100.00
----------------------------------------+-----------------------------------
                                  Total |          4      100.00
BNF Chapter: 020508

                      DrugSubstanceName |      Freq.     Percent        Cum.
----------------------------------------+-----------------------------------
                             Ketanserin |          2      100.00      100.00
----------------------------------------+-----------------------------------
                                  Total |          2      100.00

. 
. 
. // STEP 2. USING INFOFORMATION FROM BNF AND STEP 1 CREATE SEARCH TERMS
. //         (ONE TERM FOR EACH DRUG THAT INCLUDES CHEMICAL NAME AND ANY 
. //         BRAND NAMES)
. //=====================================================================
. 
. //BNF Chapter 2.5.1: Vasodilator antihypertensive drugs
. local ambrisentan "ambrisentan volibris"

. local bosentan "bosentan stayveer tracleer"

. local diazoxide "diazoxide proglycem eudemine" //maybe exclude?

. local hydralazine "hydralazine apresoline"

. local iloprost "iloprost ilomedin ventavis"

. local macitentan "macitentan opsumit"

. local minoxidil "minoxidil loniten"

. local riociguat "riociguat adempas"

. local selexipag "selexipag uptravi"  //not listed on OpenPrescribing

. local sildenafil "sildenafil granpidam revatio"

. local sitaxentan "sitaxentan"

. local tadalafil "tadalafil adcirca"

. local vericiguat "vericiguat verquvo"

. 
. local bnf020501 "ambrisentan bosentan diazoxide hydralazine iloprost macitentan minoxidil riociguat selexipag sildenafil sitaxentan tadalafil vericiguat"

. 
. //BNF Chapter 2.5.2: Centrally-acting antihypertensive drugs
. local clonidine "clonidine catapres"

. local guanfacine "guanfacine tenex"

. local methyldopa "methyldopa aldomet"

. local moxonidine "moxonidine physiotens"

. 
. local bnf020502 "clonidine guanfacine methyldopa moxonidine"

. 
. //BNF Chapter 2.5.3: Adrenergic neurone blocking drugs
. local debrisoquine "debrisoquine"  //not listed on OpenPrescribing

. local guanethidine "guanethidine ismelin"

. 
. local bnf020503 "debrisoquine guanethidine"

. 
. //BNF Chapter 2.5.4: Alpha-adrenoceptor blocking drugs
. local doxazosin "doxazosin cardura doxadura larbex raporsin slocinx colixil oxandosin doxzogen cascor cardozin"

. local indoramin "indoramin baratol"

. local phenoxybenzamine "phenoxybenzamine dibenyline"

. local phentolamine "phentolamine rogitine"

. local prazosin "prazosin hypovase minipress alphavase"

. local terazosin "terazosin hytrin benph"

. 
. local bnf020504 "doxazosin indoramin phenoxybenzamine phentolamine prazosin terazosin"

. 
. //BNF Chapter 2.5.5.1: Angiotensin-converting enzyme inhibitors
. local captopril "captopril co-zidocapt capozide capoten ecopace noyada acezide kaplon acepril tensopril"

. local cilazapril "cilazapril vascace"

. local enalapril "enalapril aqumeldi innovace innozide pralenal"

. local fosinopril "fosinopril staril"

. local imidapril "imidapril tanatril"

. local lisinopril "lisinopril zestril zestoretic carace"

. local moexipril "moexipril perdix"

. local perindopril "perindopril coversyl"

. local quinapril "quinapril accupro quinil"

. local ramipril "ramipril tritace lopace"

. local trandolapril "trandolapril verapamil odrik gopten"

. 
. local bnf02050501 "captopril cilazapril enalapril fosinopril imidapril lisinopril moexipril perindopril quinapril ramipril trandolapril"

. 
. //BNF Chapter 2.5.5.2: Angiotensin-II receptor antagonists
. local azilsartan "azilsartan edarbi"

. local candesartan "candesartan amias"

. local eprosartan "eprosartan teveten"

. local irbesartan "irbesartan aprovel coaprovel ifirmasta"

. local losartan "losartan cozaar"

. local olmesartan "olmesartan olmetec sevikar"

. local telmisartan "telmisartan micardis actelsar tolura tolucombi"

. local valsartan "valsartan entresto diovan"

. 
. local bnf02050502 "azilsartan candesartan eprosartan irbesartan losartan olmesartan telmisartan valsartan"

. 
. //BNF Chapter 2.5.5.3: Renin inhibitors
. local aliskiren "aliskiren rasilez"

. 
. local bnf02050503 "aliskiren"

. 
. //BNF Chapter 2.5.8: Other adrenergic neurone blocking drugs
. local ketanserin "ketanserin ketensin"

. 
. local bnf020508 "ketanserin"

. 
. 
. // STEP 3. CREATE MACRO CONTAINING ALL DRUG MACROS CREATED IN STEP 2
. //         AND SEARCH THE PRODUCT DICTIONARY FOR EACH DRUG
. //===================================================================
. 
. local antihypertensives "bnf020501 bnf020502 bnf020503 bnf020504 bnf02050501 bnf02050502 bnf02050503 bnf020508"

. 
. generate byte antihypertensive = 0

. 
. foreach bnf_section of local antihypertensives {
  2.         
.         display "`bnf_section'"
  3.         
.         foreach drug of local `bnf_section' {
  4.                 
.                 display "Drug: `drug'"  //for debugging
  5.                 generate byte `drug' = 0
  6.                 
.                 foreach term of local `drug' {
  7.                         
.                         display "Term: `term'"  //for debugging
  8.                         
.                         foreach scan_var of varlist termfromemis drugsubstancename bnfname {
  9.                                 
.                                 foreach label_var of varlist antihypertensive `drug' ///
>                                         `bnf_section' {
 10.                                         
.                                         replace `label_var' = 1 if strpos(lower(`scan_var'), "`term'")
 11.                                 }
 12.                         }
 13.                 }
 14.         }
 15. }
bnf020501
Drug: ambrisentan
Term: ambrisentan
(2 real changes made)
(2 real changes made)
(2 real changes made)
(2 real changes made)
(2 real changes made)
(0 real changes made)
(0 real changes made)
(0 real changes made)
(0 real changes made)
Term: volibris
(0 real changes made)
(0 real changes made)
(0 real changes made)
(0 real changes made)
(0 real changes made)
(0 real changes made)
(0 real changes made)
(0 real changes made)
(0 real changes made)
Drug: bosentan
Term: bosentan
(2 real changes made)
(2 real changes made)
(0 real changes made)
(3 real changes made)
(3 real changes made)
(0 real changes made)
(0 real changes made)
(0 real changes made)
(0 real changes made)
Term: stayveer
(0 real changes made)
(0 real changes made)
(0 real changes made)
(0 real changes made)
(0 real changes made)
(0 real changes made)
(0 real changes made)
(0 real changes made)
(0 real changes made)
Term: tracleer
(0 real changes made)
(0 real changes made)
(0 real changes made)
(0 real changes made)
(0 real changes made)
(0 real changes made)
(0 real changes made)
(0 real changes made)
(0 real changes made)
Drug: diazoxide
Term: diazoxide
(10 real changes made)
(10 real changes made)
(9 real changes made)
(3 real changes made)
(3 real changes made)
(2 real changes made)
(0 real changes made)
(0 real changes made)
(0 real changes made)
Term: proglycem
(0 real changes made)
(0 real changes made)
(0 real changes made)
(0 real changes made)
(0 real changes made)
(0 real changes made)
(0 real changes made)
(0 real changes made)
(0 real changes made)
Term: eudemine
(0 real changes made)
(0 real changes made)
(0 real changes made)
(0 real changes made)
(0 real changes made)
(0 real changes made)
(0 real changes made)
(0 real changes made)
(0 real changes made)
Drug: hydralazine
Term: hydralazine
(8 real changes made)
(8 real changes made)
(2 real changes made)
(2 real changes made)
(2 real changes made)
(0 real changes made)
(0 real changes made)
(0 real changes made)
(0 real changes made)
Term: apresoline
(1 real change made)
(1 real change made)
(1 real change made)
(0 real changes made)
(0 real changes made)
(0 real changes made)
(0 real changes made)
(0 real changes made)
(0 real changes made)
Drug: iloprost
Term: iloprost
(6 real changes made)
(6 real changes made)
(1 real change made)
(1 real change made)
(1 real change made)
(0 real changes made)
(0 real changes made)
(0 real changes made)
(0 real changes made)
Term: ilomedin
(0 real changes made)
(0 real changes made)
(0 real changes made)
(0 real changes made)
(0 real changes made)
(0 real changes made)
(0 real changes made)
(0 real changes made)
(0 real changes made)
Term: ventavis
(0 real changes made)
(0 real changes made)
(0 real changes made)
(0 real changes made)
(0 real changes made)
(0 real changes made)
(0 real changes made)
(0 real changes made)
(0 real changes made)
Drug: macitentan
Term: macitentan
(1 real change made)
(1 real change made)
(0 real changes made)
(1 real change made)
(1 real change made)
(0 real changes made)
(0 real changes made)
(0 real changes made)
(0 real changes made)
Term: opsumit
(0 real changes made)
(0 real changes made)
(0 real changes made)
(0 real changes made)
(0 real changes made)
(0 real changes made)
(0 real changes made)
(0 real changes made)
(0 real changes made)
Drug: minoxidil
Term: minoxidil
(7 real changes made)
(7 real changes made)
(4 real changes made)
(9 real changes made)
(9 real changes made)
(6 real changes made)
(0 real changes made)
(0 real changes made)
(0 real changes made)
Term: loniten
(0 real changes made)
(0 real changes made)
(0 real changes made)
(0 real changes made)
(0 real changes made)
(0 real changes made)
(0 real changes made)
(0 real changes made)
(0 real changes made)
Drug: riociguat
Term: riociguat
(5 real changes made)
(5 real changes made)
(0 real changes made)
(2 real changes made)
(2 real changes made)
(0 real changes made)
(0 real changes made)
(0 real changes made)
(0 real changes made)
Term: adempas
(0 real changes made)
(0 real changes made)
(0 real changes made)
(0 real changes made)
(0 real changes made)
(0 real changes made)
(0 real changes made)
(0 real changes made)
(0 real changes made)
Drug: selexipag
Term: selexipag
(8 real changes made)
(8 real changes made)
(0 real changes made)
(1 real change made)
(1 real change made)
(1 real change made)
(0 real changes made)
(0 real changes made)
(0 real changes made)
Term: uptravi
(0 real changes made)
(0 real changes made)
(0 real changes made)
(0 real changes made)
(0 real changes made)
(0 real changes made)
(0 real changes made)
(0 real changes made)
(0 real changes made)
Drug: sildenafil
Term: sildenafil
(14 real changes made)
(14 real changes made)
(12 real changes made)
(10 real changes made)
(10 real changes made)
(7 real changes made)
(0 real changes made)
(0 real changes made)
(0 real changes made)
Term: granpidam
(0 real changes made)
(0 real changes made)
(0 real changes made)
(0 real changes made)
(0 real changes made)
(0 real changes made)
(0 real changes made)
(0 real changes made)
(0 real changes made)
Term: revatio
(0 real changes made)
(0 real changes made)
(0 real changes made)
(0 real changes made)
(0 real changes made)
(0 real changes made)
(0 real changes made)
(0 real changes made)
(0 real changes made)
Drug: sitaxentan
Term: sitaxentan
(1 real change made)
(1 real change made)
(0 real changes made)
(0 real changes made)
(0 real changes made)
(0 real changes made)
(0 real changes made)
(0 real changes made)
(0 real changes made)
Drug: tadalafil
Term: tadalafil
(4 real changes made)
(4 real changes made)
(4 real changes made)
(5 real changes made)
(5 real changes made)
(4 real changes made)
(0 real changes made)
(0 real changes made)
(0 real changes made)
Term: adcirca
(0 real changes made)
(0 real changes made)
(0 real changes made)
(0 real changes made)
(0 real changes made)
(0 real changes made)
(0 real changes made)
(0 real changes made)
(0 real changes made)
Drug: vericiguat
Term: vericiguat
(2 real changes made)
(2 real changes made)
(0 real changes made)
(0 real changes made)
(0 real changes made)
(0 real changes made)
(0 real changes made)
(0 real changes made)
(0 real changes made)
Term: verquvo
(0 real changes made)
(0 real changes made)
(0 real changes made)
(0 real changes made)
(0 real changes made)
(0 real changes made)
(0 real changes made)
(0 real changes made)
(0 real changes made)
bnf020502
Drug: clonidine
Term: clonidine
(15 real changes made)
(15 real changes made)
(10 real changes made)
(9 real changes made)
(9 real changes made)
(3 real changes made)
(0 real changes made)
(0 real changes made)
(0 real changes made)
Term: catapres
(2 real changes made)
(2 real changes made)
(2 real changes made)
(0 real changes made)
(0 real changes made)
(0 real changes made)
(0 real changes made)
(0 real changes made)
(0 real changes made)
Drug: guanfacine
Term: guanfacine
(4 real changes made)
(4 real changes made)
(4 real changes made)
(4 real changes made)
(4 real changes made)
(4 real changes made)
(0 real changes made)
(0 real changes made)
(0 real changes made)
Term: tenex
(2 real changes made)
(2 real changes made)
(2 real changes made)
(0 real changes made)
(0 real changes made)
(0 real changes made)
(0 real changes made)
(0 real changes made)
(0 real changes made)
Drug: methyldopa
Term: methyldopa
(6 real changes made)
(6 real changes made)
(2 real changes made)
(2 real changes made)
(2 real changes made)
(0 real changes made)
(0 real changes made)
(0 real changes made)
(0 real changes made)
Term: aldomet
(2 real changes made)
(2 real changes made)
(2 real changes made)
(0 real changes made)
(0 real changes made)
(0 real changes made)
(0 real changes made)
(0 real changes made)
(0 real changes made)
Drug: moxonidine
Term: moxonidine
(3 real changes made)
(3 real changes made)
(0 real changes made)
(3 real changes made)
(3 real changes made)
(0 real changes made)
(0 real changes made)
(0 real changes made)
(0 real changes made)
Term: physiotens
(0 real changes made)
(0 real changes made)
(0 real changes made)
(0 real changes made)
(0 real changes made)
(0 real changes made)
(0 real changes made)
(0 real changes made)
(0 real changes made)
bnf020503
Drug: debrisoquine
Term: debrisoquine
(2 real changes made)
(2 real changes made)
(1 real change made)
(0 real changes made)
(0 real changes made)
(0 real changes made)
(0 real changes made)
(0 real changes made)
(0 real changes made)
Drug: guanethidine
Term: guanethidine
(6 real changes made)
(6 real changes made)
(5 real changes made)
(3 real changes made)
(3 real changes made)
(2 real changes made)
(0 real changes made)
(0 real changes made)
(0 real changes made)
Term: ismelin
(3 real changes made)
(3 real changes made)
(3 real changes made)
(0 real changes made)
(0 real changes made)
(0 real changes made)
(0 real changes made)
(0 real changes made)
(0 real changes made)
bnf020504
Drug: doxazosin
Term: doxazosin
(11 real changes made)
(11 real changes made)
(1 real change made)
(17 real changes made)
(17 real changes made)
(0 real changes made)
(0 real changes made)
(0 real changes made)
(0 real changes made)
Term: cardura
(1 real change made)
(1 real change made)
(1 real change made)
(0 real changes made)
(0 real changes made)
(0 real changes made)
(0 real changes made)
(0 real changes made)
(0 real changes made)
Term: doxadura
(0 real changes made)
(0 real changes made)
(0 real changes made)
(0 real changes made)
(0 real changes made)
(0 real changes made)
(0 real changes made)
(0 real changes made)
(0 real changes made)
Term: larbex
(0 real changes made)
(0 real changes made)
(0 real changes made)
(0 real changes made)
(0 real changes made)
(0 real changes made)
(0 real changes made)
(0 real changes made)
(0 real changes made)
Term: raporsin
(0 real changes made)
(0 real changes made)
(0 real changes made)
(0 real changes made)
(0 real changes made)
(0 real changes made)
(0 real changes made)
(0 real changes made)
(0 real changes made)
Term: slocinx
(0 real changes made)
(0 real changes made)
(0 real changes made)
(0 real changes made)
(0 real changes made)
(0 real changes made)
(0 real changes made)
(0 real changes made)
(0 real changes made)
Term: colixil
(0 real changes made)
(0 real changes made)
(0 real changes made)
(0 real changes made)
(0 real changes made)
(0 real changes made)
(0 real changes made)
(0 real changes made)
(0 real changes made)
Term: oxandosin
(0 real changes made)
(0 real changes made)
(0 real changes made)
(0 real changes made)
(0 real changes made)
(0 real changes made)
(0 real changes made)
(0 real changes made)
(0 real changes made)
Term: doxzogen
(0 real changes made)
(0 real changes made)
(0 real changes made)
(0 real changes made)
(0 real changes made)
(0 real changes made)
(0 real changes made)
(0 real changes made)
(0 real changes made)
Term: cascor
(0 real changes made)
(0 real changes made)
(0 real changes made)
(0 real changes made)
(0 real changes made)
(0 real changes made)
(0 real changes made)
(0 real changes made)
(0 real changes made)
Term: cardozin
(0 real changes made)
(0 real changes made)
(0 real changes made)
(0 real changes made)
(0 real changes made)
(0 real changes made)
(0 real changes made)
(0 real changes made)
(0 real changes made)
Drug: indoramin
Term: indoramin
(4 real changes made)
(4 real changes made)
(3 real changes made)
(2 real changes made)
(2 real changes made)
(1 real change made)
(0 real changes made)
(0 real changes made)
(0 real changes made)
Term: baratol
(1 real change made)
(1 real change made)
(1 real change made)
(0 real changes made)
(0 real changes made)
(0 real changes made)
(0 real changes made)
(0 real changes made)
(0 real changes made)
Drug: phenoxybenzamine
Term: phenoxybenzamine
(3 real changes made)
(3 real changes made)
(2 real changes made)
(1 real change made)
(1 real change made)
(0 real changes made)
(0 real changes made)
(0 real changes made)
(0 real changes made)
Term: dibenyline
(0 real changes made)
(0 real changes made)
(0 real changes made)
(0 real changes made)
(0 real changes made)
(0 real changes made)
(0 real changes made)
(0 real changes made)
(0 real changes made)
Drug: phentolamine
Term: phentolamine
(2 real changes made)
(2 real changes made)
(1 real change made)
(4 real changes made)
(4 real changes made)
(3 real changes made)
(0 real changes made)
(0 real changes made)
(0 real changes made)
Term: rogitine
(0 real changes made)
(0 real changes made)
(0 real changes made)
(0 real changes made)
(0 real changes made)
(0 real changes made)
(0 real changes made)
(0 real changes made)
(0 real changes made)
Drug: prazosin
Term: prazosin
(7 real changes made)
(7 real changes made)
(2 real changes made)
(6 real changes made)
(6 real changes made)
(0 real changes made)
(0 real changes made)
(0 real changes made)
(0 real changes made)
Term: hypovase
(2 real changes made)
(2 real changes made)
(2 real changes made)
(0 real changes made)
(0 real changes made)
(0 real changes made)
(0 real changes made)
(0 real changes made)
(0 real changes made)
Term: minipress
(0 real changes made)
(0 real changes made)
(0 real changes made)
(0 real changes made)
(0 real changes made)
(0 real changes made)
(0 real changes made)
(0 real changes made)
(0 real changes made)
Term: alphavase
(1 real change made)
(1 real change made)
(1 real change made)
(0 real changes made)
(0 real changes made)
(0 real changes made)
(0 real changes made)
(0 real changes made)
(0 real changes made)
Drug: terazosin
Term: terazosin
(6 real changes made)
(6 real changes made)
(5 real changes made)
(4 real changes made)
(4 real changes made)
(0 real changes made)
(0 real changes made)
(0 real changes made)
(0 real changes made)
Term: hytrin
(6 real changes made)
(6 real changes made)
(5 real changes made)
(0 real changes made)
(0 real changes made)
(0 real changes made)
(0 real changes made)
(0 real changes made)
(0 real changes made)
Term: benph
(0 real changes made)
(0 real changes made)
(0 real changes made)
(0 real changes made)
(0 real changes made)
(0 real changes made)
(0 real changes made)
(0 real changes made)
(0 real changes made)
bnf02050501
Drug: captopril
Term: captopril
(23 real changes made)
(23 real changes made)
(3 real changes made)
(22 real changes made)
(22 real changes made)
(0 real changes made)
(0 real changes made)
(0 real changes made)
(0 real changes made)
Term: co-zidocapt
(0 real changes made)
(0 real changes made)
(0 real changes made)
(0 real changes made)
(0 real changes made)
(0 real changes made)
(0 real changes made)
(0 real changes made)
(0 real changes made)
Term: capozide
(0 real changes made)
(0 real changes made)
(0 real changes made)
(0 real changes made)
(0 real changes made)
(0 real changes made)
(0 real changes made)
(0 real changes made)
(0 real changes made)
Term: capoten
(0 real changes made)
(0 real changes made)
(0 real changes made)
(0 real changes made)
(0 real changes made)
(0 real changes made)
(0 real changes made)
(0 real changes made)
(0 real changes made)
Term: ecopace
(0 real changes made)
(0 real changes made)
(0 real changes made)
(0 real changes made)
(0 real changes made)
(0 real changes made)
(0 real changes made)
(0 real changes made)
(0 real changes made)
Term: noyada
(0 real changes made)
(0 real changes made)
(0 real changes made)
(0 real changes made)
(0 real changes made)
(0 real changes made)
(0 real changes made)
(0 real changes made)
(0 real changes made)
Term: acezide
(0 real changes made)
(0 real changes made)
(0 real changes made)
(0 real changes made)
(0 real changes made)
(0 real changes made)
(0 real changes made)
(0 real changes made)
(0 real changes made)
Term: kaplon
(0 real changes made)
(0 real changes made)
(0 real changes made)
(0 real changes made)
(0 real changes made)
(0 real changes made)
(0 real changes made)
(0 real changes made)
(0 real changes made)
Term: acepril
(0 real changes made)
(0 real changes made)
(0 real changes made)
(0 real changes made)
(0 real changes made)
(0 real changes made)
(0 real changes made)
(0 real changes made)
(0 real changes made)
Term: tensopril
(0 real changes made)
(0 real changes made)
(0 real changes made)
(0 real changes made)
(0 real changes made)
(0 real changes made)
(0 real changes made)
(0 real changes made)
(0 real changes made)
Drug: cilazapril
Term: cilazapril
(5 real changes made)
(5 real changes made)
(1 real change made)
(4 real changes made)
(4 real changes made)
(0 real changes made)
(0 real changes made)
(0 real changes made)
(0 real changes made)
Term: vascace
(1 real change made)
(1 real change made)
(1 real change made)
(0 real changes made)
(0 real changes made)
(0 real changes made)
(0 real changes made)
(0 real changes made)
(0 real changes made)
Drug: enalapril
Term: enalapril
(22 real changes made)
(22 real changes made)
(10 real changes made)
(9 real changes made)
(9 real changes made)
(0 real changes made)
(0 real changes made)
(0 real changes made)
(0 real changes made)
Term: aqumeldi
(0 real changes made)
(0 real changes made)
(0 real changes made)
(0 real changes made)
(0 real changes made)
(0 real changes made)
(0 real changes made)
(0 real changes made)
(0 real changes made)
Term: innovace
(9 real changes made)
(9 real changes made)
(9 real changes made)
(0 real changes made)
(0 real changes made)
(0 real changes made)
(0 real changes made)
(0 real changes made)
(0 real changes made)
Term: innozide
(0 real changes made)
(0 real changes made)
(0 real changes made)
(0 real changes made)
(0 real changes made)
(0 real changes made)
(0 real changes made)
(0 real changes made)
(0 real changes made)
Term: pralenal
(0 real changes made)
(0 real changes made)
(0 real changes made)
(0 real changes made)
(0 real changes made)
(0 real changes made)
(0 real changes made)
(0 real changes made)
(0 real changes made)
Drug: fosinopril
Term: fosinopril
(2 real changes made)
(2 real changes made)
(0 real changes made)
(2 real changes made)
(2 real changes made)
(0 real changes made)
(0 real changes made)
(0 real changes made)
(0 real changes made)
Term: staril
(0 real changes made)
(0 real changes made)
(0 real changes made)
(0 real changes made)
(0 real changes made)
(0 real changes made)
(0 real changes made)
(0 real changes made)
(0 real changes made)
Drug: imidapril
Term: imidapril
(3 real changes made)
(3 real changes made)
(0 real changes made)
(3 real changes made)
(3 real changes made)
(0 real changes made)
(0 real changes made)
(0 real changes made)
(0 real changes made)
Term: tanatril
(0 real changes made)
(0 real changes made)
(0 real changes made)
(0 real changes made)
(0 real changes made)
(0 real changes made)
(0 real changes made)
(0 real changes made)
(0 real changes made)
Drug: lisinopril
Term: lisinopril
(16 real changes made)
(16 real changes made)
(0 real changes made)
(18 real changes made)
(18 real changes made)
(0 real changes made)
(0 real changes made)
(0 real changes made)
(0 real changes made)
Term: zestril
(0 real changes made)
(0 real changes made)
(0 real changes made)
(0 real changes made)
(0 real changes made)
(0 real changes made)
(0 real changes made)
(0 real changes made)
(0 real changes made)
Term: zestoretic
(0 real changes made)
(0 real changes made)
(0 real changes made)
(0 real changes made)
(0 real changes made)
(0 real changes made)
(0 real changes made)
(0 real changes made)
(0 real changes made)
Term: carace
(0 real changes made)
(0 real changes made)
(0 real changes made)
(0 real changes made)
(0 real changes made)
(0 real changes made)
(0 real changes made)
(0 real changes made)
(0 real changes made)
Drug: moexipril
Term: moexipril
(2 real changes made)
(2 real changes made)
(0 real changes made)
(2 real changes made)
(2 real changes made)
(0 real changes made)
(0 real changes made)
(0 real changes made)
(0 real changes made)
Term: perdix
(0 real changes made)
(0 real changes made)
(0 real changes made)
(0 real changes made)
(0 real changes made)
(0 real changes made)
(0 real changes made)
(0 real changes made)
(0 real changes made)
Drug: perindopril
Term: perindopril
(23 real changes made)
(23 real changes made)
(3 real changes made)
(8 real changes made)
(8 real changes made)
(0 real changes made)
(0 real changes made)
(0 real changes made)
(0 real changes made)
Term: coversyl
(0 real changes made)
(0 real changes made)
(0 real changes made)
(0 real changes made)
(0 real changes made)
(0 real changes made)
(0 real changes made)
(0 real changes made)
(0 real changes made)
Drug: quinapril
Term: quinapril
(5 real changes made)
(5 real changes made)
(0 real changes made)
(6 real changes made)
(6 real changes made)
(0 real changes made)
(0 real changes made)
(0 real changes made)
(0 real changes made)
Term: accupro
(0 real changes made)
(0 real changes made)
(0 real changes made)
(0 real changes made)
(0 real changes made)
(0 real changes made)
(0 real changes made)
(0 real changes made)
(0 real changes made)
Term: quinil
(0 real changes made)
(0 real changes made)
(0 real changes made)
(0 real changes made)
(0 real changes made)
(0 real changes made)
(0 real changes made)
(0 real changes made)
(0 real changes made)
Drug: ramipril
Term: ramipril
(21 real changes made)
(21 real changes made)
(2 real changes made)
(13 real changes made)
(13 real changes made)
(0 real changes made)
(0 real changes made)
(0 real changes made)
(0 real changes made)
Term: tritace
(3 real changes made)
(3 real changes made)
(1 real change made)
(0 real changes made)
(0 real changes made)
(0 real changes made)
(0 real changes made)
(0 real changes made)
(0 real changes made)
Term: lopace
(0 real changes made)
(0 real changes made)
(0 real changes made)
(0 real changes made)
(0 real changes made)
(0 real changes made)
(0 real changes made)
(0 real changes made)
(0 real changes made)
Drug: trandolapril
Term: trandolapril
(5 real changes made)
(5 real changes made)
(0 real changes made)
(8 real changes made)
(8 real changes made)
(0 real changes made)
(0 real changes made)
(0 real changes made)
(0 real changes made)
Term: verapamil
(14 real changes made)
(14 real changes made)
(14 real changes made)
(18 real changes made)
(18 real changes made)
(18 real changes made)
(0 real changes made)
(0 real changes made)
(0 real changes made)
Term: odrik
(0 real changes made)
(0 real changes made)
(0 real changes made)
(0 real changes made)
(0 real changes made)
(0 real changes made)
(0 real changes made)
(0 real changes made)
(0 real changes made)
Term: gopten
(0 real changes made)
(0 real changes made)
(0 real changes made)
(0 real changes made)
(0 real changes made)
(0 real changes made)
(0 real changes made)
(0 real changes made)
(0 real changes made)
bnf02050502
Drug: azilsartan
Term: azilsartan
(3 real changes made)
(3 real changes made)
(0 real changes made)
(3 real changes made)
(3 real changes made)
(0 real changes made)
(0 real changes made)
(0 real changes made)
(0 real changes made)
Term: edarbi
(0 real changes made)
(0 real changes made)
(0 real changes made)
(0 real changes made)
(0 real changes made)
(0 real changes made)
(0 real changes made)
(0 real changes made)
(0 real changes made)
Drug: candesartan
Term: candesartan
(5 real changes made)
(5 real changes made)
(0 real changes made)
(5 real changes made)
(5 real changes made)
(0 real changes made)
(0 real changes made)
(0 real changes made)
(0 real changes made)
Term: amias
(0 real changes made)
(0 real changes made)
(0 real changes made)
(0 real changes made)
(0 real changes made)
(0 real changes made)
(0 real changes made)
(0 real changes made)
(0 real changes made)
Drug: eprosartan
Term: eprosartan
(3 real changes made)
(3 real changes made)
(0 real changes made)
(3 real changes made)
(3 real changes made)
(0 real changes made)
(0 real changes made)
(0 real changes made)
(0 real changes made)
Term: teveten
(0 real changes made)
(0 real changes made)
(0 real changes made)
(0 real changes made)
(0 real changes made)
(0 real changes made)
(0 real changes made)
(0 real changes made)
(0 real changes made)
Drug: irbesartan
Term: irbesartan
(9 real changes made)
(9 real changes made)
(0 real changes made)
(9 real changes made)
(9 real changes made)
(0 real changes made)
(0 real changes made)
(0 real changes made)
(0 real changes made)
Term: aprovel
(0 real changes made)
(0 real changes made)
(0 real changes made)
(0 real changes made)
(0 real changes made)
(0 real changes made)
(0 real changes made)
(0 real changes made)
(0 real changes made)
Term: coaprovel
(0 real changes made)
(0 real changes made)
(0 real changes made)
(0 real changes made)
(0 real changes made)
(0 real changes made)
(0 real changes made)
(0 real changes made)
(0 real changes made)
Term: ifirmasta
(0 real changes made)
(0 real changes made)
(0 real changes made)
(0 real changes made)
(0 real changes made)
(0 real changes made)
(0 real changes made)
(0 real changes made)
(0 real changes made)
Drug: losartan
Term: losartan
(12 real changes made)
(12 real changes made)
(0 real changes made)
(8 real changes made)
(8 real changes made)
(0 real changes made)
(0 real changes made)
(0 real changes made)
(0 real changes made)
Term: cozaar
(0 real changes made)
(0 real changes made)
(0 real changes made)
(0 real changes made)
(0 real changes made)
(0 real changes made)
(0 real changes made)
(0 real changes made)
(0 real changes made)
Drug: olmesartan
Term: olmesartan
(10 real changes made)
(10 real changes made)
(0 real changes made)
(14 real changes made)
(14 real changes made)
(0 real changes made)
(0 real changes made)
(0 real changes made)
(0 real changes made)
Term: olmetec
(0 real changes made)
(0 real changes made)
(0 real changes made)
(0 real changes made)
(0 real changes made)
(0 real changes made)
(0 real changes made)
(0 real changes made)
(0 real changes made)
Term: sevikar
(0 real changes made)
(0 real changes made)
(0 real changes made)
(0 real changes made)
(0 real changes made)
(0 real changes made)
(0 real changes made)
(0 real changes made)
(0 real changes made)
Drug: telmisartan
Term: telmisartan
(6 real changes made)
(6 real changes made)
(0 real changes made)
(15 real changes made)
(15 real changes made)
(0 real changes made)
(0 real changes made)
(0 real changes made)
(0 real changes made)
Term: micardis
(0 real changes made)
(0 real changes made)
(0 real changes made)
(0 real changes made)
(0 real changes made)
(0 real changes made)
(0 real changes made)
(0 real changes made)
(0 real changes made)
Term: actelsar
(0 real changes made)
(0 real changes made)
(0 real changes made)
(0 real changes made)
(0 real changes made)
(0 real changes made)
(0 real changes made)
(0 real changes made)
(0 real changes made)
Term: tolura
(0 real changes made)
(0 real changes made)
(0 real changes made)
(0 real changes made)
(0 real changes made)
(0 real changes made)
(0 real changes made)
(0 real changes made)
(0 real changes made)
Term: tolucombi
(0 real changes made)
(0 real changes made)
(0 real changes made)
(0 real changes made)
(0 real changes made)
(0 real changes made)
(0 real changes made)
(0 real changes made)
(0 real changes made)
Drug: valsartan
Term: valsartan
(17 real changes made)
(17 real changes made)
(3 real changes made)
(15 real changes made)
(15 real changes made)
(3 real changes made)
(0 real changes made)
(0 real changes made)
(0 real changes made)
Term: entresto
(0 real changes made)
(0 real changes made)
(0 real changes made)
(0 real changes made)
(0 real changes made)
(0 real changes made)
(0 real changes made)
(0 real changes made)
(0 real changes made)
Term: diovan
(0 real changes made)
(0 real changes made)
(0 real changes made)
(0 real changes made)
(0 real changes made)
(0 real changes made)
(0 real changes made)
(0 real changes made)
(0 real changes made)
bnf02050503
Drug: aliskiren
Term: aliskiren
(2 real changes made)
(2 real changes made)
(0 real changes made)
(2 real changes made)
(2 real changes made)
(0 real changes made)
(0 real changes made)
(0 real changes made)
(0 real changes made)
Term: rasilez
(0 real changes made)
(0 real changes made)
(0 real changes made)
(0 real changes made)
(0 real changes made)
(0 real changes made)
(0 real changes made)
(0 real changes made)
(0 real changes made)
bnf020508
Drug: ketanserin
Term: ketanserin
(1 real change made)
(1 real change made)
(0 real changes made)
(1 real change made)
(1 real change made)
(0 real changes made)
(0 real changes made)
(0 real changes made)
(0 real changes made)
Term: ketensin
(0 real changes made)
(0 real changes made)
(0 real changes made)
(0 real changes made)
(0 real changes made)
(0 real changes made)
(0 real changes made)
(0 real changes made)
(0 real changes made)

. 
. tab1 antihypertensive, missing

-> tabulation of antihypertensive  

antihyperte |
      nsive |      Freq.     Percent        Cum.
------------+-----------------------------------
          0 |     72,826       99.10       99.10
          1 |        664        0.90      100.00
------------+-----------------------------------
      Total |     73,490      100.00

. foreach bnf_section of local antihypertensives {
  2.         
.         tab `bnf_section', missing
  3.         
.         foreach drug of local `bnf_section' {
  4.                 
.                 tab `drug', missing
  5.         }
  6. }

  bnf020501 |      Freq.     Percent        Cum.
------------+-----------------------------------
          1 |        110        0.15        0.15
          . |     73,380       99.85      100.00
------------+-----------------------------------
      Total |     73,490      100.00

ambrisentan |      Freq.     Percent        Cum.
------------+-----------------------------------
          0 |     73,486       99.99       99.99
          1 |          4        0.01      100.00
------------+-----------------------------------
      Total |     73,490      100.00

   bosentan |      Freq.     Percent        Cum.
------------+-----------------------------------
          0 |     73,485       99.99       99.99
          1 |          5        0.01      100.00
------------+-----------------------------------
      Total |     73,490      100.00

  diazoxide |      Freq.     Percent        Cum.
------------+-----------------------------------
          0 |     73,477       99.98       99.98
          1 |         13        0.02      100.00
------------+-----------------------------------
      Total |     73,490      100.00

hydralazine |      Freq.     Percent        Cum.
------------+-----------------------------------
          0 |     73,479       99.99       99.99
          1 |         11        0.01      100.00
------------+-----------------------------------
      Total |     73,490      100.00

   iloprost |      Freq.     Percent        Cum.
------------+-----------------------------------
          0 |     73,483       99.99       99.99
          1 |          7        0.01      100.00
------------+-----------------------------------
      Total |     73,490      100.00

 macitentan |      Freq.     Percent        Cum.
------------+-----------------------------------
          0 |     73,488      100.00      100.00
          1 |          2        0.00      100.00
------------+-----------------------------------
      Total |     73,490      100.00

  minoxidil |      Freq.     Percent        Cum.
------------+-----------------------------------
          0 |     73,474       99.98       99.98
          1 |         16        0.02      100.00
------------+-----------------------------------
      Total |     73,490      100.00

  riociguat |      Freq.     Percent        Cum.
------------+-----------------------------------
          0 |     73,483       99.99       99.99
          1 |          7        0.01      100.00
------------+-----------------------------------
      Total |     73,490      100.00

  selexipag |      Freq.     Percent        Cum.
------------+-----------------------------------
          0 |     73,481       99.99       99.99
          1 |          9        0.01      100.00
------------+-----------------------------------
      Total |     73,490      100.00

 sildenafil |      Freq.     Percent        Cum.
------------+-----------------------------------
          0 |     73,466       99.97       99.97
          1 |         24        0.03      100.00
------------+-----------------------------------
      Total |     73,490      100.00

 sitaxentan |      Freq.     Percent        Cum.
------------+-----------------------------------
          0 |     73,489      100.00      100.00
          1 |          1        0.00      100.00
------------+-----------------------------------
      Total |     73,490      100.00

  tadalafil |      Freq.     Percent        Cum.
------------+-----------------------------------
          0 |     73,481       99.99       99.99
          1 |          9        0.01      100.00
------------+-----------------------------------
      Total |     73,490      100.00

 vericiguat |      Freq.     Percent        Cum.
------------+-----------------------------------
          0 |     73,488      100.00      100.00
          1 |          2        0.00      100.00
------------+-----------------------------------
      Total |     73,490      100.00

  bnf020502 |      Freq.     Percent        Cum.
------------+-----------------------------------
          1 |         52        0.07        0.07
          . |     73,438       99.93      100.00
------------+-----------------------------------
      Total |     73,490      100.00

  clonidine |      Freq.     Percent        Cum.
------------+-----------------------------------
          0 |     73,464       99.96       99.96
          1 |         26        0.04      100.00
------------+-----------------------------------
      Total |     73,490      100.00

 guanfacine |      Freq.     Percent        Cum.
------------+-----------------------------------
          0 |     73,480       99.99       99.99
          1 |         10        0.01      100.00
------------+-----------------------------------
      Total |     73,490      100.00

 methyldopa |      Freq.     Percent        Cum.
------------+-----------------------------------
          0 |     73,480       99.99       99.99
          1 |         10        0.01      100.00
------------+-----------------------------------
      Total |     73,490      100.00

 moxonidine |      Freq.     Percent        Cum.
------------+-----------------------------------
          0 |     73,484       99.99       99.99
          1 |          6        0.01      100.00
------------+-----------------------------------
      Total |     73,490      100.00

  bnf020503 |      Freq.     Percent        Cum.
------------+-----------------------------------
          1 |         14        0.02        0.02
          . |     73,476       99.98      100.00
------------+-----------------------------------
      Total |     73,490      100.00

debrisoquin |
          e |      Freq.     Percent        Cum.
------------+-----------------------------------
          0 |     73,488      100.00      100.00
          1 |          2        0.00      100.00
------------+-----------------------------------
      Total |     73,490      100.00

guanethidin |
          e |      Freq.     Percent        Cum.
------------+-----------------------------------
          0 |     73,478       99.98       99.98
          1 |         12        0.02      100.00
------------+-----------------------------------
      Total |     73,490      100.00

  bnf020504 |      Freq.     Percent        Cum.
------------+-----------------------------------
          1 |         78        0.11        0.11
          . |     73,412       99.89      100.00
------------+-----------------------------------
      Total |     73,490      100.00

  doxazosin |      Freq.     Percent        Cum.
------------+-----------------------------------
          0 |     73,461       99.96       99.96
          1 |         29        0.04      100.00
------------+-----------------------------------
      Total |     73,490      100.00

  indoramin |      Freq.     Percent        Cum.
------------+-----------------------------------
          0 |     73,483       99.99       99.99
          1 |          7        0.01      100.00
------------+-----------------------------------
      Total |     73,490      100.00

phenoxybenz |
      amine |      Freq.     Percent        Cum.
------------+-----------------------------------
          0 |     73,486       99.99       99.99
          1 |          4        0.01      100.00
------------+-----------------------------------
      Total |     73,490      100.00

phentolamin |
          e |      Freq.     Percent        Cum.
------------+-----------------------------------
          0 |     73,484       99.99       99.99
          1 |          6        0.01      100.00
------------+-----------------------------------
      Total |     73,490      100.00

   prazosin |      Freq.     Percent        Cum.
------------+-----------------------------------
          0 |     73,474       99.98       99.98
          1 |         16        0.02      100.00
------------+-----------------------------------
      Total |     73,490      100.00

  terazosin |      Freq.     Percent        Cum.
------------+-----------------------------------
          0 |     73,474       99.98       99.98
          1 |         16        0.02      100.00
------------+-----------------------------------
      Total |     73,490      100.00

bnf02050501 |      Freq.     Percent        Cum.
------------+-----------------------------------
          1 |        267        0.36        0.36
          . |     73,223       99.64      100.00
------------+-----------------------------------
      Total |     73,490      100.00

  captopril |      Freq.     Percent        Cum.
------------+-----------------------------------
          0 |     73,445       99.94       99.94
          1 |         45        0.06      100.00
------------+-----------------------------------
      Total |     73,490      100.00

 cilazapril |      Freq.     Percent        Cum.
------------+-----------------------------------
          0 |     73,480       99.99       99.99
          1 |         10        0.01      100.00
------------+-----------------------------------
      Total |     73,490      100.00

  enalapril |      Freq.     Percent        Cum.
------------+-----------------------------------
          0 |     73,450       99.95       99.95
          1 |         40        0.05      100.00
------------+-----------------------------------
      Total |     73,490      100.00

 fosinopril |      Freq.     Percent        Cum.
------------+-----------------------------------
          0 |     73,486       99.99       99.99
          1 |          4        0.01      100.00
------------+-----------------------------------
      Total |     73,490      100.00

  imidapril |      Freq.     Percent        Cum.
------------+-----------------------------------
          0 |     73,484       99.99       99.99
          1 |          6        0.01      100.00
------------+-----------------------------------
      Total |     73,490      100.00

 lisinopril |      Freq.     Percent        Cum.
------------+-----------------------------------
          0 |     73,456       99.95       99.95
          1 |         34        0.05      100.00
------------+-----------------------------------
      Total |     73,490      100.00

  moexipril |      Freq.     Percent        Cum.
------------+-----------------------------------
          0 |     73,486       99.99       99.99
          1 |          4        0.01      100.00
------------+-----------------------------------
      Total |     73,490      100.00

perindopril |      Freq.     Percent        Cum.
------------+-----------------------------------
          0 |     73,459       99.96       99.96
          1 |         31        0.04      100.00
------------+-----------------------------------
      Total |     73,490      100.00

  quinapril |      Freq.     Percent        Cum.
------------+-----------------------------------
          0 |     73,479       99.99       99.99
          1 |         11        0.01      100.00
------------+-----------------------------------
      Total |     73,490      100.00

   ramipril |      Freq.     Percent        Cum.
------------+-----------------------------------
          0 |     73,453       99.95       99.95
          1 |         37        0.05      100.00
------------+-----------------------------------
      Total |     73,490      100.00

trandolapri |
          l |      Freq.     Percent        Cum.
------------+-----------------------------------
          0 |     73,445       99.94       99.94
          1 |         45        0.06      100.00
------------+-----------------------------------
      Total |     73,490      100.00

bnf02050502 |      Freq.     Percent        Cum.
------------+-----------------------------------
          1 |        137        0.19        0.19
          . |     73,353       99.81      100.00
------------+-----------------------------------
      Total |     73,490      100.00

 azilsartan |      Freq.     Percent        Cum.
------------+-----------------------------------
          0 |     73,484       99.99       99.99
          1 |          6        0.01      100.00
------------+-----------------------------------
      Total |     73,490      100.00

candesartan |      Freq.     Percent        Cum.
------------+-----------------------------------
          0 |     73,480       99.99       99.99
          1 |         10        0.01      100.00
------------+-----------------------------------
      Total |     73,490      100.00

 eprosartan |      Freq.     Percent        Cum.
------------+-----------------------------------
          0 |     73,484       99.99       99.99
          1 |          6        0.01      100.00
------------+-----------------------------------
      Total |     73,490      100.00

 irbesartan |      Freq.     Percent        Cum.
------------+-----------------------------------
          0 |     73,472       99.98       99.98
          1 |         18        0.02      100.00
------------+-----------------------------------
      Total |     73,490      100.00

   losartan |      Freq.     Percent        Cum.
------------+-----------------------------------
          0 |     73,470       99.97       99.97
          1 |         20        0.03      100.00
------------+-----------------------------------
      Total |     73,490      100.00

 olmesartan |      Freq.     Percent        Cum.
------------+-----------------------------------
          0 |     73,466       99.97       99.97
          1 |         24        0.03      100.00
------------+-----------------------------------
      Total |     73,490      100.00

telmisartan |      Freq.     Percent        Cum.
------------+-----------------------------------
          0 |     73,469       99.97       99.97
          1 |         21        0.03      100.00
------------+-----------------------------------
      Total |     73,490      100.00

  valsartan |      Freq.     Percent        Cum.
------------+-----------------------------------
          0 |     73,458       99.96       99.96
          1 |         32        0.04      100.00
------------+-----------------------------------
      Total |     73,490      100.00

bnf02050503 |      Freq.     Percent        Cum.
------------+-----------------------------------
          1 |          4        0.01        0.01
          . |     73,486       99.99      100.00
------------+-----------------------------------
      Total |     73,490      100.00

  aliskiren |      Freq.     Percent        Cum.
------------+-----------------------------------
          0 |     73,486       99.99       99.99
          1 |          4        0.01      100.00
------------+-----------------------------------
      Total |     73,490      100.00

  bnf020508 |      Freq.     Percent        Cum.
------------+-----------------------------------
          1 |          2        0.00        0.00
          . |     73,488      100.00      100.00
------------+-----------------------------------
      Total |     73,490      100.00

 ketanserin |      Freq.     Percent        Cum.
------------+-----------------------------------
          0 |     73,488      100.00      100.00
          1 |          2        0.00      100.00
------------+-----------------------------------
      Total |     73,490      100.00

. 
. egen antihyper_tot = rowtotal(bnf020501 bnf020502 bnf020503 bnf020504 bnf02050501 bnf02050502 bnf02050503 bnf020508)

. tab antihyper_tot antihypertensive, missing

antihyper_ |   antihypertensive
       tot |         0          1 |     Total
-----------+----------------------+----------
         0 |    72,826          0 |    72,826 
         1 |         0        664 |       664 
-----------+----------------------+----------
     Total |    72,826        664 |    73,490 

. drop antihyper_tot

. 
. //Check higher level categories
. replace bnf0205 = 1 if inlist(1, bnf020501, bnf020502, bnf020503, ///
>         bnf020504, bnf02050501, bnf02050502, bnf02050503, bnf020508)
(191 real changes made)

. tab bnf0205 antihypertensive, missing

           |   antihypertensive
   bnf0205 |         0          1 |     Total
-----------+----------------------+----------
         1 |         1        664 |       665 
         . |    72,825          0 |    72,825 
-----------+----------------------+----------
     Total |    72,826        664 |    73,490 

. 
. replace bnf020505 = 1 if inlist(1, bnf02050501, bnf02050502, bnf02050503)
(68 real changes made)

. tab bnf020505 antihypertensive, missing

           |   antihypertensive
 bnf020505 |         0          1 |     Total
-----------+----------------------+----------
         1 |         0        408 |       408 
         . |    72,826        256 |    73,082 
-----------+----------------------+----------
     Total |    72,826        664 |    73,490 

. 
. //** Chapter 2.5.6 Trimetaphan - should this be included? **
. list prodcodeid termfromemis drugsubstancename bnfchapt ///
>         if bnf0205 == 1 & antihypertensive != 1

       +-----------------------------------------------------------------------------------------------------------------------+
       |       prodcodeid                                                      termfromemis       drugsubstancename   bnfchapt |
       |-----------------------------------------------------------------------------------------------------------------------|
53061. | 3106941000033114   Trimetaphan camsilate 250mg/5ml solution for injection ampoules   Trimetaphan camsilate   02050600 |
       +-----------------------------------------------------------------------------------------------------------------------+

. 
. keep if antihypertensive == 1
(72,826 observations deleted)

. compress
  variable termfromemis was str211 now str87
  variable productname was str211 now str87
  variable formulation was str72 now str33
  variable routeofadministration was str115 now str38
  variable drugsubstancename was str999 now str62
  variable substancestrength was str433 now str41
  variable bnfname was str100 now str60
  (1,150,712 bytes saved)

. count
  664

. 
. //Check included products for each drug
. //(Also use this to go back and add any brand names that may have been missed)
. foreach bnf_section of local antihypertensives {
  2.         
.         foreach drug of local `bnf_section' {
  3.                 
.                 display "Drug: `drug'"
  4.                 tab `drug', missing
  5.                 list prodcodeid termfromemis drugsubstancename routeofadministration ///
>                         bnfchapt if `drug' == 1
  6.         }
  7. }
Drug: ambrisentan

ambrisentan |      Freq.     Percent        Cum.
------------+-----------------------------------
          0 |        660       99.40       99.40
          1 |          4        0.60      100.00
------------+-----------------------------------
      Total |        664      100.00

     +-------------------------------------------------------------------------------------------------------+
     |       prodcodeid                                     termfromemis   drugsubst~e   routeo~n   bnfchapt |
     |-------------------------------------------------------------------------------------------------------|
124. | 4521141000033116    Volibris 5mg tablets (GlaxoSmithKline UK Ltd)   Ambrisentan       Oral   02050100 |
125. | 4521241000033111   Volibris 10mg tablets (GlaxoSmithKline UK Ltd)   Ambrisentan       Oral   02050100 |
491. | 4521041000033115                         Ambrisentan 10mg tablets                                     |
494. | 4520941000033113                          Ambrisentan 5mg tablets                                     |
     +-------------------------------------------------------------------------------------------------------+
Drug: bosentan

   bosentan |      Freq.     Percent        Cum.
------------+-----------------------------------
          0 |        659       99.25       99.25
          1 |          5        0.75      100.00
------------+-----------------------------------
      Total |        664      100.00

     +--------------------------------------------------------------------------------------------------------------+
     |        prodcodeid                                  termfromemis      drugsubstancename   routeo~n   bnfchapt |
     |--------------------------------------------------------------------------------------------------------------|
380. | 12427241000033119        Stayveer 125mg tablets (Advanz Pharma)   Bosentan monohydrate       Oral   02050100 |
454. |  2846141000033118                        Bosentan 125mg tablets   Bosentan monohydrate       Oral   02050100 |
455. |  2845941000033110                       Bosentan 62.5mg tablets   Bosentan monohydrate       Oral   02050100 |
509. |  2846041000033117   Tracleer 62.5mg tablets (Janssen-Cilag Ltd)   Bosentan monohydrate       Oral   02050100 |
510. |  2846241000033113    Tracleer 125mg tablets (Janssen-Cilag Ltd)   Bosentan monohydrate       Oral   02050100 |
     +--------------------------------------------------------------------------------------------------------------+
Drug: diazoxide

  diazoxide |      Freq.     Percent        Cum.
------------+-----------------------------------
          0 |        651       98.04       98.04
          1 |         13        1.96      100.00
------------+-----------------------------------
      Total |        664      100.00

     +----------------------------------------------------------------------------------------------------------------------------------------+
     |       prodcodeid                                                                     termfromemis   drugsub~e   routeofad~n   bnfchapt |
     |----------------------------------------------------------------------------------------------------------------------------------------|
 19. | 4119841000033113                              Diazoxide  Oral Suspension (Sugar-Free)  50 mg/5 ml                                      |
 96. | 8182141000033114                                             Diazoxide 12.5mg/5ml oral suspension   Diazoxide          Oral   06010400 |
160. | 7859441000033119                   Proglycem 250mg/5ml oral suspension (Imported (United States))   Diazoxide                 06010400 |
358. |  464441000033117                                                           Diazoxide 50mg tablets                                      |
391. |  448841000033117                             Diazoxide 300mg/20ml solution for injection ampoules   Diazoxide   Intravenous   02050100 |
     |----------------------------------------------------------------------------------------------------------------------------------------|
441. |  556641000033113                                   Eudemine 50mg tablets (RPH Pharmaceuticals AB)   Diazoxide          Oral   06010400 |
563. |  555141000033110   Eudemine 300mg/20ml solution for injection ampoules (Mercury Pharma Group Ltd)   Diazoxide   Intravenous   02050100 |
605. | 6468341000033117                                                Diazoxide 100mg/5ml oral solution   Diazoxide          Oral   06010400 |
606. | 6468441000033111                                              Diazoxide 100mg/5ml oral suspension   Diazoxide          Oral   06010400 |
607. | 5966941000033118                                                 Diazoxide 10mg/5ml oral solution   Diazoxide          Oral   06010400 |
     |----------------------------------------------------------------------------------------------------------------------------------------|
608. | 5966841000033114                                               Diazoxide 10mg/5ml oral suspension   Diazoxide          Oral   06010400 |
609. | 2623841000033114                                              Diazoxide 250mg/5ml oral suspension   Diazoxide          Oral   06010400 |
610. | 9173841000033115                                               Diazoxide 50mg/5ml oral suspension   Diazoxide          Oral   06010400 |
     +----------------------------------------------------------------------------------------------------------------------------------------+
Drug: hydralazine

hydralazine |      Freq.     Percent        Cum.
------------+-----------------------------------
          0 |        653       98.34       98.34
          1 |         11        1.66      100.00
------------+-----------------------------------
      Total |        664      100.00

     +-----------------------------------------------------------------------------------------------------------------------------------------------------+
     |        prodcodeid                                                                 termfromemis           drugsubstancename   routeofad~n   bnfchapt |
     |-----------------------------------------------------------------------------------------------------------------------------------------------------|
 10. |  3940641000033114                        Hydralazine Hydrochloride  Dispersible tablets  10 mg                                                      |
 62. |  1618441000033111                                  Hydralazine Hydrochloride  Tablets  12.5 mg                                                      |
 68. |    74441000033115                                                   Apresoline  Tablets  50 mg                                                      |
276. |   741941000033113                                                     Hydralazine 25mg tablets   Hydralazine hydrochloride          Oral   02050100 |
277. |   742041000033119                                                     Hydralazine 50mg tablets   Hydralazine hydrochloride          Oral   02050100 |
     |-----------------------------------------------------------------------------------------------------------------------------------------------------|
374. |   734141000033114                  Hydralazine 20mg powder for solution for injection ampoules   Hydralazine hydrochloride   Intravenous   02050100 |
435. |    73441000033117   Apresoline 20mg powder for solution for injection ampoules (Advanz Pharma)   Hydralazine hydrochloride   Intravenous   02050100 |
484. | 12877141000033119                                                     Hydralazine 10mg tablets   Hydralazine hydrochloride          Oral   02050100 |
548. |    74341000033114                                      Apresoline 25mg tablets (Advanz Pharma)   Hydralazine hydrochloride          Oral   02050100 |
620. |  4456241000033111                                         Hydralazine 10mg/5ml oral suspension   Hydralazine hydrochloride          Oral   02050100 |
     |-----------------------------------------------------------------------------------------------------------------------------------------------------|
623. | 11072741000033116                                           Hydralazine 25mg/5ml oral solution   Hydralazine hydrochloride          Oral   02050100 |
     +-----------------------------------------------------------------------------------------------------------------------------------------------------+
Drug: iloprost

   iloprost |      Freq.     Percent        Cum.
------------+-----------------------------------
          0 |        657       98.95       98.95
          1 |          7        1.05      100.00
------------+-----------------------------------
      Total |        664      100.00

     +-----------------------------------------------------------------------------------------------------------------------------------------+
     |        prodcodeid                                                           termfromemis     drugsubstancename   routeofad~n   bnfchapt |
     |-----------------------------------------------------------------------------------------------------------------------------------------|
 92. |  4023741000033115   Ventavis 10micrograms/ml nebuliser solution 1ml ampoules (Bayer Plc)   Iloprost trometamol    Inhalation   02050100 |
381. | 12443741000033115                    Iloprost 20micrograms/1ml nebuliser liquid ampoules   Iloprost trometamol    Inhalation   02050100 |
408. | 13128541000033110        Iloprost 10micrograms/1ml nebuliser liquid ampoules with device   Iloprost trometamol    Inhalation   02050100 |
416. | 13311941000033112        Iloprost 20micrograms/1ml nebuliser liquid ampoules with device   Iloprost trometamol    Inhalation   02050100 |
450. |  4023641000033112                    Iloprost 10micrograms/1ml nebuliser liquid ampoules   Iloprost trometamol    Inhalation   02050100 |
     |-----------------------------------------------------------------------------------------------------------------------------------------|
451. |  3030041000033113                    Iloprost 20micrograms/2ml nebuliser liquid ampoules   Iloprost trometamol    Inhalation            |
516. | 13127941000033115             Iloprost 50micrograms/0.5ml solution for infusion ampoules   Iloprost trometamol   Intravenous   02050100 |
     +-----------------------------------------------------------------------------------------------------------------------------------------+
Drug: macitentan

 macitentan |      Freq.     Percent        Cum.
------------+-----------------------------------
          0 |        662       99.70       99.70
          1 |          2        0.30      100.00
------------+-----------------------------------
      Total |        664      100.00

     +------------------------------------------------------------------------------------------------+
     |       prodcodeid                               termfromemis   drugsubs~e   routeo~n   bnfchapt |
     |------------------------------------------------------------------------------------------------|
209. | 8962641000033115   Opsumit 10mg tablets (Janssen-Cilag Ltd)   Macitentan       Oral   02050100 |
212. | 8962541000033116                    Macitentan 10mg tablets   Macitentan       Oral   02050100 |
     +------------------------------------------------------------------------------------------------+
Drug: minoxidil

  minoxidil |      Freq.     Percent        Cum.
------------+-----------------------------------
          0 |        648       97.59       97.59
          1 |         16        2.41      100.00
------------+-----------------------------------
      Total |        664      100.00

     +---------------------------------------------------------------------------------------------------------------------------------+
     |        prodcodeid                                                               termfromemis   drugsub~e   routeof~n   bnfchapt |
     |---------------------------------------------------------------------------------------------------------------------------------|
 94. |  4125341000033111                               Regaine for Men 2% gel (McNeil Products Ltd)   Minoxidil   Cutaneous   13090000 |
 95. |  4125241000033118                                                           Minoxidil 2% gel   Minoxidil   Cutaneous   13090000 |
165. |  6448241000033118         Regaine for Men Extra Strength 5% scalp foam (McNeil Products Ltd)   Minoxidil   Cutaneous   13090000 |
278. |   920841000033118                                                    Minoxidil 2.5mg tablets   Minoxidil        Oral   02050100 |
279. |   920941000033114                                                      Minoxidil 5mg tablets   Minoxidil        Oral   02050100 |
     |---------------------------------------------------------------------------------------------------------------------------------|
280. |   920641000033119                                                     Minoxidil 10mg tablets   Minoxidil        Oral   02050100 |
353. | 11803241000033110           Regaine for Women Once a Day 5% scalp foam (McNeil Products Ltd)   Minoxidil   Cutaneous   13090000 |
386. |   921941000033115                                                      Minoxidil 2% solution   Minoxidil   Cutaneous   13090000 |
387. |   921841000033111                                                      Minoxidil 5% solution   Minoxidil   Cutaneous   13090000 |
399. |   850641000033114                                           Loniten 5mg tablets (Pfizer Ltd)   Minoxidil        Oral   02050100 |
     |---------------------------------------------------------------------------------------------------------------------------------|
400. |   850441000033112                                          Loniten 10mg tablets (Pfizer Ltd)   Minoxidil        Oral   02050100 |
401. |   850541000033113                                         Loniten 2.5mg tablets (Pfizer Ltd)   Minoxidil        Oral   02050100 |
489. |  6448341000033111                                                          Minoxidil 5% foam                                    |
660. |  4026341000033113       Regaine for Women Regular Strength 2% solution (McNeil Products Ltd)   Minoxidil   Cutaneous   13090000 |
661. |  4026741000033114         Regaine for Men Regular Strength 2% solution (McNeil Products Ltd)   Minoxidil   Cutaneous   13090000 |
     |---------------------------------------------------------------------------------------------------------------------------------|
662. |  4026941000033112   Regaine for Men Extra Strength 5% scalp solution (Johnson & Johnson Ltd)   Minoxidil   Cutaneous   13090000 |
     +---------------------------------------------------------------------------------------------------------------------------------+
Drug: riociguat

  riociguat |      Freq.     Percent        Cum.
------------+-----------------------------------
          0 |        657       98.95       98.95
          1 |          7        1.05      100.00
------------+-----------------------------------
      Total |        664      100.00

     +-----------------------------------------------------------------------------------------------------------+
     |       prodcodeid                                           termfromemis   drugsub~e   routeo~n   bnfchapt |
     |-----------------------------------------------------------------------------------------------------------|
217. | 9157841000033113   Adempas 0.5mg tablets (Merck Sharp & Dohme (UK) Ltd)   Riociguat       Oral   02050100 |
218. | 9158041000033119   Adempas 1.5mg tablets (Merck Sharp & Dohme (UK) Ltd)   Riociguat       Oral   02050100 |
219. | 9157441000033110                                Riociguat 1.5mg tablets   Riociguat       Oral   02050100 |
220. | 9157341000033116                                  Riociguat 1mg tablets   Riociguat       Oral   02050100 |
221. | 9157641000033112                                Riociguat 2.5mg tablets   Riociguat       Oral   02050100 |
     |-----------------------------------------------------------------------------------------------------------|
222. | 9157541000033111                                  Riociguat 2mg tablets   Riociguat       Oral   02050100 |
223. | 9157241000033114                         Riociguat 500microgram tablets   Riociguat       Oral   02050100 |
     +-----------------------------------------------------------------------------------------------------------+
Drug: selexipag

  selexipag |      Freq.     Percent        Cum.
------------+-----------------------------------
          0 |        655       98.64       98.64
          1 |          9        1.36      100.00
------------+-----------------------------------
      Total |        664      100.00

     +--------------------------------------------------------------------------------------------------------+
     |        prodcodeid                                       termfromemis   drugsub~e   routeo~n   bnfchapt |
     |--------------------------------------------------------------------------------------------------------|
362. | 11734641000033115                     Selexipag 200microgram tablets   Selexipag       Oral   02050100 |
363. | 11734741000033112                     Selexipag 400microgram tablets   Selexipag       Oral   02050100 |
364. | 11735541000033117   Uptravi 400microgram tablets (Janssen-Cilag Ltd)   Selexipag       Oral            |
365. | 11734841000033119                     Selexipag 600microgram tablets   Selexipag       Oral   02050100 |
366. | 11734941000033110                     Selexipag 800microgram tablets   Selexipag       Oral   02050100 |
     |--------------------------------------------------------------------------------------------------------|
367. | 11735041000033110                              Selexipag 1mg tablets   Selexipag       Oral   02050100 |
368. | 11735141000033114                            Selexipag 1.2mg tablets   Selexipag       Oral   02050100 |
369. | 11735241000033119                            Selexipag 1.4mg tablets   Selexipag       Oral   02050100 |
370. | 11735341000033112                            Selexipag 1.6mg tablets   Selexipag       Oral   02050100 |
     +--------------------------------------------------------------------------------------------------------+
Drug: sildenafil

 sildenafil |      Freq.     Percent        Cum.
------------+-----------------------------------
          0 |        640       96.39       96.39
          1 |         24        3.61      100.00
------------+-----------------------------------
      Total |        664      100.00

     +------------------------------------------------------------------------------------------------------------------------------------------------+
     |        prodcodeid                                                                   termfromemis    drugsubstancename   routeofad~n   bnfchapt |
     |------------------------------------------------------------------------------------------------------------------------------------------------|
 71. |  3890741000033119                               Revatio 20mg tablets (Viatris UK Healthcare Ltd)   Sildenafil citrate          Oral   02050100 |
131. |  5998341000033119                                              Sildenafil 25mg/5ml oral solution   Sildenafil citrate          Oral   07040500 |
132. |  3924341000033114                                            Sildenafil 25mg/5ml oral suspension   Sildenafil citrate          Oral   07040500 |
135. | 11826141000033119                                               Sildenafil 5mg/5ml oral solution   Sildenafil citrate          Oral   07040500 |
150. |  5328841000033110                                            Sildenafil 10mg/5ml oral suspension   Sildenafil citrate          Oral   07040500 |
     |------------------------------------------------------------------------------------------------------------------------------------------------|
153. |  9687241000033116                                          Sildenafil 12.5mg/5ml oral suspension   Sildenafil citrate          Oral   07040500 |
166. |  6138941000033113                            Sildenafil 10mg/12.5ml solution for injection vials   Sildenafil citrate   Intravenous   02050100 |
167. |  6139041000033116   Revatio 10mg/12.5ml solution for injection vials (Viatris UK Healthcare Ltd)   Sildenafil citrate   Intravenous   02050100 |
185. |  8234141000033114                    Revatio 10mg/ml oral suspension (Viatris UK Healthcare Ltd)   Sildenafil citrate          Oral   02050100 |
186. |  8234041000033110                                  Sildenafil 10mg/ml oral suspension sugar free   Sildenafil citrate          Oral   02050100 |
     |------------------------------------------------------------------------------------------------------------------------------------------------|
193. |  8508941000033119                                  Nipatra 50mg chewable tablets (Advanz Pharma)   Sildenafil citrate          Oral   07040500 |
194. |  8509741000033114                                 Nipatra 100mg chewable tablets (Advanz Pharma)   Sildenafil citrate          Oral   07040500 |
195. |  8504341000033114                                   Sildenafil 100mg chewable tablets sugar free   Sildenafil citrate          Oral   07040500 |
196. |  8504141000033111                                    Sildenafil 25mg chewable tablets sugar free   Sildenafil citrate          Oral   07040500 |
197. |  8504241000033116                                    Sildenafil 50mg chewable tablets sugar free   Sildenafil citrate          Oral   07040500 |
     |------------------------------------------------------------------------------------------------------------------------------------------------|
205. |  8946341000033115                                            Vizarsin 50mg tablets (Krka UK Ltd)   Sildenafil citrate          Oral   07040500 |
206. |  8946141000033118                                           Vizarsin 100mg tablets (Krka UK Ltd)   Sildenafil citrate          Oral   07040500 |
359. |  1696941000033118                                                        Sildenafil 25mg tablets                                               |
360. |  1697041000033117                                                        Sildenafil 50mg tablets                                               |
361. |  1696841000033114                                                       Sildenafil 100mg tablets                                               |
     |------------------------------------------------------------------------------------------------------------------------------------------------|
487. |  3890641000033111                                                        Sildenafil 20mg tablets                                               |
528. |  1706841000033115                               Viagra 100mg tablets (Viatris UK Healthcare Ltd)   Sildenafil citrate          Oral   07040500 |
580. |  1707041000033112                                Viagra 50mg tablets (Viatris UK Healthcare Ltd)   Sildenafil citrate          Oral   07040500 |
656. |  1706941000033111                                Viagra 25mg tablets (Viatris UK Healthcare Ltd)   Sildenafil citrate          Oral   07040500 |
     +------------------------------------------------------------------------------------------------------------------------------------------------+
Drug: sitaxentan

 sitaxentan |      Freq.     Percent        Cum.
------------+-----------------------------------
          0 |        663       99.85       99.85
          1 |          1        0.15      100.00
------------+-----------------------------------
      Total |        664      100.00

     +---------------------------------------------------------------------------------------+
     |       prodcodeid               termfromemis   drugsubstancename   routeo~n   bnfchapt |
     |---------------------------------------------------------------------------------------|
 93. | 4156341000033119   Sitaxentan 100mg tablets   Sitaxentan sodium       Oral   02050100 |
     +---------------------------------------------------------------------------------------+
Drug: tadalafil

  tadalafil |      Freq.     Percent        Cum.
------------+-----------------------------------
          0 |        655       98.64       98.64
          1 |          9        1.36      100.00
------------+-----------------------------------
      Total |        664      100.00

     +-------------------------------------------------------------------------------------------------------+
     |       prodcodeid                                       termfromemis   drugsub~e   routeo~n   bnfchapt |
     |-------------------------------------------------------------------------------------------------------|
141. | 4898941000033116   Cialis 2.5mg tablets (Eli Lilly and Company Ltd)   Tadalafil       Oral   07040500 |
142. | 4899041000033113     Cialis 5mg tablets (Eli Lilly and Company Ltd)   Tadalafil       Oral   07040500 |
144. | 4898741000033119                            Tadalafil 2.5mg tablets   Tadalafil       Oral   07040500 |
164. | 6046741000033119   Adcirca 20mg tablets (Eli Lilly and Company Ltd)   Tadalafil       Oral   02050100 |
464. | 2874941000033113                             Tadalafil 10mg tablets                                   |
     |-------------------------------------------------------------------------------------------------------|
465. | 2875041000033113                             Tadalafil 20mg tablets                                   |
478. | 2875141000033112    Cialis 10mg tablets (Eli Lilly and Company Ltd)   Tadalafil       Oral   07040500 |
479. | 2875241000033117    Cialis 20mg tablets (Eli Lilly and Company Ltd)   Tadalafil       Oral   07040500 |
490. | 4898841000033112                              Tadalafil 5mg tablets                                   |
     +-------------------------------------------------------------------------------------------------------+
Drug: vericiguat

 vericiguat |      Freq.     Percent        Cum.
------------+-----------------------------------
          0 |        662       99.70       99.70
          1 |          2        0.30      100.00
------------+-----------------------------------
      Total |        664      100.00

     +---------------------------------------------------------------------------------+
     |        prodcodeid               termfromemis   drugsubs~e   routeo~n   bnfchapt |
     |---------------------------------------------------------------------------------|
456. | 13939941000033114   Vericiguat 2.5mg tablets   Vericiguat       Oral   02050100 |
457. | 13940041000033119     Vericiguat 5mg tablets   Vericiguat       Oral   02050100 |
     +---------------------------------------------------------------------------------+
Drug: clonidine

  clonidine |      Freq.     Percent        Cum.
------------+-----------------------------------
          0 |        638       96.08       96.08
          1 |         26        3.92      100.00
------------+-----------------------------------
      Total |        664      100.00

     +-----------------------------------------------------------------------------------------------------------------------------------------------------------+
     |        prodcodeid                                                                     termfromemis             drugsubstancename   routeofad~n   bnfchapt |
     |-----------------------------------------------------------------------------------------------------------------------------------------------------------|
 20. |   177441000033116                                                      Catapres  Capsules  0.25 mg                                                        |
 36. |  2776441000033110   Clonidine Hydrochloride  Transdermal patches (7 days)  2.5 mg (0.1mg/24 hours)                                                        |
 49. |   177641000033119                                Catapres Perlongets  M/R capsules  250 micrograms                                                        |
 75. | 12106941000033117                              Clonidine 100micrograms/24hours transdermal patches                     Clonidine   Transdermal   02050200 |
 76. | 12107141000033117                                      Catapres TTS 1 patches (Imported (Germany))                     Clonidine                 02050200 |
     |-----------------------------------------------------------------------------------------------------------------------------------------------------------|
 77. | 12107041000033116                              Clonidine 300micrograms/24hours transdermal patches                     Clonidine   Transdermal   02050200 |
 78. | 12118541000033113                                      Catapres TTS 3 patches (Imported (Germany))                     Clonidine                 02050200 |
100. | 12569041000033115                                      Clonidine 100micrograms/5ml oral suspension       Clonidine hydrochloride          Oral   04070402 |
184. |   215341000033112                                    Catapres 100microgram tablets (Glenwood GmbH)       Clonidine hydrochloride          Oral   02050200 |
281. |   285841000033118                                                   Clonidine 100microgram tablets                                                        |
     |-----------------------------------------------------------------------------------------------------------------------------------------------------------|
282. |   287241000033110                                                   Clonidine 300microgram tablets                                                        |
356. |   285941000033114                                                    Clonidine 25microgram tablets                                                        |
371. |    73641000033115                                                   Apraclonidine 5mg/ml eye drops   Apraclonidine hydrochloride        Ocular   11080200 |
376. |   464341000033111                           Dixarit 25microgram tablets (Boehringer Ingelheim Ltd)       Clonidine hydrochloride          Oral   04070402 |
389. |   275641000033110                      Clonidine 150micrograms/1ml solution for injection ampoules       Clonidine hydrochloride   Intravenous   02050200 |
     |-----------------------------------------------------------------------------------------------------------------------------------------------------------|
390. |   261841000033118                                 Clonidine 250microgram modified-release capsules       Clonidine hydrochloride          Oral   02050200 |
396. | 12684041000033114                              Clonidine 50micrograms/5ml oral solution sugar free       Clonidine hydrochloride          Oral   04070402 |
397. |   196241000033111       Catapres 150micrograms/1ml solution for injection ampoules (Glenwood GmbH)       Clonidine hydrochloride   Intravenous   02050200 |
405. |   215441000033118                         Catapres 300microgram tablets (Boehringer Ingelheim Ltd)       Clonidine hydrochloride          Oral   02050200 |
417. |   771841000033116                      Iopidine 5mg/ml eye drops (Novartis Pharmaceuticals UK Ltd)   Apraclonidine hydrochloride        Ocular   11080200 |
     |-----------------------------------------------------------------------------------------------------------------------------------------------------------|
438. |   771741000033114         Iopidine 1% eye drops 0.25ml unit dose (Novartis Pharmaceuticals UK Ltd)   Apraclonidine hydrochloride        Ocular   11080200 |
440. |    73541000033116                    Apraclonidine 1% eye drops 0.25ml unit dose preservative free   Apraclonidine hydrochloride        Ocular   11080200 |
565. | 12117941000033118                                      Catapres TTS 2 patches (Imported (Germany))                     Clonidine                 02050200 |
566. |  5289041000033110                              Clonidine 200micrograms/24hours transdermal patches                     Clonidine   Transdermal   02050200 |
603. |  5900141000033118                                         Clonidine 50micrograms/5ml oral solution       Clonidine hydrochloride          Oral   04070402 |
     |-----------------------------------------------------------------------------------------------------------------------------------------------------------|
604. |  5900241000033113                                       Clonidine 50micrograms/5ml oral suspension       Clonidine hydrochloride          Oral   04070402 |
     +-----------------------------------------------------------------------------------------------------------------------------------------------------------+
Drug: guanfacine

 guanfacine |      Freq.     Percent        Cum.
------------+-----------------------------------
          0 |        654       98.49       98.49
          1 |         10        1.51      100.00
------------+-----------------------------------
      Total |        664      100.00

     +-------------------------------------------------------------------------------------------------------------------------------+
     |        prodcodeid                                               termfromemis          drugsubstancename   routeo~n   bnfchapt |
     |-------------------------------------------------------------------------------------------------------------------------------|
 26. |   635541000033114                                       Glutenex  Biscuits                                                    |
247. | 10741241000033110       Intuniv 1mg modified-release tablets (Takeda UK Ltd)   Guanfacine hydrochloride       Oral   04040000 |
248. | 10741341000033117       Intuniv 2mg modified-release tablets (Takeda UK Ltd)   Guanfacine hydrochloride       Oral   04040000 |
249. | 10741441000033111       Intuniv 3mg modified-release tablets (Takeda UK Ltd)   Guanfacine hydrochloride       Oral   04040000 |
250. | 10741541000033112       Intuniv 4mg modified-release tablets (Takeda UK Ltd)   Guanfacine hydrochloride       Oral   04040000 |
     |-------------------------------------------------------------------------------------------------------------------------------|
251. | 10740841000033116                    Guanfacine 1mg modified-release tablets   Guanfacine hydrochloride       Oral   04040000 |
252. | 10740941000033112                    Guanfacine 2mg modified-release tablets   Guanfacine hydrochloride       Oral   04040000 |
253. | 10741041000033119                    Guanfacine 3mg modified-release tablets   Guanfacine hydrochloride       Oral   04040000 |
254. | 10741141000033115                    Guanfacine 4mg modified-release tablets   Guanfacine hydrochloride       Oral   04040000 |
477. | 10331841000033112   Glutenex gluten free white bread mix (Feed Me Right Ltd)                                         09134601 |
     +-------------------------------------------------------------------------------------------------------------------------------+
Drug: methyldopa

 methyldopa |      Freq.     Percent        Cum.
------------+-----------------------------------
          0 |        654       98.49       98.49
          1 |         10        1.51      100.00
------------+-----------------------------------
      Total |        664      100.00

     +-----------------------------------------------------------------------------------------------------------------+
     |      prodcodeid                                       termfromemis      drugsubstancename   routeo~n   bnfchapt |
     |-----------------------------------------------------------------------------------------------------------------|
 12. |  40841000033114                           Aldomet  Tablets  125 mg                                              |
 22. | 873941000033114                       Methyldopa  Capsules  250 mg                                              |
 55. |  36841000033113                   Aldomet  Suspension  250 mg/5 ml                                              |
 61. | 878541000033112                    Methyldopa  Injection  50 mg/ml                                              |
236. |  40941000033118   Aldomet 250mg tablets (Aspen Pharma Trading Ltd)   Methyldopa anhydrous       Oral   02050200 |
     |-----------------------------------------------------------------------------------------------------------------|
283. | 897341000033110                           Methyldopa 125mg tablets   Methyldopa anhydrous       Oral   02050200 |
284. | 897441000033116                           Methyldopa 250mg tablets   Methyldopa anhydrous       Oral   02050200 |
285. | 897541000033115                           Methyldopa 500mg tablets   Methyldopa anhydrous       Oral   02050200 |
555. |  41041000033111   Aldomet 500mg tablets (Aspen Pharma Trading Ltd)   Methyldopa anhydrous       Oral   02050200 |
634. | 892341000033112               Methyldopa 250mg/5ml oral suspension   Methyldopa anhydrous       Oral   02050200 |
     +-----------------------------------------------------------------------------------------------------------------+
Drug: moxonidine

 moxonidine |      Freq.     Percent        Cum.
------------+-----------------------------------
          0 |        658       99.10       99.10
          1 |          6        0.90      100.00
------------+-----------------------------------
      Total |        664      100.00

     +-------------------------------------------------------------------------------------------------------------------+
     |       prodcodeid                                                  termfromemis   drugsubs~e   routeo~n   bnfchapt |
     |-------------------------------------------------------------------------------------------------------------------|
136. | 1080941000033110   Physiotens 400microgram tablets (Viatris UK Healthcare Ltd)   Moxonidine       Oral   02050200 |
286. |  938541000033115                               Moxonidine 200microgram tablets   Moxonidine       Oral   02050200 |
287. |  938641000033119                               Moxonidine 400microgram tablets   Moxonidine       Oral   02050200 |
472. | 2635641000033111                               Moxonidine 300microgram tablets   Moxonidine       Oral   02050200 |
481. | 1080841000033119   Physiotens 200microgram tablets (Viatris UK Healthcare Ltd)   Moxonidine       Oral   02050200 |
     |-------------------------------------------------------------------------------------------------------------------|
526. | 2635741000033119   Physiotens 300microgram tablets (Viatris UK Healthcare Ltd)   Moxonidine       Oral   02050200 |
     +-------------------------------------------------------------------------------------------------------------------+
Drug: debrisoquine

debrisoquin |
          e |      Freq.     Percent        Cum.
------------+-----------------------------------
          0 |        662       99.70       99.70
          1 |          2        0.30      100.00
------------+-----------------------------------
      Total |        664      100.00

     +---------------------------------------------------------------------------------------------+
     |      prodcodeid                   termfromemis      drugsubstancename   routeo~n   bnfchapt |
     |---------------------------------------------------------------------------------------------|
 43. | 430741000033111   Debrisoquine  Tablets  20 mg                                              |
288. | 430641000033119      Debrisoquine 10mg tablets   Debrisoquine sulfate       Oral   02050300 |
     +---------------------------------------------------------------------------------------------+
Drug: guanethidine

guanethidin |
          e |      Freq.     Percent        Cum.
------------+-----------------------------------
          0 |        652       98.19       98.19
          1 |         12        1.81      100.00
------------+-----------------------------------
      Total |        664      100.00

     +------------------------------------------------------------------------------------------------------------------------------------------------------+
     |      prodcodeid                                                       termfromemis                      drugsubstancename   routeofadmi~n   bnfchapt |
     |------------------------------------------------------------------------------------------------------------------------------------------------------|
  1. | 654641000033110                           Guanethidine Monosulfate  Eye drops  5 %                                                                   |
  4. | 784941000033117                                            Ismelin  Tablets  25 mg                                                                   |
  5. | 777541000033113                                            Ismelin  Eye drops  5 %                                                                   |
 41. | 655641000033114                           Guanethidine Monosulfate  Tablets  25 mg                                                                   |
 51. | 784841000033113                                            Ismelin  Tablets  10 mg                                                                   |
     |------------------------------------------------------------------------------------------------------------------------------------------------------|
 53. | 654841000033111                        Guanethidine Monosulfate 3+0.5  Eye drops                                                                     |
 54. | 654741000033118                        Guanethidine Monosulfate 1+0.2  Eye drops                                                                     |
 58. | 655541000033113                           Guanethidine Monosulfate  Tablets  10 mg                                                                   |
388. | 655241000033111              Guanethidine 10mg/1ml solution for injection ampoules               Guanethidine monosulfate   Intramuscular   02050300 |
498. | 780741000033110   Ismelin 10mg/1ml solution for injection ampoules (Amdipharm Plc)               Guanethidine monosulfate   Intramuscular   02050300 |
     |------------------------------------------------------------------------------------------------------------------------------------------------------|
507. | 622641000033116                     Ganda 1 + 0.2 eye drops (Bausch & Lomb UK Ltd)   Adrenaline/ Guanethidine monosulfate          Ocular   11060000 |
508. | 622441000033118                     Ganda 3 + 0.5 eye drops (Bausch & Lomb UK Ltd)   Adrenaline/ Guanethidine monosulfate          Ocular   11060000 |
     +------------------------------------------------------------------------------------------------------------------------------------------------------+
Drug: doxazosin

  doxazosin |      Freq.     Percent        Cum.
------------+-----------------------------------
          0 |        635       95.63       95.63
          1 |         29        4.37      100.00
------------+-----------------------------------
      Total |        664      100.00

     +--------------------------------------------------------------------------------------------------------------------+
     |        prodcodeid                                          termfromemis    drugsubstancename   routeo~n   bnfchapt |
     |--------------------------------------------------------------------------------------------------------------------|
 47. |   216941000033117                                Cardura  Tablets  4 mg                                            |
 69. |  4502341000033119                 Doxazosin  Oral suspension  1 mg/5 ml                                            |
 81. |  4021141000033118        Slocinx XL 4mg tablets (Zentiva Pharma UK Ltd)   Doxazosin mesilate       Oral   02050400 |
 89. |  4063741000033112           Doxadura XL 4mg tablets (Dexcel-Pharma Ltd)   Doxazosin mesilate       Oral   02050400 |
 98. |  5403641000033117                   Colixil XL 4mg tablets (Sandoz Ltd)   Doxazosin mesilate       Oral   02050400 |
     |--------------------------------------------------------------------------------------------------------------------|
 99. |  4288341000033111          Oxandosin XL 4mg tablets (Ratiopharm UK Ltd)   Doxazosin mesilate       Oral   02050400 |
103. |  2274041000033118    Cardura XL 4mg tablets (Viatris UK Healthcare Ltd)   Doxazosin mesilate       Oral   02050400 |
126. |  4575941000033115   Doxzogen XL 4mg tablets (Viatris UK Healthcare Ltd)   Doxazosin mesilate       Oral   02050400 |
159. |  5809641000033111                   Larbex XL 4mg tablets (Teva UK Ltd)   Doxazosin mesilate       Oral   02050400 |
161. |  2760141000033114                 Cascor 4mg tablets (Ranbaxy (UK) Ltd)   Doxazosin mesilate       Oral   02050400 |
     |--------------------------------------------------------------------------------------------------------------------|
162. |  6036141000033119       Raporsin XL 4mg tablets (Accord Healthcare Ltd)   Doxazosin mesilate       Oral   02050400 |
163. |  4936841000033112   Cardozin XL 4mg tablets (Almus Pharmaceuticals Ltd)   Doxazosin mesilate       Oral   02050400 |
203. |  8870641000033119                       Doxazosin 4mg/5ml oral solution   Doxazosin mesilate       Oral   02050400 |
227. |  9173941000033111                       Doxazosin 1mg/5ml oral solution   Doxazosin mesilate       Oral   02050400 |
297. |   480641000033111                                 Doxazosin 1mg tablets   Doxazosin mesilate       Oral   02050400 |
     |--------------------------------------------------------------------------------------------------------------------|
298. |   480741000033119                                 Doxazosin 2mg tablets   Doxazosin mesilate       Oral   02050400 |
299. |   480841000033112                                 Doxazosin 4mg tablets   Doxazosin mesilate       Oral   02050400 |
430. |  2273841000033111                Doxazosin 4mg modified-release tablets   Doxazosin mesilate       Oral   02050400 |
432. |  2273941000033115                Doxazosin 8mg modified-release tablets   Doxazosin mesilate       Oral   02050400 |
486. |   216841000033113       Cardura 2mg tablets (Viatris UK Healthcare Ltd)   Doxazosin mesilate       Oral   02050400 |
     |--------------------------------------------------------------------------------------------------------------------|
488. | 12682141000033115                                 Doxazosin 8mg tablets   Doxazosin mesilate       Oral   02050400 |
513. |  2957941000033110              Doxadura 1mg tablets (Dexcel-Pharma Ltd)   Doxazosin mesilate       Oral   02050400 |
514. |  2958041000033113              Doxadura 2mg tablets (Dexcel-Pharma Ltd)   Doxazosin mesilate       Oral   02050400 |
515. |  2958141000033112              Doxadura 4mg tablets (Dexcel-Pharma Ltd)   Doxazosin mesilate       Oral   02050400 |
612. |  4432941000033119                     Doxazosin 1mg/5ml oral suspension   Doxazosin mesilate       Oral   02050400 |
     |--------------------------------------------------------------------------------------------------------------------|
613. |  5138341000033111                     Doxazosin 4mg/5ml oral suspension   Doxazosin mesilate       Oral   02050400 |
647. |  2274141000033119    Cardura XL 8mg tablets (Viatris UK Healthcare Ltd)   Doxazosin mesilate       Oral   02050400 |
653. |  2760041000033110                 Cascor 2mg tablets (Ranbaxy (UK) Ltd)   Doxazosin mesilate       Oral   02050400 |
654. |   216741000033115       Cardura 1mg tablets (Viatris UK Healthcare Ltd)   Doxazosin mesilate       Oral   02050400 |
     +--------------------------------------------------------------------------------------------------------------------+
Drug: indoramin

  indoramin |      Freq.     Percent        Cum.
------------+-----------------------------------
          0 |        657       98.95       98.95
          1 |          7        1.05      100.00
------------+-----------------------------------
      Total |        664      100.00

     +----------------------------------------------------------------------------------------------------------------------+
     |      prodcodeid                                         termfromemis         drugsubstancename   routeo~n   bnfchapt |
     |----------------------------------------------------------------------------------------------------------------------|
  8. | 768441000033115                            Indoramin  Tablets  25 mg                                                 |
 48. | 116841000033111                              Baratol  Tablets  50 mg                                                 |
 70. | 769941000033115              Indoramin Hydrochloride  Tablets  50 mg                                                 |
372. | 480541000033110   Doralese Tiltab 20mg tablets (Chemidex Pharma Ltd)   Indoramin hydrochloride       Oral   07040100 |
406. | 116741000033118                 Baratol 25mg tablets (Amdipharm Plc)   Indoramin hydrochloride       Oral   02050400 |
     |----------------------------------------------------------------------------------------------------------------------|
448. | 768541000033119                               Indoramin 20mg tablets   Indoramin hydrochloride       Oral   07040100 |
449. | 769841000033111                               Indoramin 25mg tablets   Indoramin hydrochloride       Oral   02050400 |
     +----------------------------------------------------------------------------------------------------------------------+
Drug: phenoxybenzamine

phenoxybenz |
      amine |      Freq.     Percent        Cum.
------------+-----------------------------------
          0 |        660       99.40       99.40
          1 |          4        0.60      100.00
------------+-----------------------------------
      Total |        664      100.00

     +-------------------------------------------------------------------------------------------------------------------------------+
     |       prodcodeid                                          termfromemis                drugsubstancename   routeo~n   bnfchapt |
     |-------------------------------------------------------------------------------------------------------------------------------|
 39. | 3940141000033116        Phenoxybenzamine Hydrochloride  Capsules  8 mg                                                        |
289. | 1070341000033119                        Phenoxybenzamine 10mg capsules                                                        |
428. |  438441000033119   Dibenyline 10mg capsules (Mercury Pharma Group Ltd)   Phenoxybenzamine hydrochloride       Oral   02050400 |
637. | 2757941000033118             Phenoxybenzamine 25mg/5ml oral suspension   Phenoxybenzamine hydrochloride       Oral   02050400 |
     +-------------------------------------------------------------------------------------------------------------------------------+
Drug: phentolamine

phentolamin |
          e |      Freq.     Percent        Cum.
------------+-----------------------------------
          0 |        658       99.10       99.10
          1 |          6        0.90      100.00
------------+-----------------------------------
      Total |        664      100.00

     +------------------------------------------------------------------------------------------------------------------------------------------------+
246. |        prodcodeid |                                                                            termfromemis |                drugsubstancename |
     | 10617741000033111 |     Invicorp 25micrograms/2mg/0.35ml solution for injection ampoules (Evolan Pharma AB) | Aviptadil/ Phentolamine mesilate |
     |------------------------------------------------------------------------------------------------------------------------------------------------|
     |                                routeofadministration                           |                           bnfchapt                            |
     |                                       Intracavernous                           |                           07040500                            |
     +------------------------------------------------------------------------------------------------------------------------------------------------+

     +------------------------------------------------------------------------------------------------------------------------------------------------+
385. |        prodcodeid |                                                                            termfromemis |                drugsubstancename |
     |  3108541000033116 |                                   Phentolamine 10mg/1ml solution for injection ampoules |            Phentolamine mesilate |
     |------------------------------------------------------------------------------------------------------------------------------------------------|
     |                                routeofadministration                           |                           bnfchapt                            |
     |                           Intravenous/ Intramuscular                           |                           02050400                            |
     +------------------------------------------------------------------------------------------------------------------------------------------------+

     +------------------------------------------------------------------------------------------------------------------------------------------------+
466. |        prodcodeid |                                                                            termfromemis |                drugsubstancename |
     |  1180941000033115 |        Rogitine 10mg/1ml solution for injection ampoules (Alliance Pharmaceuticals Ltd) |            Phentolamine mesilate |
     |------------------------------------------------------------------------------------------------------------------------------------------------|
     |                                routeofadministration                           |                           bnfchapt                            |
     |                           Intravenous/ Intramuscular                           |                           02050400                            |
     +------------------------------------------------------------------------------------------------------------------------------------------------+

     +------------------------------------------------------------------------------------------------------------------------------------------------+
521. |        prodcodeid |                                                                            termfromemis |                drugsubstancename |
     |  1619941000033111 |                                         Invicorp 1 solution for injection (Senetek Plc) | Aviptadil/ Phentolamine mesilate |
     |------------------------------------------------------------------------------------------------------------------------------------------------|
     |                                routeofadministration                           |                           bnfchapt                            |
     |                                       Intracavernous                           |                           07040500                            |
     +------------------------------------------------------------------------------------------------------------------------------------------------+

     +------------------------------------------------------------------------------------------------------------------------------------------------+
522. |        prodcodeid |                                                                            termfromemis |                drugsubstancename |
     |  1620041000033114 |                                         Invicorp 2 solution for injection (Senetek Plc) | Aviptadil/ Phentolamine mesilate |
     |------------------------------------------------------------------------------------------------------------------------------------------------|
     |                                routeofadministration                           |                           bnfchapt                            |
     |                                       Intracavernous                           |                           07040500                            |
     +------------------------------------------------------------------------------------------------------------------------------------------------+

     +------------------------------------------------------------------------------------------------------------------------------------------------+
523. |        prodcodeid |                                                                            termfromemis |                drugsubstancename |
     | 10617641000033119 | Phentolamine 2mg/0.35ml / Aviptadil 25micrograms/0.35ml solution for injection ampoules | Aviptadil/ Phentolamine mesilate |
     |------------------------------------------------------------------------------------------------------------------------------------------------|
     |                                routeofadministration                           |                           bnfchapt                            |
     |                                       Intracavernous                           |                           07040500                            |
     +------------------------------------------------------------------------------------------------------------------------------------------------+
Drug: prazosin

   prazosin |      Freq.     Percent        Cum.
------------+-----------------------------------
          0 |        648       97.59       97.59
          1 |         16        2.41      100.00
------------+-----------------------------------
      Total |        664      100.00

     +------------------------------------------------------------------------------------------------------------------------+
     |        prodcodeid                                          termfromemis        drugsubstancename   routeo~n   bnfchapt |
     |------------------------------------------------------------------------------------------------------------------------|
  6. |  1128141000033112                Prazosin Hydrochloride  Starter pack                                                  |
 27. |   745941000033111                      Hypovase Starter Pack  Tablets                                                  |
 42. |   743841000033116                               Hypovase  Tablets  5 mg                                                |
 44. |    37641000033110                Alphavase 0.5  Tablets  500 micrograms                                                |
 56. |  1128241000033117                Prazosin Hydrochloride  Starter pack                                                  |
     |------------------------------------------------------------------------------------------------------------------------|
105. | 11567441000033119              Prazosin 500micrograms/5ml oral solution   Prazosin hydrochloride       Oral   02050400 |
143. |   743741000033114                     Hypovase 2mg tablets (Pfizer Ltd)   Prazosin hydrochloride       Oral   02050400 |
290. |  1131341000033118                         Prazosin 500microgram tablets   Prazosin hydrochloride       Oral   02050400 |
291. |  1131441000033112                                  Prazosin 1mg tablets   Prazosin hydrochloride       Oral   02050400 |
292. |  1131541000033113                                  Prazosin 2mg tablets   Prazosin hydrochloride       Oral   02050400 |
     |------------------------------------------------------------------------------------------------------------------------|
293. |  1131641000033114                                  Prazosin 5mg tablets   Prazosin hydrochloride       Oral   02050400 |
355. |   743541000033118            Hypovase 500microgram tablets (Pfizer Ltd)   Prazosin hydrochloride       Oral   02050400 |
378. |   743641000033117                     Hypovase 1mg tablets (Pfizer Ltd)   Prazosin hydrochloride       Oral   02050400 |
539. |    37841000033111   Alphavase 2 tablets (Ashbourne Pharmaceuticals Ltd)   Prazosin hydrochloride       Oral   02050400 |
561. |    37941000033115   Alphavase 5 tablets (Ashbourne Pharmaceuticals Ltd)   Prazosin hydrochloride       Oral   02050400 |
     |------------------------------------------------------------------------------------------------------------------------|
659. |    37741000033118   Alphavase 1 tablets (Ashbourne Pharmaceuticals Ltd)   Prazosin hydrochloride       Oral   02050400 |
     +------------------------------------------------------------------------------------------------------------------------+
Drug: terazosin

  terazosin |      Freq.     Percent        Cum.
------------+-----------------------------------
          0 |        648       97.59       97.59
          1 |         16        2.41      100.00
------------+-----------------------------------
      Total |        664      100.00

     +------------------------------------------------------------------------------------------------------------------------------------------------------------------------+
     |        prodcodeid                                                           termfromemis         drugsubstancename                    routeofadministration   bnfchapt |
     |------------------------------------------------------------------------------------------------------------------------------------------------------------------------|
  2. |  1423741000033117              Terazosin Hydrochloride  Starter pack  7 x 1 mg, 7 x 2 mg                                                                               |
 15. |  1423841000033110   Terazosin Hydrochloride  Starter pack  7 x 1 mg, 14 x 2 mg, 7 x 5 mg                                                                               |
 17. |   740941000033119                           Hytrin Bph  Starter pack  7 x 1 mg, 7 x 2 mg                                                                               |
 18. |   744141000033113                                              Hytrin Bph  Tablets  5 mg                                                                               |
 28. |   743941000033112                                             Hytrin Bph  Tablets  10 mg                                                                               |
     |------------------------------------------------------------------------------------------------------------------------------------------------------------------------|
 59. |   744041000033114                                              Hytrin Bph  Tablets  2 mg                                                                               |
265. |   745741000033113                                     Hytrin 2mg tablets (Advanz Pharma)   Terazosin hydrochloride                                     Oral   02050400 |
266. |   745641000033116                                    Hytrin 10mg tablets (Advanz Pharma)   Terazosin hydrochloride                                     Oral   02050400 |
268. |   745841000033115                                     Hytrin 5mg tablets (Advanz Pharma)   Terazosin hydrochloride                                     Oral   02050400 |
294. |  1429141000033119                                                  Terazosin 5mg tablets                                                                               |
     |------------------------------------------------------------------------------------------------------------------------------------------------------------------------|
295. |  1429041000033118                                                 Terazosin 10mg tablets                                                                               |
296. |  1425341000033119                                                  Terazosin 2mg tablets                                                                               |
373. | 11807841000033119                          Benph 5mg tablets (Viatris UK Healthcare Ltd)   Terazosin hydrochloride                                     Oral   02050400 |
383. |  1423641000033114                        Terazosin 2mg tablets and Terazosin 1mg tablets                             Route of administration not applicable   02050400 |
433. |   741141000033111                            Hytrin tablets starter pack (Advanz Pharma)                             Route of administration not applicable   02050400 |
     |------------------------------------------------------------------------------------------------------------------------------------------------------------------------|
439. |   741041000033112                        Hytrin BPH tablets starter pack (Advanz Pharma)                                                                      07040100 |
     +------------------------------------------------------------------------------------------------------------------------------------------------------------------------+
Drug: captopril

  captopril |      Freq.     Percent        Cum.
------------+-----------------------------------
          0 |        619       93.22       93.22
          1 |         45        6.78      100.00
------------+-----------------------------------
      Total |        664      100.00

     +------------------------------------------------------------------------------------------------------------------------------------------------------+
     |       prodcodeid                                                                 termfromemis                drugsubstancename   routeo~n   bnfchapt |
     |------------------------------------------------------------------------------------------------------------------------------------------------------|
  9. |  210741000033117                                                     Captopril  Tablets  2 mg                                                        |
 16. |  210541000033113                                                     Captopril  Tablets  1 mg                                                        |
 38. | 5595341000033117                               Captopril  Oral Suspension Sugar Free  2 mg/ml                                                        |
116. |  214141000033113            Capoten 12.5mg tablets (Bristol-Myers Squibb Pharmaceuticals Ltd)                        Captopril       Oral   02050501 |
158. |  216441000033110        Capozide 25mg/50mg tablets (Bristol-Myers Squibb Pharmaceuticals Ltd)   Captopril/ Hydrochlorothiazide       Oral   02050501 |
     |------------------------------------------------------------------------------------------------------------------------------------------------------|
174. | 3333941000033117                                            Captopril 8mg/5ml oral suspension                        Captopril       Oral   02050501 |
192. | 2945841000033112                                       Ecopace 12.5mg tablets (Advanz Pharma)                        Captopril       Oral   02050501 |
207. | 8961341000033119               Noyada 25mg/5ml oral solution (Martindale Pharmaceuticals Ltd)                        Captopril       Oral   02050501 |
208. | 8961241000033112                Noyada 5mg/5ml oral solution (Martindale Pharmaceuticals Ltd)                        Captopril       Oral   02050501 |
210. | 9108041000033111                                  Captopril 25mg/5ml oral solution sugar free                        Captopril       Oral   02050501 |
     |------------------------------------------------------------------------------------------------------------------------------------------------------|
211. | 9108141000033110                                   Captopril 5mg/5ml oral solution sugar free                        Captopril       Oral   02050501 |
240. |   13141000033119         Acezide 25mg/50mg tablets (Bristol-Myers Squibb Pharmaceuticals Ltd)   Captopril/ Hydrochlorothiazide       Oral   02050501 |
300. | 1893141000033119                                              Co-zidocapt 12.5mg/25mg tablets   Captopril/ Hydrochlorothiazide       Oral   02050501 |
301. | 1893241000033114                                                Co-zidocapt 25mg/50mg tablets   Captopril/ Hydrochlorothiazide       Oral   02050501 |
302. |  213441000033119                                                     Captopril 12.5mg tablets                        Captopril       Oral   02050501 |
     |------------------------------------------------------------------------------------------------------------------------------------------------------|
303. |  214441000033117                                                       Captopril 25mg tablets                        Captopril       Oral   02050501 |
304. |  214541000033116                                                       Captopril 50mg tablets                        Captopril       Oral   02050501 |
425. |  214341000033111              Capoten 50mg tablets (Bristol-Myers Squibb Pharmaceuticals Ltd)                        Captopril       Oral   02050501 |
502. |  214241000033118              Capoten 25mg tablets (Bristol-Myers Squibb Pharmaceuticals Ltd)                        Captopril       Oral   02050501 |
511. | 1622141000033114                                            Kaplon 25mg tablets (Teva UK Ltd)                        Captopril       Oral   02050501 |
     |------------------------------------------------------------------------------------------------------------------------------------------------------|
525. |   10941000033110              Acepril 25mg tablets (Bristol-Myers Squibb Pharmaceuticals Ltd)                        Captopril       Oral   02050501 |
533. |  209241000033119   Capozide LS 12.5mg/25mg tablets (Bristol-Myers Squibb Pharmaceuticals Ltd)   Captopril/ Hydrochlorothiazide       Oral   02050501 |
540. | 1622241000033119                                            Kaplon 50mg tablets (Teva UK Ltd)                        Captopril       Oral   02050501 |
544. | 2928441000033115                                         Tensopril 25mg tablets (Teva UK Ltd)                        Captopril       Oral   02050501 |
546. | 2928541000033119                                         Tensopril 50mg tablets (Teva UK Ltd)                        Captopril       Oral   02050501 |
     |------------------------------------------------------------------------------------------------------------------------------------------------------|
549. |   10841000033119            Acepril 12.5mg tablets (Bristol-Myers Squibb Pharmaceuticals Ltd)                        Captopril       Oral   02050501 |
550. | 2928341000033114                                       Tensopril 12.5mg tablets (Teva UK Ltd)                        Captopril       Oral   02050501 |
569. | 2946041000033114                                         Ecopace 50mg tablets (Advanz Pharma)                        Captopril       Oral   02050501 |
571. | 1622041000033110                                          Kaplon 12.5mg tablets (Teva UK Ltd)                        Captopril       Oral   02050501 |
581. |   11041000033117              Acepril 50mg tablets (Bristol-Myers Squibb Pharmaceuticals Ltd)                        Captopril       Oral   02050501 |
     |------------------------------------------------------------------------------------------------------------------------------------------------------|
585. | 2945941000033116                                         Ecopace 25mg tablets (Advanz Pharma)                        Captopril       Oral   02050501 |
590. | 5008141000033111                                           Captopril 10mg/5ml oral suspension                        Captopril       Oral   02050501 |
591. | 5898741000033114                                           Captopril 12.5mg/5ml oral solution                        Captopril       Oral   02050501 |
592. | 5898841000033116                                         Captopril 12.5mg/5ml oral suspension                        Captopril       Oral   02050501 |
593. | 5401641000033118                                           Captopril 15mg/5ml oral suspension                        Captopril       Oral   02050501 |
     |------------------------------------------------------------------------------------------------------------------------------------------------------|
594. | 2719841000033113                                           Captopril 20mg/5ml oral suspension                        Captopril       Oral   02050501 |
595. | 3012741000033115                                             Captopril 25mg/5ml oral solution                        Captopril       Oral   02050501 |
596. | 5132041000033112                                           Captopril 25mg/5ml oral suspension                        Captopril       Oral   02050501 |
597. | 3851341000033117                                              Captopril 3mg/5ml oral solution                        Captopril       Oral   02050501 |
598. | 6001041000033115                                              Captopril 5mg/5ml oral solution                        Captopril       Oral   02050501 |
     |------------------------------------------------------------------------------------------------------------------------------------------------------|
599. | 2656341000033110                                            Captopril 5mg/5ml oral suspension                        Captopril       Oral   02050501 |
600. | 5898941000033112                                           Captopril 6.25mg/5ml oral solution                        Captopril       Oral   02050501 |
601. | 5899041000033115                                         Captopril 6.25mg/5ml oral suspension                        Captopril       Oral   02050501 |
648. | 3940841000033110                                                       Captopril 2mg capsules                        Captopril       Oral   02050501 |
649. | 5454041000033117                                                       Captopril 4mg capsules                        Captopril       Oral   02050501 |
     +------------------------------------------------------------------------------------------------------------------------------------------------------+
Drug: cilazapril

 cilazapril |      Freq.     Percent        Cum.
------------+-----------------------------------
          0 |        654       98.49       98.49
          1 |         10        1.51      100.00
------------+-----------------------------------
      Total |        664      100.00

     +---------------------------------------------------------------------------------------------------------------------+
     |       prodcodeid                                        termfromemis        drugsubstancename   routeo~n   bnfchapt |
     |---------------------------------------------------------------------------------------------------------------------|
 21. |  258341000033113                 Cilazapril  Tablets  250 micrograms                                                |
 32. | 1504841000033113                    Vascace  Tablets  250 micrograms                                                |
402. | 1504641000033112            Vascace 1mg tablets (Roche Products Ltd)   Cilazapril monohydrate       Oral   02050501 |
403. | 1503441000033113            Vascace 5mg tablets (Roche Products Ltd)   Cilazapril monohydrate       Oral   02050501 |
404. | 1504741000033115          Vascace 2.5mg tablets (Roche Products Ltd)   Cilazapril monohydrate       Oral   02050501 |
     |---------------------------------------------------------------------------------------------------------------------|
409. | 1504941000033117   Vascace 500microgram tablets (Roche Products Ltd)   Cilazapril monohydrate       Oral   02050501 |
442. |  258141000033110                              Cilazapril 1mg tablets   Cilazapril monohydrate       Oral   02050501 |
443. |  258241000033115                            Cilazapril 2.5mg tablets   Cilazapril monohydrate       Oral   02050501 |
444. |  258641000033117                              Cilazapril 5mg tablets   Cilazapril monohydrate       Oral   02050501 |
445. |  258441000033119                     Cilazapril 500microgram tablets   Cilazapril monohydrate       Oral   02050501 |
     +---------------------------------------------------------------------------------------------------------------------+
Drug: enalapril

  enalapril |      Freq.     Percent        Cum.
------------+-----------------------------------
          0 |        624       93.98       93.98
          1 |         40        6.02      100.00
------------+-----------------------------------
      Total |        664      100.00

     +-------------------------------------------------------------------------------------------------------------------------------------------+
     |        prodcodeid                                             termfromemis                        drugsubstancename   routeo~n   bnfchapt |
     |-------------------------------------------------------------------------------------------------------------------------------------------|
  3. |   524341000033113                         Enalapril Maleate  Wafers  10 mg                                                                |
 11. |   523741000033111                        Enalapril Maleate  Titration pack                                                                |
 23. |   771041000033111                             Innovace Melt  Wafers  20 mg                                                                |
 25. |   770241000033110                                 Innovace  Titration pack                                                                |
 29. |   524041000033111                        Enalapril Maleate  Wafers  2.5 mg                                                                |
     |-------------------------------------------------------------------------------------------------------------------------------------------|
 30. |   524641000033117                          Enalapril Maleate  Wafers  5 mg                                                                |
 31. |   524541000033118                         Enalapril Maleate  Wafers  20 mg                                                                |
 33. |   770541000033112                            Innovace Melt  Wafers  2.5 mg                                                                |
 34. |   524141000033110                         Enalapril Maleate  Wafers  20 mg                                                                |
 35. |   523941000033114                         Enalapril Maleate  Wafers  10 mg                                                                |
     |-------------------------------------------------------------------------------------------------------------------------------------------|
 37. |   770741000033116                              Innovace Melt  Wafers  5 mg                                                                |
 40. |   770641000033113                             Innovace Melt  Wafers  20 mg                                                                |
 45. |   770941000033118                            Innovace Melt  Wafers  2.5 mg                                                                |
 46. |   770841000033114                             Innovace Melt  Wafers  10 mg                                                                |
 63. |   524441000033119                        Enalapril Maleate  Wafers  2.5 mg                                                                |
     |-------------------------------------------------------------------------------------------------------------------------------------------|
 64. |   524241000033115                          Enalapril Maleate  Wafers  5 mg                                                                |
 65. |   771141000033110                              Innovace Melt  Wafers  5 mg                                                                |
 66. |   770441000033111                             Innovace Melt  Wafers  10 mg                                                                |
138. |   770141000033115   Innozide 20mg/12.5mg tablets (Organon Pharma (UK) Ltd)   Enalapril maleate/ Hydrochlorothiazide       Oral   02050501 |
178. |  3279241000033117             Enalapril 5mg/5ml oral suspension sugar free                        Enalapril maleate       Oral            |
     |-------------------------------------------------------------------------------------------------------------------------------------------|
243. |   769241000033112          Innovace 20mg tablets (Organon Pharma (UK) Ltd)                        Enalapril maleate       Oral   02050501 |
269. |   769041000033116          Innovace 10mg tablets (Organon Pharma (UK) Ltd)                        Enalapril maleate       Oral   02050501 |
305. |   523541000033115                                  Enalapril 2.5mg tablets                        Enalapril maleate       Oral   02050501 |
306. |   522841000033111                                    Enalapril 5mg tablets                        Enalapril maleate       Oral   02050501 |
307. |   522641000033110                                   Enalapril 10mg tablets                        Enalapril maleate       Oral   02050501 |
     |-------------------------------------------------------------------------------------------------------------------------------------------|
308. |   522741000033118                                   Enalapril 20mg tablets                        Enalapril maleate       Oral   02050501 |
429. | 13740241000033119                        Enalapril 20mg tablets (Imported)                        Enalapril maleate              02050501 |
446. |  3162241000033117      Enalapril 20mg / Hydrochlorothiazide 12.5mg tablets   Enalapril maleate/ Hydrochlorothiazide       Oral   02050501 |
501. |  1918641000033112          Pralenal 2.5 tablets (Opus Pharmaceuticals Ltd)                        Enalapril maleate       Oral   02050501 |
524. |  1918941000033117           Pralenal 20 tablets (Opus Pharmaceuticals Ltd)                        Enalapril maleate       Oral   02050501 |
     |-------------------------------------------------------------------------------------------------------------------------------------------|
541. |  1918741000033115            Pralenal 5 tablets (Opus Pharmaceuticals Ltd)                        Enalapril maleate       Oral   02050501 |
554. |   769341000033119           Innovace 5mg tablets (Organon Pharma (UK) Ltd)                        Enalapril maleate       Oral   02050501 |
562. |   769141000033117         Innovace 2.5mg tablets (Organon Pharma (UK) Ltd)                        Enalapril maleate       Oral   02050501 |
564. |  1918841000033113           Pralenal 10 tablets (Opus Pharmaceuticals Ltd)                        Enalapril maleate       Oral   02050501 |
614. |  6012441000033118                       Enalapril 1.25mg/5ml oral solution                        Enalapril maleate       Oral   02050501 |
     |-------------------------------------------------------------------------------------------------------------------------------------------|
615. |  6012541000033117                     Enalapril 1.25mg/5ml oral suspension                        Enalapril maleate       Oral   02050501 |
616. |  5967041000033117                         Enalapril 10mg/5ml oral solution                        Enalapril maleate       Oral   02050501 |
617. |  5967141000033118                       Enalapril 10mg/5ml oral suspension                        Enalapril maleate       Oral   02050501 |
618. |  5992541000033111                          Enalapril 5mg/5ml oral solution                        Enalapril maleate       Oral   02050501 |
619. |  5992641000033112                        Enalapril 5mg/5ml oral suspension                        Enalapril maleate       Oral   02050501 |
     +-------------------------------------------------------------------------------------------------------------------------------------------+
Drug: fosinopril

 fosinopril |      Freq.     Percent        Cum.
------------+-----------------------------------
          0 |        660       99.40       99.40
          1 |          4        0.60      100.00
------------+-----------------------------------
      Total |        664      100.00

     +-----------------------------------------------------------------------------------------------------------------------------+
     |       prodcodeid                                                     termfromemis   drugsubstancename   routeo~n   bnfchapt |
     |-----------------------------------------------------------------------------------------------------------------------------|
325. |  609141000033111                                          Fosinopril 10mg tablets   Fosinopril sodium       Oral   02050501 |
326. |  609241000033116                                          Fosinopril 20mg tablets   Fosinopril sodium       Oral   02050501 |
379. | 1387441000033115   Staril 20mg tablets (Bristol-Myers Squibb Pharmaceuticals Ltd)   Fosinopril sodium       Oral   02050501 |
506. | 1387341000033114   Staril 10mg tablets (Bristol-Myers Squibb Pharmaceuticals Ltd)   Fosinopril sodium       Oral   02050501 |
     +-----------------------------------------------------------------------------------------------------------------------------+
Drug: imidapril

  imidapril |      Freq.     Percent        Cum.
------------+-----------------------------------
          0 |        658       99.10       99.10
          1 |          6        0.90      100.00
------------+-----------------------------------
      Total |        664      100.00

     +-------------------------------------------------------------------------------------------------------------------+
     |       prodcodeid                                     termfromemis         drugsubstancename   routeo~n   bnfchapt |
     |-------------------------------------------------------------------------------------------------------------------|
332. | 2145841000033114                           Imidapril 20mg tablets   Imidapril hydrochloride       Oral   02050501 |
333. | 1739841000033119                            Imidapril 5mg tablets   Imidapril hydrochloride       Oral   02050501 |
334. | 1739741000033112                           Imidapril 10mg tablets   Imidapril hydrochloride       Oral   02050501 |
530. | 2145741000033116   Tanatril 20mg tablets (Northumbria Pharma Ltd)   Imidapril hydrochloride       Oral   02050501 |
552. | 1753841000033118   Tanatril 10mg tablets (Northumbria Pharma Ltd)   Imidapril hydrochloride       Oral   02050501 |
     |-------------------------------------------------------------------------------------------------------------------|
578. | 1753941000033114    Tanatril 5mg tablets (Northumbria Pharma Ltd)   Imidapril hydrochloride       Oral   02050501 |
     +-------------------------------------------------------------------------------------------------------------------+
Drug: lisinopril

 lisinopril |      Freq.     Percent        Cum.
------------+-----------------------------------
          0 |        630       94.88       94.88
          1 |         34        5.12      100.00
------------+-----------------------------------
      Total |        664      100.00

     +---------------------------------------------------------------------------------------------------------------------------------------------+
     |        prodcodeid                                                      termfromemis                 drugsubstancename   routeo~n   bnfchapt |
     |---------------------------------------------------------------------------------------------------------------------------------------------|
183. |  5568741000033113                               Lisinopril 40mg/5ml oral suspension                        Lisinopril       Oral   02050501 |
244. | 10645041000033114                       Lisinopril 5mg/5ml oral solution sugar free                        Lisinopril       Oral   02050501 |
261. |  1552341000033118                      Zestoretic 20 tablets (Atnahs Pharma UK Ltd)   Hydrochlorothiazide/ Lisinopril       Oral   02050501 |
262. |   217041000033116                  Carace 20 Plus tablets (Organon Pharma (UK) Ltd)   Hydrochlorothiazide/ Lisinopril       Oral   02050501 |
263. |  1551841000033118                      Zestoretic 10 tablets (Atnahs Pharma UK Ltd)   Hydrochlorothiazide/ Lisinopril       Oral   02050501 |
     |---------------------------------------------------------------------------------------------------------------------------------------------|
264. |   209841000033115                  Carace 10 Plus tablets (Organon Pharma (UK) Ltd)   Hydrochlorothiazide/ Lisinopril       Oral   02050501 |
267. |   215941000033111    Carace 10mg tablets (Bristol-Myers Squibb Pharmaceuticals Ltd)                        Lisinopril       Oral   02050501 |
309. |   837941000033119                                          Lisinopril 2.5mg tablets                        Lisinopril       Oral   02050501 |
310. |   838141000033117                                            Lisinopril 5mg tablets                        Lisinopril       Oral   02050501 |
311. |   837841000033110                                           Lisinopril 10mg tablets                        Lisinopril       Oral   02050501 |
     |---------------------------------------------------------------------------------------------------------------------------------------------|
312. |   838041000033116                                           Lisinopril 20mg tablets                        Lisinopril       Oral   02050501 |
313. |  3160941000033113              Lisinopril 20mg / Hydrochlorothiazide 12.5mg tablets   Hydrochlorothiazide/ Lisinopril       Oral   02050501 |
314. |  3160841000033117              Lisinopril 10mg / Hydrochlorothiazide 12.5mg tablets   Hydrochlorothiazide/ Lisinopril       Oral   02050501 |
354. |   216041000033118   Carace 2.5mg tablets (Bristol-Myers Squibb Pharmaceuticals Ltd)                        Lisinopril       Oral   02050501 |
421. | 13443541000033119          Lisoretic 20mg/12.5mg tablets (Bristol Laboratories Ltd)   Hydrochlorothiazide/ Lisinopril       Oral   02050501 |
     |---------------------------------------------------------------------------------------------------------------------------------------------|
422. | 13443441000033115          Lisoretic 10mg/12.5mg tablets (Bristol Laboratories Ltd)   Hydrochlorothiazide/ Lisinopril       Oral   02050501 |
538. |   216141000033119    Carace 20mg tablets (Bristol-Myers Squibb Pharmaceuticals Ltd)                        Lisinopril       Oral   02050501 |
543. |  1552041000033115                        Zestril 2.5mg tablets (AstraZeneca UK Ltd)                        Lisinopril       Oral   02050501 |
556. |  3136141000033118                     Caralpha 20mg/12.5mg tablets (Actavis UK Ltd)   Hydrochlorothiazide/ Lisinopril       Oral   02050501 |
557. |  3136041000033117                     Caralpha 10mg/12.5mg tablets (Actavis UK Ltd)   Hydrochlorothiazide/ Lisinopril       Oral   02050501 |
     |---------------------------------------------------------------------------------------------------------------------------------------------|
572. |   216241000033114     Carace 5mg tablets (Bristol-Myers Squibb Pharmaceuticals Ltd)                        Lisinopril       Oral   02050501 |
582. |  3279541000033115        Lisicostad 10mg/12.5mg tablets (Genus Pharmaceuticals Ltd)   Hydrochlorothiazide/ Lisinopril       Oral   02050501 |
583. |  3279641000033119        Lisicostad 20mg/12.5mg tablets (Genus Pharmaceuticals Ltd)   Hydrochlorothiazide/ Lisinopril       Oral   02050501 |
586. |  1552241000033111                        Zestril 5mg tablets (Atnahs Pharma UK Ltd)                        Lisinopril       Oral   02050501 |
587. |  1551941000033114                       Zestril 10mg tablets (Atnahs Pharma UK Ltd)                        Lisinopril       Oral   02050501 |
     |---------------------------------------------------------------------------------------------------------------------------------------------|
625. |  5971341000033117                                Lisinopril 2.5mg/5ml oral solution                        Lisinopril       Oral   02050501 |
626. |  5971441000033111                              Lisinopril 2.5mg/5ml oral suspension                        Lisinopril       Oral   02050501 |
627. |  6044641000033119                                 Lisinopril 20mg/5ml oral solution                        Lisinopril       Oral   02050501 |
628. |  6044541000033115                               Lisinopril 20mg/5ml oral suspension                        Lisinopril       Oral   02050501 |
629. |  5890241000033117                                  Lisinopril 5mg/5ml oral solution                        Lisinopril       Oral   02050501 |
     |---------------------------------------------------------------------------------------------------------------------------------------------|
630. |  3152141000033115                                Lisinopril 5mg/5ml oral suspension                        Lisinopril       Oral   02050501 |
631. |  5971541000033112                                Lisinopril 7.5mg/5ml oral solution                        Lisinopril       Oral   02050501 |
632. |  5971641000033113                              Lisinopril 7.5mg/5ml oral suspension                        Lisinopril       Oral   02050501 |
650. |  1552141000033116                       Zestril 20mg tablets (Atnahs Pharma UK Ltd)                        Lisinopril       Oral   02050501 |
     +---------------------------------------------------------------------------------------------------------------------------------------------+
Drug: moexipril

  moexipril |      Freq.     Percent        Cum.
------------+-----------------------------------
          0 |        660       99.40       99.40
          1 |          4        0.60      100.00
------------+-----------------------------------
      Total |        664      100.00

     +----------------------------------------------------------------------------------------------------------+
     |       prodcodeid                            termfromemis         drugsubstancename   routeo~n   bnfchapt |
     |----------------------------------------------------------------------------------------------------------|
330. |  938141000033112                 Moexipril 7.5mg tablets   Moexipril hydrochloride       Oral   02050501 |
331. |  938041000033113                  Moexipril 15mg tablets   Moexipril hydrochloride       Oral   02050501 |
459. | 1065941000033115    Perdix 15mg tablets (UCB Pharma Ltd)   Moexipril hydrochloride       Oral   02050501 |
460. | 1066041000033113   Perdix 7.5mg tablets (UCB Pharma Ltd)   Moexipril hydrochloride       Oral   02050501 |
     +----------------------------------------------------------------------------------------------------------+
Drug: perindopril

perindopril |      Freq.     Percent        Cum.
------------+-----------------------------------
          0 |        633       95.33       95.33
          1 |         31        4.67      100.00
------------+-----------------------------------
      Total |        664      100.00

     +-----------------------------------------------------------------------------------------------------------------------------------------------------------+
     |       prodcodeid                                                           termfromemis                           drugsubstancename   routeo~n   bnfchapt |
     |-----------------------------------------------------------------------------------------------------------------------------------------------------------|
 24. | 4153041000033114                                Perindopril  Oral suspension  8 mg/5 ml                                                                   |
 60. | 5997541000033113                                  Perindopril  Oral solution  8 mg/5 ml                                                                   |
 67. | 5888241000033116                                Perindopril  Oral suspension  4 mg/5 ml                                                                   |
109. | 4454641000033117   Coversyl Arginine Plus 5mg/1.25mg tablets (Servier Laboratories Ltd)            Indapamide/ Perindopril arginine       Oral   02050501 |
110. | 4454441000033119              Coversyl Arginine 10mg tablets (Servier Laboratories Ltd)                        Perindopril arginine       Oral   02050501 |
     |-----------------------------------------------------------------------------------------------------------------------------------------------------------|
111. | 4454341000033113               Coversyl Arginine 5mg tablets (Servier Laboratories Ltd)                        Perindopril arginine       Oral   02050501 |
112. | 4454241000033115             Coversyl Arginine 2.5mg tablets (Servier Laboratories Ltd)                        Perindopril arginine       Oral   02050501 |
117. | 4454141000033110                                      Perindopril arginine 10mg tablets                        Perindopril arginine       Oral   02050501 |
118. | 4453941000033114                                     Perindopril arginine 2.5mg tablets                        Perindopril arginine       Oral   02050501 |
119. | 4454541000033118                   Perindopril arginine 5mg / Indapamide 1.25mg tablets            Indapamide/ Perindopril arginine       Oral   02050501 |
     |-----------------------------------------------------------------------------------------------------------------------------------------------------------|
120. | 4454041000033111                                       Perindopril arginine 5mg tablets                        Perindopril arginine       Oral   02050501 |
129. | 8275941000033110                             Perindopril erbumine 8mg/5ml oral solution                        Perindopril erbumine       Oral   02050501 |
130. | 8276141000033118                           Perindopril erbumine 8mg/5ml oral suspension                        Perindopril erbumine       Oral   02050501 |
187. | 8263541000033111                                      Perindopril tosilate 10mg tablets                        Perindopril tosilate       Oral   02050501 |
188. | 8263341000033116                                     Perindopril tosilate 2.5mg tablets                        Perindopril tosilate       Oral   02050501 |
     |-----------------------------------------------------------------------------------------------------------------------------------------------------------|
189. | 8263641000033112                   Perindopril tosilate 5mg / Indapamide 1.25mg tablets            Indapamide/ Perindopril tosilate       Oral   02050501 |
190. | 8263441000033110                                       Perindopril tosilate 5mg tablets                        Perindopril tosilate       Oral   02050501 |
204. | 8869441000033119                             Perindopril erbumine 4mg/5ml oral solution                        Perindopril erbumine       Oral   02050501 |
213. | 9105341000033116                     Perindopril erbumine 4mg / Amlodipine 10mg tablets   Amlodipine besilate/ Perindopril erbumine       Oral   02050501 |
214. | 9105241000033114                      Perindopril erbumine 4mg / Amlodipine 5mg tablets   Amlodipine besilate/ Perindopril erbumine       Oral   02050501 |
     |-----------------------------------------------------------------------------------------------------------------------------------------------------------|
215. | 9105541000033111                     Perindopril erbumine 8mg / Amlodipine 10mg tablets   Amlodipine besilate/ Perindopril erbumine       Oral   02050501 |
216. | 9105441000033110                      Perindopril erbumine 8mg / Amlodipine 5mg tablets   Amlodipine besilate/ Perindopril erbumine       Oral   02050501 |
319. | 1067841000033115                                       Perindopril erbumine 2mg tablets                        Perindopril erbumine       Oral   02050501 |
320. | 1067941000033111                                       Perindopril erbumine 4mg tablets                        Perindopril erbumine       Oral   02050501 |
375. | 3161641000033114                   Perindopril erbumine 4mg / Indapamide 1.25mg tablets            Indapamide/ Perindopril erbumine       Oral   02050501 |
     |-----------------------------------------------------------------------------------------------------------------------------------------------------------|
410. | 2846741000033119                                       Perindopril erbumine 8mg tablets                        Perindopril erbumine       Oral   02050501 |
418. | 2846641000033111                        Coversyl 8mg tablets (Servier Laboratories Ltd)                        Perindopril erbumine       Oral   02050501 |
512. |  377541000033114                        Coversyl 2mg tablets (Servier Laboratories Ltd)                        Perindopril erbumine       Oral   02050501 |
536. | 2739541000033117                       Coversyl Plus tablets (Servier Laboratories Ltd)            Indapamide/ Perindopril erbumine       Oral   02050501 |
636. | 8276041000033117                           Perindopril erbumine 4mg/5ml oral suspension                        Perindopril erbumine       Oral   02050501 |
     |-----------------------------------------------------------------------------------------------------------------------------------------------------------|
652. |  377641000033110                        Coversyl 4mg tablets (Servier Laboratories Ltd)                        Perindopril erbumine       Oral   02050501 |
     +-----------------------------------------------------------------------------------------------------------------------------------------------------------+
Drug: quinapril

  quinapril |      Freq.     Percent        Cum.
------------+-----------------------------------
          0 |        653       98.34       98.34
          1 |         11        1.66      100.00
------------+-----------------------------------
      Total |        664      100.00

     +---------------------------------------------------------------------------------------------------------------------------------------------+
     |       prodcodeid                                          termfromemis                              drugsubstancename   routeo~n   bnfchapt |
     |---------------------------------------------------------------------------------------------------------------------------------------------|
202. |   13241000033114                     Accupro 10mg tablets (Pfizer Ltd)                        Quinapril hydrochloride       Oral   02050501 |
239. |   11241000033113            Accuretic 10mg/12.5mg tablets (Pfizer Ltd)   Hydrochlorothiazide/ Quinapril hydrochloride       Oral   02050501 |
315. | 1149241000033111                                 Quinapril 5mg tablets                        Quinapril hydrochloride       Oral   02050501 |
316. | 1149341000033118                                Quinapril 10mg tablets                        Quinapril hydrochloride       Oral   02050501 |
317. | 1149441000033112                                Quinapril 20mg tablets                        Quinapril hydrochloride       Oral   02050501 |
     |---------------------------------------------------------------------------------------------------------------------------------------------|
318. | 1149541000033113                                Quinapril 40mg tablets                        Quinapril hydrochloride       Oral   02050501 |
447. | 3160641000033118   Quinapril 10mg / Hydrochlorothiazide 12.5mg tablets   Hydrochlorothiazide/ Quinapril hydrochloride       Oral   02050501 |
542. |   13441000033110                      Accupro 5mg tablets (Pfizer Ltd)                        Quinapril hydrochloride       Oral   02050501 |
589. |   13341000033116                     Accupro 20mg tablets (Pfizer Ltd)                        Quinapril hydrochloride       Oral   02050501 |
633. |   11641000033111                     Accupro 40mg tablets (Pfizer Ltd)                        Quinapril hydrochloride       Oral   02050501 |
     |---------------------------------------------------------------------------------------------------------------------------------------------|
657. | 3283141000033118        Quinil 5mg tablets (Tillomed Laboratories Ltd)                        Quinapril hydrochloride       Oral   02050501 |
     +---------------------------------------------------------------------------------------------------------------------------------------------+
Drug: ramipril

   ramipril |      Freq.     Percent        Cum.
------------+-----------------------------------
          0 |        627       94.43       94.43
          1 |         37        5.57      100.00
------------+-----------------------------------
      Total |        664      100.00

     +--------------------------------------------------------------------------------------------------------------------------------------+
     |        prodcodeid                                                          termfromemis      drugsubstancename   routeo~n   bnfchapt |
     |--------------------------------------------------------------------------------------------------------------------------------------|
  7. |  3890041000033117   Ramipril  Powder For Oral Suspension With Diluent (Kit)  10 mg/5 ml                                              |
 52. |  2724541000033115            Ramipril  Titration pack  7 x 2.5 mg, 21 x 5 mg, 7 x 10 mg                                              |
 57. |  4521441000033112      Tritace  Tablet Titration Pack  7 x 2.5 mg, 21 x 5 mg, 7 x 10 mg                                              |
 86. |  1455541000033110                              Tritace 1.25mg capsules (Aventis Pharma)               Ramipril       Oral   02050501 |
121. | 12090641000033119                               Tritace titration pack tablets (Sanofi)                                     02050501 |
     |--------------------------------------------------------------------------------------------------------------------------------------|
175. |  6517041000033110                           Ramipril 2.5mg/5ml oral solution sugar free               Ramipril       Oral   02050501 |
245. |  2724641000033119                              Tritace titration pack capsules (Sanofi)                                     02050501 |
270. |  3163341000033119            Felodipine 2.5mg modified-release / Ramipril 2.5mg tablets   Felodipine/ Ramipril       Oral   02050501 |
271. |  3163241000033112                Felodipine 5mg modified-release / Ramipril 5mg tablets   Felodipine/ Ramipril       Oral   02050501 |
321. |  1151341000033117                                              Ramipril 1.25mg capsules               Ramipril       Oral   02050501 |
     |--------------------------------------------------------------------------------------------------------------------------------------|
322. |  1151441000033111                                               Ramipril 2.5mg capsules               Ramipril       Oral   02050501 |
323. |  1151541000033112                                                 Ramipril 5mg capsules               Ramipril       Oral   02050501 |
324. |  1769841000033111                                                Ramipril 10mg capsules               Ramipril       Oral   02050501 |
427. |  1834341000033110                     Triapin 5mg/5mg modified-release tablets (Sanofi)   Felodipine/ Ramipril       Oral   02050501 |
467. |  2989541000033115                                               Ramipril 1.25mg tablets               Ramipril       Oral   02050501 |
     |--------------------------------------------------------------------------------------------------------------------------------------|
468. |  2989641000033119                                                Ramipril 2.5mg tablets               Ramipril       Oral   02050501 |
469. |  2989741000033111                                                  Ramipril 5mg tablets               Ramipril       Oral   02050501 |
470. |  2989841000033118                                                 Ramipril 10mg tablets               Ramipril       Oral   02050501 |
476. |  8264941000033119                 Triapin 2.5mg/2.5mg modified-release tablets (Sanofi)   Felodipine/ Ramipril       Oral   02050501 |
499. |  1769941000033115                                        Tritace 10mg capsules (Sanofi)               Ramipril       Oral   02050501 |
     |--------------------------------------------------------------------------------------------------------------------------------------|
517. |  2989941000033114                                       Tritace 1.25mg tablets (Sanofi)               Ramipril       Oral   02050501 |
518. |  2990041000033116                                        Tritace 2.5mg tablets (Sanofi)               Ramipril       Oral   02050501 |
519. |  2990141000033117                                          Tritace 5mg tablets (Sanofi)               Ramipril       Oral   02050501 |
520. |  2990241000033112                                         Tritace 10mg tablets (Sanofi)               Ramipril       Oral   02050501 |
575. |  3159741000033111                     Lopace 2.5mg capsules (Discovery Pharmaceuticals)               Ramipril       Oral   02050501 |
     |--------------------------------------------------------------------------------------------------------------------------------------|
576. |  3159841000033118                       Lopace 5mg capsules (Discovery Pharmaceuticals)               Ramipril       Oral   02050501 |
577. |  3159941000033114                      Lopace 10mg capsules (Discovery Pharmaceuticals)               Ramipril       Oral   02050501 |
579. |  1455741000033119                                         Tritace 5mg capsules (Sanofi)               Ramipril       Oral   02050501 |
602. |  1455641000033111                                       Tritace 2.5mg capsules (Sanofi)               Ramipril       Oral   02050501 |
639. |  5998241000033112                                     Ramipril 1.25mg/5ml oral solution               Ramipril       Oral   02050501 |
     |--------------------------------------------------------------------------------------------------------------------------------------|
640. |  4152241000033113                                   Ramipril 1.25mg/5ml oral suspension               Ramipril       Oral   02050501 |
641. |  5887841000033118                                       Ramipril 10mg/5ml oral solution               Ramipril       Oral   02050501 |
642. |  5887941000033114                                     Ramipril 10mg/5ml oral suspension               Ramipril       Oral   02050501 |
643. |  5890541000033115                                      Ramipril 2.5mg/5ml oral solution               Ramipril       Oral   02050501 |
644. |  4805941000033114                                    Ramipril 2.5mg/5ml oral suspension               Ramipril       Oral   02050501 |
     |--------------------------------------------------------------------------------------------------------------------------------------|
645. |  5890341000033110                                        Ramipril 5mg/5ml oral solution               Ramipril       Oral   02050501 |
646. |  2883341000033118                                      Ramipril 5mg/5ml oral suspension               Ramipril       Oral   02050501 |
     +--------------------------------------------------------------------------------------------------------------------------------------+
Drug: trandolapril

trandolapri |
          l |      Freq.     Percent        Cum.
------------+-----------------------------------
          0 |        619       93.22       93.22
          1 |         45        6.78      100.00
------------+-----------------------------------
      Total |        664      100.00

     +--------------------------------------------------------------------------------------------------------------------------------------------------------------------+
     |       prodcodeid                                                                     termfromemis                       drugsubstancename   routeofad~n   bnfchapt |
     |--------------------------------------------------------------------------------------------------------------------------------------------------------------------|
 13. | 1513041000033118                                         Verapamil Hydrochloride  Tablets  240 mg                                                                  |
 14. | 1511741000033119                                    Verapamil Hydrochloride  M/R capsules  240 mg                                                                  |
 50. | 1508641000033116                                    Verapamil Hydrochloride  Injection  2.5 mg/ml                                                                  |
127. | 1274741000033119                                  Securon 120mg tablets (Abbott Laboratories Ltd)                 Verapamil hydrochloride          Oral   02060200 |
128. |  998641000033111                                              Odrik 2mg capsules (Aventis Pharma)                            Trandolapril          Oral   02050501 |
     |--------------------------------------------------------------------------------------------------------------------------------------------------------------------|
191. | 1489541000033117                             Univer 120mg modified-release capsules (Teva UK Ltd)                 Verapamil hydrochloride          Oral   02060200 |
201. |  998741000033119                                     Odrik 500microgram capsules (Aventis Pharma)                            Trandolapril          Oral   02050501 |
235. |  648541000033117                           Gopten 500microgram capsules (Abbott Laboratories Ltd)                            Trandolapril          Oral   02050501 |
238. |  375141000033114                              Cordilox 80mg tablets (IVAX Pharmaceuticals UK Ltd)                 Verapamil hydrochloride          Oral   02060200 |
242. |  648441000033118                                    Gopten 2mg capsules (Abbott Laboratories Ltd)                            Trandolapril          Oral   02050501 |
     |--------------------------------------------------------------------------------------------------------------------------------------------------------------------|
272. | 1513241000033114                                                           Verapamil 40mg tablets                 Verapamil hydrochloride          Oral   02060200 |
273. | 1513341000033116                                                           Verapamil 80mg tablets                 Verapamil hydrochloride          Oral   02060200 |
274. | 1512941000033111                                                          Verapamil 120mg tablets                 Verapamil hydrochloride          Oral   02060200 |
275. | 1513141000033119                                                          Verapamil 160mg tablets                 Verapamil hydrochloride          Oral   02060200 |
327. | 1454141000033119                                               Trandolapril 500microgram capsules                            Trandolapril          Oral   02050501 |
     |--------------------------------------------------------------------------------------------------------------------------------------------------------------------|
328. | 1453941000033115                                                        Trandolapril 1mg capsules                            Trandolapril          Oral   02050501 |
329. | 1454041000033118                                                        Trandolapril 2mg capsules                            Trandolapril          Oral   02050501 |
377. |  648341000033112                                    Gopten 1mg capsules (Abbott Laboratories Ltd)                            Trandolapril          Oral   02050501 |
382. | 1509041000033119                                         Verapamil 120mg modified-release tablets                 Verapamil hydrochloride          Oral   02060200 |
392. | 3163041000033116                     Verapamil 180mg modified-release / Trandolapril 2mg capsules   Trandolapril/ Verapamil hydrochloride          Oral   02050501 |
     |--------------------------------------------------------------------------------------------------------------------------------------------------------------------|
393. | 1511241000033113                                        Verapamil 180mg modified-release capsules                 Verapamil hydrochloride          Oral   02060200 |
394. | 4260341000033110                                Verapamil 5mg/2ml solution for injection ampoules                 Verapamil hydrochloride   Intravenous   02060200 |
395. | 2845841000033119                                      Ranvera MR 240mg tablets (Ranbaxy (UK) Ltd)                 Verapamil hydrochloride          Oral   02060200 |
398. | 1511141000033118                                        Verapamil 120mg modified-release capsules                 Verapamil hydrochloride          Oral   02060200 |
407. | 1406341000033117                        Tarka modified-release capsules (Abbott Laboratories Ltd)   Trandolapril/ Verapamil hydrochloride          Oral   02050501 |
     |--------------------------------------------------------------------------------------------------------------------------------------------------------------------|
426. | 1509141000033115                                         Verapamil 240mg modified-release tablets                 Verapamil hydrochloride          Oral   02060200 |
431. | 1511341000033115                                        Verapamil 240mg modified-release capsules                 Verapamil hydrochloride          Oral   02060200 |
434. | 1489641000033116                             Univer 180mg modified-release capsules (Teva UK Ltd)                 Verapamil hydrochloride          Oral   02060200 |
480. | 3014741000033111                                                        Trandolapril 4mg capsules                            Trandolapril          Oral   02050501 |
482. | 2641041000033116                    Zolvera 40mg/5ml oral solution (Rosemont Pharmaceuticals Ltd)                 Verapamil hydrochloride          Oral   02060200 |
     |--------------------------------------------------------------------------------------------------------------------------------------------------------------------|
483. | 1509841000033114                                      Verapamil 40mg/5ml oral solution sugar free                 Verapamil hydrochloride          Oral   02060200 |
496. |  998541000033110                                              Odrik 1mg capsules (Aventis Pharma)                            Trandolapril          Oral   02050501 |
500. | 1271741000033116   Securon IV 5mg/2ml solution for injection ampoules (Viatris UK Healthcare Ltd)                 Verapamil hydrochloride   Intravenous   02060200 |
527. | 1833541000033117                                   Verapress MR 240mg tablets (Dexcel-Pharma Ltd)                 Verapamil hydrochloride          Oral   02060200 |
532. | 1275141000033117                             Securon SR 240mg tablets (Viatris UK Healthcare Ltd)                 Verapamil hydrochloride          Oral   02060200 |
     |--------------------------------------------------------------------------------------------------------------------------------------------------------------------|
535. |  375041000033110                              Cordilox 40mg tablets (IVAX Pharmaceuticals UK Ltd)                 Verapamil hydrochloride          Oral   02060200 |
537. | 3014841000033118                                    Gopten 4mg capsules (Abbott Laboratories Ltd)                            Trandolapril          Oral   02050501 |
547. | 1489741000033113                             Univer 240mg modified-release capsules (Teva UK Ltd)                 Verapamil hydrochloride          Oral   02060200 |
551. | 1754841000033116                                               Vertab SR 240 tablets (Chiesi Ltd)                 Verapamil hydrochloride          Oral   02060200 |
558. | 2129041000033118                                          Cordilox MR 240mg tablets (Teva UK Ltd)                 Verapamil hydrochloride          Oral   02060200 |
     |--------------------------------------------------------------------------------------------------------------------------------------------------------------------|
559. | 2890641000033116                            Vera-Til SR 120mg tablets (Tillomed Laboratories Ltd)                 Verapamil hydrochloride          Oral   02060200 |
560. | 2890741000033113                            Vera-Til SR 240mg tablets (Tillomed Laboratories Ltd)                 Verapamil hydrochloride          Oral   02060200 |
573. |  374941000033110                             Cordilox 160mg tablets (IVAX Pharmaceuticals UK Ltd)                 Verapamil hydrochloride          Oral   02060200 |
611. |  660641000033112                        Half Securon SR 120mg tablets (Viatris UK Healthcare Ltd)                 Verapamil hydrochloride          Oral   02060200 |
635. |  374841000033119                             Cordilox 120mg tablets (IVAX Pharmaceuticals UK Ltd)                 Verapamil hydrochloride          Oral   02060200 |
     +--------------------------------------------------------------------------------------------------------------------------------------------------------------------+
Drug: azilsartan

 azilsartan |      Freq.     Percent        Cum.
------------+-----------------------------------
          0 |        658       99.10       99.10
          1 |          6        0.90      100.00
------------+-----------------------------------
      Total |        664      100.00

     +---------------------------------------------------------------------------------------------------------------+
     |       prodcodeid                          termfromemis                drugsubstancename   routeo~n   bnfchapt |
     |---------------------------------------------------------------------------------------------------------------|
 90. | 7754941000033110     Azilsartan medoxomil 40mg tablets   Azilsartan medoxomil potassium       Oral   02050502 |
 91. | 7755041000033110     Azilsartan medoxomil 80mg tablets   Azilsartan medoxomil potassium       Oral   02050502 |
179. | 7755141000033114   Edarbi 20mg tablets (Takeda UK Ltd)   Azilsartan medoxomil potassium       Oral   02050502 |
180. | 7755241000033119   Edarbi 40mg tablets (Takeda UK Ltd)   Azilsartan medoxomil potassium       Oral   02050502 |
181. | 7755341000033112   Edarbi 80mg tablets (Takeda UK Ltd)   Azilsartan medoxomil potassium       Oral   02050502 |
     |---------------------------------------------------------------------------------------------------------------|
182. | 7754841000033119     Azilsartan medoxomil 20mg tablets   Azilsartan medoxomil potassium       Oral   02050502 |
     +---------------------------------------------------------------------------------------------------------------+
Drug: candesartan

candesartan |      Freq.     Percent        Cum.
------------+-----------------------------------
          0 |        654       98.49       98.49
          1 |         10        1.51      100.00
------------+-----------------------------------
      Total |        664      100.00

     +-----------------------------------------------------------------------------------------------------------+
     |       prodcodeid                               termfromemis       drugsubstancename   routeo~n   bnfchapt |
     |-----------------------------------------------------------------------------------------------------------|
344. |  211641000033118                    Candesartan 2mg tablets   Candesartan cilexetil       Oral   02050502 |
345. |  211741000033110                    Candesartan 4mg tablets   Candesartan cilexetil       Oral   02050502 |
346. |  211841000033117                    Candesartan 8mg tablets   Candesartan cilexetil       Oral   02050502 |
347. |  211541000033119                   Candesartan 16mg tablets   Candesartan cilexetil       Oral   02050502 |
384. |   59441000033117    Amias 8mg tablets (Neon Healthcare Ltd)   Candesartan cilexetil       Oral   02050502 |
     |-----------------------------------------------------------------------------------------------------------|
414. | 3227241000033111                   Candesartan 32mg tablets   Candesartan cilexetil       Oral   02050502 |
621. |   59341000033111    Amias 4mg tablets (Neon Healthcare Ltd)   Candesartan cilexetil       Oral   02050502 |
651. | 3227341000033118   Amias 32mg tablets (Neon Healthcare Ltd)   Candesartan cilexetil       Oral   02050502 |
655. |   59141000033113   Amias 16mg tablets (Neon Healthcare Ltd)   Candesartan cilexetil       Oral   02050502 |
664. |   59241000033118    Amias 2mg tablets (Neon Healthcare Ltd)   Candesartan cilexetil       Oral   02050502 |
     +-----------------------------------------------------------------------------------------------------------+
Drug: eprosartan

 eprosartan |      Freq.     Percent        Cum.
------------+-----------------------------------
          0 |        658       99.10       99.10
          1 |          6        0.90      100.00
------------+-----------------------------------
      Total |        664      100.00

     +-----------------------------------------------------------------------------------------------------------------------+
     |       prodcodeid                                             termfromemis     drugsubstancename   routeo~n   bnfchapt |
     |-----------------------------------------------------------------------------------------------------------------------|
146. | 2040941000033117   Teveten 400mg tablets (Abbott Healthcare Products Ltd)   Eprosartan mesilate       Oral   02050502 |
350. | 2036341000033115                                 Eprosartan 300mg tablets   Eprosartan mesilate       Oral   02050502 |
351. | 2036441000033114                                 Eprosartan 400mg tablets   Eprosartan mesilate       Oral   02050502 |
352. | 2036541000033110                                 Eprosartan 600mg tablets   Eprosartan mesilate       Oral   02050502 |
458. | 2040841000033113        Teveten 300mg tablets (Viatris UK Healthcare Ltd)   Eprosartan mesilate       Oral   02050502 |
     |-----------------------------------------------------------------------------------------------------------------------|
638. | 2041041000033110        Teveten 600mg tablets (Viatris UK Healthcare Ltd)   Eprosartan mesilate       Oral   02050502 |
     +-----------------------------------------------------------------------------------------------------------------------+
Drug: irbesartan

 irbesartan |      Freq.     Percent        Cum.
------------+-----------------------------------
          0 |        646       97.29       97.29
          1 |         18        2.71      100.00
------------+-----------------------------------
      Total |        664      100.00

     +----------------------------------------------------------------------------------------------------------------------------------+
     |       prodcodeid                                            termfromemis                 drugsubstancename   routeo~n   bnfchapt |
     |----------------------------------------------------------------------------------------------------------------------------------|
 79. | 3995341000033119                   CoAprovel 300mg/25mg tablets (Sanofi)   Hydrochlorothiazide/ Irbesartan       Oral   02050502 |
 80. | 3995241000033112     Irbesartan 300mg / Hydrochlorothiazide 25mg tablets   Hydrochlorothiazide/ Irbesartan       Oral   02050502 |
104. | 4954341000033111                    Irbesartan 300mg/5ml oral suspension                        Irbesartan       Oral   02050502 |
113. | 3161241000033111   Irbesartan 300mg / Hydrochlorothiazide 12.5mg tablets   Hydrochlorothiazide/ Irbesartan       Oral   02050502 |
114. | 3161141000033116   Irbesartan 150mg / Hydrochlorothiazide 12.5mg tablets   Hydrochlorothiazide/ Irbesartan       Oral   02050502 |
     |----------------------------------------------------------------------------------------------------------------------------------|
173. | 6435741000033117                   Irbesartan 37.5mg oral powder sachets                        Irbesartan       Oral   02050502 |
198. | 8554141000033116                    Ifirmasta 75mg tablets (Krka UK Ltd)                        Irbesartan       Oral   02050502 |
199. | 8554241000033111                   Ifirmasta 150mg tablets (Krka UK Ltd)                        Irbesartan       Oral   02050502 |
200. | 8554341000033118                   Ifirmasta 300mg tablets (Krka UK Ltd)                        Irbesartan       Oral   02050502 |
341. |  775641000033115                                 Irbesartan 75mg tablets                        Irbesartan       Oral   02050502 |
     |----------------------------------------------------------------------------------------------------------------------------------|
342. |  775441000033117                                Irbesartan 150mg tablets                        Irbesartan       Oral   02050502 |
343. |  775541000033116                                Irbesartan 300mg tablets                        Irbesartan       Oral   02050502 |
357. |   76041000033116                          Aprovel 300mg tablets (Sanofi)                        Irbesartan       Oral   02050502 |
497. |   76141000033117                           Aprovel 75mg tablets (Sanofi)                        Irbesartan       Oral   02050502 |
553. | 2216241000033110                 CoAprovel 300mg/12.5mg tablets (Sanofi)   Hydrochlorothiazide/ Irbesartan       Oral   02050502 |
     |----------------------------------------------------------------------------------------------------------------------------------|
574. | 2216141000033115                 CoAprovel 150mg/12.5mg tablets (Sanofi)   Hydrochlorothiazide/ Irbesartan       Oral   02050502 |
622. | 5970641000033117                    Irbesartan 150mg/5ml oral suspension                        Irbesartan       Oral   02050502 |
624. |   75941000033114                          Aprovel 150mg tablets (Sanofi)                        Irbesartan       Oral   02050502 |
     +----------------------------------------------------------------------------------------------------------------------------------+
Drug: losartan

   losartan |      Freq.     Percent        Cum.
------------+-----------------------------------
          0 |        644       96.99       96.99
          1 |         20        3.01      100.00
------------+-----------------------------------
      Total |        664      100.00

     +-----------------------------------------------------------------------------------------------------------------------------------------------+
     |       prodcodeid                                                 termfromemis                         drugsubstancename   routeo~n   bnfchapt |
     |-----------------------------------------------------------------------------------------------------------------------------------------------|
106. | 4424841000033117   Cozaar-Comp 100mg/12.5mg tablets (Organon Pharma (UK) Ltd)   Hydrochlorothiazide/ Losartan potassium       Oral   02050502 |
107. | 4424741000033110          Losartan 100mg / Hydrochlorothiazide 12.5mg tablets   Hydrochlorothiazide/ Losartan potassium       Oral   02050502 |
133. | 5971941000033118                              Losartan 50mg/5ml oral solution                        Losartan potassium       Oral   02050502 |
134. | 5972041000033112                            Losartan 50mg/5ml oral suspension                        Losartan potassium       Oral   02050502 |
145. | 4957641000033110              Cozaar 12.5mg tablets (Organon Pharma (UK) Ltd)                        Losartan potassium       Oral   02050502 |
     |-----------------------------------------------------------------------------------------------------------------------------------------------|
147. | 4957541000033114                                      Losartan 12.5mg tablets                        Losartan potassium       Oral   02050502 |
148. | 5971741000033116                             Losartan 100mg/5ml oral solution                        Losartan potassium       Oral   02050502 |
149. | 5971841000033114                           Losartan 100mg/5ml oral suspension                        Losartan potassium       Oral   02050502 |
151. | 5150041000033110    Cozaar 2.5mg/ml oral suspension (Organon Pharma (UK) Ltd)                        Losartan potassium       Oral   02050502 |
152. | 5149941000033118                 Losartan 2.5mg/ml oral suspension sugar free                        Losartan potassium       Oral   02050502 |
     |-----------------------------------------------------------------------------------------------------------------------------------------------|
234. | 2720241000033110               Cozaar 100mg tablets (Organon Pharma (UK) Ltd)                        Losartan potassium       Oral   02050502 |
237. |  370841000033110    Cozaar-Comp 50mg/12.5mg tablets (Organon Pharma (UK) Ltd)   Hydrochlorothiazide/ Losartan potassium       Oral   02050502 |
241. |  370441000033112                Cozaar 25mg tablets (Organon Pharma (UK) Ltd)                        Losartan potassium       Oral   02050502 |
335. |  851841000033117                                        Losartan 25mg tablets                        Losartan potassium       Oral   02050502 |
336. |  851941000033113                                        Losartan 50mg tablets                        Losartan potassium       Oral   02050502 |
     |-----------------------------------------------------------------------------------------------------------------------------------------------|
337. | 3161741000033117           Losartan 50mg / Hydrochlorothiazide 12.5mg tablets   Hydrochlorothiazide/ Losartan potassium       Oral   02050502 |
436. | 3346841000033117            Losartan 100mg / Hydrochlorothiazide 25mg tablets   Hydrochlorothiazide/ Losartan potassium       Oral   02050502 |
461. | 2720141000033115                                       Losartan 100mg tablets                        Losartan potassium       Oral   02050502 |
531. |  370541000033113                Cozaar 50mg tablets (Organon Pharma (UK) Ltd)                        Losartan potassium       Oral   02050502 |
663. | 3346941000033113     Cozaar-Comp 100mg/25mg tablets (Organon Pharma (UK) Ltd)   Hydrochlorothiazide/ Losartan potassium       Oral   02050502 |
     +-----------------------------------------------------------------------------------------------------------------------------------------------+
Drug: olmesartan

 olmesartan |      Freq.     Percent        Cum.
------------+-----------------------------------
          0 |        640       96.39       96.39
          1 |         24        3.61      100.00
------------+-----------------------------------
      Total |        664      100.00

     +---------------------------------------------------------------------------------------------------------------------------------------------------------------+
 72. |       prodcodeid |                                                   termfromemis |                                              drugsubstancename | routeo~n |
     | 3909141000033116 |       Olmetec Plus 20mg/12.5mg tablets (Daiichi Sankyo UK Ltd) |                      Hydrochlorothiazide/ Olmesartan medoxomil |     Oral |
     |---------------------------------------------------------------------------------------------------------------------------------------------------------------|
     |                                                                           bnfchapt                                                                            |
     |                                                                           02050502                                                                            |
     +---------------------------------------------------------------------------------------------------------------------------------------------------------------+

     +---------------------------------------------------------------------------------------------------------------------------------------------------------------+
 73. |       prodcodeid |                                                   termfromemis |                                              drugsubstancename | routeo~n |
     | 3909241000033111 |         Olmetec Plus 20mg/25mg tablets (Daiichi Sankyo UK Ltd) |                      Hydrochlorothiazide/ Olmesartan medoxomil |     Oral |
     |---------------------------------------------------------------------------------------------------------------------------------------------------------------|
     |                                                                           bnfchapt                                                                            |
     |                                                                           02050502                                                                            |
     +---------------------------------------------------------------------------------------------------------------------------------------------------------------+

     +---------------------------------------------------------------------------------------------------------------------------------------------------------------+
 74. |       prodcodeid |                                                   termfromemis |                                              drugsubstancename | routeo~n |
     | 3909041000033115 |   Olmesartan medoxomil 20mg / Hydrochlorothiazide 25mg tablets |                      Hydrochlorothiazide/ Olmesartan medoxomil |     Oral |
     |---------------------------------------------------------------------------------------------------------------------------------------------------------------|
     |                                                                           bnfchapt                                                                            |
     |                                                                           02050502                                                                            |
     +---------------------------------------------------------------------------------------------------------------------------------------------------------------+

     +---------------------------------------------------------------------------------------------------------------------------------------------------------------+
137. |       prodcodeid |                                                   termfromemis |                                              drugsubstancename | routeo~n |
     | 4273241000033118 |                  Olmesartan medoxomil 10mg/5ml oral suspension |                                           Olmesartan medoxomil |     Oral |
     |---------------------------------------------------------------------------------------------------------------------------------------------------------------|
     |                                                                           bnfchapt                                                                            |
     |                                                                           02050502                                                                            |
     +---------------------------------------------------------------------------------------------------------------------------------------------------------------+

     +---------------------------------------------------------------------------------------------------------------------------------------------------------------+
154. |       prodcodeid |                                                   termfromemis |                                              drugsubstancename | routeo~n |
     | 5006341000033113 |              Sevikar 40mg/10mg tablets (Daiichi Sankyo UK Ltd) |                      Amlodipine besilate/ Olmesartan medoxomil |     Oral |
     |---------------------------------------------------------------------------------------------------------------------------------------------------------------|
     |                                                                           bnfchapt                                                                            |
     |                                                                           02050502                                                                            |
     +---------------------------------------------------------------------------------------------------------------------------------------------------------------+

     +---------------------------------------------------------------------------------------------------------------------------------------------------------------+
155. |       prodcodeid |                                                   termfromemis |                                              drugsubstancename | routeo~n |
     | 5006241000033115 |               Sevikar 40mg/5mg tablets (Daiichi Sankyo UK Ltd) |                      Amlodipine besilate/ Olmesartan medoxomil |     Oral |
     |---------------------------------------------------------------------------------------------------------------------------------------------------------------|
     |                                                                           bnfchapt                                                                            |
     |                                                                           02050502                                                                            |
     +---------------------------------------------------------------------------------------------------------------------------------------------------------------+

     +---------------------------------------------------------------------------------------------------------------------------------------------------------------+
156. |       prodcodeid |                                                   termfromemis |                                              drugsubstancename | routeo~n |
     | 5006141000033110 |               Sevikar 20mg/5mg tablets (Daiichi Sankyo UK Ltd) |                      Amlodipine besilate/ Olmesartan medoxomil |     Oral |
     |---------------------------------------------------------------------------------------------------------------------------------------------------------------|
     |                                                                           bnfchapt                                                                            |
     |                                                                           02050502                                                                            |
     +---------------------------------------------------------------------------------------------------------------------------------------------------------------+

     +---------------------------------------------------------------------------------------------------------------------------------------------------------------+
157. |       prodcodeid |                                                   termfromemis |                                              drugsubstancename | routeo~n |
     | 5566441000033117 |       Olmetec Plus 40mg/12.5mg tablets (Daiichi Sankyo UK Ltd) |                      Hydrochlorothiazide/ Olmesartan medoxomil |     Oral |
     |---------------------------------------------------------------------------------------------------------------------------------------------------------------|
     |                                                                           bnfchapt                                                                            |
     |                                                                           02050502                                                                            |
     +---------------------------------------------------------------------------------------------------------------------------------------------------------------+

     +---------------------------------------------------------------------------------------------------------------------------------------------------------------+
168. |       prodcodeid |                                                   termfromemis |                                              drugsubstancename | routeo~n |
     | 6180641000033112 |    Sevikar HCT 20mg/5mg/12.5mg tablets (Daiichi Sankyo UK Ltd) | Amlodipine besilate/ Hydrochlorothiazide/ Olmesartan medoxomil |     Oral |
     |---------------------------------------------------------------------------------------------------------------------------------------------------------------|
     |                                                                           bnfchapt                                                                            |
     |                                                                           02050502                                                                            |
     +---------------------------------------------------------------------------------------------------------------------------------------------------------------+

     +---------------------------------------------------------------------------------------------------------------------------------------------------------------+
169. |       prodcodeid |                                                   termfromemis |                                              drugsubstancename | routeo~n |
     | 6180741000033115 |    Sevikar HCT 40mg/5mg/12.5mg tablets (Daiichi Sankyo UK Ltd) | Amlodipine besilate/ Hydrochlorothiazide/ Olmesartan medoxomil |     Oral |
     |---------------------------------------------------------------------------------------------------------------------------------------------------------------|
     |                                                                           bnfchapt                                                                            |
     |                                                                           02050502                                                                            |
     +---------------------------------------------------------------------------------------------------------------------------------------------------------------+

     +---------------------------------------------------------------------------------------------------------------------------------------------------------------+
170. |       prodcodeid |                                                   termfromemis |                                              drugsubstancename | routeo~n |
     | 6180841000033113 |   Sevikar HCT 40mg/10mg/12.5mg tablets (Daiichi Sankyo UK Ltd) | Amlodipine besilate/ Hydrochlorothiazide/ Olmesartan medoxomil |     Oral |
     |---------------------------------------------------------------------------------------------------------------------------------------------------------------|
     |                                                                           bnfchapt                                                                            |
     |                                                                           02050502                                                                            |
     +---------------------------------------------------------------------------------------------------------------------------------------------------------------+

     +---------------------------------------------------------------------------------------------------------------------------------------------------------------+
171. |       prodcodeid |                                                   termfromemis |                                              drugsubstancename | routeo~n |
     | 6180941000033117 |      Sevikar HCT 40mg/5mg/25mg tablets (Daiichi Sankyo UK Ltd) | Amlodipine besilate/ Hydrochlorothiazide/ Olmesartan medoxomil |     Oral |
     |---------------------------------------------------------------------------------------------------------------------------------------------------------------|
     |                                                                           bnfchapt                                                                            |
     |                                                                           02050502                                                                            |
     +---------------------------------------------------------------------------------------------------------------------------------------------------------------+

     +---------------------------------------------------------------------------------------------------------------------------------------------------------------+
172. |       prodcodeid |                                                   termfromemis |                                              drugsubstancename | routeo~n |
     | 6181041000033110 |     Sevikar HCT 40mg/10mg/25mg tablets (Daiichi Sankyo UK Ltd) | Amlodipine besilate/ Hydrochlorothiazide/ Olmesartan medoxomil |     Oral |
     |---------------------------------------------------------------------------------------------------------------------------------------------------------------|
     |                                                                           bnfchapt                                                                            |
     |                                                                           02050502                                                                            |
     +---------------------------------------------------------------------------------------------------------------------------------------------------------------+

     +---------------------------------------------------------------------------------------------------------------------------------------------------------------+
423. |       prodcodeid |                                                   termfromemis |                                              drugsubstancename | routeo~n |
     | 2944641000033112 |                              Olmesartan medoxomil 20mg tablets |                                           Olmesartan medoxomil |     Oral |
     |---------------------------------------------------------------------------------------------------------------------------------------------------------------|
     |                                                                           bnfchapt                                                                            |
     |                                                                           02050502                                                                            |
     +---------------------------------------------------------------------------------------------------------------------------------------------------------------+

     +---------------------------------------------------------------------------------------------------------------------------------------------------------------+
424. |       prodcodeid |                                                   termfromemis |                                              drugsubstancename | routeo~n |
     | 2944741000033115 |                              Olmesartan medoxomil 40mg tablets |                                           Olmesartan medoxomil |     Oral |
     |---------------------------------------------------------------------------------------------------------------------------------------------------------------|
     |                                                                           bnfchapt                                                                            |
     |                                                                           02050502                                                                            |
     +---------------------------------------------------------------------------------------------------------------------------------------------------------------+

     +---------------------------------------------------------------------------------------------------------------------------------------------------------------+
471. |       prodcodeid |                                                   termfromemis |                                              drugsubstancename | routeo~n |
     | 2944541000033111 |                              Olmesartan medoxomil 10mg tablets |                                           Olmesartan medoxomil |     Oral |
     |---------------------------------------------------------------------------------------------------------------------------------------------------------------|
     |                                                                           bnfchapt                                                                            |
     |                                                                           02050502                                                                            |
     +---------------------------------------------------------------------------------------------------------------------------------------------------------------+

     +---------------------------------------------------------------------------------------------------------------------------------------------------------------+
473. |       prodcodeid |                                                   termfromemis |                                              drugsubstancename | routeo~n |
     | 3908941000033112 | Olmesartan medoxomil 20mg / Hydrochlorothiazide 12.5mg tablets |                      Hydrochlorothiazide/ Olmesartan medoxomil |     Oral |
     |---------------------------------------------------------------------------------------------------------------------------------------------------------------|
     |                                                                           bnfchapt                                                                            |
     |                                                                           02050502                                                                            |
     +---------------------------------------------------------------------------------------------------------------------------------------------------------------+

     +---------------------------------------------------------------------------------------------------------------------------------------------------------------+
474. |       prodcodeid |                                                   termfromemis |                                              drugsubstancename | routeo~n |
     | 5566341000033111 | Olmesartan medoxomil 40mg / Hydrochlorothiazide 12.5mg tablets |                      Hydrochlorothiazide/ Olmesartan medoxomil |     Oral |
     |---------------------------------------------------------------------------------------------------------------------------------------------------------------|
     |                                                                           bnfchapt                                                                            |
     |                                                                           02050502                                                                            |
     +---------------------------------------------------------------------------------------------------------------------------------------------------------------+

     +---------------------------------------------------------------------------------------------------------------------------------------------------------------+
492. |       prodcodeid |                                                   termfromemis |                                              drugsubstancename | routeo~n |
     | 5005841000033114 |             Olmesartan medoxomil 20mg / Amlodipine 5mg tablets |                      Amlodipine besilate/ Olmesartan medoxomil |     Oral |
     |---------------------------------------------------------------------------------------------------------------------------------------------------------------|
     |                                                                           bnfchapt                                                                            |
     |                                                                           02050502                                                                            |
     +---------------------------------------------------------------------------------------------------------------------------------------------------------------+

     +---------------------------------------------------------------------------------------------------------------------------------------------------------------+
493. |       prodcodeid |                                                   termfromemis |                                              drugsubstancename | routeo~n |
     | 5005941000033118 |             Olmesartan medoxomil 40mg / Amlodipine 5mg tablets |                      Amlodipine besilate/ Olmesartan medoxomil |     Oral |
     |---------------------------------------------------------------------------------------------------------------------------------------------------------------|
     |                                                                           bnfchapt                                                                            |
     |                                                                           02050502                                                                            |
     +---------------------------------------------------------------------------------------------------------------------------------------------------------------+

     +---------------------------------------------------------------------------------------------------------------------------------------------------------------+
495. |       prodcodeid |                                                   termfromemis |                                              drugsubstancename | routeo~n |
     | 5006041000033111 |            Olmesartan medoxomil 40mg / Amlodipine 10mg tablets |                      Amlodipine besilate/ Olmesartan medoxomil |     Oral |
     |---------------------------------------------------------------------------------------------------------------------------------------------------------------|
     |                                                                           bnfchapt                                                                            |
     |                                                                           02050502                                                                            |
     +---------------------------------------------------------------------------------------------------------------------------------------------------------------+

     +---------------------------------------------------------------------------------------------------------------------------------------------------------------+
503. |       prodcodeid |                                                   termfromemis |                                              drugsubstancename | routeo~n |
     | 2944841000033113 |                   Olmetec 10mg tablets (Daiichi Sankyo UK Ltd) |                                           Olmesartan medoxomil |     Oral |
     |---------------------------------------------------------------------------------------------------------------------------------------------------------------|
     |                                                                           bnfchapt                                                                            |
     |                                                                           02050502                                                                            |
     +---------------------------------------------------------------------------------------------------------------------------------------------------------------+

     +---------------------------------------------------------------------------------------------------------------------------------------------------------------+
504. |       prodcodeid |                                                   termfromemis |                                              drugsubstancename | routeo~n |
     | 2944941000033117 |                   Olmetec 20mg tablets (Daiichi Sankyo UK Ltd) |                                           Olmesartan medoxomil |     Oral |
     |---------------------------------------------------------------------------------------------------------------------------------------------------------------|
     |                                                                           bnfchapt                                                                            |
     |                                                                           02050502                                                                            |
     +---------------------------------------------------------------------------------------------------------------------------------------------------------------+

     +---------------------------------------------------------------------------------------------------------------------------------------------------------------+
505. |       prodcodeid |                                                   termfromemis |                                              drugsubstancename | routeo~n |
     | 2945041000033117 |                   Olmetec 40mg tablets (Daiichi Sankyo UK Ltd) |                                           Olmesartan medoxomil |     Oral |
     |---------------------------------------------------------------------------------------------------------------------------------------------------------------|
     |                                                                           bnfchapt                                                                            |
     |                                                                           02050502                                                                            |
     +---------------------------------------------------------------------------------------------------------------------------------------------------------------+
Drug: telmisartan

telmisartan |      Freq.     Percent        Cum.
------------+-----------------------------------
          0 |        643       96.84       96.84
          1 |         21        3.16      100.00
------------+-----------------------------------
      Total |        664      100.00

     +-----------------------------------------------------------------------------------------------------------------------------------------+
     |       prodcodeid                                                  termfromemis                  drugsubstancename   routeo~n   bnfchapt |
     |-----------------------------------------------------------------------------------------------------------------------------------------|
115. | 2272641000033119                                      Telmisartan 20mg tablets                        Telmisartan       Oral   02050502 |
122. | 4548841000033118     MicardisPlus 80mg/25mg tablets (Boehringer Ingelheim Ltd)   Hydrochlorothiazide/ Telmisartan       Oral   02050502 |
123. | 4548741000033111           Telmisartan 80mg / Hydrochlorothiazide 25mg tablets   Hydrochlorothiazide/ Telmisartan       Oral   02050502 |
224. | 9159341000033112             Actelsar HCT 40mg/12.5mg tablets (Actavis UK Ltd)   Hydrochlorothiazide/ Telmisartan       Oral   02050502 |
225. | 9159441000033118             Actelsar HCT 80mg/12.5mg tablets (Actavis UK Ltd)   Hydrochlorothiazide/ Telmisartan       Oral   02050502 |
     |-----------------------------------------------------------------------------------------------------------------------------------------|
226. | 9159541000033117        Actelsar HCT 80mg/25mg tablets (Accord Healthcare Ltd)   Hydrochlorothiazide/ Telmisartan       Oral   02050502 |
228. | 9209341000033116                             Tolura 20mg tablets (Krka UK Ltd)                        Telmisartan       Oral   02050502 |
229. | 9209441000033110                             Tolura 40mg tablets (Krka UK Ltd)                        Telmisartan       Oral   02050502 |
230. | 9209541000033111                             Tolura 80mg tablets (Krka UK Ltd)                        Telmisartan       Oral   02050502 |
231. | 9292641000033116                   Tolucombi 40mg/12.5mg tablets (Krka UK Ltd)   Hydrochlorothiazide/ Telmisartan       Oral   02050502 |
     |-----------------------------------------------------------------------------------------------------------------------------------------|
232. | 9292741000033113                   Tolucombi 80mg/12.5mg tablets (Krka UK Ltd)   Hydrochlorothiazide/ Telmisartan       Oral   02050502 |
233. | 9292841000033115                     Tolucombi 80mg/25mg tablets (Krka UK Ltd)   Hydrochlorothiazide/ Telmisartan       Oral   02050502 |
348. | 1849541000033118                                      Telmisartan 40mg tablets                        Telmisartan       Oral   02050502 |
349. | 1849641000033117                                      Telmisartan 80mg tablets                        Telmisartan       Oral   02050502 |
419. | 2864241000033110   MicardisPlus 40mg/12.5mg tablets (Boehringer Ingelheim Ltd)   Hydrochlorothiazide/ Telmisartan       Oral   02050502 |
     |-----------------------------------------------------------------------------------------------------------------------------------------|
420. | 2864341000033117   MicardisPlus 80mg/12.5mg tablets (Boehringer Ingelheim Ltd)   Hydrochlorothiazide/ Telmisartan       Oral   02050502 |
462. | 3162641000033119         Telmisartan 40mg / Hydrochlorothiazide 12.5mg tablets   Hydrochlorothiazide/ Telmisartan       Oral   02050502 |
463. | 3162741000033111         Telmisartan 80mg / Hydrochlorothiazide 12.5mg tablets   Hydrochlorothiazide/ Telmisartan       Oral   02050502 |
529. | 1849841000033116              Micardis 80mg tablets (Boehringer Ingelheim Ltd)                        Telmisartan       Oral   02050502 |
545. | 2272741000033111              Micardis 20mg tablets (Boehringer Ingelheim Ltd)                        Telmisartan       Oral   02050502 |
     |-----------------------------------------------------------------------------------------------------------------------------------------|
658. | 1849741000033114              Micardis 40mg tablets (Boehringer Ingelheim Ltd)                        Telmisartan       Oral   02050502 |
     +-----------------------------------------------------------------------------------------------------------------------------------------+
Drug: valsartan

  valsartan |      Freq.     Percent        Cum.
------------+-----------------------------------
          0 |        632       95.18       95.18
          1 |         32        4.82      100.00
------------+-----------------------------------
      Total |        664      100.00

     +---------------------------------------------------------------------------------------------------------------------------------------------+
     |        prodcodeid                                                       termfromemis                drugsubstancename   routeo~n   bnfchapt |
     |---------------------------------------------------------------------------------------------------------------------------------------------|
 82. |  4021641000033111                          Amlodipine 10mg / Valsartan 160mg tablets   Amlodipine besilate/ Valsartan       Oral   02060200 |
 83. |  4021541000033110                           Amlodipine 5mg / Valsartan 160mg tablets   Amlodipine besilate/ Valsartan       Oral   02060200 |
 84. |  4021441000033114                            Amlodipine 5mg / Valsartan 80mg tablets   Amlodipine besilate/ Valsartan       Oral   02060200 |
 85. |  4021941000033116       Exforge 10mg/160mg tablets (Novartis Pharmaceuticals UK Ltd)   Amlodipine besilate/ Valsartan       Oral   02060200 |
 87. |  4021841000033112        Exforge 5mg/160mg tablets (Novartis Pharmaceuticals UK Ltd)   Amlodipine besilate/ Valsartan       Oral   02060200 |
     |---------------------------------------------------------------------------------------------------------------------------------------------|
 88. |  4021741000033119         Exforge 5mg/80mg tablets (Novartis Pharmaceuticals UK Ltd)   Amlodipine besilate/ Valsartan       Oral   02060200 |
 97. |   437641000033118            Diovan 160mg capsules (Novartis Pharmaceuticals UK Ltd)                        Valsartan       Oral   02050502 |
108. |  4425041000033113             Diovan 320mg tablets (Novartis Pharmaceuticals UK Ltd)                        Valsartan       Oral   02050502 |
176. |  6528541000033114     Diovan 3mg/1ml oral solution (Novartis Pharmaceuticals UK Ltd)                        Valsartan       Oral   02050502 |
177. |  6528441000033113                                     Valsartan 3mg/ml oral solution                        Valsartan       Oral   02050502 |
     |---------------------------------------------------------------------------------------------------------------------------------------------|
255. | 10944041000033114       Entresto 49mg/51mg tablets (Novartis Pharmaceuticals UK Ltd)            Sacubitril/ Valsartan       Oral   02050502 |
256. | 10943941000033112       Entresto 24mg/26mg tablets (Novartis Pharmaceuticals UK Ltd)            Sacubitril/ Valsartan       Oral   02050502 |
257. | 10944141000033113      Entresto 97mg/103mg tablets (Novartis Pharmaceuticals UK Ltd)            Sacubitril/ Valsartan       Oral   02050502 |
258. | 10943641000033117                           Sacubitril 24mg / Valsartan 26mg tablets            Sacubitril/ Valsartan       Oral   02050502 |
259. | 10943741000033114                           Sacubitril 49mg / Valsartan 51mg tablets            Sacubitril/ Valsartan       Oral   02050502 |
     |---------------------------------------------------------------------------------------------------------------------------------------------|
260. | 10943841000033116                          Sacubitril 97mg / Valsartan 103mg tablets            Sacubitril/ Valsartan       Oral   02050502 |
338. |  1498341000033118                                            Valsartan 40mg capsules                        Valsartan       Oral   02050502 |
339. |  1498441000033112                                            Valsartan 80mg capsules                        Valsartan       Oral   02050502 |
340. |  1498241000033111                                           Valsartan 160mg capsules                        Valsartan       Oral   02050502 |
411. |  6515441000033113                                             Valsartan 80mg tablets                        Valsartan       Oral   02050502 |
     |---------------------------------------------------------------------------------------------------------------------------------------------|
412. |  6515541000033114                                            Valsartan 160mg tablets                        Valsartan       Oral   02050502 |
413. |  4424941000033113                                            Valsartan 320mg tablets                        Valsartan       Oral   02050502 |
415. |  3190741000033112                Valsartan 80mg / Hydrochlorothiazide 12.5mg tablets   Hydrochlorothiazide/ Valsartan       Oral   02050502 |
437. |  3161441000033112               Valsartan 160mg / Hydrochlorothiazide 12.5mg tablets   Hydrochlorothiazide/ Valsartan       Oral   02050502 |
475. |  3161541000033113                 Valsartan 160mg / Hydrochlorothiazide 25mg tablets   Hydrochlorothiazide/ Valsartan       Oral   02050502 |
     |---------------------------------------------------------------------------------------------------------------------------------------------|
485. |  3201341000033115                                             Valsartan 40mg tablets                        Valsartan       Oral   02050502 |
534. |   437841000033117             Diovan 80mg capsules (Novartis Pharmaceuticals UK Ltd)                        Valsartan       Oral   02050502 |
567. |  3152541000033112   Co-Diovan 160mg/12.5mg tablets (Novartis Pharmaceuticals UK Ltd)   Hydrochlorothiazide/ Valsartan       Oral   02050502 |
568. |  3152641000033113     Co-Diovan 160mg/25mg tablets (Novartis Pharmaceuticals UK Ltd)   Hydrochlorothiazide/ Valsartan       Oral   02050502 |
570. |   437741000033110             Diovan 40mg capsules (Novartis Pharmaceuticals UK Ltd)                        Valsartan       Oral   02050502 |
     |---------------------------------------------------------------------------------------------------------------------------------------------|
584. |  3190841000033119    Co-Diovan 80mg/12.5mg tablets (Novartis Pharmaceuticals UK Ltd)   Hydrochlorothiazide/ Valsartan       Oral   02050502 |
588. |  3201441000033114              Diovan 40mg tablets (Novartis Pharmaceuticals UK Ltd)                        Valsartan       Oral   02050502 |
     +---------------------------------------------------------------------------------------------------------------------------------------------+
Drug: aliskiren

  aliskiren |      Freq.     Percent        Cum.
------------+-----------------------------------
          0 |        660       99.40       99.40
          1 |          4        0.60      100.00
------------+-----------------------------------
      Total |        664      100.00

     +------------------------------------------------------------------------------------------------------------+
     |       prodcodeid                               termfromemis        drugsubstancename   routeo~n   bnfchapt |
     |------------------------------------------------------------------------------------------------------------|
101. | 4213841000033113   Rasilez 150mg tablets (Noden Pharma DAC)   Aliskiren hemifumarate       Oral   02050503 |
102. | 4213941000033117   Rasilez 300mg tablets (Noden Pharma DAC)   Aliskiren hemifumarate       Oral   02050503 |
452. | 4213641000033112                    Aliskiren 150mg tablets   Aliskiren hemifumarate       Oral   02050503 |
453. | 4213741000033115                    Aliskiren 300mg tablets   Aliskiren hemifumarate       Oral   02050503 |
     +------------------------------------------------------------------------------------------------------------+
Drug: ketanserin

 ketanserin |      Freq.     Percent        Cum.
------------+-----------------------------------
          0 |        662       99.70       99.70
          1 |          2        0.30      100.00
------------+-----------------------------------
      Total |        664      100.00

     +------------------------------------------------------------------------------------------------------+
     |       prodcodeid                                     termfromemis   drugsubs~e   routeo~n   bnfchapt |
     |------------------------------------------------------------------------------------------------------|
139. | 8101441000033110   Ketensin 20mg tablets (Imported (Netherlands))   Ketanserin              02050800 |
140. | 8101341000033116                          Ketanserin 20mg tablets   Ketanserin       Oral   02050800 |
     +------------------------------------------------------------------------------------------------------+

. 
. 
. // (OPTIONAL) STEP 4. PERFORM SECOND SEARCH TO EXCLUDE UNDESIRED PRODUCTS
. //========================================================================
. 
. //Comment out this section if not required.
. 
. // **Exclusion terms**
. 
. local exclude " "*regaine*" "*minoxidil*%*solution*" "* gel" "* gel *" "*foam*" "*apraclonidine*" "*eye*drops*" "*glutenex*" "

. 
. //Search for codes to exclude
. foreach excludeterm in exclude {
  2. 
.         gen byte `excludeterm' = .
  3. 
.         foreach codeterm in lower(term) {
  4.                 
.                 foreach searchterm in ``excludeterm'' {         
  5.                         
.                         replace `excludeterm' = 1 if strmatch(`codeterm', "`searchterm'")
  6.                 }
  7.         }
  8. }
(664 missing values generated)
(6 real changes made)
(2 real changes made)
(1 real change made)
(0 real changes made)
(1 real change made)
(2 real changes made)
(8 real changes made)
(2 real changes made)

. 
. //Check that nothing important is highlighted for exclusion before dropping
. list prodcodeid termfromemis drugsubstancename bnfchapt if exclude == 1

     +------------------------------------------------------------------------------------------------------------------------------------------------+
     |        prodcodeid                                                               termfromemis                      drugsubstancename   bnfchapt |
     |------------------------------------------------------------------------------------------------------------------------------------------------|
  1. |   654641000033110                                   Guanethidine Monosulfate  Eye drops  5 %                                                   |
  5. |   777541000033113                                                    Ismelin  Eye drops  5 %                                                   |
 26. |   635541000033114                                                       Glutenex  Biscuits                                                     |
 53. |   654841000033111                                Guanethidine Monosulfate 3+0.5  Eye drops                                                     |
 54. |   654741000033118                                Guanethidine Monosulfate 1+0.2  Eye drops                                                     |
     |------------------------------------------------------------------------------------------------------------------------------------------------|
 94. |  4125341000033111                               Regaine for Men 2% gel (McNeil Products Ltd)                              Minoxidil   13090000 |
 95. |  4125241000033118                                                           Minoxidil 2% gel                              Minoxidil   13090000 |
165. |  6448241000033118         Regaine for Men Extra Strength 5% scalp foam (McNeil Products Ltd)                              Minoxidil   13090000 |
353. | 11803241000033110           Regaine for Women Once a Day 5% scalp foam (McNeil Products Ltd)                              Minoxidil   13090000 |
371. |    73641000033115                                             Apraclonidine 5mg/ml eye drops            Apraclonidine hydrochloride   11080200 |
     |------------------------------------------------------------------------------------------------------------------------------------------------|
386. |   921941000033115                                                      Minoxidil 2% solution                              Minoxidil   13090000 |
387. |   921841000033111                                                      Minoxidil 5% solution                              Minoxidil   13090000 |
417. |   771841000033116                Iopidine 5mg/ml eye drops (Novartis Pharmaceuticals UK Ltd)            Apraclonidine hydrochloride   11080200 |
438. |   771741000033114   Iopidine 1% eye drops 0.25ml unit dose (Novartis Pharmaceuticals UK Ltd)            Apraclonidine hydrochloride   11080200 |
440. |    73541000033116              Apraclonidine 1% eye drops 0.25ml unit dose preservative free            Apraclonidine hydrochloride   11080200 |
     |------------------------------------------------------------------------------------------------------------------------------------------------|
477. | 10331841000033112                   Glutenex gluten free white bread mix (Feed Me Right Ltd)                                          09134601 |
489. |  6448341000033111                                                          Minoxidil 5% foam                                                   |
507. |   622641000033116                             Ganda 1 + 0.2 eye drops (Bausch & Lomb UK Ltd)   Adrenaline/ Guanethidine monosulfate   11060000 |
508. |   622441000033118                             Ganda 3 + 0.5 eye drops (Bausch & Lomb UK Ltd)   Adrenaline/ Guanethidine monosulfate   11060000 |
660. |  4026341000033113       Regaine for Women Regular Strength 2% solution (McNeil Products Ltd)                              Minoxidil   13090000 |
     |------------------------------------------------------------------------------------------------------------------------------------------------|
661. |  4026741000033114         Regaine for Men Regular Strength 2% solution (McNeil Products Ltd)                              Minoxidil   13090000 |
662. |  4026941000033112   Regaine for Men Extra Strength 5% scalp solution (Johnson & Johnson Ltd)                              Minoxidil   13090000 |
     +------------------------------------------------------------------------------------------------------------------------------------------------+

. drop if exclude == 1
(22 observations deleted)

. drop exclude

. count
  642

. compress
  (0 bytes saved)

. 
. //Check included products for each drug
. //(Also use this to go back and add any brand names that may have been missed)
. foreach bnf_section of local antihypertensives {
  2.         
.         foreach drug of local `bnf_section' {
  3.                 
.                 display "Drug: `drug'"
  4.                 tab `drug', missing
  5.                 list prodcodeid termfromemis drugsubstancename routeofadministration ///
>                         bnfchapt if `drug' == 1
  6.         }
  7. }
Drug: ambrisentan

ambrisentan |      Freq.     Percent        Cum.
------------+-----------------------------------
          0 |        638       99.38       99.38
          1 |          4        0.62      100.00
------------+-----------------------------------
      Total |        642      100.00

     +-------------------------------------------------------------------------------------------------------+
     |       prodcodeid                                     termfromemis   drugsubst~e   routeo~n   bnfchapt |
     |-------------------------------------------------------------------------------------------------------|
117. | 4521141000033116    Volibris 5mg tablets (GlaxoSmithKline UK Ltd)   Ambrisentan       Oral   02050100 |
118. | 4521241000033111   Volibris 10mg tablets (GlaxoSmithKline UK Ltd)   Ambrisentan       Oral   02050100 |
474. | 4521041000033115                         Ambrisentan 10mg tablets                                     |
477. | 4520941000033113                          Ambrisentan 5mg tablets                                     |
     +-------------------------------------------------------------------------------------------------------+
Drug: bosentan

   bosentan |      Freq.     Percent        Cum.
------------+-----------------------------------
          0 |        637       99.22       99.22
          1 |          5        0.78      100.00
------------+-----------------------------------
      Total |        642      100.00

     +--------------------------------------------------------------------------------------------------------------+
     |        prodcodeid                                  termfromemis      drugsubstancename   routeo~n   bnfchapt |
     |--------------------------------------------------------------------------------------------------------------|
370. | 12427241000033119        Stayveer 125mg tablets (Advanz Pharma)   Bosentan monohydrate       Oral   02050100 |
439. |  2846141000033118                        Bosentan 125mg tablets   Bosentan monohydrate       Oral   02050100 |
440. |  2845941000033110                       Bosentan 62.5mg tablets   Bosentan monohydrate       Oral   02050100 |
490. |  2846041000033117   Tracleer 62.5mg tablets (Janssen-Cilag Ltd)   Bosentan monohydrate       Oral   02050100 |
491. |  2846241000033113    Tracleer 125mg tablets (Janssen-Cilag Ltd)   Bosentan monohydrate       Oral   02050100 |
     +--------------------------------------------------------------------------------------------------------------+
Drug: diazoxide

  diazoxide |      Freq.     Percent        Cum.
------------+-----------------------------------
          0 |        629       97.98       97.98
          1 |         13        2.02      100.00
------------+-----------------------------------
      Total |        642      100.00

     +----------------------------------------------------------------------------------------------------------------------------------------+
     |       prodcodeid                                                                     termfromemis   drugsub~e   routeofad~n   bnfchapt |
     |----------------------------------------------------------------------------------------------------------------------------------------|
 17. | 4119841000033113                              Diazoxide  Oral Suspension (Sugar-Free)  50 mg/5 ml                                      |
 89. | 8182141000033114                                             Diazoxide 12.5mg/5ml oral suspension   Diazoxide          Oral   06010400 |
153. | 7859441000033119                   Proglycem 250mg/5ml oral suspension (Imported (United States))   Diazoxide                 06010400 |
349. |  464441000033117                                                           Diazoxide 50mg tablets                                      |
379. |  448841000033117                             Diazoxide 300mg/20ml solution for injection ampoules   Diazoxide   Intravenous   02050100 |
     |----------------------------------------------------------------------------------------------------------------------------------------|
426. |  556641000033113                                   Eudemine 50mg tablets (RPH Pharmaceuticals AB)   Diazoxide          Oral   06010400 |
544. |  555141000033110   Eudemine 300mg/20ml solution for injection ampoules (Mercury Pharma Group Ltd)   Diazoxide   Intravenous   02050100 |
586. | 6468341000033117                                                Diazoxide 100mg/5ml oral solution   Diazoxide          Oral   06010400 |
587. | 6468441000033111                                              Diazoxide 100mg/5ml oral suspension   Diazoxide          Oral   06010400 |
588. | 5966941000033118                                                 Diazoxide 10mg/5ml oral solution   Diazoxide          Oral   06010400 |
     |----------------------------------------------------------------------------------------------------------------------------------------|
589. | 5966841000033114                                               Diazoxide 10mg/5ml oral suspension   Diazoxide          Oral   06010400 |
590. | 2623841000033114                                              Diazoxide 250mg/5ml oral suspension   Diazoxide          Oral   06010400 |
591. | 9173841000033115                                               Diazoxide 50mg/5ml oral suspension   Diazoxide          Oral   06010400 |
     +----------------------------------------------------------------------------------------------------------------------------------------+
Drug: hydralazine

hydralazine |      Freq.     Percent        Cum.
------------+-----------------------------------
          0 |        631       98.29       98.29
          1 |         11        1.71      100.00
------------+-----------------------------------
      Total |        642      100.00

     +-----------------------------------------------------------------------------------------------------------------------------------------------------+
     |        prodcodeid                                                                 termfromemis           drugsubstancename   routeofad~n   bnfchapt |
     |-----------------------------------------------------------------------------------------------------------------------------------------------------|
  8. |  3940641000033114                        Hydralazine Hydrochloride  Dispersible tablets  10 mg                                                      |
 57. |  1618441000033111                                  Hydralazine Hydrochloride  Tablets  12.5 mg                                                      |
 63. |    74441000033115                                                   Apresoline  Tablets  50 mg                                                      |
268. |   741941000033113                                                     Hydralazine 25mg tablets   Hydralazine hydrochloride          Oral   02050100 |
269. |   742041000033119                                                     Hydralazine 50mg tablets   Hydralazine hydrochloride          Oral   02050100 |
     |-----------------------------------------------------------------------------------------------------------------------------------------------------|
364. |   734141000033114                  Hydralazine 20mg powder for solution for injection ampoules   Hydralazine hydrochloride   Intravenous   02050100 |
422. |    73441000033117   Apresoline 20mg powder for solution for injection ampoules (Advanz Pharma)   Hydralazine hydrochloride   Intravenous   02050100 |
468. | 12877141000033119                                                     Hydralazine 10mg tablets   Hydralazine hydrochloride          Oral   02050100 |
529. |    74341000033114                                      Apresoline 25mg tablets (Advanz Pharma)   Hydralazine hydrochloride          Oral   02050100 |
601. |  4456241000033111                                         Hydralazine 10mg/5ml oral suspension   Hydralazine hydrochloride          Oral   02050100 |
     |-----------------------------------------------------------------------------------------------------------------------------------------------------|
604. | 11072741000033116                                           Hydralazine 25mg/5ml oral solution   Hydralazine hydrochloride          Oral   02050100 |
     +-----------------------------------------------------------------------------------------------------------------------------------------------------+
Drug: iloprost

   iloprost |      Freq.     Percent        Cum.
------------+-----------------------------------
          0 |        635       98.91       98.91
          1 |          7        1.09      100.00
------------+-----------------------------------
      Total |        642      100.00

     +-----------------------------------------------------------------------------------------------------------------------------------------+
     |        prodcodeid                                                           termfromemis     drugsubstancename   routeofad~n   bnfchapt |
     |-----------------------------------------------------------------------------------------------------------------------------------------|
 87. |  4023741000033115   Ventavis 10micrograms/ml nebuliser solution 1ml ampoules (Bayer Plc)   Iloprost trometamol    Inhalation   02050100 |
371. | 12443741000033115                    Iloprost 20micrograms/1ml nebuliser liquid ampoules   Iloprost trometamol    Inhalation   02050100 |
396. | 13128541000033110        Iloprost 10micrograms/1ml nebuliser liquid ampoules with device   Iloprost trometamol    Inhalation   02050100 |
404. | 13311941000033112        Iloprost 20micrograms/1ml nebuliser liquid ampoules with device   Iloprost trometamol    Inhalation   02050100 |
435. |  4023641000033112                    Iloprost 10micrograms/1ml nebuliser liquid ampoules   Iloprost trometamol    Inhalation   02050100 |
     |-----------------------------------------------------------------------------------------------------------------------------------------|
436. |  3030041000033113                    Iloprost 20micrograms/2ml nebuliser liquid ampoules   Iloprost trometamol    Inhalation            |
497. | 13127941000033115             Iloprost 50micrograms/0.5ml solution for infusion ampoules   Iloprost trometamol   Intravenous   02050100 |
     +-----------------------------------------------------------------------------------------------------------------------------------------+
Drug: macitentan

 macitentan |      Freq.     Percent        Cum.
------------+-----------------------------------
          0 |        640       99.69       99.69
          1 |          2        0.31      100.00
------------+-----------------------------------
      Total |        642      100.00

     +------------------------------------------------------------------------------------------------+
     |       prodcodeid                               termfromemis   drugsubs~e   routeo~n   bnfchapt |
     |------------------------------------------------------------------------------------------------|
201. | 8962641000033115   Opsumit 10mg tablets (Janssen-Cilag Ltd)   Macitentan       Oral   02050100 |
204. | 8962541000033116                    Macitentan 10mg tablets   Macitentan       Oral   02050100 |
     +------------------------------------------------------------------------------------------------+
Drug: minoxidil

  minoxidil |      Freq.     Percent        Cum.
------------+-----------------------------------
          0 |        636       99.07       99.07
          1 |          6        0.93      100.00
------------+-----------------------------------
      Total |        642      100.00

     +----------------------------------------------------------------------------------------+
     |      prodcodeid                         termfromemis   drugsub~e   routeo~n   bnfchapt |
     |----------------------------------------------------------------------------------------|
270. | 920841000033118              Minoxidil 2.5mg tablets   Minoxidil       Oral   02050100 |
271. | 920941000033114                Minoxidil 5mg tablets   Minoxidil       Oral   02050100 |
272. | 920641000033119               Minoxidil 10mg tablets   Minoxidil       Oral   02050100 |
387. | 850641000033114     Loniten 5mg tablets (Pfizer Ltd)   Minoxidil       Oral   02050100 |
388. | 850441000033112    Loniten 10mg tablets (Pfizer Ltd)   Minoxidil       Oral   02050100 |
     |----------------------------------------------------------------------------------------|
389. | 850541000033113   Loniten 2.5mg tablets (Pfizer Ltd)   Minoxidil       Oral   02050100 |
     +----------------------------------------------------------------------------------------+
Drug: riociguat

  riociguat |      Freq.     Percent        Cum.
------------+-----------------------------------
          0 |        635       98.91       98.91
          1 |          7        1.09      100.00
------------+-----------------------------------
      Total |        642      100.00

     +-----------------------------------------------------------------------------------------------------------+
     |       prodcodeid                                           termfromemis   drugsub~e   routeo~n   bnfchapt |
     |-----------------------------------------------------------------------------------------------------------|
209. | 9157841000033113   Adempas 0.5mg tablets (Merck Sharp & Dohme (UK) Ltd)   Riociguat       Oral   02050100 |
210. | 9158041000033119   Adempas 1.5mg tablets (Merck Sharp & Dohme (UK) Ltd)   Riociguat       Oral   02050100 |
211. | 9157441000033110                                Riociguat 1.5mg tablets   Riociguat       Oral   02050100 |
212. | 9157341000033116                                  Riociguat 1mg tablets   Riociguat       Oral   02050100 |
213. | 9157641000033112                                Riociguat 2.5mg tablets   Riociguat       Oral   02050100 |
     |-----------------------------------------------------------------------------------------------------------|
214. | 9157541000033111                                  Riociguat 2mg tablets   Riociguat       Oral   02050100 |
215. | 9157241000033114                         Riociguat 500microgram tablets   Riociguat       Oral   02050100 |
     +-----------------------------------------------------------------------------------------------------------+
Drug: selexipag

  selexipag |      Freq.     Percent        Cum.
------------+-----------------------------------
          0 |        633       98.60       98.60
          1 |          9        1.40      100.00
------------+-----------------------------------
      Total |        642      100.00

     +--------------------------------------------------------------------------------------------------------+
     |        prodcodeid                                       termfromemis   drugsub~e   routeo~n   bnfchapt |
     |--------------------------------------------------------------------------------------------------------|
353. | 11734641000033115                     Selexipag 200microgram tablets   Selexipag       Oral   02050100 |
354. | 11734741000033112                     Selexipag 400microgram tablets   Selexipag       Oral   02050100 |
355. | 11735541000033117   Uptravi 400microgram tablets (Janssen-Cilag Ltd)   Selexipag       Oral            |
356. | 11734841000033119                     Selexipag 600microgram tablets   Selexipag       Oral   02050100 |
357. | 11734941000033110                     Selexipag 800microgram tablets   Selexipag       Oral   02050100 |
     |--------------------------------------------------------------------------------------------------------|
358. | 11735041000033110                              Selexipag 1mg tablets   Selexipag       Oral   02050100 |
359. | 11735141000033114                            Selexipag 1.2mg tablets   Selexipag       Oral   02050100 |
360. | 11735241000033119                            Selexipag 1.4mg tablets   Selexipag       Oral   02050100 |
361. | 11735341000033112                            Selexipag 1.6mg tablets   Selexipag       Oral   02050100 |
     +--------------------------------------------------------------------------------------------------------+
Drug: sildenafil

 sildenafil |      Freq.     Percent        Cum.
------------+-----------------------------------
          0 |        618       96.26       96.26
          1 |         24        3.74      100.00
------------+-----------------------------------
      Total |        642      100.00

     +------------------------------------------------------------------------------------------------------------------------------------------------+
     |        prodcodeid                                                                   termfromemis    drugsubstancename   routeofad~n   bnfchapt |
     |------------------------------------------------------------------------------------------------------------------------------------------------|
 66. |  3890741000033119                               Revatio 20mg tablets (Viatris UK Healthcare Ltd)   Sildenafil citrate          Oral   02050100 |
124. |  5998341000033119                                              Sildenafil 25mg/5ml oral solution   Sildenafil citrate          Oral   07040500 |
125. |  3924341000033114                                            Sildenafil 25mg/5ml oral suspension   Sildenafil citrate          Oral   07040500 |
128. | 11826141000033119                                               Sildenafil 5mg/5ml oral solution   Sildenafil citrate          Oral   07040500 |
143. |  5328841000033110                                            Sildenafil 10mg/5ml oral suspension   Sildenafil citrate          Oral   07040500 |
     |------------------------------------------------------------------------------------------------------------------------------------------------|
146. |  9687241000033116                                          Sildenafil 12.5mg/5ml oral suspension   Sildenafil citrate          Oral   07040500 |
158. |  6138941000033113                            Sildenafil 10mg/12.5ml solution for injection vials   Sildenafil citrate   Intravenous   02050100 |
159. |  6139041000033116   Revatio 10mg/12.5ml solution for injection vials (Viatris UK Healthcare Ltd)   Sildenafil citrate   Intravenous   02050100 |
177. |  8234141000033114                    Revatio 10mg/ml oral suspension (Viatris UK Healthcare Ltd)   Sildenafil citrate          Oral   02050100 |
178. |  8234041000033110                                  Sildenafil 10mg/ml oral suspension sugar free   Sildenafil citrate          Oral   02050100 |
     |------------------------------------------------------------------------------------------------------------------------------------------------|
185. |  8508941000033119                                  Nipatra 50mg chewable tablets (Advanz Pharma)   Sildenafil citrate          Oral   07040500 |
186. |  8509741000033114                                 Nipatra 100mg chewable tablets (Advanz Pharma)   Sildenafil citrate          Oral   07040500 |
187. |  8504341000033114                                   Sildenafil 100mg chewable tablets sugar free   Sildenafil citrate          Oral   07040500 |
188. |  8504141000033111                                    Sildenafil 25mg chewable tablets sugar free   Sildenafil citrate          Oral   07040500 |
189. |  8504241000033116                                    Sildenafil 50mg chewable tablets sugar free   Sildenafil citrate          Oral   07040500 |
     |------------------------------------------------------------------------------------------------------------------------------------------------|
197. |  8946341000033115                                            Vizarsin 50mg tablets (Krka UK Ltd)   Sildenafil citrate          Oral   07040500 |
198. |  8946141000033118                                           Vizarsin 100mg tablets (Krka UK Ltd)   Sildenafil citrate          Oral   07040500 |
350. |  1696941000033118                                                        Sildenafil 25mg tablets                                               |
351. |  1697041000033117                                                        Sildenafil 50mg tablets                                               |
352. |  1696841000033114                                                       Sildenafil 100mg tablets                                               |
     |------------------------------------------------------------------------------------------------------------------------------------------------|
471. |  3890641000033111                                                        Sildenafil 20mg tablets                                               |
509. |  1706841000033115                               Viagra 100mg tablets (Viatris UK Healthcare Ltd)   Sildenafil citrate          Oral   07040500 |
561. |  1707041000033112                                Viagra 50mg tablets (Viatris UK Healthcare Ltd)   Sildenafil citrate          Oral   07040500 |
637. |  1706941000033111                                Viagra 25mg tablets (Viatris UK Healthcare Ltd)   Sildenafil citrate          Oral   07040500 |
     +------------------------------------------------------------------------------------------------------------------------------------------------+
Drug: sitaxentan

 sitaxentan |      Freq.     Percent        Cum.
------------+-----------------------------------
          0 |        641       99.84       99.84
          1 |          1        0.16      100.00
------------+-----------------------------------
      Total |        642      100.00

     +---------------------------------------------------------------------------------------+
     |       prodcodeid               termfromemis   drugsubstancename   routeo~n   bnfchapt |
     |---------------------------------------------------------------------------------------|
 88. | 4156341000033119   Sitaxentan 100mg tablets   Sitaxentan sodium       Oral   02050100 |
     +---------------------------------------------------------------------------------------+
Drug: tadalafil

  tadalafil |      Freq.     Percent        Cum.
------------+-----------------------------------
          0 |        633       98.60       98.60
          1 |          9        1.40      100.00
------------+-----------------------------------
      Total |        642      100.00

     +-------------------------------------------------------------------------------------------------------+
     |       prodcodeid                                       termfromemis   drugsub~e   routeo~n   bnfchapt |
     |-------------------------------------------------------------------------------------------------------|
134. | 4898941000033116   Cialis 2.5mg tablets (Eli Lilly and Company Ltd)   Tadalafil       Oral   07040500 |
135. | 4899041000033113     Cialis 5mg tablets (Eli Lilly and Company Ltd)   Tadalafil       Oral   07040500 |
137. | 4898741000033119                            Tadalafil 2.5mg tablets   Tadalafil       Oral   07040500 |
157. | 6046741000033119   Adcirca 20mg tablets (Eli Lilly and Company Ltd)   Tadalafil       Oral   02050100 |
449. | 2874941000033113                             Tadalafil 10mg tablets                                   |
     |-------------------------------------------------------------------------------------------------------|
450. | 2875041000033113                             Tadalafil 20mg tablets                                   |
462. | 2875141000033112    Cialis 10mg tablets (Eli Lilly and Company Ltd)   Tadalafil       Oral   07040500 |
463. | 2875241000033117    Cialis 20mg tablets (Eli Lilly and Company Ltd)   Tadalafil       Oral   07040500 |
473. | 4898841000033112                              Tadalafil 5mg tablets                                   |
     +-------------------------------------------------------------------------------------------------------+
Drug: vericiguat

 vericiguat |      Freq.     Percent        Cum.
------------+-----------------------------------
          0 |        640       99.69       99.69
          1 |          2        0.31      100.00
------------+-----------------------------------
      Total |        642      100.00

     +---------------------------------------------------------------------------------+
     |        prodcodeid               termfromemis   drugsubs~e   routeo~n   bnfchapt |
     |---------------------------------------------------------------------------------|
441. | 13939941000033114   Vericiguat 2.5mg tablets   Vericiguat       Oral   02050100 |
442. | 13940041000033119     Vericiguat 5mg tablets   Vericiguat       Oral   02050100 |
     +---------------------------------------------------------------------------------+
Drug: clonidine

  clonidine |      Freq.     Percent        Cum.
------------+-----------------------------------
          0 |        620       96.57       96.57
          1 |         22        3.43      100.00
------------+-----------------------------------
      Total |        642      100.00

     +-------------------------------------------------------------------------------------------------------------------------------------------------------+
     |        prodcodeid                                                                     termfromemis         drugsubstancename   routeofad~n   bnfchapt |
     |-------------------------------------------------------------------------------------------------------------------------------------------------------|
 18. |   177441000033116                                                      Catapres  Capsules  0.25 mg                                                    |
 33. |  2776441000033110   Clonidine Hydrochloride  Transdermal patches (7 days)  2.5 mg (0.1mg/24 hours)                                                    |
 46. |   177641000033119                                Catapres Perlongets  M/R capsules  250 micrograms                                                    |
 70. | 12106941000033117                              Clonidine 100micrograms/24hours transdermal patches                 Clonidine   Transdermal   02050200 |
 71. | 12107141000033117                                      Catapres TTS 1 patches (Imported (Germany))                 Clonidine                 02050200 |
     |-------------------------------------------------------------------------------------------------------------------------------------------------------|
 72. | 12107041000033116                              Clonidine 300micrograms/24hours transdermal patches                 Clonidine   Transdermal   02050200 |
 73. | 12118541000033113                                      Catapres TTS 3 patches (Imported (Germany))                 Clonidine                 02050200 |
 93. | 12569041000033115                                      Clonidine 100micrograms/5ml oral suspension   Clonidine hydrochloride          Oral   04070402 |
176. |   215341000033112                                    Catapres 100microgram tablets (Glenwood GmbH)   Clonidine hydrochloride          Oral   02050200 |
273. |   285841000033118                                                   Clonidine 100microgram tablets                                                    |
     |-------------------------------------------------------------------------------------------------------------------------------------------------------|
274. |   287241000033110                                                   Clonidine 300microgram tablets                                                    |
347. |   285941000033114                                                    Clonidine 25microgram tablets                                                    |
366. |   464341000033111                           Dixarit 25microgram tablets (Boehringer Ingelheim Ltd)   Clonidine hydrochloride          Oral   04070402 |
377. |   275641000033110                      Clonidine 150micrograms/1ml solution for injection ampoules   Clonidine hydrochloride   Intravenous   02050200 |
378. |   261841000033118                                 Clonidine 250microgram modified-release capsules   Clonidine hydrochloride          Oral   02050200 |
     |-------------------------------------------------------------------------------------------------------------------------------------------------------|
384. | 12684041000033114                              Clonidine 50micrograms/5ml oral solution sugar free   Clonidine hydrochloride          Oral   04070402 |
385. |   196241000033111       Catapres 150micrograms/1ml solution for injection ampoules (Glenwood GmbH)   Clonidine hydrochloride   Intravenous   02050200 |
393. |   215441000033118                         Catapres 300microgram tablets (Boehringer Ingelheim Ltd)   Clonidine hydrochloride          Oral   02050200 |
546. | 12117941000033118                                      Catapres TTS 2 patches (Imported (Germany))                 Clonidine                 02050200 |
547. |  5289041000033110                              Clonidine 200micrograms/24hours transdermal patches                 Clonidine   Transdermal   02050200 |
     |-------------------------------------------------------------------------------------------------------------------------------------------------------|
584. |  5900141000033118                                         Clonidine 50micrograms/5ml oral solution   Clonidine hydrochloride          Oral   04070402 |
585. |  5900241000033113                                       Clonidine 50micrograms/5ml oral suspension   Clonidine hydrochloride          Oral   04070402 |
     +-------------------------------------------------------------------------------------------------------------------------------------------------------+
Drug: guanfacine

 guanfacine |      Freq.     Percent        Cum.
------------+-----------------------------------
          0 |        634       98.75       98.75
          1 |          8        1.25      100.00
------------+-----------------------------------
      Total |        642      100.00

     +---------------------------------------------------------------------------------------------------------------------------+
     |        prodcodeid                                           termfromemis          drugsubstancename   routeo~n   bnfchapt |
     |---------------------------------------------------------------------------------------------------------------------------|
239. | 10741241000033110   Intuniv 1mg modified-release tablets (Takeda UK Ltd)   Guanfacine hydrochloride       Oral   04040000 |
240. | 10741341000033117   Intuniv 2mg modified-release tablets (Takeda UK Ltd)   Guanfacine hydrochloride       Oral   04040000 |
241. | 10741441000033111   Intuniv 3mg modified-release tablets (Takeda UK Ltd)   Guanfacine hydrochloride       Oral   04040000 |
242. | 10741541000033112   Intuniv 4mg modified-release tablets (Takeda UK Ltd)   Guanfacine hydrochloride       Oral   04040000 |
243. | 10740841000033116                Guanfacine 1mg modified-release tablets   Guanfacine hydrochloride       Oral   04040000 |
     |---------------------------------------------------------------------------------------------------------------------------|
244. | 10740941000033112                Guanfacine 2mg modified-release tablets   Guanfacine hydrochloride       Oral   04040000 |
245. | 10741041000033119                Guanfacine 3mg modified-release tablets   Guanfacine hydrochloride       Oral   04040000 |
246. | 10741141000033115                Guanfacine 4mg modified-release tablets   Guanfacine hydrochloride       Oral   04040000 |
     +---------------------------------------------------------------------------------------------------------------------------+
Drug: methyldopa

 methyldopa |      Freq.     Percent        Cum.
------------+-----------------------------------
          0 |        632       98.44       98.44
          1 |         10        1.56      100.00
------------+-----------------------------------
      Total |        642      100.00

     +-----------------------------------------------------------------------------------------------------------------+
     |      prodcodeid                                       termfromemis      drugsubstancename   routeo~n   bnfchapt |
     |-----------------------------------------------------------------------------------------------------------------|
 10. |  40841000033114                           Aldomet  Tablets  125 mg                                              |
 20. | 873941000033114                       Methyldopa  Capsules  250 mg                                              |
 50. |  36841000033113                   Aldomet  Suspension  250 mg/5 ml                                              |
 56. | 878541000033112                    Methyldopa  Injection  50 mg/ml                                              |
228. |  40941000033118   Aldomet 250mg tablets (Aspen Pharma Trading Ltd)   Methyldopa anhydrous       Oral   02050200 |
     |-----------------------------------------------------------------------------------------------------------------|
275. | 897341000033110                           Methyldopa 125mg tablets   Methyldopa anhydrous       Oral   02050200 |
276. | 897441000033116                           Methyldopa 250mg tablets   Methyldopa anhydrous       Oral   02050200 |
277. | 897541000033115                           Methyldopa 500mg tablets   Methyldopa anhydrous       Oral   02050200 |
536. |  41041000033111   Aldomet 500mg tablets (Aspen Pharma Trading Ltd)   Methyldopa anhydrous       Oral   02050200 |
615. | 892341000033112               Methyldopa 250mg/5ml oral suspension   Methyldopa anhydrous       Oral   02050200 |
     +-----------------------------------------------------------------------------------------------------------------+
Drug: moxonidine

 moxonidine |      Freq.     Percent        Cum.
------------+-----------------------------------
          0 |        636       99.07       99.07
          1 |          6        0.93      100.00
------------+-----------------------------------
      Total |        642      100.00

     +-------------------------------------------------------------------------------------------------------------------+
     |       prodcodeid                                                  termfromemis   drugsubs~e   routeo~n   bnfchapt |
     |-------------------------------------------------------------------------------------------------------------------|
129. | 1080941000033110   Physiotens 400microgram tablets (Viatris UK Healthcare Ltd)   Moxonidine       Oral   02050200 |
278. |  938541000033115                               Moxonidine 200microgram tablets   Moxonidine       Oral   02050200 |
279. |  938641000033119                               Moxonidine 400microgram tablets   Moxonidine       Oral   02050200 |
457. | 2635641000033111                               Moxonidine 300microgram tablets   Moxonidine       Oral   02050200 |
465. | 1080841000033119   Physiotens 200microgram tablets (Viatris UK Healthcare Ltd)   Moxonidine       Oral   02050200 |
     |-------------------------------------------------------------------------------------------------------------------|
507. | 2635741000033119   Physiotens 300microgram tablets (Viatris UK Healthcare Ltd)   Moxonidine       Oral   02050200 |
     +-------------------------------------------------------------------------------------------------------------------+
Drug: debrisoquine

debrisoquin |
          e |      Freq.     Percent        Cum.
------------+-----------------------------------
          0 |        640       99.69       99.69
          1 |          2        0.31      100.00
------------+-----------------------------------
      Total |        642      100.00

     +---------------------------------------------------------------------------------------------+
     |      prodcodeid                   termfromemis      drugsubstancename   routeo~n   bnfchapt |
     |---------------------------------------------------------------------------------------------|
 40. | 430741000033111   Debrisoquine  Tablets  20 mg                                              |
280. | 430641000033119      Debrisoquine 10mg tablets   Debrisoquine sulfate       Oral   02050300 |
     +---------------------------------------------------------------------------------------------+
Drug: guanethidine

guanethidin |
          e |      Freq.     Percent        Cum.
------------+-----------------------------------
          0 |        636       99.07       99.07
          1 |          6        0.93      100.00
------------+-----------------------------------
      Total |        642      100.00

     +------------------------------------------------------------------------------------------------------------------------------------------+
     |      prodcodeid                                                       termfromemis          drugsubstancename   routeofadmi~n   bnfchapt |
     |------------------------------------------------------------------------------------------------------------------------------------------|
  3. | 784941000033117                                            Ismelin  Tablets  25 mg                                                       |
 38. | 655641000033114                           Guanethidine Monosulfate  Tablets  25 mg                                                       |
 48. | 784841000033113                                            Ismelin  Tablets  10 mg                                                       |
 53. | 655541000033113                           Guanethidine Monosulfate  Tablets  10 mg                                                       |
376. | 655241000033111              Guanethidine 10mg/1ml solution for injection ampoules   Guanethidine monosulfate   Intramuscular   02050300 |
     |------------------------------------------------------------------------------------------------------------------------------------------|
481. | 780741000033110   Ismelin 10mg/1ml solution for injection ampoules (Amdipharm Plc)   Guanethidine monosulfate   Intramuscular   02050300 |
     +------------------------------------------------------------------------------------------------------------------------------------------+
Drug: doxazosin

  doxazosin |      Freq.     Percent        Cum.
------------+-----------------------------------
          0 |        613       95.48       95.48
          1 |         29        4.52      100.00
------------+-----------------------------------
      Total |        642      100.00

     +--------------------------------------------------------------------------------------------------------------------+
     |        prodcodeid                                          termfromemis    drugsubstancename   routeo~n   bnfchapt |
     |--------------------------------------------------------------------------------------------------------------------|
 44. |   216941000033117                                Cardura  Tablets  4 mg                                            |
 64. |  4502341000033119                 Doxazosin  Oral suspension  1 mg/5 ml                                            |
 76. |  4021141000033118        Slocinx XL 4mg tablets (Zentiva Pharma UK Ltd)   Doxazosin mesilate       Oral   02050400 |
 84. |  4063741000033112           Doxadura XL 4mg tablets (Dexcel-Pharma Ltd)   Doxazosin mesilate       Oral   02050400 |
 91. |  5403641000033117                   Colixil XL 4mg tablets (Sandoz Ltd)   Doxazosin mesilate       Oral   02050400 |
     |--------------------------------------------------------------------------------------------------------------------|
 92. |  4288341000033111          Oxandosin XL 4mg tablets (Ratiopharm UK Ltd)   Doxazosin mesilate       Oral   02050400 |
 96. |  2274041000033118    Cardura XL 4mg tablets (Viatris UK Healthcare Ltd)   Doxazosin mesilate       Oral   02050400 |
119. |  4575941000033115   Doxzogen XL 4mg tablets (Viatris UK Healthcare Ltd)   Doxazosin mesilate       Oral   02050400 |
152. |  5809641000033111                   Larbex XL 4mg tablets (Teva UK Ltd)   Doxazosin mesilate       Oral   02050400 |
154. |  2760141000033114                 Cascor 4mg tablets (Ranbaxy (UK) Ltd)   Doxazosin mesilate       Oral   02050400 |
     |--------------------------------------------------------------------------------------------------------------------|
155. |  6036141000033119       Raporsin XL 4mg tablets (Accord Healthcare Ltd)   Doxazosin mesilate       Oral   02050400 |
156. |  4936841000033112   Cardozin XL 4mg tablets (Almus Pharmaceuticals Ltd)   Doxazosin mesilate       Oral   02050400 |
195. |  8870641000033119                       Doxazosin 4mg/5ml oral solution   Doxazosin mesilate       Oral   02050400 |
219. |  9173941000033111                       Doxazosin 1mg/5ml oral solution   Doxazosin mesilate       Oral   02050400 |
289. |   480641000033111                                 Doxazosin 1mg tablets   Doxazosin mesilate       Oral   02050400 |
     |--------------------------------------------------------------------------------------------------------------------|
290. |   480741000033119                                 Doxazosin 2mg tablets   Doxazosin mesilate       Oral   02050400 |
291. |   480841000033112                                 Doxazosin 4mg tablets   Doxazosin mesilate       Oral   02050400 |
417. |  2273841000033111                Doxazosin 4mg modified-release tablets   Doxazosin mesilate       Oral   02050400 |
419. |  2273941000033115                Doxazosin 8mg modified-release tablets   Doxazosin mesilate       Oral   02050400 |
470. |   216841000033113       Cardura 2mg tablets (Viatris UK Healthcare Ltd)   Doxazosin mesilate       Oral   02050400 |
     |--------------------------------------------------------------------------------------------------------------------|
472. | 12682141000033115                                 Doxazosin 8mg tablets   Doxazosin mesilate       Oral   02050400 |
494. |  2957941000033110              Doxadura 1mg tablets (Dexcel-Pharma Ltd)   Doxazosin mesilate       Oral   02050400 |
495. |  2958041000033113              Doxadura 2mg tablets (Dexcel-Pharma Ltd)   Doxazosin mesilate       Oral   02050400 |
496. |  2958141000033112              Doxadura 4mg tablets (Dexcel-Pharma Ltd)   Doxazosin mesilate       Oral   02050400 |
593. |  4432941000033119                     Doxazosin 1mg/5ml oral suspension   Doxazosin mesilate       Oral   02050400 |
     |--------------------------------------------------------------------------------------------------------------------|
594. |  5138341000033111                     Doxazosin 4mg/5ml oral suspension   Doxazosin mesilate       Oral   02050400 |
628. |  2274141000033119    Cardura XL 8mg tablets (Viatris UK Healthcare Ltd)   Doxazosin mesilate       Oral   02050400 |
634. |  2760041000033110                 Cascor 2mg tablets (Ranbaxy (UK) Ltd)   Doxazosin mesilate       Oral   02050400 |
635. |   216741000033115       Cardura 1mg tablets (Viatris UK Healthcare Ltd)   Doxazosin mesilate       Oral   02050400 |
     +--------------------------------------------------------------------------------------------------------------------+
Drug: indoramin

  indoramin |      Freq.     Percent        Cum.
------------+-----------------------------------
          0 |        635       98.91       98.91
          1 |          7        1.09      100.00
------------+-----------------------------------
      Total |        642      100.00

     +----------------------------------------------------------------------------------------------------------------------+
     |      prodcodeid                                         termfromemis         drugsubstancename   routeo~n   bnfchapt |
     |----------------------------------------------------------------------------------------------------------------------|
  6. | 768441000033115                            Indoramin  Tablets  25 mg                                                 |
 45. | 116841000033111                              Baratol  Tablets  50 mg                                                 |
 65. | 769941000033115              Indoramin Hydrochloride  Tablets  50 mg                                                 |
362. | 480541000033110   Doralese Tiltab 20mg tablets (Chemidex Pharma Ltd)   Indoramin hydrochloride       Oral   07040100 |
394. | 116741000033118                 Baratol 25mg tablets (Amdipharm Plc)   Indoramin hydrochloride       Oral   02050400 |
     |----------------------------------------------------------------------------------------------------------------------|
433. | 768541000033119                               Indoramin 20mg tablets   Indoramin hydrochloride       Oral   07040100 |
434. | 769841000033111                               Indoramin 25mg tablets   Indoramin hydrochloride       Oral   02050400 |
     +----------------------------------------------------------------------------------------------------------------------+
Drug: phenoxybenzamine

phenoxybenz |
      amine |      Freq.     Percent        Cum.
------------+-----------------------------------
          0 |        638       99.38       99.38
          1 |          4        0.62      100.00
------------+-----------------------------------
      Total |        642      100.00

     +-------------------------------------------------------------------------------------------------------------------------------+
     |       prodcodeid                                          termfromemis                drugsubstancename   routeo~n   bnfchapt |
     |-------------------------------------------------------------------------------------------------------------------------------|
 36. | 3940141000033116        Phenoxybenzamine Hydrochloride  Capsules  8 mg                                                        |
281. | 1070341000033119                        Phenoxybenzamine 10mg capsules                                                        |
415. |  438441000033119   Dibenyline 10mg capsules (Mercury Pharma Group Ltd)   Phenoxybenzamine hydrochloride       Oral   02050400 |
618. | 2757941000033118             Phenoxybenzamine 25mg/5ml oral suspension   Phenoxybenzamine hydrochloride       Oral   02050400 |
     +-------------------------------------------------------------------------------------------------------------------------------+
Drug: phentolamine

phentolamin |
          e |      Freq.     Percent        Cum.
------------+-----------------------------------
          0 |        636       99.07       99.07
          1 |          6        0.93      100.00
------------+-----------------------------------
      Total |        642      100.00

     +------------------------------------------------------------------------------------------------------------------------------------------------+
238. |        prodcodeid |                                                                            termfromemis |                drugsubstancename |
     | 10617741000033111 |     Invicorp 25micrograms/2mg/0.35ml solution for injection ampoules (Evolan Pharma AB) | Aviptadil/ Phentolamine mesilate |
     |------------------------------------------------------------------------------------------------------------------------------------------------|
     |                                routeofadministration                           |                           bnfchapt                            |
     |                                       Intracavernous                           |                           07040500                            |
     +------------------------------------------------------------------------------------------------------------------------------------------------+

     +------------------------------------------------------------------------------------------------------------------------------------------------+
375. |        prodcodeid |                                                                            termfromemis |                drugsubstancename |
     |  3108541000033116 |                                   Phentolamine 10mg/1ml solution for injection ampoules |            Phentolamine mesilate |
     |------------------------------------------------------------------------------------------------------------------------------------------------|
     |                                routeofadministration                           |                           bnfchapt                            |
     |                           Intravenous/ Intramuscular                           |                           02050400                            |
     +------------------------------------------------------------------------------------------------------------------------------------------------+

     +------------------------------------------------------------------------------------------------------------------------------------------------+
451. |        prodcodeid |                                                                            termfromemis |                drugsubstancename |
     |  1180941000033115 |        Rogitine 10mg/1ml solution for injection ampoules (Alliance Pharmaceuticals Ltd) |            Phentolamine mesilate |
     |------------------------------------------------------------------------------------------------------------------------------------------------|
     |                                routeofadministration                           |                           bnfchapt                            |
     |                           Intravenous/ Intramuscular                           |                           02050400                            |
     +------------------------------------------------------------------------------------------------------------------------------------------------+

     +------------------------------------------------------------------------------------------------------------------------------------------------+
502. |        prodcodeid |                                                                            termfromemis |                drugsubstancename |
     |  1619941000033111 |                                         Invicorp 1 solution for injection (Senetek Plc) | Aviptadil/ Phentolamine mesilate |
     |------------------------------------------------------------------------------------------------------------------------------------------------|
     |                                routeofadministration                           |                           bnfchapt                            |
     |                                       Intracavernous                           |                           07040500                            |
     +------------------------------------------------------------------------------------------------------------------------------------------------+

     +------------------------------------------------------------------------------------------------------------------------------------------------+
503. |        prodcodeid |                                                                            termfromemis |                drugsubstancename |
     |  1620041000033114 |                                         Invicorp 2 solution for injection (Senetek Plc) | Aviptadil/ Phentolamine mesilate |
     |------------------------------------------------------------------------------------------------------------------------------------------------|
     |                                routeofadministration                           |                           bnfchapt                            |
     |                                       Intracavernous                           |                           07040500                            |
     +------------------------------------------------------------------------------------------------------------------------------------------------+

     +------------------------------------------------------------------------------------------------------------------------------------------------+
504. |        prodcodeid |                                                                            termfromemis |                drugsubstancename |
     | 10617641000033119 | Phentolamine 2mg/0.35ml / Aviptadil 25micrograms/0.35ml solution for injection ampoules | Aviptadil/ Phentolamine mesilate |
     |------------------------------------------------------------------------------------------------------------------------------------------------|
     |                                routeofadministration                           |                           bnfchapt                            |
     |                                       Intracavernous                           |                           07040500                            |
     +------------------------------------------------------------------------------------------------------------------------------------------------+
Drug: prazosin

   prazosin |      Freq.     Percent        Cum.
------------+-----------------------------------
          0 |        626       97.51       97.51
          1 |         16        2.49      100.00
------------+-----------------------------------
      Total |        642      100.00

     +------------------------------------------------------------------------------------------------------------------------+
     |        prodcodeid                                          termfromemis        drugsubstancename   routeo~n   bnfchapt |
     |------------------------------------------------------------------------------------------------------------------------|
  4. |  1128141000033112                Prazosin Hydrochloride  Starter pack                                                  |
 24. |   745941000033111                      Hypovase Starter Pack  Tablets                                                  |
 39. |   743841000033116                               Hypovase  Tablets  5 mg                                                |
 41. |    37641000033110                Alphavase 0.5  Tablets  500 micrograms                                                |
 51. |  1128241000033117                Prazosin Hydrochloride  Starter pack                                                  |
     |------------------------------------------------------------------------------------------------------------------------|
 98. | 11567441000033119              Prazosin 500micrograms/5ml oral solution   Prazosin hydrochloride       Oral   02050400 |
136. |   743741000033114                     Hypovase 2mg tablets (Pfizer Ltd)   Prazosin hydrochloride       Oral   02050400 |
282. |  1131341000033118                         Prazosin 500microgram tablets   Prazosin hydrochloride       Oral   02050400 |
283. |  1131441000033112                                  Prazosin 1mg tablets   Prazosin hydrochloride       Oral   02050400 |
284. |  1131541000033113                                  Prazosin 2mg tablets   Prazosin hydrochloride       Oral   02050400 |
     |------------------------------------------------------------------------------------------------------------------------|
285. |  1131641000033114                                  Prazosin 5mg tablets   Prazosin hydrochloride       Oral   02050400 |
346. |   743541000033118            Hypovase 500microgram tablets (Pfizer Ltd)   Prazosin hydrochloride       Oral   02050400 |
368. |   743641000033117                     Hypovase 1mg tablets (Pfizer Ltd)   Prazosin hydrochloride       Oral   02050400 |
520. |    37841000033111   Alphavase 2 tablets (Ashbourne Pharmaceuticals Ltd)   Prazosin hydrochloride       Oral   02050400 |
542. |    37941000033115   Alphavase 5 tablets (Ashbourne Pharmaceuticals Ltd)   Prazosin hydrochloride       Oral   02050400 |
     |------------------------------------------------------------------------------------------------------------------------|
640. |    37741000033118   Alphavase 1 tablets (Ashbourne Pharmaceuticals Ltd)   Prazosin hydrochloride       Oral   02050400 |
     +------------------------------------------------------------------------------------------------------------------------+
Drug: terazosin

  terazosin |      Freq.     Percent        Cum.
------------+-----------------------------------
          0 |        626       97.51       97.51
          1 |         16        2.49      100.00
------------+-----------------------------------
      Total |        642      100.00

     +------------------------------------------------------------------------------------------------------------------------------------------------------------------------+
     |        prodcodeid                                                           termfromemis         drugsubstancename                    routeofadministration   bnfchapt |
     |------------------------------------------------------------------------------------------------------------------------------------------------------------------------|
  1. |  1423741000033117              Terazosin Hydrochloride  Starter pack  7 x 1 mg, 7 x 2 mg                                                                               |
 13. |  1423841000033110   Terazosin Hydrochloride  Starter pack  7 x 1 mg, 14 x 2 mg, 7 x 5 mg                                                                               |
 15. |   740941000033119                           Hytrin Bph  Starter pack  7 x 1 mg, 7 x 2 mg                                                                               |
 16. |   744141000033113                                              Hytrin Bph  Tablets  5 mg                                                                               |
 25. |   743941000033112                                             Hytrin Bph  Tablets  10 mg                                                                               |
     |------------------------------------------------------------------------------------------------------------------------------------------------------------------------|
 54. |   744041000033114                                              Hytrin Bph  Tablets  2 mg                                                                               |
257. |   745741000033113                                     Hytrin 2mg tablets (Advanz Pharma)   Terazosin hydrochloride                                     Oral   02050400 |
258. |   745641000033116                                    Hytrin 10mg tablets (Advanz Pharma)   Terazosin hydrochloride                                     Oral   02050400 |
260. |   745841000033115                                     Hytrin 5mg tablets (Advanz Pharma)   Terazosin hydrochloride                                     Oral   02050400 |
286. |  1429141000033119                                                  Terazosin 5mg tablets                                                                               |
     |------------------------------------------------------------------------------------------------------------------------------------------------------------------------|
287. |  1429041000033118                                                 Terazosin 10mg tablets                                                                               |
288. |  1425341000033119                                                  Terazosin 2mg tablets                                                                               |
363. | 11807841000033119                          Benph 5mg tablets (Viatris UK Healthcare Ltd)   Terazosin hydrochloride                                     Oral   02050400 |
373. |  1423641000033114                        Terazosin 2mg tablets and Terazosin 1mg tablets                             Route of administration not applicable   02050400 |
420. |   741141000033111                            Hytrin tablets starter pack (Advanz Pharma)                             Route of administration not applicable   02050400 |
     |------------------------------------------------------------------------------------------------------------------------------------------------------------------------|
425. |   741041000033112                        Hytrin BPH tablets starter pack (Advanz Pharma)                                                                      07040100 |
     +------------------------------------------------------------------------------------------------------------------------------------------------------------------------+
Drug: captopril

  captopril |      Freq.     Percent        Cum.
------------+-----------------------------------
          0 |        597       92.99       92.99
          1 |         45        7.01      100.00
------------+-----------------------------------
      Total |        642      100.00

     +------------------------------------------------------------------------------------------------------------------------------------------------------+
     |       prodcodeid                                                                 termfromemis                drugsubstancename   routeo~n   bnfchapt |
     |------------------------------------------------------------------------------------------------------------------------------------------------------|
  7. |  210741000033117                                                     Captopril  Tablets  2 mg                                                        |
 14. |  210541000033113                                                     Captopril  Tablets  1 mg                                                        |
 35. | 5595341000033117                               Captopril  Oral Suspension Sugar Free  2 mg/ml                                                        |
109. |  214141000033113            Capoten 12.5mg tablets (Bristol-Myers Squibb Pharmaceuticals Ltd)                        Captopril       Oral   02050501 |
151. |  216441000033110        Capozide 25mg/50mg tablets (Bristol-Myers Squibb Pharmaceuticals Ltd)   Captopril/ Hydrochlorothiazide       Oral   02050501 |
     |------------------------------------------------------------------------------------------------------------------------------------------------------|
166. | 3333941000033117                                            Captopril 8mg/5ml oral suspension                        Captopril       Oral   02050501 |
184. | 2945841000033112                                       Ecopace 12.5mg tablets (Advanz Pharma)                        Captopril       Oral   02050501 |
199. | 8961341000033119               Noyada 25mg/5ml oral solution (Martindale Pharmaceuticals Ltd)                        Captopril       Oral   02050501 |
200. | 8961241000033112                Noyada 5mg/5ml oral solution (Martindale Pharmaceuticals Ltd)                        Captopril       Oral   02050501 |
202. | 9108041000033111                                  Captopril 25mg/5ml oral solution sugar free                        Captopril       Oral   02050501 |
     |------------------------------------------------------------------------------------------------------------------------------------------------------|
203. | 9108141000033110                                   Captopril 5mg/5ml oral solution sugar free                        Captopril       Oral   02050501 |
232. |   13141000033119         Acezide 25mg/50mg tablets (Bristol-Myers Squibb Pharmaceuticals Ltd)   Captopril/ Hydrochlorothiazide       Oral   02050501 |
292. | 1893141000033119                                              Co-zidocapt 12.5mg/25mg tablets   Captopril/ Hydrochlorothiazide       Oral   02050501 |
293. | 1893241000033114                                                Co-zidocapt 25mg/50mg tablets   Captopril/ Hydrochlorothiazide       Oral   02050501 |
294. |  213441000033119                                                     Captopril 12.5mg tablets                        Captopril       Oral   02050501 |
     |------------------------------------------------------------------------------------------------------------------------------------------------------|
295. |  214441000033117                                                       Captopril 25mg tablets                        Captopril       Oral   02050501 |
296. |  214541000033116                                                       Captopril 50mg tablets                        Captopril       Oral   02050501 |
412. |  214341000033111              Capoten 50mg tablets (Bristol-Myers Squibb Pharmaceuticals Ltd)                        Captopril       Oral   02050501 |
485. |  214241000033118              Capoten 25mg tablets (Bristol-Myers Squibb Pharmaceuticals Ltd)                        Captopril       Oral   02050501 |
492. | 1622141000033114                                            Kaplon 25mg tablets (Teva UK Ltd)                        Captopril       Oral   02050501 |
     |------------------------------------------------------------------------------------------------------------------------------------------------------|
506. |   10941000033110              Acepril 25mg tablets (Bristol-Myers Squibb Pharmaceuticals Ltd)                        Captopril       Oral   02050501 |
514. |  209241000033119   Capozide LS 12.5mg/25mg tablets (Bristol-Myers Squibb Pharmaceuticals Ltd)   Captopril/ Hydrochlorothiazide       Oral   02050501 |
521. | 1622241000033119                                            Kaplon 50mg tablets (Teva UK Ltd)                        Captopril       Oral   02050501 |
525. | 2928441000033115                                         Tensopril 25mg tablets (Teva UK Ltd)                        Captopril       Oral   02050501 |
527. | 2928541000033119                                         Tensopril 50mg tablets (Teva UK Ltd)                        Captopril       Oral   02050501 |
     |------------------------------------------------------------------------------------------------------------------------------------------------------|
530. |   10841000033119            Acepril 12.5mg tablets (Bristol-Myers Squibb Pharmaceuticals Ltd)                        Captopril       Oral   02050501 |
531. | 2928341000033114                                       Tensopril 12.5mg tablets (Teva UK Ltd)                        Captopril       Oral   02050501 |
550. | 2946041000033114                                         Ecopace 50mg tablets (Advanz Pharma)                        Captopril       Oral   02050501 |
552. | 1622041000033110                                          Kaplon 12.5mg tablets (Teva UK Ltd)                        Captopril       Oral   02050501 |
562. |   11041000033117              Acepril 50mg tablets (Bristol-Myers Squibb Pharmaceuticals Ltd)                        Captopril       Oral   02050501 |
     |------------------------------------------------------------------------------------------------------------------------------------------------------|
566. | 2945941000033116                                         Ecopace 25mg tablets (Advanz Pharma)                        Captopril       Oral   02050501 |
571. | 5008141000033111                                           Captopril 10mg/5ml oral suspension                        Captopril       Oral   02050501 |
572. | 5898741000033114                                           Captopril 12.5mg/5ml oral solution                        Captopril       Oral   02050501 |
573. | 5898841000033116                                         Captopril 12.5mg/5ml oral suspension                        Captopril       Oral   02050501 |
574. | 5401641000033118                                           Captopril 15mg/5ml oral suspension                        Captopril       Oral   02050501 |
     |------------------------------------------------------------------------------------------------------------------------------------------------------|
575. | 2719841000033113                                           Captopril 20mg/5ml oral suspension                        Captopril       Oral   02050501 |
576. | 3012741000033115                                             Captopril 25mg/5ml oral solution                        Captopril       Oral   02050501 |
577. | 5132041000033112                                           Captopril 25mg/5ml oral suspension                        Captopril       Oral   02050501 |
578. | 3851341000033117                                              Captopril 3mg/5ml oral solution                        Captopril       Oral   02050501 |
579. | 6001041000033115                                              Captopril 5mg/5ml oral solution                        Captopril       Oral   02050501 |
     |------------------------------------------------------------------------------------------------------------------------------------------------------|
580. | 2656341000033110                                            Captopril 5mg/5ml oral suspension                        Captopril       Oral   02050501 |
581. | 5898941000033112                                           Captopril 6.25mg/5ml oral solution                        Captopril       Oral   02050501 |
582. | 5899041000033115                                         Captopril 6.25mg/5ml oral suspension                        Captopril       Oral   02050501 |
629. | 3940841000033110                                                       Captopril 2mg capsules                        Captopril       Oral   02050501 |
630. | 5454041000033117                                                       Captopril 4mg capsules                        Captopril       Oral   02050501 |
     +------------------------------------------------------------------------------------------------------------------------------------------------------+
Drug: cilazapril

 cilazapril |      Freq.     Percent        Cum.
------------+-----------------------------------
          0 |        632       98.44       98.44
          1 |         10        1.56      100.00
------------+-----------------------------------
      Total |        642      100.00

     +---------------------------------------------------------------------------------------------------------------------+
     |       prodcodeid                                        termfromemis        drugsubstancename   routeo~n   bnfchapt |
     |---------------------------------------------------------------------------------------------------------------------|
 19. |  258341000033113                 Cilazapril  Tablets  250 micrograms                                                |
 29. | 1504841000033113                    Vascace  Tablets  250 micrograms                                                |
390. | 1504641000033112            Vascace 1mg tablets (Roche Products Ltd)   Cilazapril monohydrate       Oral   02050501 |
391. | 1503441000033113            Vascace 5mg tablets (Roche Products Ltd)   Cilazapril monohydrate       Oral   02050501 |
392. | 1504741000033115          Vascace 2.5mg tablets (Roche Products Ltd)   Cilazapril monohydrate       Oral   02050501 |
     |---------------------------------------------------------------------------------------------------------------------|
397. | 1504941000033117   Vascace 500microgram tablets (Roche Products Ltd)   Cilazapril monohydrate       Oral   02050501 |
427. |  258141000033110                              Cilazapril 1mg tablets   Cilazapril monohydrate       Oral   02050501 |
428. |  258241000033115                            Cilazapril 2.5mg tablets   Cilazapril monohydrate       Oral   02050501 |
429. |  258641000033117                              Cilazapril 5mg tablets   Cilazapril monohydrate       Oral   02050501 |
430. |  258441000033119                     Cilazapril 500microgram tablets   Cilazapril monohydrate       Oral   02050501 |
     +---------------------------------------------------------------------------------------------------------------------+
Drug: enalapril

  enalapril |      Freq.     Percent        Cum.
------------+-----------------------------------
          0 |        602       93.77       93.77
          1 |         40        6.23      100.00
------------+-----------------------------------
      Total |        642      100.00

     +-------------------------------------------------------------------------------------------------------------------------------------------+
     |        prodcodeid                                             termfromemis                        drugsubstancename   routeo~n   bnfchapt |
     |-------------------------------------------------------------------------------------------------------------------------------------------|
  2. |   524341000033113                         Enalapril Maleate  Wafers  10 mg                                                                |
  9. |   523741000033111                        Enalapril Maleate  Titration pack                                                                |
 21. |   771041000033111                             Innovace Melt  Wafers  20 mg                                                                |
 23. |   770241000033110                                 Innovace  Titration pack                                                                |
 26. |   524041000033111                        Enalapril Maleate  Wafers  2.5 mg                                                                |
     |-------------------------------------------------------------------------------------------------------------------------------------------|
 27. |   524641000033117                          Enalapril Maleate  Wafers  5 mg                                                                |
 28. |   524541000033118                         Enalapril Maleate  Wafers  20 mg                                                                |
 30. |   770541000033112                            Innovace Melt  Wafers  2.5 mg                                                                |
 31. |   524141000033110                         Enalapril Maleate  Wafers  20 mg                                                                |
 32. |   523941000033114                         Enalapril Maleate  Wafers  10 mg                                                                |
     |-------------------------------------------------------------------------------------------------------------------------------------------|
 34. |   770741000033116                              Innovace Melt  Wafers  5 mg                                                                |
 37. |   770641000033113                             Innovace Melt  Wafers  20 mg                                                                |
 42. |   770941000033118                            Innovace Melt  Wafers  2.5 mg                                                                |
 43. |   770841000033114                             Innovace Melt  Wafers  10 mg                                                                |
 58. |   524441000033119                        Enalapril Maleate  Wafers  2.5 mg                                                                |
     |-------------------------------------------------------------------------------------------------------------------------------------------|
 59. |   524241000033115                          Enalapril Maleate  Wafers  5 mg                                                                |
 60. |   771141000033110                              Innovace Melt  Wafers  5 mg                                                                |
 61. |   770441000033111                             Innovace Melt  Wafers  10 mg                                                                |
131. |   770141000033115   Innozide 20mg/12.5mg tablets (Organon Pharma (UK) Ltd)   Enalapril maleate/ Hydrochlorothiazide       Oral   02050501 |
170. |  3279241000033117             Enalapril 5mg/5ml oral suspension sugar free                        Enalapril maleate       Oral            |
     |-------------------------------------------------------------------------------------------------------------------------------------------|
235. |   769241000033112          Innovace 20mg tablets (Organon Pharma (UK) Ltd)                        Enalapril maleate       Oral   02050501 |
261. |   769041000033116          Innovace 10mg tablets (Organon Pharma (UK) Ltd)                        Enalapril maleate       Oral   02050501 |
297. |   523541000033115                                  Enalapril 2.5mg tablets                        Enalapril maleate       Oral   02050501 |
298. |   522841000033111                                    Enalapril 5mg tablets                        Enalapril maleate       Oral   02050501 |
299. |   522641000033110                                   Enalapril 10mg tablets                        Enalapril maleate       Oral   02050501 |
     |-------------------------------------------------------------------------------------------------------------------------------------------|
300. |   522741000033118                                   Enalapril 20mg tablets                        Enalapril maleate       Oral   02050501 |
416. | 13740241000033119                        Enalapril 20mg tablets (Imported)                        Enalapril maleate              02050501 |
431. |  3162241000033117      Enalapril 20mg / Hydrochlorothiazide 12.5mg tablets   Enalapril maleate/ Hydrochlorothiazide       Oral   02050501 |
484. |  1918641000033112          Pralenal 2.5 tablets (Opus Pharmaceuticals Ltd)                        Enalapril maleate       Oral   02050501 |
505. |  1918941000033117           Pralenal 20 tablets (Opus Pharmaceuticals Ltd)                        Enalapril maleate       Oral   02050501 |
     |-------------------------------------------------------------------------------------------------------------------------------------------|
522. |  1918741000033115            Pralenal 5 tablets (Opus Pharmaceuticals Ltd)                        Enalapril maleate       Oral   02050501 |
535. |   769341000033119           Innovace 5mg tablets (Organon Pharma (UK) Ltd)                        Enalapril maleate       Oral   02050501 |
543. |   769141000033117         Innovace 2.5mg tablets (Organon Pharma (UK) Ltd)                        Enalapril maleate       Oral   02050501 |
545. |  1918841000033113           Pralenal 10 tablets (Opus Pharmaceuticals Ltd)                        Enalapril maleate       Oral   02050501 |
595. |  6012441000033118                       Enalapril 1.25mg/5ml oral solution                        Enalapril maleate       Oral   02050501 |
     |-------------------------------------------------------------------------------------------------------------------------------------------|
596. |  6012541000033117                     Enalapril 1.25mg/5ml oral suspension                        Enalapril maleate       Oral   02050501 |
597. |  5967041000033117                         Enalapril 10mg/5ml oral solution                        Enalapril maleate       Oral   02050501 |
598. |  5967141000033118                       Enalapril 10mg/5ml oral suspension                        Enalapril maleate       Oral   02050501 |
599. |  5992541000033111                          Enalapril 5mg/5ml oral solution                        Enalapril maleate       Oral   02050501 |
600. |  5992641000033112                        Enalapril 5mg/5ml oral suspension                        Enalapril maleate       Oral   02050501 |
     +-------------------------------------------------------------------------------------------------------------------------------------------+
Drug: fosinopril

 fosinopril |      Freq.     Percent        Cum.
------------+-----------------------------------
          0 |        638       99.38       99.38
          1 |          4        0.62      100.00
------------+-----------------------------------
      Total |        642      100.00

     +-----------------------------------------------------------------------------------------------------------------------------+
     |       prodcodeid                                                     termfromemis   drugsubstancename   routeo~n   bnfchapt |
     |-----------------------------------------------------------------------------------------------------------------------------|
317. |  609141000033111                                          Fosinopril 10mg tablets   Fosinopril sodium       Oral   02050501 |
318. |  609241000033116                                          Fosinopril 20mg tablets   Fosinopril sodium       Oral   02050501 |
369. | 1387441000033115   Staril 20mg tablets (Bristol-Myers Squibb Pharmaceuticals Ltd)   Fosinopril sodium       Oral   02050501 |
489. | 1387341000033114   Staril 10mg tablets (Bristol-Myers Squibb Pharmaceuticals Ltd)   Fosinopril sodium       Oral   02050501 |
     +-----------------------------------------------------------------------------------------------------------------------------+
Drug: imidapril

  imidapril |      Freq.     Percent        Cum.
------------+-----------------------------------
          0 |        636       99.07       99.07
          1 |          6        0.93      100.00
------------+-----------------------------------
      Total |        642      100.00

     +-------------------------------------------------------------------------------------------------------------------+
     |       prodcodeid                                     termfromemis         drugsubstancename   routeo~n   bnfchapt |
     |-------------------------------------------------------------------------------------------------------------------|
324. | 2145841000033114                           Imidapril 20mg tablets   Imidapril hydrochloride       Oral   02050501 |
325. | 1739841000033119                            Imidapril 5mg tablets   Imidapril hydrochloride       Oral   02050501 |
326. | 1739741000033112                           Imidapril 10mg tablets   Imidapril hydrochloride       Oral   02050501 |
511. | 2145741000033116   Tanatril 20mg tablets (Northumbria Pharma Ltd)   Imidapril hydrochloride       Oral   02050501 |
533. | 1753841000033118   Tanatril 10mg tablets (Northumbria Pharma Ltd)   Imidapril hydrochloride       Oral   02050501 |
     |-------------------------------------------------------------------------------------------------------------------|
559. | 1753941000033114    Tanatril 5mg tablets (Northumbria Pharma Ltd)   Imidapril hydrochloride       Oral   02050501 |
     +-------------------------------------------------------------------------------------------------------------------+
Drug: lisinopril

 lisinopril |      Freq.     Percent        Cum.
------------+-----------------------------------
          0 |        608       94.70       94.70
          1 |         34        5.30      100.00
------------+-----------------------------------
      Total |        642      100.00

     +---------------------------------------------------------------------------------------------------------------------------------------------+
     |        prodcodeid                                                      termfromemis                 drugsubstancename   routeo~n   bnfchapt |
     |---------------------------------------------------------------------------------------------------------------------------------------------|
175. |  5568741000033113                               Lisinopril 40mg/5ml oral suspension                        Lisinopril       Oral   02050501 |
236. | 10645041000033114                       Lisinopril 5mg/5ml oral solution sugar free                        Lisinopril       Oral   02050501 |
253. |  1552341000033118                      Zestoretic 20 tablets (Atnahs Pharma UK Ltd)   Hydrochlorothiazide/ Lisinopril       Oral   02050501 |
254. |   217041000033116                  Carace 20 Plus tablets (Organon Pharma (UK) Ltd)   Hydrochlorothiazide/ Lisinopril       Oral   02050501 |
255. |  1551841000033118                      Zestoretic 10 tablets (Atnahs Pharma UK Ltd)   Hydrochlorothiazide/ Lisinopril       Oral   02050501 |
     |---------------------------------------------------------------------------------------------------------------------------------------------|
256. |   209841000033115                  Carace 10 Plus tablets (Organon Pharma (UK) Ltd)   Hydrochlorothiazide/ Lisinopril       Oral   02050501 |
259. |   215941000033111    Carace 10mg tablets (Bristol-Myers Squibb Pharmaceuticals Ltd)                        Lisinopril       Oral   02050501 |
301. |   837941000033119                                          Lisinopril 2.5mg tablets                        Lisinopril       Oral   02050501 |
302. |   838141000033117                                            Lisinopril 5mg tablets                        Lisinopril       Oral   02050501 |
303. |   837841000033110                                           Lisinopril 10mg tablets                        Lisinopril       Oral   02050501 |
     |---------------------------------------------------------------------------------------------------------------------------------------------|
304. |   838041000033116                                           Lisinopril 20mg tablets                        Lisinopril       Oral   02050501 |
305. |  3160941000033113              Lisinopril 20mg / Hydrochlorothiazide 12.5mg tablets   Hydrochlorothiazide/ Lisinopril       Oral   02050501 |
306. |  3160841000033117              Lisinopril 10mg / Hydrochlorothiazide 12.5mg tablets   Hydrochlorothiazide/ Lisinopril       Oral   02050501 |
345. |   216041000033118   Carace 2.5mg tablets (Bristol-Myers Squibb Pharmaceuticals Ltd)                        Lisinopril       Oral   02050501 |
408. | 13443541000033119          Lisoretic 20mg/12.5mg tablets (Bristol Laboratories Ltd)   Hydrochlorothiazide/ Lisinopril       Oral   02050501 |
     |---------------------------------------------------------------------------------------------------------------------------------------------|
409. | 13443441000033115          Lisoretic 10mg/12.5mg tablets (Bristol Laboratories Ltd)   Hydrochlorothiazide/ Lisinopril       Oral   02050501 |
519. |   216141000033119    Carace 20mg tablets (Bristol-Myers Squibb Pharmaceuticals Ltd)                        Lisinopril       Oral   02050501 |
524. |  1552041000033115                        Zestril 2.5mg tablets (AstraZeneca UK Ltd)                        Lisinopril       Oral   02050501 |
537. |  3136141000033118                     Caralpha 20mg/12.5mg tablets (Actavis UK Ltd)   Hydrochlorothiazide/ Lisinopril       Oral   02050501 |
538. |  3136041000033117                     Caralpha 10mg/12.5mg tablets (Actavis UK Ltd)   Hydrochlorothiazide/ Lisinopril       Oral   02050501 |
     |---------------------------------------------------------------------------------------------------------------------------------------------|
553. |   216241000033114     Carace 5mg tablets (Bristol-Myers Squibb Pharmaceuticals Ltd)                        Lisinopril       Oral   02050501 |
563. |  3279541000033115        Lisicostad 10mg/12.5mg tablets (Genus Pharmaceuticals Ltd)   Hydrochlorothiazide/ Lisinopril       Oral   02050501 |
564. |  3279641000033119        Lisicostad 20mg/12.5mg tablets (Genus Pharmaceuticals Ltd)   Hydrochlorothiazide/ Lisinopril       Oral   02050501 |
567. |  1552241000033111                        Zestril 5mg tablets (Atnahs Pharma UK Ltd)                        Lisinopril       Oral   02050501 |
568. |  1551941000033114                       Zestril 10mg tablets (Atnahs Pharma UK Ltd)                        Lisinopril       Oral   02050501 |
     |---------------------------------------------------------------------------------------------------------------------------------------------|
606. |  5971341000033117                                Lisinopril 2.5mg/5ml oral solution                        Lisinopril       Oral   02050501 |
607. |  5971441000033111                              Lisinopril 2.5mg/5ml oral suspension                        Lisinopril       Oral   02050501 |
608. |  6044641000033119                                 Lisinopril 20mg/5ml oral solution                        Lisinopril       Oral   02050501 |
609. |  6044541000033115                               Lisinopril 20mg/5ml oral suspension                        Lisinopril       Oral   02050501 |
610. |  5890241000033117                                  Lisinopril 5mg/5ml oral solution                        Lisinopril       Oral   02050501 |
     |---------------------------------------------------------------------------------------------------------------------------------------------|
611. |  3152141000033115                                Lisinopril 5mg/5ml oral suspension                        Lisinopril       Oral   02050501 |
612. |  5971541000033112                                Lisinopril 7.5mg/5ml oral solution                        Lisinopril       Oral   02050501 |
613. |  5971641000033113                              Lisinopril 7.5mg/5ml oral suspension                        Lisinopril       Oral   02050501 |
631. |  1552141000033116                       Zestril 20mg tablets (Atnahs Pharma UK Ltd)                        Lisinopril       Oral   02050501 |
     +---------------------------------------------------------------------------------------------------------------------------------------------+
Drug: moexipril

  moexipril |      Freq.     Percent        Cum.
------------+-----------------------------------
          0 |        638       99.38       99.38
          1 |          4        0.62      100.00
------------+-----------------------------------
      Total |        642      100.00

     +----------------------------------------------------------------------------------------------------------+
     |       prodcodeid                            termfromemis         drugsubstancename   routeo~n   bnfchapt |
     |----------------------------------------------------------------------------------------------------------|
322. |  938141000033112                 Moexipril 7.5mg tablets   Moexipril hydrochloride       Oral   02050501 |
323. |  938041000033113                  Moexipril 15mg tablets   Moexipril hydrochloride       Oral   02050501 |
444. | 1065941000033115    Perdix 15mg tablets (UCB Pharma Ltd)   Moexipril hydrochloride       Oral   02050501 |
445. | 1066041000033113   Perdix 7.5mg tablets (UCB Pharma Ltd)   Moexipril hydrochloride       Oral   02050501 |
     +----------------------------------------------------------------------------------------------------------+
Drug: perindopril

perindopril |      Freq.     Percent        Cum.
------------+-----------------------------------
          0 |        611       95.17       95.17
          1 |         31        4.83      100.00
------------+-----------------------------------
      Total |        642      100.00

     +-----------------------------------------------------------------------------------------------------------------------------------------------------------+
     |       prodcodeid                                                           termfromemis                           drugsubstancename   routeo~n   bnfchapt |
     |-----------------------------------------------------------------------------------------------------------------------------------------------------------|
 22. | 4153041000033114                                Perindopril  Oral suspension  8 mg/5 ml                                                                   |
 55. | 5997541000033113                                  Perindopril  Oral solution  8 mg/5 ml                                                                   |
 62. | 5888241000033116                                Perindopril  Oral suspension  4 mg/5 ml                                                                   |
102. | 4454641000033117   Coversyl Arginine Plus 5mg/1.25mg tablets (Servier Laboratories Ltd)            Indapamide/ Perindopril arginine       Oral   02050501 |
103. | 4454441000033119              Coversyl Arginine 10mg tablets (Servier Laboratories Ltd)                        Perindopril arginine       Oral   02050501 |
     |-----------------------------------------------------------------------------------------------------------------------------------------------------------|
104. | 4454341000033113               Coversyl Arginine 5mg tablets (Servier Laboratories Ltd)                        Perindopril arginine       Oral   02050501 |
105. | 4454241000033115             Coversyl Arginine 2.5mg tablets (Servier Laboratories Ltd)                        Perindopril arginine       Oral   02050501 |
110. | 4454141000033110                                      Perindopril arginine 10mg tablets                        Perindopril arginine       Oral   02050501 |
111. | 4453941000033114                                     Perindopril arginine 2.5mg tablets                        Perindopril arginine       Oral   02050501 |
112. | 4454541000033118                   Perindopril arginine 5mg / Indapamide 1.25mg tablets            Indapamide/ Perindopril arginine       Oral   02050501 |
     |-----------------------------------------------------------------------------------------------------------------------------------------------------------|
113. | 4454041000033111                                       Perindopril arginine 5mg tablets                        Perindopril arginine       Oral   02050501 |
122. | 8275941000033110                             Perindopril erbumine 8mg/5ml oral solution                        Perindopril erbumine       Oral   02050501 |
123. | 8276141000033118                           Perindopril erbumine 8mg/5ml oral suspension                        Perindopril erbumine       Oral   02050501 |
179. | 8263541000033111                                      Perindopril tosilate 10mg tablets                        Perindopril tosilate       Oral   02050501 |
180. | 8263341000033116                                     Perindopril tosilate 2.5mg tablets                        Perindopril tosilate       Oral   02050501 |
     |-----------------------------------------------------------------------------------------------------------------------------------------------------------|
181. | 8263641000033112                   Perindopril tosilate 5mg / Indapamide 1.25mg tablets            Indapamide/ Perindopril tosilate       Oral   02050501 |
182. | 8263441000033110                                       Perindopril tosilate 5mg tablets                        Perindopril tosilate       Oral   02050501 |
196. | 8869441000033119                             Perindopril erbumine 4mg/5ml oral solution                        Perindopril erbumine       Oral   02050501 |
205. | 9105341000033116                     Perindopril erbumine 4mg / Amlodipine 10mg tablets   Amlodipine besilate/ Perindopril erbumine       Oral   02050501 |
206. | 9105241000033114                      Perindopril erbumine 4mg / Amlodipine 5mg tablets   Amlodipine besilate/ Perindopril erbumine       Oral   02050501 |
     |-----------------------------------------------------------------------------------------------------------------------------------------------------------|
207. | 9105541000033111                     Perindopril erbumine 8mg / Amlodipine 10mg tablets   Amlodipine besilate/ Perindopril erbumine       Oral   02050501 |
208. | 9105441000033110                      Perindopril erbumine 8mg / Amlodipine 5mg tablets   Amlodipine besilate/ Perindopril erbumine       Oral   02050501 |
311. | 1067841000033115                                       Perindopril erbumine 2mg tablets                        Perindopril erbumine       Oral   02050501 |
312. | 1067941000033111                                       Perindopril erbumine 4mg tablets                        Perindopril erbumine       Oral   02050501 |
365. | 3161641000033114                   Perindopril erbumine 4mg / Indapamide 1.25mg tablets            Indapamide/ Perindopril erbumine       Oral   02050501 |
     |-----------------------------------------------------------------------------------------------------------------------------------------------------------|
398. | 2846741000033119                                       Perindopril erbumine 8mg tablets                        Perindopril erbumine       Oral   02050501 |
405. | 2846641000033111                        Coversyl 8mg tablets (Servier Laboratories Ltd)                        Perindopril erbumine       Oral   02050501 |
493. |  377541000033114                        Coversyl 2mg tablets (Servier Laboratories Ltd)                        Perindopril erbumine       Oral   02050501 |
517. | 2739541000033117                       Coversyl Plus tablets (Servier Laboratories Ltd)            Indapamide/ Perindopril erbumine       Oral   02050501 |
617. | 8276041000033117                           Perindopril erbumine 4mg/5ml oral suspension                        Perindopril erbumine       Oral   02050501 |
     |-----------------------------------------------------------------------------------------------------------------------------------------------------------|
633. |  377641000033110                        Coversyl 4mg tablets (Servier Laboratories Ltd)                        Perindopril erbumine       Oral   02050501 |
     +-----------------------------------------------------------------------------------------------------------------------------------------------------------+
Drug: quinapril

  quinapril |      Freq.     Percent        Cum.
------------+-----------------------------------
          0 |        631       98.29       98.29
          1 |         11        1.71      100.00
------------+-----------------------------------
      Total |        642      100.00

     +---------------------------------------------------------------------------------------------------------------------------------------------+
     |       prodcodeid                                          termfromemis                              drugsubstancename   routeo~n   bnfchapt |
     |---------------------------------------------------------------------------------------------------------------------------------------------|
194. |   13241000033114                     Accupro 10mg tablets (Pfizer Ltd)                        Quinapril hydrochloride       Oral   02050501 |
231. |   11241000033113            Accuretic 10mg/12.5mg tablets (Pfizer Ltd)   Hydrochlorothiazide/ Quinapril hydrochloride       Oral   02050501 |
307. | 1149241000033111                                 Quinapril 5mg tablets                        Quinapril hydrochloride       Oral   02050501 |
308. | 1149341000033118                                Quinapril 10mg tablets                        Quinapril hydrochloride       Oral   02050501 |
309. | 1149441000033112                                Quinapril 20mg tablets                        Quinapril hydrochloride       Oral   02050501 |
     |---------------------------------------------------------------------------------------------------------------------------------------------|
310. | 1149541000033113                                Quinapril 40mg tablets                        Quinapril hydrochloride       Oral   02050501 |
432. | 3160641000033118   Quinapril 10mg / Hydrochlorothiazide 12.5mg tablets   Hydrochlorothiazide/ Quinapril hydrochloride       Oral   02050501 |
523. |   13441000033110                      Accupro 5mg tablets (Pfizer Ltd)                        Quinapril hydrochloride       Oral   02050501 |
570. |   13341000033116                     Accupro 20mg tablets (Pfizer Ltd)                        Quinapril hydrochloride       Oral   02050501 |
614. |   11641000033111                     Accupro 40mg tablets (Pfizer Ltd)                        Quinapril hydrochloride       Oral   02050501 |
     |---------------------------------------------------------------------------------------------------------------------------------------------|
638. | 3283141000033118        Quinil 5mg tablets (Tillomed Laboratories Ltd)                        Quinapril hydrochloride       Oral   02050501 |
     +---------------------------------------------------------------------------------------------------------------------------------------------+
Drug: ramipril

   ramipril |      Freq.     Percent        Cum.
------------+-----------------------------------
          0 |        605       94.24       94.24
          1 |         37        5.76      100.00
------------+-----------------------------------
      Total |        642      100.00

     +--------------------------------------------------------------------------------------------------------------------------------------+
     |        prodcodeid                                                          termfromemis      drugsubstancename   routeo~n   bnfchapt |
     |--------------------------------------------------------------------------------------------------------------------------------------|
  5. |  3890041000033117   Ramipril  Powder For Oral Suspension With Diluent (Kit)  10 mg/5 ml                                              |
 49. |  2724541000033115            Ramipril  Titration pack  7 x 2.5 mg, 21 x 5 mg, 7 x 10 mg                                              |
 52. |  4521441000033112      Tritace  Tablet Titration Pack  7 x 2.5 mg, 21 x 5 mg, 7 x 10 mg                                              |
 81. |  1455541000033110                              Tritace 1.25mg capsules (Aventis Pharma)               Ramipril       Oral   02050501 |
114. | 12090641000033119                               Tritace titration pack tablets (Sanofi)                                     02050501 |
     |--------------------------------------------------------------------------------------------------------------------------------------|
167. |  6517041000033110                           Ramipril 2.5mg/5ml oral solution sugar free               Ramipril       Oral   02050501 |
237. |  2724641000033119                              Tritace titration pack capsules (Sanofi)                                     02050501 |
262. |  3163341000033119            Felodipine 2.5mg modified-release / Ramipril 2.5mg tablets   Felodipine/ Ramipril       Oral   02050501 |
263. |  3163241000033112                Felodipine 5mg modified-release / Ramipril 5mg tablets   Felodipine/ Ramipril       Oral   02050501 |
313. |  1151341000033117                                              Ramipril 1.25mg capsules               Ramipril       Oral   02050501 |
     |--------------------------------------------------------------------------------------------------------------------------------------|
314. |  1151441000033111                                               Ramipril 2.5mg capsules               Ramipril       Oral   02050501 |
315. |  1151541000033112                                                 Ramipril 5mg capsules               Ramipril       Oral   02050501 |
316. |  1769841000033111                                                Ramipril 10mg capsules               Ramipril       Oral   02050501 |
414. |  1834341000033110                     Triapin 5mg/5mg modified-release tablets (Sanofi)   Felodipine/ Ramipril       Oral   02050501 |
452. |  2989541000033115                                               Ramipril 1.25mg tablets               Ramipril       Oral   02050501 |
     |--------------------------------------------------------------------------------------------------------------------------------------|
453. |  2989641000033119                                                Ramipril 2.5mg tablets               Ramipril       Oral   02050501 |
454. |  2989741000033111                                                  Ramipril 5mg tablets               Ramipril       Oral   02050501 |
455. |  2989841000033118                                                 Ramipril 10mg tablets               Ramipril       Oral   02050501 |
461. |  8264941000033119                 Triapin 2.5mg/2.5mg modified-release tablets (Sanofi)   Felodipine/ Ramipril       Oral   02050501 |
482. |  1769941000033115                                        Tritace 10mg capsules (Sanofi)               Ramipril       Oral   02050501 |
     |--------------------------------------------------------------------------------------------------------------------------------------|
498. |  2989941000033114                                       Tritace 1.25mg tablets (Sanofi)               Ramipril       Oral   02050501 |
499. |  2990041000033116                                        Tritace 2.5mg tablets (Sanofi)               Ramipril       Oral   02050501 |
500. |  2990141000033117                                          Tritace 5mg tablets (Sanofi)               Ramipril       Oral   02050501 |
501. |  2990241000033112                                         Tritace 10mg tablets (Sanofi)               Ramipril       Oral   02050501 |
556. |  3159741000033111                     Lopace 2.5mg capsules (Discovery Pharmaceuticals)               Ramipril       Oral   02050501 |
     |--------------------------------------------------------------------------------------------------------------------------------------|
557. |  3159841000033118                       Lopace 5mg capsules (Discovery Pharmaceuticals)               Ramipril       Oral   02050501 |
558. |  3159941000033114                      Lopace 10mg capsules (Discovery Pharmaceuticals)               Ramipril       Oral   02050501 |
560. |  1455741000033119                                         Tritace 5mg capsules (Sanofi)               Ramipril       Oral   02050501 |
583. |  1455641000033111                                       Tritace 2.5mg capsules (Sanofi)               Ramipril       Oral   02050501 |
620. |  5998241000033112                                     Ramipril 1.25mg/5ml oral solution               Ramipril       Oral   02050501 |
     |--------------------------------------------------------------------------------------------------------------------------------------|
621. |  4152241000033113                                   Ramipril 1.25mg/5ml oral suspension               Ramipril       Oral   02050501 |
622. |  5887841000033118                                       Ramipril 10mg/5ml oral solution               Ramipril       Oral   02050501 |
623. |  5887941000033114                                     Ramipril 10mg/5ml oral suspension               Ramipril       Oral   02050501 |
624. |  5890541000033115                                      Ramipril 2.5mg/5ml oral solution               Ramipril       Oral   02050501 |
625. |  4805941000033114                                    Ramipril 2.5mg/5ml oral suspension               Ramipril       Oral   02050501 |
     |--------------------------------------------------------------------------------------------------------------------------------------|
626. |  5890341000033110                                        Ramipril 5mg/5ml oral solution               Ramipril       Oral   02050501 |
627. |  2883341000033118                                      Ramipril 5mg/5ml oral suspension               Ramipril       Oral   02050501 |
     +--------------------------------------------------------------------------------------------------------------------------------------+
Drug: trandolapril

trandolapri |
          l |      Freq.     Percent        Cum.
------------+-----------------------------------
          0 |        597       92.99       92.99
          1 |         45        7.01      100.00
------------+-----------------------------------
      Total |        642      100.00

     +--------------------------------------------------------------------------------------------------------------------------------------------------------------------+
     |       prodcodeid                                                                     termfromemis                       drugsubstancename   routeofad~n   bnfchapt |
     |--------------------------------------------------------------------------------------------------------------------------------------------------------------------|
 11. | 1513041000033118                                         Verapamil Hydrochloride  Tablets  240 mg                                                                  |
 12. | 1511741000033119                                    Verapamil Hydrochloride  M/R capsules  240 mg                                                                  |
 47. | 1508641000033116                                    Verapamil Hydrochloride  Injection  2.5 mg/ml                                                                  |
120. | 1274741000033119                                  Securon 120mg tablets (Abbott Laboratories Ltd)                 Verapamil hydrochloride          Oral   02060200 |
121. |  998641000033111                                              Odrik 2mg capsules (Aventis Pharma)                            Trandolapril          Oral   02050501 |
     |--------------------------------------------------------------------------------------------------------------------------------------------------------------------|
183. | 1489541000033117                             Univer 120mg modified-release capsules (Teva UK Ltd)                 Verapamil hydrochloride          Oral   02060200 |
193. |  998741000033119                                     Odrik 500microgram capsules (Aventis Pharma)                            Trandolapril          Oral   02050501 |
227. |  648541000033117                           Gopten 500microgram capsules (Abbott Laboratories Ltd)                            Trandolapril          Oral   02050501 |
230. |  375141000033114                              Cordilox 80mg tablets (IVAX Pharmaceuticals UK Ltd)                 Verapamil hydrochloride          Oral   02060200 |
234. |  648441000033118                                    Gopten 2mg capsules (Abbott Laboratories Ltd)                            Trandolapril          Oral   02050501 |
     |--------------------------------------------------------------------------------------------------------------------------------------------------------------------|
264. | 1513241000033114                                                           Verapamil 40mg tablets                 Verapamil hydrochloride          Oral   02060200 |
265. | 1513341000033116                                                           Verapamil 80mg tablets                 Verapamil hydrochloride          Oral   02060200 |
266. | 1512941000033111                                                          Verapamil 120mg tablets                 Verapamil hydrochloride          Oral   02060200 |
267. | 1513141000033119                                                          Verapamil 160mg tablets                 Verapamil hydrochloride          Oral   02060200 |
319. | 1454141000033119                                               Trandolapril 500microgram capsules                            Trandolapril          Oral   02050501 |
     |--------------------------------------------------------------------------------------------------------------------------------------------------------------------|
320. | 1453941000033115                                                        Trandolapril 1mg capsules                            Trandolapril          Oral   02050501 |
321. | 1454041000033118                                                        Trandolapril 2mg capsules                            Trandolapril          Oral   02050501 |
367. |  648341000033112                                    Gopten 1mg capsules (Abbott Laboratories Ltd)                            Trandolapril          Oral   02050501 |
372. | 1509041000033119                                         Verapamil 120mg modified-release tablets                 Verapamil hydrochloride          Oral   02060200 |
380. | 3163041000033116                     Verapamil 180mg modified-release / Trandolapril 2mg capsules   Trandolapril/ Verapamil hydrochloride          Oral   02050501 |
     |--------------------------------------------------------------------------------------------------------------------------------------------------------------------|
381. | 1511241000033113                                        Verapamil 180mg modified-release capsules                 Verapamil hydrochloride          Oral   02060200 |
382. | 4260341000033110                                Verapamil 5mg/2ml solution for injection ampoules                 Verapamil hydrochloride   Intravenous   02060200 |
383. | 2845841000033119                                      Ranvera MR 240mg tablets (Ranbaxy (UK) Ltd)                 Verapamil hydrochloride          Oral   02060200 |
386. | 1511141000033118                                        Verapamil 120mg modified-release capsules                 Verapamil hydrochloride          Oral   02060200 |
395. | 1406341000033117                        Tarka modified-release capsules (Abbott Laboratories Ltd)   Trandolapril/ Verapamil hydrochloride          Oral   02050501 |
     |--------------------------------------------------------------------------------------------------------------------------------------------------------------------|
413. | 1509141000033115                                         Verapamil 240mg modified-release tablets                 Verapamil hydrochloride          Oral   02060200 |
418. | 1511341000033115                                        Verapamil 240mg modified-release capsules                 Verapamil hydrochloride          Oral   02060200 |
421. | 1489641000033116                             Univer 180mg modified-release capsules (Teva UK Ltd)                 Verapamil hydrochloride          Oral   02060200 |
464. | 3014741000033111                                                        Trandolapril 4mg capsules                            Trandolapril          Oral   02050501 |
466. | 2641041000033116                    Zolvera 40mg/5ml oral solution (Rosemont Pharmaceuticals Ltd)                 Verapamil hydrochloride          Oral   02060200 |
     |--------------------------------------------------------------------------------------------------------------------------------------------------------------------|
467. | 1509841000033114                                      Verapamil 40mg/5ml oral solution sugar free                 Verapamil hydrochloride          Oral   02060200 |
479. |  998541000033110                                              Odrik 1mg capsules (Aventis Pharma)                            Trandolapril          Oral   02050501 |
483. | 1271741000033116   Securon IV 5mg/2ml solution for injection ampoules (Viatris UK Healthcare Ltd)                 Verapamil hydrochloride   Intravenous   02060200 |
508. | 1833541000033117                                   Verapress MR 240mg tablets (Dexcel-Pharma Ltd)                 Verapamil hydrochloride          Oral   02060200 |
513. | 1275141000033117                             Securon SR 240mg tablets (Viatris UK Healthcare Ltd)                 Verapamil hydrochloride          Oral   02060200 |
     |--------------------------------------------------------------------------------------------------------------------------------------------------------------------|
516. |  375041000033110                              Cordilox 40mg tablets (IVAX Pharmaceuticals UK Ltd)                 Verapamil hydrochloride          Oral   02060200 |
518. | 3014841000033118                                    Gopten 4mg capsules (Abbott Laboratories Ltd)                            Trandolapril          Oral   02050501 |
528. | 1489741000033113                             Univer 240mg modified-release capsules (Teva UK Ltd)                 Verapamil hydrochloride          Oral   02060200 |
532. | 1754841000033116                                               Vertab SR 240 tablets (Chiesi Ltd)                 Verapamil hydrochloride          Oral   02060200 |
539. | 2129041000033118                                          Cordilox MR 240mg tablets (Teva UK Ltd)                 Verapamil hydrochloride          Oral   02060200 |
     |--------------------------------------------------------------------------------------------------------------------------------------------------------------------|
540. | 2890641000033116                            Vera-Til SR 120mg tablets (Tillomed Laboratories Ltd)                 Verapamil hydrochloride          Oral   02060200 |
541. | 2890741000033113                            Vera-Til SR 240mg tablets (Tillomed Laboratories Ltd)                 Verapamil hydrochloride          Oral   02060200 |
554. |  374941000033110                             Cordilox 160mg tablets (IVAX Pharmaceuticals UK Ltd)                 Verapamil hydrochloride          Oral   02060200 |
592. |  660641000033112                        Half Securon SR 120mg tablets (Viatris UK Healthcare Ltd)                 Verapamil hydrochloride          Oral   02060200 |
616. |  374841000033119                             Cordilox 120mg tablets (IVAX Pharmaceuticals UK Ltd)                 Verapamil hydrochloride          Oral   02060200 |
     +--------------------------------------------------------------------------------------------------------------------------------------------------------------------+
Drug: azilsartan

 azilsartan |      Freq.     Percent        Cum.
------------+-----------------------------------
          0 |        636       99.07       99.07
          1 |          6        0.93      100.00
------------+-----------------------------------
      Total |        642      100.00

     +---------------------------------------------------------------------------------------------------------------+
     |       prodcodeid                          termfromemis                drugsubstancename   routeo~n   bnfchapt |
     |---------------------------------------------------------------------------------------------------------------|
 85. | 7754941000033110     Azilsartan medoxomil 40mg tablets   Azilsartan medoxomil potassium       Oral   02050502 |
 86. | 7755041000033110     Azilsartan medoxomil 80mg tablets   Azilsartan medoxomil potassium       Oral   02050502 |
171. | 7755141000033114   Edarbi 20mg tablets (Takeda UK Ltd)   Azilsartan medoxomil potassium       Oral   02050502 |
172. | 7755241000033119   Edarbi 40mg tablets (Takeda UK Ltd)   Azilsartan medoxomil potassium       Oral   02050502 |
173. | 7755341000033112   Edarbi 80mg tablets (Takeda UK Ltd)   Azilsartan medoxomil potassium       Oral   02050502 |
     |---------------------------------------------------------------------------------------------------------------|
174. | 7754841000033119     Azilsartan medoxomil 20mg tablets   Azilsartan medoxomil potassium       Oral   02050502 |
     +---------------------------------------------------------------------------------------------------------------+
Drug: candesartan

candesartan |      Freq.     Percent        Cum.
------------+-----------------------------------
          0 |        632       98.44       98.44
          1 |         10        1.56      100.00
------------+-----------------------------------
      Total |        642      100.00

     +-----------------------------------------------------------------------------------------------------------+
     |       prodcodeid                               termfromemis       drugsubstancename   routeo~n   bnfchapt |
     |-----------------------------------------------------------------------------------------------------------|
336. |  211641000033118                    Candesartan 2mg tablets   Candesartan cilexetil       Oral   02050502 |
337. |  211741000033110                    Candesartan 4mg tablets   Candesartan cilexetil       Oral   02050502 |
338. |  211841000033117                    Candesartan 8mg tablets   Candesartan cilexetil       Oral   02050502 |
339. |  211541000033119                   Candesartan 16mg tablets   Candesartan cilexetil       Oral   02050502 |
374. |   59441000033117    Amias 8mg tablets (Neon Healthcare Ltd)   Candesartan cilexetil       Oral   02050502 |
     |-----------------------------------------------------------------------------------------------------------|
402. | 3227241000033111                   Candesartan 32mg tablets   Candesartan cilexetil       Oral   02050502 |
602. |   59341000033111    Amias 4mg tablets (Neon Healthcare Ltd)   Candesartan cilexetil       Oral   02050502 |
632. | 3227341000033118   Amias 32mg tablets (Neon Healthcare Ltd)   Candesartan cilexetil       Oral   02050502 |
636. |   59141000033113   Amias 16mg tablets (Neon Healthcare Ltd)   Candesartan cilexetil       Oral   02050502 |
642. |   59241000033118    Amias 2mg tablets (Neon Healthcare Ltd)   Candesartan cilexetil       Oral   02050502 |
     +-----------------------------------------------------------------------------------------------------------+
Drug: eprosartan

 eprosartan |      Freq.     Percent        Cum.
------------+-----------------------------------
          0 |        636       99.07       99.07
          1 |          6        0.93      100.00
------------+-----------------------------------
      Total |        642      100.00

     +-----------------------------------------------------------------------------------------------------------------------+
     |       prodcodeid                                             termfromemis     drugsubstancename   routeo~n   bnfchapt |
     |-----------------------------------------------------------------------------------------------------------------------|
139. | 2040941000033117   Teveten 400mg tablets (Abbott Healthcare Products Ltd)   Eprosartan mesilate       Oral   02050502 |
342. | 2036341000033115                                 Eprosartan 300mg tablets   Eprosartan mesilate       Oral   02050502 |
343. | 2036441000033114                                 Eprosartan 400mg tablets   Eprosartan mesilate       Oral   02050502 |
344. | 2036541000033110                                 Eprosartan 600mg tablets   Eprosartan mesilate       Oral   02050502 |
443. | 2040841000033113        Teveten 300mg tablets (Viatris UK Healthcare Ltd)   Eprosartan mesilate       Oral   02050502 |
     |-----------------------------------------------------------------------------------------------------------------------|
619. | 2041041000033110        Teveten 600mg tablets (Viatris UK Healthcare Ltd)   Eprosartan mesilate       Oral   02050502 |
     +-----------------------------------------------------------------------------------------------------------------------+
Drug: irbesartan

 irbesartan |      Freq.     Percent        Cum.
------------+-----------------------------------
          0 |        624       97.20       97.20
          1 |         18        2.80      100.00
------------+-----------------------------------
      Total |        642      100.00

     +----------------------------------------------------------------------------------------------------------------------------------+
     |       prodcodeid                                            termfromemis                 drugsubstancename   routeo~n   bnfchapt |
     |----------------------------------------------------------------------------------------------------------------------------------|
 74. | 3995341000033119                   CoAprovel 300mg/25mg tablets (Sanofi)   Hydrochlorothiazide/ Irbesartan       Oral   02050502 |
 75. | 3995241000033112     Irbesartan 300mg / Hydrochlorothiazide 25mg tablets   Hydrochlorothiazide/ Irbesartan       Oral   02050502 |
 97. | 4954341000033111                    Irbesartan 300mg/5ml oral suspension                        Irbesartan       Oral   02050502 |
106. | 3161241000033111   Irbesartan 300mg / Hydrochlorothiazide 12.5mg tablets   Hydrochlorothiazide/ Irbesartan       Oral   02050502 |
107. | 3161141000033116   Irbesartan 150mg / Hydrochlorothiazide 12.5mg tablets   Hydrochlorothiazide/ Irbesartan       Oral   02050502 |
     |----------------------------------------------------------------------------------------------------------------------------------|
165. | 6435741000033117                   Irbesartan 37.5mg oral powder sachets                        Irbesartan       Oral   02050502 |
190. | 8554141000033116                    Ifirmasta 75mg tablets (Krka UK Ltd)                        Irbesartan       Oral   02050502 |
191. | 8554241000033111                   Ifirmasta 150mg tablets (Krka UK Ltd)                        Irbesartan       Oral   02050502 |
192. | 8554341000033118                   Ifirmasta 300mg tablets (Krka UK Ltd)                        Irbesartan       Oral   02050502 |
333. |  775641000033115                                 Irbesartan 75mg tablets                        Irbesartan       Oral   02050502 |
     |----------------------------------------------------------------------------------------------------------------------------------|
334. |  775441000033117                                Irbesartan 150mg tablets                        Irbesartan       Oral   02050502 |
335. |  775541000033116                                Irbesartan 300mg tablets                        Irbesartan       Oral   02050502 |
348. |   76041000033116                          Aprovel 300mg tablets (Sanofi)                        Irbesartan       Oral   02050502 |
480. |   76141000033117                           Aprovel 75mg tablets (Sanofi)                        Irbesartan       Oral   02050502 |
534. | 2216241000033110                 CoAprovel 300mg/12.5mg tablets (Sanofi)   Hydrochlorothiazide/ Irbesartan       Oral   02050502 |
     |----------------------------------------------------------------------------------------------------------------------------------|
555. | 2216141000033115                 CoAprovel 150mg/12.5mg tablets (Sanofi)   Hydrochlorothiazide/ Irbesartan       Oral   02050502 |
603. | 5970641000033117                    Irbesartan 150mg/5ml oral suspension                        Irbesartan       Oral   02050502 |
605. |   75941000033114                          Aprovel 150mg tablets (Sanofi)                        Irbesartan       Oral   02050502 |
     +----------------------------------------------------------------------------------------------------------------------------------+
Drug: losartan

   losartan |      Freq.     Percent        Cum.
------------+-----------------------------------
          0 |        622       96.88       96.88
          1 |         20        3.12      100.00
------------+-----------------------------------
      Total |        642      100.00

     +-----------------------------------------------------------------------------------------------------------------------------------------------+
     |       prodcodeid                                                 termfromemis                         drugsubstancename   routeo~n   bnfchapt |
     |-----------------------------------------------------------------------------------------------------------------------------------------------|
 99. | 4424841000033117   Cozaar-Comp 100mg/12.5mg tablets (Organon Pharma (UK) Ltd)   Hydrochlorothiazide/ Losartan potassium       Oral   02050502 |
100. | 4424741000033110          Losartan 100mg / Hydrochlorothiazide 12.5mg tablets   Hydrochlorothiazide/ Losartan potassium       Oral   02050502 |
126. | 5971941000033118                              Losartan 50mg/5ml oral solution                        Losartan potassium       Oral   02050502 |
127. | 5972041000033112                            Losartan 50mg/5ml oral suspension                        Losartan potassium       Oral   02050502 |
138. | 4957641000033110              Cozaar 12.5mg tablets (Organon Pharma (UK) Ltd)                        Losartan potassium       Oral   02050502 |
     |-----------------------------------------------------------------------------------------------------------------------------------------------|
140. | 4957541000033114                                      Losartan 12.5mg tablets                        Losartan potassium       Oral   02050502 |
141. | 5971741000033116                             Losartan 100mg/5ml oral solution                        Losartan potassium       Oral   02050502 |
142. | 5971841000033114                           Losartan 100mg/5ml oral suspension                        Losartan potassium       Oral   02050502 |
144. | 5150041000033110    Cozaar 2.5mg/ml oral suspension (Organon Pharma (UK) Ltd)                        Losartan potassium       Oral   02050502 |
145. | 5149941000033118                 Losartan 2.5mg/ml oral suspension sugar free                        Losartan potassium       Oral   02050502 |
     |-----------------------------------------------------------------------------------------------------------------------------------------------|
226. | 2720241000033110               Cozaar 100mg tablets (Organon Pharma (UK) Ltd)                        Losartan potassium       Oral   02050502 |
229. |  370841000033110    Cozaar-Comp 50mg/12.5mg tablets (Organon Pharma (UK) Ltd)   Hydrochlorothiazide/ Losartan potassium       Oral   02050502 |
233. |  370441000033112                Cozaar 25mg tablets (Organon Pharma (UK) Ltd)                        Losartan potassium       Oral   02050502 |
327. |  851841000033117                                        Losartan 25mg tablets                        Losartan potassium       Oral   02050502 |
328. |  851941000033113                                        Losartan 50mg tablets                        Losartan potassium       Oral   02050502 |
     |-----------------------------------------------------------------------------------------------------------------------------------------------|
329. | 3161741000033117           Losartan 50mg / Hydrochlorothiazide 12.5mg tablets   Hydrochlorothiazide/ Losartan potassium       Oral   02050502 |
423. | 3346841000033117            Losartan 100mg / Hydrochlorothiazide 25mg tablets   Hydrochlorothiazide/ Losartan potassium       Oral   02050502 |
446. | 2720141000033115                                       Losartan 100mg tablets                        Losartan potassium       Oral   02050502 |
512. |  370541000033113                Cozaar 50mg tablets (Organon Pharma (UK) Ltd)                        Losartan potassium       Oral   02050502 |
641. | 3346941000033113     Cozaar-Comp 100mg/25mg tablets (Organon Pharma (UK) Ltd)   Hydrochlorothiazide/ Losartan potassium       Oral   02050502 |
     +-----------------------------------------------------------------------------------------------------------------------------------------------+
Drug: olmesartan

 olmesartan |      Freq.     Percent        Cum.
------------+-----------------------------------
          0 |        618       96.26       96.26
          1 |         24        3.74      100.00
------------+-----------------------------------
      Total |        642      100.00

     +---------------------------------------------------------------------------------------------------------------------------------------------------------------+
 67. |       prodcodeid |                                                   termfromemis |                                              drugsubstancename | routeo~n |
     | 3909141000033116 |       Olmetec Plus 20mg/12.5mg tablets (Daiichi Sankyo UK Ltd) |                      Hydrochlorothiazide/ Olmesartan medoxomil |     Oral |
     |---------------------------------------------------------------------------------------------------------------------------------------------------------------|
     |                                                                           bnfchapt                                                                            |
     |                                                                           02050502                                                                            |
     +---------------------------------------------------------------------------------------------------------------------------------------------------------------+

     +---------------------------------------------------------------------------------------------------------------------------------------------------------------+
 68. |       prodcodeid |                                                   termfromemis |                                              drugsubstancename | routeo~n |
     | 3909241000033111 |         Olmetec Plus 20mg/25mg tablets (Daiichi Sankyo UK Ltd) |                      Hydrochlorothiazide/ Olmesartan medoxomil |     Oral |
     |---------------------------------------------------------------------------------------------------------------------------------------------------------------|
     |                                                                           bnfchapt                                                                            |
     |                                                                           02050502                                                                            |
     +---------------------------------------------------------------------------------------------------------------------------------------------------------------+

     +---------------------------------------------------------------------------------------------------------------------------------------------------------------+
 69. |       prodcodeid |                                                   termfromemis |                                              drugsubstancename | routeo~n |
     | 3909041000033115 |   Olmesartan medoxomil 20mg / Hydrochlorothiazide 25mg tablets |                      Hydrochlorothiazide/ Olmesartan medoxomil |     Oral |
     |---------------------------------------------------------------------------------------------------------------------------------------------------------------|
     |                                                                           bnfchapt                                                                            |
     |                                                                           02050502                                                                            |
     +---------------------------------------------------------------------------------------------------------------------------------------------------------------+

     +---------------------------------------------------------------------------------------------------------------------------------------------------------------+
130. |       prodcodeid |                                                   termfromemis |                                              drugsubstancename | routeo~n |
     | 4273241000033118 |                  Olmesartan medoxomil 10mg/5ml oral suspension |                                           Olmesartan medoxomil |     Oral |
     |---------------------------------------------------------------------------------------------------------------------------------------------------------------|
     |                                                                           bnfchapt                                                                            |
     |                                                                           02050502                                                                            |
     +---------------------------------------------------------------------------------------------------------------------------------------------------------------+

     +---------------------------------------------------------------------------------------------------------------------------------------------------------------+
147. |       prodcodeid |                                                   termfromemis |                                              drugsubstancename | routeo~n |
     | 5006341000033113 |              Sevikar 40mg/10mg tablets (Daiichi Sankyo UK Ltd) |                      Amlodipine besilate/ Olmesartan medoxomil |     Oral |
     |---------------------------------------------------------------------------------------------------------------------------------------------------------------|
     |                                                                           bnfchapt                                                                            |
     |                                                                           02050502                                                                            |
     +---------------------------------------------------------------------------------------------------------------------------------------------------------------+

     +---------------------------------------------------------------------------------------------------------------------------------------------------------------+
148. |       prodcodeid |                                                   termfromemis |                                              drugsubstancename | routeo~n |
     | 5006241000033115 |               Sevikar 40mg/5mg tablets (Daiichi Sankyo UK Ltd) |                      Amlodipine besilate/ Olmesartan medoxomil |     Oral |
     |---------------------------------------------------------------------------------------------------------------------------------------------------------------|
     |                                                                           bnfchapt                                                                            |
     |                                                                           02050502                                                                            |
     +---------------------------------------------------------------------------------------------------------------------------------------------------------------+

     +---------------------------------------------------------------------------------------------------------------------------------------------------------------+
149. |       prodcodeid |                                                   termfromemis |                                              drugsubstancename | routeo~n |
     | 5006141000033110 |               Sevikar 20mg/5mg tablets (Daiichi Sankyo UK Ltd) |                      Amlodipine besilate/ Olmesartan medoxomil |     Oral |
     |---------------------------------------------------------------------------------------------------------------------------------------------------------------|
     |                                                                           bnfchapt                                                                            |
     |                                                                           02050502                                                                            |
     +---------------------------------------------------------------------------------------------------------------------------------------------------------------+

     +---------------------------------------------------------------------------------------------------------------------------------------------------------------+
150. |       prodcodeid |                                                   termfromemis |                                              drugsubstancename | routeo~n |
     | 5566441000033117 |       Olmetec Plus 40mg/12.5mg tablets (Daiichi Sankyo UK Ltd) |                      Hydrochlorothiazide/ Olmesartan medoxomil |     Oral |
     |---------------------------------------------------------------------------------------------------------------------------------------------------------------|
     |                                                                           bnfchapt                                                                            |
     |                                                                           02050502                                                                            |
     +---------------------------------------------------------------------------------------------------------------------------------------------------------------+

     +---------------------------------------------------------------------------------------------------------------------------------------------------------------+
160. |       prodcodeid |                                                   termfromemis |                                              drugsubstancename | routeo~n |
     | 6180641000033112 |    Sevikar HCT 20mg/5mg/12.5mg tablets (Daiichi Sankyo UK Ltd) | Amlodipine besilate/ Hydrochlorothiazide/ Olmesartan medoxomil |     Oral |
     |---------------------------------------------------------------------------------------------------------------------------------------------------------------|
     |                                                                           bnfchapt                                                                            |
     |                                                                           02050502                                                                            |
     +---------------------------------------------------------------------------------------------------------------------------------------------------------------+

     +---------------------------------------------------------------------------------------------------------------------------------------------------------------+
161. |       prodcodeid |                                                   termfromemis |                                              drugsubstancename | routeo~n |
     | 6180741000033115 |    Sevikar HCT 40mg/5mg/12.5mg tablets (Daiichi Sankyo UK Ltd) | Amlodipine besilate/ Hydrochlorothiazide/ Olmesartan medoxomil |     Oral |
     |---------------------------------------------------------------------------------------------------------------------------------------------------------------|
     |                                                                           bnfchapt                                                                            |
     |                                                                           02050502                                                                            |
     +---------------------------------------------------------------------------------------------------------------------------------------------------------------+

     +---------------------------------------------------------------------------------------------------------------------------------------------------------------+
162. |       prodcodeid |                                                   termfromemis |                                              drugsubstancename | routeo~n |
     | 6180841000033113 |   Sevikar HCT 40mg/10mg/12.5mg tablets (Daiichi Sankyo UK Ltd) | Amlodipine besilate/ Hydrochlorothiazide/ Olmesartan medoxomil |     Oral |
     |---------------------------------------------------------------------------------------------------------------------------------------------------------------|
     |                                                                           bnfchapt                                                                            |
     |                                                                           02050502                                                                            |
     +---------------------------------------------------------------------------------------------------------------------------------------------------------------+

     +---------------------------------------------------------------------------------------------------------------------------------------------------------------+
163. |       prodcodeid |                                                   termfromemis |                                              drugsubstancename | routeo~n |
     | 6180941000033117 |      Sevikar HCT 40mg/5mg/25mg tablets (Daiichi Sankyo UK Ltd) | Amlodipine besilate/ Hydrochlorothiazide/ Olmesartan medoxomil |     Oral |
     |---------------------------------------------------------------------------------------------------------------------------------------------------------------|
     |                                                                           bnfchapt                                                                            |
     |                                                                           02050502                                                                            |
     +---------------------------------------------------------------------------------------------------------------------------------------------------------------+

     +---------------------------------------------------------------------------------------------------------------------------------------------------------------+
164. |       prodcodeid |                                                   termfromemis |                                              drugsubstancename | routeo~n |
     | 6181041000033110 |     Sevikar HCT 40mg/10mg/25mg tablets (Daiichi Sankyo UK Ltd) | Amlodipine besilate/ Hydrochlorothiazide/ Olmesartan medoxomil |     Oral |
     |---------------------------------------------------------------------------------------------------------------------------------------------------------------|
     |                                                                           bnfchapt                                                                            |
     |                                                                           02050502                                                                            |
     +---------------------------------------------------------------------------------------------------------------------------------------------------------------+

     +---------------------------------------------------------------------------------------------------------------------------------------------------------------+
410. |       prodcodeid |                                                   termfromemis |                                              drugsubstancename | routeo~n |
     | 2944641000033112 |                              Olmesartan medoxomil 20mg tablets |                                           Olmesartan medoxomil |     Oral |
     |---------------------------------------------------------------------------------------------------------------------------------------------------------------|
     |                                                                           bnfchapt                                                                            |
     |                                                                           02050502                                                                            |
     +---------------------------------------------------------------------------------------------------------------------------------------------------------------+

     +---------------------------------------------------------------------------------------------------------------------------------------------------------------+
411. |       prodcodeid |                                                   termfromemis |                                              drugsubstancename | routeo~n |
     | 2944741000033115 |                              Olmesartan medoxomil 40mg tablets |                                           Olmesartan medoxomil |     Oral |
     |---------------------------------------------------------------------------------------------------------------------------------------------------------------|
     |                                                                           bnfchapt                                                                            |
     |                                                                           02050502                                                                            |
     +---------------------------------------------------------------------------------------------------------------------------------------------------------------+

     +---------------------------------------------------------------------------------------------------------------------------------------------------------------+
456. |       prodcodeid |                                                   termfromemis |                                              drugsubstancename | routeo~n |
     | 2944541000033111 |                              Olmesartan medoxomil 10mg tablets |                                           Olmesartan medoxomil |     Oral |
     |---------------------------------------------------------------------------------------------------------------------------------------------------------------|
     |                                                                           bnfchapt                                                                            |
     |                                                                           02050502                                                                            |
     +---------------------------------------------------------------------------------------------------------------------------------------------------------------+

     +---------------------------------------------------------------------------------------------------------------------------------------------------------------+
458. |       prodcodeid |                                                   termfromemis |                                              drugsubstancename | routeo~n |
     | 3908941000033112 | Olmesartan medoxomil 20mg / Hydrochlorothiazide 12.5mg tablets |                      Hydrochlorothiazide/ Olmesartan medoxomil |     Oral |
     |---------------------------------------------------------------------------------------------------------------------------------------------------------------|
     |                                                                           bnfchapt                                                                            |
     |                                                                           02050502                                                                            |
     +---------------------------------------------------------------------------------------------------------------------------------------------------------------+

     +---------------------------------------------------------------------------------------------------------------------------------------------------------------+
459. |       prodcodeid |                                                   termfromemis |                                              drugsubstancename | routeo~n |
     | 5566341000033111 | Olmesartan medoxomil 40mg / Hydrochlorothiazide 12.5mg tablets |                      Hydrochlorothiazide/ Olmesartan medoxomil |     Oral |
     |---------------------------------------------------------------------------------------------------------------------------------------------------------------|
     |                                                                           bnfchapt                                                                            |
     |                                                                           02050502                                                                            |
     +---------------------------------------------------------------------------------------------------------------------------------------------------------------+

     +---------------------------------------------------------------------------------------------------------------------------------------------------------------+
475. |       prodcodeid |                                                   termfromemis |                                              drugsubstancename | routeo~n |
     | 5005841000033114 |             Olmesartan medoxomil 20mg / Amlodipine 5mg tablets |                      Amlodipine besilate/ Olmesartan medoxomil |     Oral |
     |---------------------------------------------------------------------------------------------------------------------------------------------------------------|
     |                                                                           bnfchapt                                                                            |
     |                                                                           02050502                                                                            |
     +---------------------------------------------------------------------------------------------------------------------------------------------------------------+

     +---------------------------------------------------------------------------------------------------------------------------------------------------------------+
476. |       prodcodeid |                                                   termfromemis |                                              drugsubstancename | routeo~n |
     | 5005941000033118 |             Olmesartan medoxomil 40mg / Amlodipine 5mg tablets |                      Amlodipine besilate/ Olmesartan medoxomil |     Oral |
     |---------------------------------------------------------------------------------------------------------------------------------------------------------------|
     |                                                                           bnfchapt                                                                            |
     |                                                                           02050502                                                                            |
     +---------------------------------------------------------------------------------------------------------------------------------------------------------------+

     +---------------------------------------------------------------------------------------------------------------------------------------------------------------+
478. |       prodcodeid |                                                   termfromemis |                                              drugsubstancename | routeo~n |
     | 5006041000033111 |            Olmesartan medoxomil 40mg / Amlodipine 10mg tablets |                      Amlodipine besilate/ Olmesartan medoxomil |     Oral |
     |---------------------------------------------------------------------------------------------------------------------------------------------------------------|
     |                                                                           bnfchapt                                                                            |
     |                                                                           02050502                                                                            |
     +---------------------------------------------------------------------------------------------------------------------------------------------------------------+

     +---------------------------------------------------------------------------------------------------------------------------------------------------------------+
486. |       prodcodeid |                                                   termfromemis |                                              drugsubstancename | routeo~n |
     | 2944841000033113 |                   Olmetec 10mg tablets (Daiichi Sankyo UK Ltd) |                                           Olmesartan medoxomil |     Oral |
     |---------------------------------------------------------------------------------------------------------------------------------------------------------------|
     |                                                                           bnfchapt                                                                            |
     |                                                                           02050502                                                                            |
     +---------------------------------------------------------------------------------------------------------------------------------------------------------------+

     +---------------------------------------------------------------------------------------------------------------------------------------------------------------+
487. |       prodcodeid |                                                   termfromemis |                                              drugsubstancename | routeo~n |
     | 2944941000033117 |                   Olmetec 20mg tablets (Daiichi Sankyo UK Ltd) |                                           Olmesartan medoxomil |     Oral |
     |---------------------------------------------------------------------------------------------------------------------------------------------------------------|
     |                                                                           bnfchapt                                                                            |
     |                                                                           02050502                                                                            |
     +---------------------------------------------------------------------------------------------------------------------------------------------------------------+

     +---------------------------------------------------------------------------------------------------------------------------------------------------------------+
488. |       prodcodeid |                                                   termfromemis |                                              drugsubstancename | routeo~n |
     | 2945041000033117 |                   Olmetec 40mg tablets (Daiichi Sankyo UK Ltd) |                                           Olmesartan medoxomil |     Oral |
     |---------------------------------------------------------------------------------------------------------------------------------------------------------------|
     |                                                                           bnfchapt                                                                            |
     |                                                                           02050502                                                                            |
     +---------------------------------------------------------------------------------------------------------------------------------------------------------------+
Drug: telmisartan

telmisartan |      Freq.     Percent        Cum.
------------+-----------------------------------
          0 |        621       96.73       96.73
          1 |         21        3.27      100.00
------------+-----------------------------------
      Total |        642      100.00

     +-----------------------------------------------------------------------------------------------------------------------------------------+
     |       prodcodeid                                                  termfromemis                  drugsubstancename   routeo~n   bnfchapt |
     |-----------------------------------------------------------------------------------------------------------------------------------------|
108. | 2272641000033119                                      Telmisartan 20mg tablets                        Telmisartan       Oral   02050502 |
115. | 4548841000033118     MicardisPlus 80mg/25mg tablets (Boehringer Ingelheim Ltd)   Hydrochlorothiazide/ Telmisartan       Oral   02050502 |
116. | 4548741000033111           Telmisartan 80mg / Hydrochlorothiazide 25mg tablets   Hydrochlorothiazide/ Telmisartan       Oral   02050502 |
216. | 9159341000033112             Actelsar HCT 40mg/12.5mg tablets (Actavis UK Ltd)   Hydrochlorothiazide/ Telmisartan       Oral   02050502 |
217. | 9159441000033118             Actelsar HCT 80mg/12.5mg tablets (Actavis UK Ltd)   Hydrochlorothiazide/ Telmisartan       Oral   02050502 |
     |-----------------------------------------------------------------------------------------------------------------------------------------|
218. | 9159541000033117        Actelsar HCT 80mg/25mg tablets (Accord Healthcare Ltd)   Hydrochlorothiazide/ Telmisartan       Oral   02050502 |
220. | 9209341000033116                             Tolura 20mg tablets (Krka UK Ltd)                        Telmisartan       Oral   02050502 |
221. | 9209441000033110                             Tolura 40mg tablets (Krka UK Ltd)                        Telmisartan       Oral   02050502 |
222. | 9209541000033111                             Tolura 80mg tablets (Krka UK Ltd)                        Telmisartan       Oral   02050502 |
223. | 9292641000033116                   Tolucombi 40mg/12.5mg tablets (Krka UK Ltd)   Hydrochlorothiazide/ Telmisartan       Oral   02050502 |
     |-----------------------------------------------------------------------------------------------------------------------------------------|
224. | 9292741000033113                   Tolucombi 80mg/12.5mg tablets (Krka UK Ltd)   Hydrochlorothiazide/ Telmisartan       Oral   02050502 |
225. | 9292841000033115                     Tolucombi 80mg/25mg tablets (Krka UK Ltd)   Hydrochlorothiazide/ Telmisartan       Oral   02050502 |
340. | 1849541000033118                                      Telmisartan 40mg tablets                        Telmisartan       Oral   02050502 |
341. | 1849641000033117                                      Telmisartan 80mg tablets                        Telmisartan       Oral   02050502 |
406. | 2864241000033110   MicardisPlus 40mg/12.5mg tablets (Boehringer Ingelheim Ltd)   Hydrochlorothiazide/ Telmisartan       Oral   02050502 |
     |-----------------------------------------------------------------------------------------------------------------------------------------|
407. | 2864341000033117   MicardisPlus 80mg/12.5mg tablets (Boehringer Ingelheim Ltd)   Hydrochlorothiazide/ Telmisartan       Oral   02050502 |
447. | 3162641000033119         Telmisartan 40mg / Hydrochlorothiazide 12.5mg tablets   Hydrochlorothiazide/ Telmisartan       Oral   02050502 |
448. | 3162741000033111         Telmisartan 80mg / Hydrochlorothiazide 12.5mg tablets   Hydrochlorothiazide/ Telmisartan       Oral   02050502 |
510. | 1849841000033116              Micardis 80mg tablets (Boehringer Ingelheim Ltd)                        Telmisartan       Oral   02050502 |
526. | 2272741000033111              Micardis 20mg tablets (Boehringer Ingelheim Ltd)                        Telmisartan       Oral   02050502 |
     |-----------------------------------------------------------------------------------------------------------------------------------------|
639. | 1849741000033114              Micardis 40mg tablets (Boehringer Ingelheim Ltd)                        Telmisartan       Oral   02050502 |
     +-----------------------------------------------------------------------------------------------------------------------------------------+
Drug: valsartan

  valsartan |      Freq.     Percent        Cum.
------------+-----------------------------------
          0 |        610       95.02       95.02
          1 |         32        4.98      100.00
------------+-----------------------------------
      Total |        642      100.00

     +---------------------------------------------------------------------------------------------------------------------------------------------+
     |        prodcodeid                                                       termfromemis                drugsubstancename   routeo~n   bnfchapt |
     |---------------------------------------------------------------------------------------------------------------------------------------------|
 77. |  4021641000033111                          Amlodipine 10mg / Valsartan 160mg tablets   Amlodipine besilate/ Valsartan       Oral   02060200 |
 78. |  4021541000033110                           Amlodipine 5mg / Valsartan 160mg tablets   Amlodipine besilate/ Valsartan       Oral   02060200 |
 79. |  4021441000033114                            Amlodipine 5mg / Valsartan 80mg tablets   Amlodipine besilate/ Valsartan       Oral   02060200 |
 80. |  4021941000033116       Exforge 10mg/160mg tablets (Novartis Pharmaceuticals UK Ltd)   Amlodipine besilate/ Valsartan       Oral   02060200 |
 82. |  4021841000033112        Exforge 5mg/160mg tablets (Novartis Pharmaceuticals UK Ltd)   Amlodipine besilate/ Valsartan       Oral   02060200 |
     |---------------------------------------------------------------------------------------------------------------------------------------------|
 83. |  4021741000033119         Exforge 5mg/80mg tablets (Novartis Pharmaceuticals UK Ltd)   Amlodipine besilate/ Valsartan       Oral   02060200 |
 90. |   437641000033118            Diovan 160mg capsules (Novartis Pharmaceuticals UK Ltd)                        Valsartan       Oral   02050502 |
101. |  4425041000033113             Diovan 320mg tablets (Novartis Pharmaceuticals UK Ltd)                        Valsartan       Oral   02050502 |
168. |  6528541000033114     Diovan 3mg/1ml oral solution (Novartis Pharmaceuticals UK Ltd)                        Valsartan       Oral   02050502 |
169. |  6528441000033113                                     Valsartan 3mg/ml oral solution                        Valsartan       Oral   02050502 |
     |---------------------------------------------------------------------------------------------------------------------------------------------|
247. | 10944041000033114       Entresto 49mg/51mg tablets (Novartis Pharmaceuticals UK Ltd)            Sacubitril/ Valsartan       Oral   02050502 |
248. | 10943941000033112       Entresto 24mg/26mg tablets (Novartis Pharmaceuticals UK Ltd)            Sacubitril/ Valsartan       Oral   02050502 |
249. | 10944141000033113      Entresto 97mg/103mg tablets (Novartis Pharmaceuticals UK Ltd)            Sacubitril/ Valsartan       Oral   02050502 |
250. | 10943641000033117                           Sacubitril 24mg / Valsartan 26mg tablets            Sacubitril/ Valsartan       Oral   02050502 |
251. | 10943741000033114                           Sacubitril 49mg / Valsartan 51mg tablets            Sacubitril/ Valsartan       Oral   02050502 |
     |---------------------------------------------------------------------------------------------------------------------------------------------|
252. | 10943841000033116                          Sacubitril 97mg / Valsartan 103mg tablets            Sacubitril/ Valsartan       Oral   02050502 |
330. |  1498341000033118                                            Valsartan 40mg capsules                        Valsartan       Oral   02050502 |
331. |  1498441000033112                                            Valsartan 80mg capsules                        Valsartan       Oral   02050502 |
332. |  1498241000033111                                           Valsartan 160mg capsules                        Valsartan       Oral   02050502 |
399. |  6515441000033113                                             Valsartan 80mg tablets                        Valsartan       Oral   02050502 |
     |---------------------------------------------------------------------------------------------------------------------------------------------|
400. |  6515541000033114                                            Valsartan 160mg tablets                        Valsartan       Oral   02050502 |
401. |  4424941000033113                                            Valsartan 320mg tablets                        Valsartan       Oral   02050502 |
403. |  3190741000033112                Valsartan 80mg / Hydrochlorothiazide 12.5mg tablets   Hydrochlorothiazide/ Valsartan       Oral   02050502 |
424. |  3161441000033112               Valsartan 160mg / Hydrochlorothiazide 12.5mg tablets   Hydrochlorothiazide/ Valsartan       Oral   02050502 |
460. |  3161541000033113                 Valsartan 160mg / Hydrochlorothiazide 25mg tablets   Hydrochlorothiazide/ Valsartan       Oral   02050502 |
     |---------------------------------------------------------------------------------------------------------------------------------------------|
469. |  3201341000033115                                             Valsartan 40mg tablets                        Valsartan       Oral   02050502 |
515. |   437841000033117             Diovan 80mg capsules (Novartis Pharmaceuticals UK Ltd)                        Valsartan       Oral   02050502 |
548. |  3152541000033112   Co-Diovan 160mg/12.5mg tablets (Novartis Pharmaceuticals UK Ltd)   Hydrochlorothiazide/ Valsartan       Oral   02050502 |
549. |  3152641000033113     Co-Diovan 160mg/25mg tablets (Novartis Pharmaceuticals UK Ltd)   Hydrochlorothiazide/ Valsartan       Oral   02050502 |
551. |   437741000033110             Diovan 40mg capsules (Novartis Pharmaceuticals UK Ltd)                        Valsartan       Oral   02050502 |
     |---------------------------------------------------------------------------------------------------------------------------------------------|
565. |  3190841000033119    Co-Diovan 80mg/12.5mg tablets (Novartis Pharmaceuticals UK Ltd)   Hydrochlorothiazide/ Valsartan       Oral   02050502 |
569. |  3201441000033114              Diovan 40mg tablets (Novartis Pharmaceuticals UK Ltd)                        Valsartan       Oral   02050502 |
     +---------------------------------------------------------------------------------------------------------------------------------------------+
Drug: aliskiren

  aliskiren |      Freq.     Percent        Cum.
------------+-----------------------------------
          0 |        638       99.38       99.38
          1 |          4        0.62      100.00
------------+-----------------------------------
      Total |        642      100.00

     +------------------------------------------------------------------------------------------------------------+
     |       prodcodeid                               termfromemis        drugsubstancename   routeo~n   bnfchapt |
     |------------------------------------------------------------------------------------------------------------|
 94. | 4213841000033113   Rasilez 150mg tablets (Noden Pharma DAC)   Aliskiren hemifumarate       Oral   02050503 |
 95. | 4213941000033117   Rasilez 300mg tablets (Noden Pharma DAC)   Aliskiren hemifumarate       Oral   02050503 |
437. | 4213641000033112                    Aliskiren 150mg tablets   Aliskiren hemifumarate       Oral   02050503 |
438. | 4213741000033115                    Aliskiren 300mg tablets   Aliskiren hemifumarate       Oral   02050503 |
     +------------------------------------------------------------------------------------------------------------+
Drug: ketanserin

 ketanserin |      Freq.     Percent        Cum.
------------+-----------------------------------
          0 |        640       99.69       99.69
          1 |          2        0.31      100.00
------------+-----------------------------------
      Total |        642      100.00

     +------------------------------------------------------------------------------------------------------+
     |       prodcodeid                                     termfromemis   drugsubs~e   routeo~n   bnfchapt |
     |------------------------------------------------------------------------------------------------------|
132. | 8101441000033110   Ketensin 20mg tablets (Imported (Netherlands))   Ketanserin              02050800 |
133. | 8101341000033116                          Ketanserin 20mg tablets   Ketanserin       Oral   02050800 |
     +------------------------------------------------------------------------------------------------------+

. 
. 
. // (OPTIONAL) STEP 5. CATEGORISE DRUGS
. //=====================================
. 
. //Check for any products containing multiple drugs (categorisation won't work otherwise)
. egen aht_count = rowtotal(ambrisentan bosentan diazoxide hydralazine iloprost macitentan minoxidil riociguat selexipag sildenafil sitaxentan tadalafil vericiguat clonidine gu
> anfacine methyldopa moxonidine debrisoquine guanethidine doxazosin indoramin phenoxybenzamine phentolamine prazosin terazosin captopril cilazapril enalapril fosinopril imidap
> ril lisinopril moexipril perindopril quinapril ramipril trandolapril azilsartan candesartan eprosartan irbesartan losartan olmesartan telmisartan valsartan aliskiren ketanser
> in)

. 
. tab aht_count, missing

  aht_count |      Freq.     Percent        Cum.
------------+-----------------------------------
          1 |        642      100.00      100.00
------------+-----------------------------------
      Total |        642      100.00

. drop aht_count

. 
. generate byte antihypertensive_medication = 0

. label define antihypertensive_medication, replace

. label values antihypertensive_medication antihypertensive_medication

. local count = 0

. foreach bnf_section of local antihypertensives {
  2.         
.         foreach drug of local `bnf_section' {
  3.                 
.                 local count = `count'+1
  4.                 local capitalise = strproper("`drug'")  //makes first letter upper case
  5.                 
.                 label define antihypertensive_medication `count' "`capitalise'", add
  6.                 
.                 replace antihypertensive_medication = `count' if `drug' == 1
  7.                 
.                 tab antihypertensive_medication `drug', missing
  8.                 drop `drug'
  9.         }
 10. }
(4 real changes made)

antihyperte |
nsive_medic |      ambrisentan
      ation |         0          1 |     Total
------------+----------------------+----------
          0 |       638          0 |       638 
Ambrisentan |         0          4 |         4 
------------+----------------------+----------
      Total |       638          4 |       642 
(5 real changes made)

antihyperte |
nsive_medic |       bosentan
      ation |         0          1 |     Total
------------+----------------------+----------
          0 |       633          0 |       633 
Ambrisentan |         4          0 |         4 
   Bosentan |         0          5 |         5 
------------+----------------------+----------
      Total |       637          5 |       642 
(13 real changes made)

antihyperte |
nsive_medic |       diazoxide
      ation |         0          1 |     Total
------------+----------------------+----------
          0 |       620          0 |       620 
Ambrisentan |         4          0 |         4 
   Bosentan |         5          0 |         5 
  Diazoxide |         0         13 |        13 
------------+----------------------+----------
      Total |       629         13 |       642 
(11 real changes made)

antihyperte |
nsive_medic |      hydralazine
      ation |         0          1 |     Total
------------+----------------------+----------
          0 |       609          0 |       609 
Ambrisentan |         4          0 |         4 
   Bosentan |         5          0 |         5 
  Diazoxide |        13          0 |        13 
Hydralazine |         0         11 |        11 
------------+----------------------+----------
      Total |       631         11 |       642 
(7 real changes made)

antihyperte |
nsive_medic |       iloprost
      ation |         0          1 |     Total
------------+----------------------+----------
          0 |       602          0 |       602 
Ambrisentan |         4          0 |         4 
   Bosentan |         5          0 |         5 
  Diazoxide |        13          0 |        13 
Hydralazine |        11          0 |        11 
   Iloprost |         0          7 |         7 
------------+----------------------+----------
      Total |       635          7 |       642 
(2 real changes made)

antihyperte |
nsive_medic |      macitentan
      ation |         0          1 |     Total
------------+----------------------+----------
          0 |       600          0 |       600 
Ambrisentan |         4          0 |         4 
   Bosentan |         5          0 |         5 
  Diazoxide |        13          0 |        13 
Hydralazine |        11          0 |        11 
   Iloprost |         7          0 |         7 
 Macitentan |         0          2 |         2 
------------+----------------------+----------
      Total |       640          2 |       642 
(6 real changes made)

antihyperte |
nsive_medic |       minoxidil
      ation |         0          1 |     Total
------------+----------------------+----------
          0 |       594          0 |       594 
Ambrisentan |         4          0 |         4 
   Bosentan |         5          0 |         5 
  Diazoxide |        13          0 |        13 
Hydralazine |        11          0 |        11 
   Iloprost |         7          0 |         7 
 Macitentan |         2          0 |         2 
  Minoxidil |         0          6 |         6 
------------+----------------------+----------
      Total |       636          6 |       642 
(7 real changes made)

antihyperte |
nsive_medic |       riociguat
      ation |         0          1 |     Total
------------+----------------------+----------
          0 |       587          0 |       587 
Ambrisentan |         4          0 |         4 
   Bosentan |         5          0 |         5 
  Diazoxide |        13          0 |        13 
Hydralazine |        11          0 |        11 
   Iloprost |         7          0 |         7 
 Macitentan |         2          0 |         2 
  Minoxidil |         6          0 |         6 
  Riociguat |         0          7 |         7 
------------+----------------------+----------
      Total |       635          7 |       642 
(9 real changes made)

antihyperte |
nsive_medic |       selexipag
      ation |         0          1 |     Total
------------+----------------------+----------
          0 |       578          0 |       578 
Ambrisentan |         4          0 |         4 
   Bosentan |         5          0 |         5 
  Diazoxide |        13          0 |        13 
Hydralazine |        11          0 |        11 
   Iloprost |         7          0 |         7 
 Macitentan |         2          0 |         2 
  Minoxidil |         6          0 |         6 
  Riociguat |         7          0 |         7 
  Selexipag |         0          9 |         9 
------------+----------------------+----------
      Total |       633          9 |       642 
(24 real changes made)

antihyperte |
nsive_medic |      sildenafil
      ation |         0          1 |     Total
------------+----------------------+----------
          0 |       554          0 |       554 
Ambrisentan |         4          0 |         4 
   Bosentan |         5          0 |         5 
  Diazoxide |        13          0 |        13 
Hydralazine |        11          0 |        11 
   Iloprost |         7          0 |         7 
 Macitentan |         2          0 |         2 
  Minoxidil |         6          0 |         6 
  Riociguat |         7          0 |         7 
  Selexipag |         9          0 |         9 
 Sildenafil |         0         24 |        24 
------------+----------------------+----------
      Total |       618         24 |       642 
(1 real change made)

antihyperte |
nsive_medic |      sitaxentan
      ation |         0          1 |     Total
------------+----------------------+----------
          0 |       553          0 |       553 
Ambrisentan |         4          0 |         4 
   Bosentan |         5          0 |         5 
  Diazoxide |        13          0 |        13 
Hydralazine |        11          0 |        11 
   Iloprost |         7          0 |         7 
 Macitentan |         2          0 |         2 
  Minoxidil |         6          0 |         6 
  Riociguat |         7          0 |         7 
  Selexipag |         9          0 |         9 
 Sildenafil |        24          0 |        24 
 Sitaxentan |         0          1 |         1 
------------+----------------------+----------
      Total |       641          1 |       642 
(9 real changes made)

antihyperte |
nsive_medic |       tadalafil
      ation |         0          1 |     Total
------------+----------------------+----------
          0 |       544          0 |       544 
Ambrisentan |         4          0 |         4 
   Bosentan |         5          0 |         5 
  Diazoxide |        13          0 |        13 
Hydralazine |        11          0 |        11 
   Iloprost |         7          0 |         7 
 Macitentan |         2          0 |         2 
  Minoxidil |         6          0 |         6 
  Riociguat |         7          0 |         7 
  Selexipag |         9          0 |         9 
 Sildenafil |        24          0 |        24 
 Sitaxentan |         1          0 |         1 
  Tadalafil |         0          9 |         9 
------------+----------------------+----------
      Total |       633          9 |       642 
(2 real changes made)

antihyperte |
nsive_medic |      vericiguat
      ation |         0          1 |     Total
------------+----------------------+----------
          0 |       542          0 |       542 
Ambrisentan |         4          0 |         4 
   Bosentan |         5          0 |         5 
  Diazoxide |        13          0 |        13 
Hydralazine |        11          0 |        11 
   Iloprost |         7          0 |         7 
 Macitentan |         2          0 |         2 
  Minoxidil |         6          0 |         6 
  Riociguat |         7          0 |         7 
  Selexipag |         9          0 |         9 
 Sildenafil |        24          0 |        24 
 Sitaxentan |         1          0 |         1 
  Tadalafil |         9          0 |         9 
 Vericiguat |         0          2 |         2 
------------+----------------------+----------
      Total |       640          2 |       642 
(22 real changes made)

antihyperte |
nsive_medic |       clonidine
      ation |         0          1 |     Total
------------+----------------------+----------
          0 |       520          0 |       520 
Ambrisentan |         4          0 |         4 
   Bosentan |         5          0 |         5 
  Diazoxide |        13          0 |        13 
Hydralazine |        11          0 |        11 
   Iloprost |         7          0 |         7 
 Macitentan |         2          0 |         2 
  Minoxidil |         6          0 |         6 
  Riociguat |         7          0 |         7 
  Selexipag |         9          0 |         9 
 Sildenafil |        24          0 |        24 
 Sitaxentan |         1          0 |         1 
  Tadalafil |         9          0 |         9 
 Vericiguat |         2          0 |         2 
  Clonidine |         0         22 |        22 
------------+----------------------+----------
      Total |       620         22 |       642 
(8 real changes made)

antihyperte |
nsive_medic |      guanfacine
      ation |         0          1 |     Total
------------+----------------------+----------
          0 |       512          0 |       512 
Ambrisentan |         4          0 |         4 
   Bosentan |         5          0 |         5 
  Diazoxide |        13          0 |        13 
Hydralazine |        11          0 |        11 
   Iloprost |         7          0 |         7 
 Macitentan |         2          0 |         2 
  Minoxidil |         6          0 |         6 
  Riociguat |         7          0 |         7 
  Selexipag |         9          0 |         9 
 Sildenafil |        24          0 |        24 
 Sitaxentan |         1          0 |         1 
  Tadalafil |         9          0 |         9 
 Vericiguat |         2          0 |         2 
  Clonidine |        22          0 |        22 
 Guanfacine |         0          8 |         8 
------------+----------------------+----------
      Total |       634          8 |       642 
(10 real changes made)

antihyperte |
nsive_medic |      methyldopa
      ation |         0          1 |     Total
------------+----------------------+----------
          0 |       502          0 |       502 
Ambrisentan |         4          0 |         4 
   Bosentan |         5          0 |         5 
  Diazoxide |        13          0 |        13 
Hydralazine |        11          0 |        11 
   Iloprost |         7          0 |         7 
 Macitentan |         2          0 |         2 
  Minoxidil |         6          0 |         6 
  Riociguat |         7          0 |         7 
  Selexipag |         9          0 |         9 
 Sildenafil |        24          0 |        24 
 Sitaxentan |         1          0 |         1 
  Tadalafil |         9          0 |         9 
 Vericiguat |         2          0 |         2 
  Clonidine |        22          0 |        22 
 Guanfacine |         8          0 |         8 
 Methyldopa |         0         10 |        10 
------------+----------------------+----------
      Total |       632         10 |       642 
(6 real changes made)

antihyperte |
nsive_medic |      moxonidine
      ation |         0          1 |     Total
------------+----------------------+----------
          0 |       496          0 |       496 
Ambrisentan |         4          0 |         4 
   Bosentan |         5          0 |         5 
  Diazoxide |        13          0 |        13 
Hydralazine |        11          0 |        11 
   Iloprost |         7          0 |         7 
 Macitentan |         2          0 |         2 
  Minoxidil |         6          0 |         6 
  Riociguat |         7          0 |         7 
  Selexipag |         9          0 |         9 
 Sildenafil |        24          0 |        24 
 Sitaxentan |         1          0 |         1 
  Tadalafil |         9          0 |         9 
 Vericiguat |         2          0 |         2 
  Clonidine |        22          0 |        22 
 Guanfacine |         8          0 |         8 
 Methyldopa |        10          0 |        10 
 Moxonidine |         0          6 |         6 
------------+----------------------+----------
      Total |       636          6 |       642 
(2 real changes made)

antihyperten |
sive_medicat |     debrisoquine
         ion |         0          1 |     Total
-------------+----------------------+----------
           0 |       494          0 |       494 
 Ambrisentan |         4          0 |         4 
    Bosentan |         5          0 |         5 
   Diazoxide |        13          0 |        13 
 Hydralazine |        11          0 |        11 
    Iloprost |         7          0 |         7 
  Macitentan |         2          0 |         2 
   Minoxidil |         6          0 |         6 
   Riociguat |         7          0 |         7 
   Selexipag |         9          0 |         9 
  Sildenafil |        24          0 |        24 
  Sitaxentan |         1          0 |         1 
   Tadalafil |         9          0 |         9 
  Vericiguat |         2          0 |         2 
   Clonidine |        22          0 |        22 
  Guanfacine |         8          0 |         8 
  Methyldopa |        10          0 |        10 
  Moxonidine |         6          0 |         6 
Debrisoquine |         0          2 |         2 
-------------+----------------------+----------
       Total |       640          2 |       642 
(6 real changes made)

antihyperten |
sive_medicat |     guanethidine
         ion |         0          1 |     Total
-------------+----------------------+----------
           0 |       488          0 |       488 
 Ambrisentan |         4          0 |         4 
    Bosentan |         5          0 |         5 
   Diazoxide |        13          0 |        13 
 Hydralazine |        11          0 |        11 
    Iloprost |         7          0 |         7 
  Macitentan |         2          0 |         2 
   Minoxidil |         6          0 |         6 
   Riociguat |         7          0 |         7 
   Selexipag |         9          0 |         9 
  Sildenafil |        24          0 |        24 
  Sitaxentan |         1          0 |         1 
   Tadalafil |         9          0 |         9 
  Vericiguat |         2          0 |         2 
   Clonidine |        22          0 |        22 
  Guanfacine |         8          0 |         8 
  Methyldopa |        10          0 |        10 
  Moxonidine |         6          0 |         6 
Debrisoquine |         2          0 |         2 
Guanethidine |         0          6 |         6 
-------------+----------------------+----------
       Total |       636          6 |       642 
(29 real changes made)

antihyperten |
sive_medicat |       doxazosin
         ion |         0          1 |     Total
-------------+----------------------+----------
           0 |       459          0 |       459 
 Ambrisentan |         4          0 |         4 
    Bosentan |         5          0 |         5 
   Diazoxide |        13          0 |        13 
 Hydralazine |        11          0 |        11 
    Iloprost |         7          0 |         7 
  Macitentan |         2          0 |         2 
   Minoxidil |         6          0 |         6 
   Riociguat |         7          0 |         7 
   Selexipag |         9          0 |         9 
  Sildenafil |        24          0 |        24 
  Sitaxentan |         1          0 |         1 
   Tadalafil |         9          0 |         9 
  Vericiguat |         2          0 |         2 
   Clonidine |        22          0 |        22 
  Guanfacine |         8          0 |         8 
  Methyldopa |        10          0 |        10 
  Moxonidine |         6          0 |         6 
Debrisoquine |         2          0 |         2 
Guanethidine |         6          0 |         6 
   Doxazosin |         0         29 |        29 
-------------+----------------------+----------
       Total |       613         29 |       642 
(7 real changes made)

antihyperten |
sive_medicat |       indoramin
         ion |         0          1 |     Total
-------------+----------------------+----------
           0 |       452          0 |       452 
 Ambrisentan |         4          0 |         4 
    Bosentan |         5          0 |         5 
   Diazoxide |        13          0 |        13 
 Hydralazine |        11          0 |        11 
    Iloprost |         7          0 |         7 
  Macitentan |         2          0 |         2 
   Minoxidil |         6          0 |         6 
   Riociguat |         7          0 |         7 
   Selexipag |         9          0 |         9 
  Sildenafil |        24          0 |        24 
  Sitaxentan |         1          0 |         1 
   Tadalafil |         9          0 |         9 
  Vericiguat |         2          0 |         2 
   Clonidine |        22          0 |        22 
  Guanfacine |         8          0 |         8 
  Methyldopa |        10          0 |        10 
  Moxonidine |         6          0 |         6 
Debrisoquine |         2          0 |         2 
Guanethidine |         6          0 |         6 
   Doxazosin |        29          0 |        29 
   Indoramin |         0          7 |         7 
-------------+----------------------+----------
       Total |       635          7 |       642 
(4 real changes made)

antihypertensive |   phenoxybenzamine
     _medication |         0          1 |     Total
-----------------+----------------------+----------
               0 |       448          0 |       448 
     Ambrisentan |         4          0 |         4 
        Bosentan |         5          0 |         5 
       Diazoxide |        13          0 |        13 
     Hydralazine |        11          0 |        11 
        Iloprost |         7          0 |         7 
      Macitentan |         2          0 |         2 
       Minoxidil |         6          0 |         6 
       Riociguat |         7          0 |         7 
       Selexipag |         9          0 |         9 
      Sildenafil |        24          0 |        24 
      Sitaxentan |         1          0 |         1 
       Tadalafil |         9          0 |         9 
      Vericiguat |         2          0 |         2 
       Clonidine |        22          0 |        22 
      Guanfacine |         8          0 |         8 
      Methyldopa |        10          0 |        10 
      Moxonidine |         6          0 |         6 
    Debrisoquine |         2          0 |         2 
    Guanethidine |         6          0 |         6 
       Doxazosin |        29          0 |        29 
       Indoramin |         7          0 |         7 
Phenoxybenzamine |         0          4 |         4 
-----------------+----------------------+----------
           Total |       638          4 |       642 
(6 real changes made)

antihypertensive |     phentolamine
     _medication |         0          1 |     Total
-----------------+----------------------+----------
               0 |       442          0 |       442 
     Ambrisentan |         4          0 |         4 
        Bosentan |         5          0 |         5 
       Diazoxide |        13          0 |        13 
     Hydralazine |        11          0 |        11 
        Iloprost |         7          0 |         7 
      Macitentan |         2          0 |         2 
       Minoxidil |         6          0 |         6 
       Riociguat |         7          0 |         7 
       Selexipag |         9          0 |         9 
      Sildenafil |        24          0 |        24 
      Sitaxentan |         1          0 |         1 
       Tadalafil |         9          0 |         9 
      Vericiguat |         2          0 |         2 
       Clonidine |        22          0 |        22 
      Guanfacine |         8          0 |         8 
      Methyldopa |        10          0 |        10 
      Moxonidine |         6          0 |         6 
    Debrisoquine |         2          0 |         2 
    Guanethidine |         6          0 |         6 
       Doxazosin |        29          0 |        29 
       Indoramin |         7          0 |         7 
Phenoxybenzamine |         4          0 |         4 
    Phentolamine |         0          6 |         6 
-----------------+----------------------+----------
           Total |       636          6 |       642 
(16 real changes made)

antihypertensive |       prazosin
     _medication |         0          1 |     Total
-----------------+----------------------+----------
               0 |       426          0 |       426 
     Ambrisentan |         4          0 |         4 
        Bosentan |         5          0 |         5 
       Diazoxide |        13          0 |        13 
     Hydralazine |        11          0 |        11 
        Iloprost |         7          0 |         7 
      Macitentan |         2          0 |         2 
       Minoxidil |         6          0 |         6 
       Riociguat |         7          0 |         7 
       Selexipag |         9          0 |         9 
      Sildenafil |        24          0 |        24 
      Sitaxentan |         1          0 |         1 
       Tadalafil |         9          0 |         9 
      Vericiguat |         2          0 |         2 
       Clonidine |        22          0 |        22 
      Guanfacine |         8          0 |         8 
      Methyldopa |        10          0 |        10 
      Moxonidine |         6          0 |         6 
    Debrisoquine |         2          0 |         2 
    Guanethidine |         6          0 |         6 
       Doxazosin |        29          0 |        29 
       Indoramin |         7          0 |         7 
Phenoxybenzamine |         4          0 |         4 
    Phentolamine |         6          0 |         6 
        Prazosin |         0         16 |        16 
-----------------+----------------------+----------
           Total |       626         16 |       642 
(16 real changes made)

antihypertensive |       terazosin
     _medication |         0          1 |     Total
-----------------+----------------------+----------
               0 |       410          0 |       410 
     Ambrisentan |         4          0 |         4 
        Bosentan |         5          0 |         5 
       Diazoxide |        13          0 |        13 
     Hydralazine |        11          0 |        11 
        Iloprost |         7          0 |         7 
      Macitentan |         2          0 |         2 
       Minoxidil |         6          0 |         6 
       Riociguat |         7          0 |         7 
       Selexipag |         9          0 |         9 
      Sildenafil |        24          0 |        24 
      Sitaxentan |         1          0 |         1 
       Tadalafil |         9          0 |         9 
      Vericiguat |         2          0 |         2 
       Clonidine |        22          0 |        22 
      Guanfacine |         8          0 |         8 
      Methyldopa |        10          0 |        10 
      Moxonidine |         6          0 |         6 
    Debrisoquine |         2          0 |         2 
    Guanethidine |         6          0 |         6 
       Doxazosin |        29          0 |        29 
       Indoramin |         7          0 |         7 
Phenoxybenzamine |         4          0 |         4 
    Phentolamine |         6          0 |         6 
        Prazosin |        16          0 |        16 
       Terazosin |         0         16 |        16 
-----------------+----------------------+----------
           Total |       626         16 |       642 
(45 real changes made)

antihypertensive |       captopril
     _medication |         0          1 |     Total
-----------------+----------------------+----------
               0 |       365          0 |       365 
     Ambrisentan |         4          0 |         4 
        Bosentan |         5          0 |         5 
       Diazoxide |        13          0 |        13 
     Hydralazine |        11          0 |        11 
        Iloprost |         7          0 |         7 
      Macitentan |         2          0 |         2 
       Minoxidil |         6          0 |         6 
       Riociguat |         7          0 |         7 
       Selexipag |         9          0 |         9 
      Sildenafil |        24          0 |        24 
      Sitaxentan |         1          0 |         1 
       Tadalafil |         9          0 |         9 
      Vericiguat |         2          0 |         2 
       Clonidine |        22          0 |        22 
      Guanfacine |         8          0 |         8 
      Methyldopa |        10          0 |        10 
      Moxonidine |         6          0 |         6 
    Debrisoquine |         2          0 |         2 
    Guanethidine |         6          0 |         6 
       Doxazosin |        29          0 |        29 
       Indoramin |         7          0 |         7 
Phenoxybenzamine |         4          0 |         4 
    Phentolamine |         6          0 |         6 
        Prazosin |        16          0 |        16 
       Terazosin |        16          0 |        16 
       Captopril |         0         45 |        45 
-----------------+----------------------+----------
           Total |       597         45 |       642 
(10 real changes made)

antihypertensive |      cilazapril
     _medication |         0          1 |     Total
-----------------+----------------------+----------
               0 |       355          0 |       355 
     Ambrisentan |         4          0 |         4 
        Bosentan |         5          0 |         5 
       Diazoxide |        13          0 |        13 
     Hydralazine |        11          0 |        11 
        Iloprost |         7          0 |         7 
      Macitentan |         2          0 |         2 
       Minoxidil |         6          0 |         6 
       Riociguat |         7          0 |         7 
       Selexipag |         9          0 |         9 
      Sildenafil |        24          0 |        24 
      Sitaxentan |         1          0 |         1 
       Tadalafil |         9          0 |         9 
      Vericiguat |         2          0 |         2 
       Clonidine |        22          0 |        22 
      Guanfacine |         8          0 |         8 
      Methyldopa |        10          0 |        10 
      Moxonidine |         6          0 |         6 
    Debrisoquine |         2          0 |         2 
    Guanethidine |         6          0 |         6 
       Doxazosin |        29          0 |        29 
       Indoramin |         7          0 |         7 
Phenoxybenzamine |         4          0 |         4 
    Phentolamine |         6          0 |         6 
        Prazosin |        16          0 |        16 
       Terazosin |        16          0 |        16 
       Captopril |        45          0 |        45 
      Cilazapril |         0         10 |        10 
-----------------+----------------------+----------
           Total |       632         10 |       642 
(40 real changes made)

antihypertensive |       enalapril
     _medication |         0          1 |     Total
-----------------+----------------------+----------
               0 |       315          0 |       315 
     Ambrisentan |         4          0 |         4 
        Bosentan |         5          0 |         5 
       Diazoxide |        13          0 |        13 
     Hydralazine |        11          0 |        11 
        Iloprost |         7          0 |         7 
      Macitentan |         2          0 |         2 
       Minoxidil |         6          0 |         6 
       Riociguat |         7          0 |         7 
       Selexipag |         9          0 |         9 
      Sildenafil |        24          0 |        24 
      Sitaxentan |         1          0 |         1 
       Tadalafil |         9          0 |         9 
      Vericiguat |         2          0 |         2 
       Clonidine |        22          0 |        22 
      Guanfacine |         8          0 |         8 
      Methyldopa |        10          0 |        10 
      Moxonidine |         6          0 |         6 
    Debrisoquine |         2          0 |         2 
    Guanethidine |         6          0 |         6 
       Doxazosin |        29          0 |        29 
       Indoramin |         7          0 |         7 
Phenoxybenzamine |         4          0 |         4 
    Phentolamine |         6          0 |         6 
        Prazosin |        16          0 |        16 
       Terazosin |        16          0 |        16 
       Captopril |        45          0 |        45 
      Cilazapril |        10          0 |        10 
       Enalapril |         0         40 |        40 
-----------------+----------------------+----------
           Total |       602         40 |       642 
(4 real changes made)

antihypertensive |      fosinopril
     _medication |         0          1 |     Total
-----------------+----------------------+----------
               0 |       311          0 |       311 
     Ambrisentan |         4          0 |         4 
        Bosentan |         5          0 |         5 
       Diazoxide |        13          0 |        13 
     Hydralazine |        11          0 |        11 
        Iloprost |         7          0 |         7 
      Macitentan |         2          0 |         2 
       Minoxidil |         6          0 |         6 
       Riociguat |         7          0 |         7 
       Selexipag |         9          0 |         9 
      Sildenafil |        24          0 |        24 
      Sitaxentan |         1          0 |         1 
       Tadalafil |         9          0 |         9 
      Vericiguat |         2          0 |         2 
       Clonidine |        22          0 |        22 
      Guanfacine |         8          0 |         8 
      Methyldopa |        10          0 |        10 
      Moxonidine |         6          0 |         6 
    Debrisoquine |         2          0 |         2 
    Guanethidine |         6          0 |         6 
       Doxazosin |        29          0 |        29 
       Indoramin |         7          0 |         7 
Phenoxybenzamine |         4          0 |         4 
    Phentolamine |         6          0 |         6 
        Prazosin |        16          0 |        16 
       Terazosin |        16          0 |        16 
       Captopril |        45          0 |        45 
      Cilazapril |        10          0 |        10 
       Enalapril |        40          0 |        40 
      Fosinopril |         0          4 |         4 
-----------------+----------------------+----------
           Total |       638          4 |       642 
(6 real changes made)

antihypertensive |       imidapril
     _medication |         0          1 |     Total
-----------------+----------------------+----------
               0 |       305          0 |       305 
     Ambrisentan |         4          0 |         4 
        Bosentan |         5          0 |         5 
       Diazoxide |        13          0 |        13 
     Hydralazine |        11          0 |        11 
        Iloprost |         7          0 |         7 
      Macitentan |         2          0 |         2 
       Minoxidil |         6          0 |         6 
       Riociguat |         7          0 |         7 
       Selexipag |         9          0 |         9 
      Sildenafil |        24          0 |        24 
      Sitaxentan |         1          0 |         1 
       Tadalafil |         9          0 |         9 
      Vericiguat |         2          0 |         2 
       Clonidine |        22          0 |        22 
      Guanfacine |         8          0 |         8 
      Methyldopa |        10          0 |        10 
      Moxonidine |         6          0 |         6 
    Debrisoquine |         2          0 |         2 
    Guanethidine |         6          0 |         6 
       Doxazosin |        29          0 |        29 
       Indoramin |         7          0 |         7 
Phenoxybenzamine |         4          0 |         4 
    Phentolamine |         6          0 |         6 
        Prazosin |        16          0 |        16 
       Terazosin |        16          0 |        16 
       Captopril |        45          0 |        45 
      Cilazapril |        10          0 |        10 
       Enalapril |        40          0 |        40 
      Fosinopril |         4          0 |         4 
       Imidapril |         0          6 |         6 
-----------------+----------------------+----------
           Total |       636          6 |       642 
(34 real changes made)

antihypertensive |      lisinopril
     _medication |         0          1 |     Total
-----------------+----------------------+----------
               0 |       271          0 |       271 
     Ambrisentan |         4          0 |         4 
        Bosentan |         5          0 |         5 
       Diazoxide |        13          0 |        13 
     Hydralazine |        11          0 |        11 
        Iloprost |         7          0 |         7 
      Macitentan |         2          0 |         2 
       Minoxidil |         6          0 |         6 
       Riociguat |         7          0 |         7 
       Selexipag |         9          0 |         9 
      Sildenafil |        24          0 |        24 
      Sitaxentan |         1          0 |         1 
       Tadalafil |         9          0 |         9 
      Vericiguat |         2          0 |         2 
       Clonidine |        22          0 |        22 
      Guanfacine |         8          0 |         8 
      Methyldopa |        10          0 |        10 
      Moxonidine |         6          0 |         6 
    Debrisoquine |         2          0 |         2 
    Guanethidine |         6          0 |         6 
       Doxazosin |        29          0 |        29 
       Indoramin |         7          0 |         7 
Phenoxybenzamine |         4          0 |         4 
    Phentolamine |         6          0 |         6 
        Prazosin |        16          0 |        16 
       Terazosin |        16          0 |        16 
       Captopril |        45          0 |        45 
      Cilazapril |        10          0 |        10 
       Enalapril |        40          0 |        40 
      Fosinopril |         4          0 |         4 
       Imidapril |         6          0 |         6 
      Lisinopril |         0         34 |        34 
-----------------+----------------------+----------
           Total |       608         34 |       642 
(4 real changes made)

antihypertensive |       moexipril
     _medication |         0          1 |     Total
-----------------+----------------------+----------
               0 |       267          0 |       267 
     Ambrisentan |         4          0 |         4 
        Bosentan |         5          0 |         5 
       Diazoxide |        13          0 |        13 
     Hydralazine |        11          0 |        11 
        Iloprost |         7          0 |         7 
      Macitentan |         2          0 |         2 
       Minoxidil |         6          0 |         6 
       Riociguat |         7          0 |         7 
       Selexipag |         9          0 |         9 
      Sildenafil |        24          0 |        24 
      Sitaxentan |         1          0 |         1 
       Tadalafil |         9          0 |         9 
      Vericiguat |         2          0 |         2 
       Clonidine |        22          0 |        22 
      Guanfacine |         8          0 |         8 
      Methyldopa |        10          0 |        10 
      Moxonidine |         6          0 |         6 
    Debrisoquine |         2          0 |         2 
    Guanethidine |         6          0 |         6 
       Doxazosin |        29          0 |        29 
       Indoramin |         7          0 |         7 
Phenoxybenzamine |         4          0 |         4 
    Phentolamine |         6          0 |         6 
        Prazosin |        16          0 |        16 
       Terazosin |        16          0 |        16 
       Captopril |        45          0 |        45 
      Cilazapril |        10          0 |        10 
       Enalapril |        40          0 |        40 
      Fosinopril |         4          0 |         4 
       Imidapril |         6          0 |         6 
      Lisinopril |        34          0 |        34 
       Moexipril |         0          4 |         4 
-----------------+----------------------+----------
           Total |       638          4 |       642 
(31 real changes made)

antihypertensive |      perindopril
     _medication |         0          1 |     Total
-----------------+----------------------+----------
               0 |       236          0 |       236 
     Ambrisentan |         4          0 |         4 
        Bosentan |         5          0 |         5 
       Diazoxide |        13          0 |        13 
     Hydralazine |        11          0 |        11 
        Iloprost |         7          0 |         7 
      Macitentan |         2          0 |         2 
       Minoxidil |         6          0 |         6 
       Riociguat |         7          0 |         7 
       Selexipag |         9          0 |         9 
      Sildenafil |        24          0 |        24 
      Sitaxentan |         1          0 |         1 
       Tadalafil |         9          0 |         9 
      Vericiguat |         2          0 |         2 
       Clonidine |        22          0 |        22 
      Guanfacine |         8          0 |         8 
      Methyldopa |        10          0 |        10 
      Moxonidine |         6          0 |         6 
    Debrisoquine |         2          0 |         2 
    Guanethidine |         6          0 |         6 
       Doxazosin |        29          0 |        29 
       Indoramin |         7          0 |         7 
Phenoxybenzamine |         4          0 |         4 
    Phentolamine |         6          0 |         6 
        Prazosin |        16          0 |        16 
       Terazosin |        16          0 |        16 
       Captopril |        45          0 |        45 
      Cilazapril |        10          0 |        10 
       Enalapril |        40          0 |        40 
      Fosinopril |         4          0 |         4 
       Imidapril |         6          0 |         6 
      Lisinopril |        34          0 |        34 
       Moexipril |         4          0 |         4 
     Perindopril |         0         31 |        31 
-----------------+----------------------+----------
           Total |       611         31 |       642 
(11 real changes made)

antihypertensive |       quinapril
     _medication |         0          1 |     Total
-----------------+----------------------+----------
               0 |       225          0 |       225 
     Ambrisentan |         4          0 |         4 
        Bosentan |         5          0 |         5 
       Diazoxide |        13          0 |        13 
     Hydralazine |        11          0 |        11 
        Iloprost |         7          0 |         7 
      Macitentan |         2          0 |         2 
       Minoxidil |         6          0 |         6 
       Riociguat |         7          0 |         7 
       Selexipag |         9          0 |         9 
      Sildenafil |        24          0 |        24 
      Sitaxentan |         1          0 |         1 
       Tadalafil |         9          0 |         9 
      Vericiguat |         2          0 |         2 
       Clonidine |        22          0 |        22 
      Guanfacine |         8          0 |         8 
      Methyldopa |        10          0 |        10 
      Moxonidine |         6          0 |         6 
    Debrisoquine |         2          0 |         2 
    Guanethidine |         6          0 |         6 
       Doxazosin |        29          0 |        29 
       Indoramin |         7          0 |         7 
Phenoxybenzamine |         4          0 |         4 
    Phentolamine |         6          0 |         6 
        Prazosin |        16          0 |        16 
       Terazosin |        16          0 |        16 
       Captopril |        45          0 |        45 
      Cilazapril |        10          0 |        10 
       Enalapril |        40          0 |        40 
      Fosinopril |         4          0 |         4 
       Imidapril |         6          0 |         6 
      Lisinopril |        34          0 |        34 
       Moexipril |         4          0 |         4 
     Perindopril |        31          0 |        31 
       Quinapril |         0         11 |        11 
-----------------+----------------------+----------
           Total |       631         11 |       642 
(37 real changes made)

antihypertensive |       ramipril
     _medication |         0          1 |     Total
-----------------+----------------------+----------
               0 |       188          0 |       188 
     Ambrisentan |         4          0 |         4 
        Bosentan |         5          0 |         5 
       Diazoxide |        13          0 |        13 
     Hydralazine |        11          0 |        11 
        Iloprost |         7          0 |         7 
      Macitentan |         2          0 |         2 
       Minoxidil |         6          0 |         6 
       Riociguat |         7          0 |         7 
       Selexipag |         9          0 |         9 
      Sildenafil |        24          0 |        24 
      Sitaxentan |         1          0 |         1 
       Tadalafil |         9          0 |         9 
      Vericiguat |         2          0 |         2 
       Clonidine |        22          0 |        22 
      Guanfacine |         8          0 |         8 
      Methyldopa |        10          0 |        10 
      Moxonidine |         6          0 |         6 
    Debrisoquine |         2          0 |         2 
    Guanethidine |         6          0 |         6 
       Doxazosin |        29          0 |        29 
       Indoramin |         7          0 |         7 
Phenoxybenzamine |         4          0 |         4 
    Phentolamine |         6          0 |         6 
        Prazosin |        16          0 |        16 
       Terazosin |        16          0 |        16 
       Captopril |        45          0 |        45 
      Cilazapril |        10          0 |        10 
       Enalapril |        40          0 |        40 
      Fosinopril |         4          0 |         4 
       Imidapril |         6          0 |         6 
      Lisinopril |        34          0 |        34 
       Moexipril |         4          0 |         4 
     Perindopril |        31          0 |        31 
       Quinapril |        11          0 |        11 
        Ramipril |         0         37 |        37 
-----------------+----------------------+----------
           Total |       605         37 |       642 
(45 real changes made)

antihypertensive |     trandolapril
     _medication |         0          1 |     Total
-----------------+----------------------+----------
               0 |       143          0 |       143 
     Ambrisentan |         4          0 |         4 
        Bosentan |         5          0 |         5 
       Diazoxide |        13          0 |        13 
     Hydralazine |        11          0 |        11 
        Iloprost |         7          0 |         7 
      Macitentan |         2          0 |         2 
       Minoxidil |         6          0 |         6 
       Riociguat |         7          0 |         7 
       Selexipag |         9          0 |         9 
      Sildenafil |        24          0 |        24 
      Sitaxentan |         1          0 |         1 
       Tadalafil |         9          0 |         9 
      Vericiguat |         2          0 |         2 
       Clonidine |        22          0 |        22 
      Guanfacine |         8          0 |         8 
      Methyldopa |        10          0 |        10 
      Moxonidine |         6          0 |         6 
    Debrisoquine |         2          0 |         2 
    Guanethidine |         6          0 |         6 
       Doxazosin |        29          0 |        29 
       Indoramin |         7          0 |         7 
Phenoxybenzamine |         4          0 |         4 
    Phentolamine |         6          0 |         6 
        Prazosin |        16          0 |        16 
       Terazosin |        16          0 |        16 
       Captopril |        45          0 |        45 
      Cilazapril |        10          0 |        10 
       Enalapril |        40          0 |        40 
      Fosinopril |         4          0 |         4 
       Imidapril |         6          0 |         6 
      Lisinopril |        34          0 |        34 
       Moexipril |         4          0 |         4 
     Perindopril |        31          0 |        31 
       Quinapril |        11          0 |        11 
        Ramipril |        37          0 |        37 
    Trandolapril |         0         45 |        45 
-----------------+----------------------+----------
           Total |       597         45 |       642 
(6 real changes made)

antihypertensive |      azilsartan
     _medication |         0          1 |     Total
-----------------+----------------------+----------
               0 |       137          0 |       137 
     Ambrisentan |         4          0 |         4 
        Bosentan |         5          0 |         5 
       Diazoxide |        13          0 |        13 
     Hydralazine |        11          0 |        11 
        Iloprost |         7          0 |         7 
      Macitentan |         2          0 |         2 
       Minoxidil |         6          0 |         6 
       Riociguat |         7          0 |         7 
       Selexipag |         9          0 |         9 
      Sildenafil |        24          0 |        24 
      Sitaxentan |         1          0 |         1 
       Tadalafil |         9          0 |         9 
      Vericiguat |         2          0 |         2 
       Clonidine |        22          0 |        22 
      Guanfacine |         8          0 |         8 
      Methyldopa |        10          0 |        10 
      Moxonidine |         6          0 |         6 
    Debrisoquine |         2          0 |         2 
    Guanethidine |         6          0 |         6 
       Doxazosin |        29          0 |        29 
       Indoramin |         7          0 |         7 
Phenoxybenzamine |         4          0 |         4 
    Phentolamine |         6          0 |         6 
        Prazosin |        16          0 |        16 
       Terazosin |        16          0 |        16 
       Captopril |        45          0 |        45 
      Cilazapril |        10          0 |        10 
       Enalapril |        40          0 |        40 
      Fosinopril |         4          0 |         4 
       Imidapril |         6          0 |         6 
      Lisinopril |        34          0 |        34 
       Moexipril |         4          0 |         4 
     Perindopril |        31          0 |        31 
       Quinapril |        11          0 |        11 
        Ramipril |        37          0 |        37 
    Trandolapril |        45          0 |        45 
      Azilsartan |         0          6 |         6 
-----------------+----------------------+----------
           Total |       636          6 |       642 
(10 real changes made)

antihypertensive |      candesartan
     _medication |         0          1 |     Total
-----------------+----------------------+----------
               0 |       127          0 |       127 
     Ambrisentan |         4          0 |         4 
        Bosentan |         5          0 |         5 
       Diazoxide |        13          0 |        13 
     Hydralazine |        11          0 |        11 
        Iloprost |         7          0 |         7 
      Macitentan |         2          0 |         2 
       Minoxidil |         6          0 |         6 
       Riociguat |         7          0 |         7 
       Selexipag |         9          0 |         9 
      Sildenafil |        24          0 |        24 
      Sitaxentan |         1          0 |         1 
       Tadalafil |         9          0 |         9 
      Vericiguat |         2          0 |         2 
       Clonidine |        22          0 |        22 
      Guanfacine |         8          0 |         8 
      Methyldopa |        10          0 |        10 
      Moxonidine |         6          0 |         6 
    Debrisoquine |         2          0 |         2 
    Guanethidine |         6          0 |         6 
       Doxazosin |        29          0 |        29 
       Indoramin |         7          0 |         7 
Phenoxybenzamine |         4          0 |         4 
    Phentolamine |         6          0 |         6 
        Prazosin |        16          0 |        16 
       Terazosin |        16          0 |        16 
       Captopril |        45          0 |        45 
      Cilazapril |        10          0 |        10 
       Enalapril |        40          0 |        40 
      Fosinopril |         4          0 |         4 
       Imidapril |         6          0 |         6 
      Lisinopril |        34          0 |        34 
       Moexipril |         4          0 |         4 
     Perindopril |        31          0 |        31 
       Quinapril |        11          0 |        11 
        Ramipril |        37          0 |        37 
    Trandolapril |        45          0 |        45 
      Azilsartan |         6          0 |         6 
     Candesartan |         0         10 |        10 
-----------------+----------------------+----------
           Total |       632         10 |       642 
(6 real changes made)

antihypertensive |      eprosartan
     _medication |         0          1 |     Total
-----------------+----------------------+----------
               0 |       121          0 |       121 
     Ambrisentan |         4          0 |         4 
        Bosentan |         5          0 |         5 
       Diazoxide |        13          0 |        13 
     Hydralazine |        11          0 |        11 
        Iloprost |         7          0 |         7 
      Macitentan |         2          0 |         2 
       Minoxidil |         6          0 |         6 
       Riociguat |         7          0 |         7 
       Selexipag |         9          0 |         9 
      Sildenafil |        24          0 |        24 
      Sitaxentan |         1          0 |         1 
       Tadalafil |         9          0 |         9 
      Vericiguat |         2          0 |         2 
       Clonidine |        22          0 |        22 
      Guanfacine |         8          0 |         8 
      Methyldopa |        10          0 |        10 
      Moxonidine |         6          0 |         6 
    Debrisoquine |         2          0 |         2 
    Guanethidine |         6          0 |         6 
       Doxazosin |        29          0 |        29 
       Indoramin |         7          0 |         7 
Phenoxybenzamine |         4          0 |         4 
    Phentolamine |         6          0 |         6 
        Prazosin |        16          0 |        16 
       Terazosin |        16          0 |        16 
       Captopril |        45          0 |        45 
      Cilazapril |        10          0 |        10 
       Enalapril |        40          0 |        40 
      Fosinopril |         4          0 |         4 
       Imidapril |         6          0 |         6 
      Lisinopril |        34          0 |        34 
       Moexipril |         4          0 |         4 
     Perindopril |        31          0 |        31 
       Quinapril |        11          0 |        11 
        Ramipril |        37          0 |        37 
    Trandolapril |        45          0 |        45 
      Azilsartan |         6          0 |         6 
     Candesartan |        10          0 |        10 
      Eprosartan |         0          6 |         6 
-----------------+----------------------+----------
           Total |       636          6 |       642 
(18 real changes made)

antihypertensive |      irbesartan
     _medication |         0          1 |     Total
-----------------+----------------------+----------
               0 |       103          0 |       103 
     Ambrisentan |         4          0 |         4 
        Bosentan |         5          0 |         5 
       Diazoxide |        13          0 |        13 
     Hydralazine |        11          0 |        11 
        Iloprost |         7          0 |         7 
      Macitentan |         2          0 |         2 
       Minoxidil |         6          0 |         6 
       Riociguat |         7          0 |         7 
       Selexipag |         9          0 |         9 
      Sildenafil |        24          0 |        24 
      Sitaxentan |         1          0 |         1 
       Tadalafil |         9          0 |         9 
      Vericiguat |         2          0 |         2 
       Clonidine |        22          0 |        22 
      Guanfacine |         8          0 |         8 
      Methyldopa |        10          0 |        10 
      Moxonidine |         6          0 |         6 
    Debrisoquine |         2          0 |         2 
    Guanethidine |         6          0 |         6 
       Doxazosin |        29          0 |        29 
       Indoramin |         7          0 |         7 
Phenoxybenzamine |         4          0 |         4 
    Phentolamine |         6          0 |         6 
        Prazosin |        16          0 |        16 
       Terazosin |        16          0 |        16 
       Captopril |        45          0 |        45 
      Cilazapril |        10          0 |        10 
       Enalapril |        40          0 |        40 
      Fosinopril |         4          0 |         4 
       Imidapril |         6          0 |         6 
      Lisinopril |        34          0 |        34 
       Moexipril |         4          0 |         4 
     Perindopril |        31          0 |        31 
       Quinapril |        11          0 |        11 
        Ramipril |        37          0 |        37 
    Trandolapril |        45          0 |        45 
      Azilsartan |         6          0 |         6 
     Candesartan |        10          0 |        10 
      Eprosartan |         6          0 |         6 
      Irbesartan |         0         18 |        18 
-----------------+----------------------+----------
           Total |       624         18 |       642 
(20 real changes made)

antihypertensive |       losartan
     _medication |         0          1 |     Total
-----------------+----------------------+----------
               0 |        83          0 |        83 
     Ambrisentan |         4          0 |         4 
        Bosentan |         5          0 |         5 
       Diazoxide |        13          0 |        13 
     Hydralazine |        11          0 |        11 
        Iloprost |         7          0 |         7 
      Macitentan |         2          0 |         2 
       Minoxidil |         6          0 |         6 
       Riociguat |         7          0 |         7 
       Selexipag |         9          0 |         9 
      Sildenafil |        24          0 |        24 
      Sitaxentan |         1          0 |         1 
       Tadalafil |         9          0 |         9 
      Vericiguat |         2          0 |         2 
       Clonidine |        22          0 |        22 
      Guanfacine |         8          0 |         8 
      Methyldopa |        10          0 |        10 
      Moxonidine |         6          0 |         6 
    Debrisoquine |         2          0 |         2 
    Guanethidine |         6          0 |         6 
       Doxazosin |        29          0 |        29 
       Indoramin |         7          0 |         7 
Phenoxybenzamine |         4          0 |         4 
    Phentolamine |         6          0 |         6 
        Prazosin |        16          0 |        16 
       Terazosin |        16          0 |        16 
       Captopril |        45          0 |        45 
      Cilazapril |        10          0 |        10 
       Enalapril |        40          0 |        40 
      Fosinopril |         4          0 |         4 
       Imidapril |         6          0 |         6 
      Lisinopril |        34          0 |        34 
       Moexipril |         4          0 |         4 
     Perindopril |        31          0 |        31 
       Quinapril |        11          0 |        11 
        Ramipril |        37          0 |        37 
    Trandolapril |        45          0 |        45 
      Azilsartan |         6          0 |         6 
     Candesartan |        10          0 |        10 
      Eprosartan |         6          0 |         6 
      Irbesartan |        18          0 |        18 
        Losartan |         0         20 |        20 
-----------------+----------------------+----------
           Total |       622         20 |       642 
(24 real changes made)

antihypertensive |      olmesartan
     _medication |         0          1 |     Total
-----------------+----------------------+----------
               0 |        59          0 |        59 
     Ambrisentan |         4          0 |         4 
        Bosentan |         5          0 |         5 
       Diazoxide |        13          0 |        13 
     Hydralazine |        11          0 |        11 
        Iloprost |         7          0 |         7 
      Macitentan |         2          0 |         2 
       Minoxidil |         6          0 |         6 
       Riociguat |         7          0 |         7 
       Selexipag |         9          0 |         9 
      Sildenafil |        24          0 |        24 
      Sitaxentan |         1          0 |         1 
       Tadalafil |         9          0 |         9 
      Vericiguat |         2          0 |         2 
       Clonidine |        22          0 |        22 
      Guanfacine |         8          0 |         8 
      Methyldopa |        10          0 |        10 
      Moxonidine |         6          0 |         6 
    Debrisoquine |         2          0 |         2 
    Guanethidine |         6          0 |         6 
       Doxazosin |        29          0 |        29 
       Indoramin |         7          0 |         7 
Phenoxybenzamine |         4          0 |         4 
    Phentolamine |         6          0 |         6 
        Prazosin |        16          0 |        16 
       Terazosin |        16          0 |        16 
       Captopril |        45          0 |        45 
      Cilazapril |        10          0 |        10 
       Enalapril |        40          0 |        40 
      Fosinopril |         4          0 |         4 
       Imidapril |         6          0 |         6 
      Lisinopril |        34          0 |        34 
       Moexipril |         4          0 |         4 
     Perindopril |        31          0 |        31 
       Quinapril |        11          0 |        11 
        Ramipril |        37          0 |        37 
    Trandolapril |        45          0 |        45 
      Azilsartan |         6          0 |         6 
     Candesartan |        10          0 |        10 
      Eprosartan |         6          0 |         6 
      Irbesartan |        18          0 |        18 
        Losartan |        20          0 |        20 
      Olmesartan |         0         24 |        24 
-----------------+----------------------+----------
           Total |       618         24 |       642 
(21 real changes made)

antihypertensive |      telmisartan
     _medication |         0          1 |     Total
-----------------+----------------------+----------
               0 |        38          0 |        38 
     Ambrisentan |         4          0 |         4 
        Bosentan |         5          0 |         5 
       Diazoxide |        13          0 |        13 
     Hydralazine |        11          0 |        11 
        Iloprost |         7          0 |         7 
      Macitentan |         2          0 |         2 
       Minoxidil |         6          0 |         6 
       Riociguat |         7          0 |         7 
       Selexipag |         9          0 |         9 
      Sildenafil |        24          0 |        24 
      Sitaxentan |         1          0 |         1 
       Tadalafil |         9          0 |         9 
      Vericiguat |         2          0 |         2 
       Clonidine |        22          0 |        22 
      Guanfacine |         8          0 |         8 
      Methyldopa |        10          0 |        10 
      Moxonidine |         6          0 |         6 
    Debrisoquine |         2          0 |         2 
    Guanethidine |         6          0 |         6 
       Doxazosin |        29          0 |        29 
       Indoramin |         7          0 |         7 
Phenoxybenzamine |         4          0 |         4 
    Phentolamine |         6          0 |         6 
        Prazosin |        16          0 |        16 
       Terazosin |        16          0 |        16 
       Captopril |        45          0 |        45 
      Cilazapril |        10          0 |        10 
       Enalapril |        40          0 |        40 
      Fosinopril |         4          0 |         4 
       Imidapril |         6          0 |         6 
      Lisinopril |        34          0 |        34 
       Moexipril |         4          0 |         4 
     Perindopril |        31          0 |        31 
       Quinapril |        11          0 |        11 
        Ramipril |        37          0 |        37 
    Trandolapril |        45          0 |        45 
      Azilsartan |         6          0 |         6 
     Candesartan |        10          0 |        10 
      Eprosartan |         6          0 |         6 
      Irbesartan |        18          0 |        18 
        Losartan |        20          0 |        20 
      Olmesartan |        24          0 |        24 
     Telmisartan |         0         21 |        21 
-----------------+----------------------+----------
           Total |       621         21 |       642 
(32 real changes made)

antihypertensive |       valsartan
     _medication |         0          1 |     Total
-----------------+----------------------+----------
               0 |         6          0 |         6 
     Ambrisentan |         4          0 |         4 
        Bosentan |         5          0 |         5 
       Diazoxide |        13          0 |        13 
     Hydralazine |        11          0 |        11 
        Iloprost |         7          0 |         7 
      Macitentan |         2          0 |         2 
       Minoxidil |         6          0 |         6 
       Riociguat |         7          0 |         7 
       Selexipag |         9          0 |         9 
      Sildenafil |        24          0 |        24 
      Sitaxentan |         1          0 |         1 
       Tadalafil |         9          0 |         9 
      Vericiguat |         2          0 |         2 
       Clonidine |        22          0 |        22 
      Guanfacine |         8          0 |         8 
      Methyldopa |        10          0 |        10 
      Moxonidine |         6          0 |         6 
    Debrisoquine |         2          0 |         2 
    Guanethidine |         6          0 |         6 
       Doxazosin |        29          0 |        29 
       Indoramin |         7          0 |         7 
Phenoxybenzamine |         4          0 |         4 
    Phentolamine |         6          0 |         6 
        Prazosin |        16          0 |        16 
       Terazosin |        16          0 |        16 
       Captopril |        45          0 |        45 
      Cilazapril |        10          0 |        10 
       Enalapril |        40          0 |        40 
      Fosinopril |         4          0 |         4 
       Imidapril |         6          0 |         6 
      Lisinopril |        34          0 |        34 
       Moexipril |         4          0 |         4 
     Perindopril |        31          0 |        31 
       Quinapril |        11          0 |        11 
        Ramipril |        37          0 |        37 
    Trandolapril |        45          0 |        45 
      Azilsartan |         6          0 |         6 
     Candesartan |        10          0 |        10 
      Eprosartan |         6          0 |         6 
      Irbesartan |        18          0 |        18 
        Losartan |        20          0 |        20 
      Olmesartan |        24          0 |        24 
     Telmisartan |        21          0 |        21 
       Valsartan |         0         32 |        32 
-----------------+----------------------+----------
           Total |       610         32 |       642 
(4 real changes made)

antihypertensive |       aliskiren
     _medication |         0          1 |     Total
-----------------+----------------------+----------
               0 |         2          0 |         2 
     Ambrisentan |         4          0 |         4 
        Bosentan |         5          0 |         5 
       Diazoxide |        13          0 |        13 
     Hydralazine |        11          0 |        11 
        Iloprost |         7          0 |         7 
      Macitentan |         2          0 |         2 
       Minoxidil |         6          0 |         6 
       Riociguat |         7          0 |         7 
       Selexipag |         9          0 |         9 
      Sildenafil |        24          0 |        24 
      Sitaxentan |         1          0 |         1 
       Tadalafil |         9          0 |         9 
      Vericiguat |         2          0 |         2 
       Clonidine |        22          0 |        22 
      Guanfacine |         8          0 |         8 
      Methyldopa |        10          0 |        10 
      Moxonidine |         6          0 |         6 
    Debrisoquine |         2          0 |         2 
    Guanethidine |         6          0 |         6 
       Doxazosin |        29          0 |        29 
       Indoramin |         7          0 |         7 
Phenoxybenzamine |         4          0 |         4 
    Phentolamine |         6          0 |         6 
        Prazosin |        16          0 |        16 
       Terazosin |        16          0 |        16 
       Captopril |        45          0 |        45 
      Cilazapril |        10          0 |        10 
       Enalapril |        40          0 |        40 
      Fosinopril |         4          0 |         4 
       Imidapril |         6          0 |         6 
      Lisinopril |        34          0 |        34 
       Moexipril |         4          0 |         4 
     Perindopril |        31          0 |        31 
       Quinapril |        11          0 |        11 
        Ramipril |        37          0 |        37 
    Trandolapril |        45          0 |        45 
      Azilsartan |         6          0 |         6 
     Candesartan |        10          0 |        10 
      Eprosartan |         6          0 |         6 
      Irbesartan |        18          0 |        18 
        Losartan |        20          0 |        20 
      Olmesartan |        24          0 |        24 
     Telmisartan |        21          0 |        21 
       Valsartan |        32          0 |        32 
       Aliskiren |         0          4 |         4 
-----------------+----------------------+----------
           Total |       638          4 |       642 
(2 real changes made)

antihypertensive |      ketanserin
     _medication |         0          1 |     Total
-----------------+----------------------+----------
     Ambrisentan |         4          0 |         4 
        Bosentan |         5          0 |         5 
       Diazoxide |        13          0 |        13 
     Hydralazine |        11          0 |        11 
        Iloprost |         7          0 |         7 
      Macitentan |         2          0 |         2 
       Minoxidil |         6          0 |         6 
       Riociguat |         7          0 |         7 
       Selexipag |         9          0 |         9 
      Sildenafil |        24          0 |        24 
      Sitaxentan |         1          0 |         1 
       Tadalafil |         9          0 |         9 
      Vericiguat |         2          0 |         2 
       Clonidine |        22          0 |        22 
      Guanfacine |         8          0 |         8 
      Methyldopa |        10          0 |        10 
      Moxonidine |         6          0 |         6 
    Debrisoquine |         2          0 |         2 
    Guanethidine |         6          0 |         6 
       Doxazosin |        29          0 |        29 
       Indoramin |         7          0 |         7 
Phenoxybenzamine |         4          0 |         4 
    Phentolamine |         6          0 |         6 
        Prazosin |        16          0 |        16 
       Terazosin |        16          0 |        16 
       Captopril |        45          0 |        45 
      Cilazapril |        10          0 |        10 
       Enalapril |        40          0 |        40 
      Fosinopril |         4          0 |         4 
       Imidapril |         6          0 |         6 
      Lisinopril |        34          0 |        34 
       Moexipril |         4          0 |         4 
     Perindopril |        31          0 |        31 
       Quinapril |        11          0 |        11 
        Ramipril |        37          0 |        37 
    Trandolapril |        45          0 |        45 
      Azilsartan |         6          0 |         6 
     Candesartan |        10          0 |        10 
      Eprosartan |         6          0 |         6 
      Irbesartan |        18          0 |        18 
        Losartan |        20          0 |        20 
      Olmesartan |        24          0 |        24 
     Telmisartan |        21          0 |        21 
       Valsartan |        32          0 |        32 
       Aliskiren |         4          0 |         4 
      Ketanserin |         0          2 |         2 
-----------------+----------------------+----------
           Total |       640          2 |       642 

. recode antihypertensive_medication (0 = .)
(0 changes made to antihypertensive_medication)

. tab1 antihypertensive_medication, missing

-> tabulation of antihypertensive_medication  

antihypertensive |
     _medication |      Freq.     Percent        Cum.
-----------------+-----------------------------------
     Ambrisentan |          4        0.62        0.62
        Bosentan |          5        0.78        1.40
       Diazoxide |         13        2.02        3.43
     Hydralazine |         11        1.71        5.14
        Iloprost |          7        1.09        6.23
      Macitentan |          2        0.31        6.54
       Minoxidil |          6        0.93        7.48
       Riociguat |          7        1.09        8.57
       Selexipag |          9        1.40        9.97
      Sildenafil |         24        3.74       13.71
      Sitaxentan |          1        0.16       13.86
       Tadalafil |          9        1.40       15.26
      Vericiguat |          2        0.31       15.58
       Clonidine |         22        3.43       19.00
      Guanfacine |          8        1.25       20.25
      Methyldopa |         10        1.56       21.81
      Moxonidine |          6        0.93       22.74
    Debrisoquine |          2        0.31       23.05
    Guanethidine |          6        0.93       23.99
       Doxazosin |         29        4.52       28.50
       Indoramin |          7        1.09       29.60
Phenoxybenzamine |          4        0.62       30.22
    Phentolamine |          6        0.93       31.15
        Prazosin |         16        2.49       33.64
       Terazosin |         16        2.49       36.14
       Captopril |         45        7.01       43.15
      Cilazapril |         10        1.56       44.70
       Enalapril |         40        6.23       50.93
      Fosinopril |          4        0.62       51.56
       Imidapril |          6        0.93       52.49
      Lisinopril |         34        5.30       57.79
       Moexipril |          4        0.62       58.41
     Perindopril |         31        4.83       63.24
       Quinapril |         11        1.71       64.95
        Ramipril |         37        5.76       70.72
    Trandolapril |         45        7.01       77.73
      Azilsartan |          6        0.93       78.66
     Candesartan |         10        1.56       80.22
      Eprosartan |          6        0.93       81.15
      Irbesartan |         18        2.80       83.96
        Losartan |         20        3.12       87.07
      Olmesartan |         24        3.74       90.81
     Telmisartan |         21        3.27       94.08
       Valsartan |         32        4.98       99.07
       Aliskiren |          4        0.62       99.69
      Ketanserin |          2        0.31      100.00
-----------------+-----------------------------------
           Total |        642      100.00

. 
. 
. // (OPTIONAL) STEP 6. COMPARE AGAINST PRE-EXISTING LISTS
. //=======================================================
. 
. //Import repository codelists
. 
. //MedCodeID codelists (LSHTM Data Compass)
. preserve

.         import delimited https://datacompass.lshtm.ac.uk/id/eprint/2102/37/antihypertensives_aurum_mar20.txt, stringcols(1) favorstrfixed clear
(encoding automatically selected: ISO-8859-1)
(3 vars, 330 obs)

.         
.         keep prodcodeid termfromemis

.         
.         local name "lshtm_2102"

.         
.         rename * *_ext

.         rename prodcodeid_ext prodcodeid

.         generate byte antihypertensive = 1

.         generate byte external_codelist = 1

.         generate byte `name' = 1

.         
.         count
  330

.         merge 1:1 prodcodeid using `product'

    Result                      Number of obs
    -----------------------------------------
    Not matched                        73,164
        from master                         2  (_merge==1)
        from using                     73,162  (_merge==2)

    Matched                               328  (_merge==3)
    -----------------------------------------

.         list prodcodeid termfromemis_ext if _merge == 1

       +--------------------------------------------------------------------+
       |       prodcodeid                                  termfromemis_ext |
       |--------------------------------------------------------------------|
  170. | 2801941000033119      Soloc 5mg tablets (Mercury Pharma Group Ltd) |
  243. | 4202241000033117   Esmolol 100mg/10ml solution for injection vials |
       +--------------------------------------------------------------------+

.         keep if _merge == 3
(73,164 observations deleted)

.         keep prodcodeid antihypertensive external_codelist `name'

. 
.         tempfile `name'

.         compress
  (0 bytes saved)

.         save ``name''
file C:\Users\rmjlton.AD\AppData\Local\Temp\ST_10d0_000004.tmp saved as .dta format

. restore, preserve

.         import delimited https://datacompass.lshtm.ac.uk/id/eprint/2187/1/Antihypertensives_aurum_mar20.csv, stringcols(1) favorstrfixed clear
(encoding automatically selected: ISO-8859-1)
(3 vars, 330 obs)

.         
.         keep prodcodeid termfromemis

.         
.         local name "lshtm_2187"

.         
.         rename * *_ext

.         rename prodcodeid_ext prodcodeid

.         generate byte antihypertensive = 1

.         generate byte external_codelist = 1

.         generate byte `name' = 1

.         
.         count
  330

.         merge 1:1 prodcodeid using `product'

    Result                      Number of obs
    -----------------------------------------
    Not matched                        73,164
        from master                         2  (_merge==1)
        from using                     73,162  (_merge==2)

    Matched                               328  (_merge==3)
    -----------------------------------------

.         list prodcodeid termfromemis_ext if _merge == 1

       +--------------------------------------------------------------------+
       |       prodcodeid                                  termfromemis_ext |
       |--------------------------------------------------------------------|
  170. | 2801941000033119      Soloc 5mg tablets (Mercury Pharma Group Ltd) |
  243. | 4202241000033117   Esmolol 100mg/10ml solution for injection vials |
       +--------------------------------------------------------------------+

.         keep if _merge == 3
(73,164 observations deleted)

.         keep prodcodeid antihypertensive external_codelist `name'

. 
.         tempfile `name'

.         compress
  (0 bytes saved)

.         save ``name''
file C:\Users\rmjlton.AD\AppData\Local\Temp\ST_10d0_000005.tmp saved as .dta format

. restore, preserve

.         import delimited https://datacompass.lshtm.ac.uk/id/eprint/2814/1/antihypertensives_aurum_feb21.txt, stringcols(1) favorstrfixed clear
(encoding automatically selected: ISO-8859-9)
(6 vars, 330 obs)

.         
.         keep prodcodeid termfromemis

.         
.         local name "lshtm_2814"

.         
.         rename * *_ext

.         rename prodcodeid_ext prodcodeid

.         generate byte antihypertensive = 1

.         generate byte external_codelist = 1

.         generate byte `name' = 1

.         
.         count
  330

.         merge 1:1 prodcodeid using `product'

    Result                      Number of obs
    -----------------------------------------
    Not matched                        73,164
        from master                         2  (_merge==1)
        from using                     73,162  (_merge==2)

    Matched                               328  (_merge==3)
    -----------------------------------------

.         list prodcodeid termfromemis_ext if _merge == 1

       +--------------------------------------------------------------------+
       |       prodcodeid                                  termfromemis_ext |
       |--------------------------------------------------------------------|
  170. | 2801941000033119      soloc 5mg tablets (mercury pharma group ltd) |
  243. | 4202241000033117   esmolol 100mg/10ml solution for injection vials |
       +--------------------------------------------------------------------+

.         keep if _merge == 3
(73,164 observations deleted)

.         keep prodcodeid antihypertensive external_codelist `name'

. 
.         tempfile `name'

.         compress
  (0 bytes saved)

.         save ``name''
file C:\Users\rmjlton.AD\AppData\Local\Temp\ST_10d0_000006.tmp saved as .dta format

. restore, preserve

.         import delimited https://datacompass.lshtm.ac.uk/id/eprint/3590/96/codelist_antihypertensive_aurum.txt, stringcols(1) favorstrfixed clear
(encoding automatically selected: ISO-8859-1)
(15 vars, 1,238 obs)

.         
.         keep prodcodeid termfromemis drugsub ace_i arb calcium_b beta_b

.         
.         local name "lshtm_3590"

.         
.         rename termfromemis termfromemis_ext

.         generate byte antihypertensive = 1

.         generate byte external_codelist = 1

.         generate byte `name' = 1

.         
.         count
  1,238

.         merge 1:1 prodcodeid using `product'

    Result                      Number of obs
    -----------------------------------------
    Not matched                        72,356
        from master                        52  (_merge==1)
        from using                     72,304  (_merge==2)

    Matched                             1,186  (_merge==3)
    -----------------------------------------

.         list prodcodeid termfromemis_ext if _merge == 1

       +---------------------------------------------------------------------------------------+
       |        prodcodeid                                                    termfromemis_ext |
       |---------------------------------------------------------------------------------------|
    3. | 10025141000033117                             bisoprolol 10mg / aspirin 75mg capsules |
   24. |  1074841000033115           phenoxybenzamine 100mg/2ml solution for infusion ampoules |
   41. | 11072441000033111                   clevidipine 25mg/50ml emulsion for infusion vials |
   42. | 11072541000033112        cleviprex 25mg/50ml emulsion for infusion vials (chiesi ltd) |
   74. |  1154141000033118                                    rauwolfia alkaloids tablets 2 mg |
       |---------------------------------------------------------------------------------------|
   77. |  1164941000033114                                            reserpine tablets 0.1 mg |
   88. | 11735441000033118      uptravi 200microgram tablets (actelion pharmaceuticals uk ltd) |
   90. | 11735641000033116      uptravi 600microgram tablets (actelion pharmaceuticals uk ltd) |
   91. | 11735741000033113      uptravi 800microgram tablets (actelion pharmaceuticals uk ltd) |
   92. | 11735841000033115    uptravi 1,000microgram tablets (actelion pharmaceuticals uk ltd) |
       |---------------------------------------------------------------------------------------|
   93. | 11735941000033111    uptravi 1,200microgram tablets (actelion pharmaceuticals uk ltd) |
   94. | 11736041000033118    uptravi 1,400microgram tablets (actelion pharmaceuticals uk ltd) |
   95. | 11736141000033119    uptravi 1,600microgram tablets (actelion pharmaceuticals uk ltd) |
   96. | 11799841000033112                                           benph 2mg tablets (mylan) |
  109. | 12427141000033114                             stayveer 62.5mg tablets (advanz pharma) |
       |---------------------------------------------------------------------------------------|
  111. | 12428341000033111                      granpidam 20mg tablets (accord healthcare ltd) |
  113. | 12442141000033114                                       talmanco 20mg tablets (mylan) |
  130. | 12877241000033114             apo-hydralazine 10mg tablets (imported (united states)) |
  132. | 13000741000033117                                    mysildecard 20mg tablets (mylan) |
  135. | 13132041000033117                 labetalol 50mg/10ml solution for injection ampoules |
       |---------------------------------------------------------------------------------------|
  167. |  1401541000033115                   syscor mr 30 tablets (forest laboratories uk ltd) |
  341. |  1846841000033111                     triamterene and frusemide tablets 50 mg + 40 mg |
  386. |  2104741000033113                ethimil mr 240mg tablets (genus pharmaceuticals ltd) |
  436. |   250141000033112                                        chlorthalidone tablets 50 mg |
  437. |  2517341000033111                                       *rauwolfia serpentina tablets |
       |---------------------------------------------------------------------------------------|
  438. |  2517441000033117                                      *rauwolfia serpentina granules |
  440. |  2517641000033115                                        *rauwolfia serpentina powder |
  441. |  2517741000033112                               *rauwolfia serpentina pills (sucrose) |
  470. |  2739041000033110                        horizem sr 120mg capsules (horizon lifecare) |
  471. |  2739141000033114                         horizem sr 90mg capsules (horizon lifecare) |
       |---------------------------------------------------------------------------------------|
  483. |  2801941000033119                        soloc 5mg tablets (mercury pharma group ltd) |
  526. |  2955741000033117             synuretic 50 tablets (dr reddy's laboratories (uk) ltd) |
  527. |  2955841000033110             synuretic 25 tablets (dr reddy's laboratories (uk) ltd) |
  624. |  3283241000033113                     quinil 10mg tablets (tillomed laboratories ltd) |
  625. |  3283341000033115                     quinil 20mg tablets (tillomed laboratories ltd) |
       |---------------------------------------------------------------------------------------|
  626. |  3283441000033114                     quinil 40mg tablets (tillomed laboratories ltd) |
  711. |  4156441000033113                                   thelin 100mg tablets (pfizer ltd) |
  712. |  4202241000033117                     esmolol 100mg/10ml solution for injection vials |
  810. |  5052641000033111   hypoloc 5mg tablets (a. menarini farmaceutica internazionale srl) |
  967. |  6167841000033112                                 irbesartan 20mg oral powder sachets |
       |---------------------------------------------------------------------------------------|
  974. |  6423941000033116                                 irbesartan 30mg oral powder sachets |
 1078. |  8193941000033116                           sabervel 75mg tablets (aspire pharma ltd) |
 1079. |  8194041000033119                          sabervel 150mg tablets (aspire pharma ltd) |
 1080. |  8194141000033115                          sabervel 300mg tablets (aspire pharma ltd) |
 1121. |  8946241000033113                       vizarsin 25mg tablets (consilient health ltd) |
       |---------------------------------------------------------------------------------------|
 1137. |   902741000033119                                       methyclothiazide tablets 5 mg |
 1166. |  9157941000033117                       adempas 1mg tablets (merck sharp & dohme ltd) |
 1168. |  9158141000033115                       adempas 2mg tablets (merck sharp & dohme ltd) |
 1169. |  9158241000033110                     adempas 2.5mg tablets (merck sharp & dohme ltd) |
 1214. |  9697741000033114                nicardipine 10mg/10ml solution for infusion ampoules |
       |---------------------------------------------------------------------------------------|
 1216. |   970841000033117          nimotop 0.02% solution for infusion 50ml vials (bayer plc) |
 1235. |  9808241000033110                         diuresal 500mg tablets (ennogen pharma ltd) |
       +---------------------------------------------------------------------------------------+

.         keep if _merge == 3
(72,356 observations deleted)

.         keep prodcodeid antihypertensive external_codelist `name'

. 
.         tempfile `name'

.         compress
  (0 bytes saved)

.         save ``name''
file C:\Users\rmjlton.AD\AppData\Local\Temp\ST_10d0_000007.tmp saved as .dta format

. restore

. 
. //SNOMED CT codelists (HDR UK Phenotype Library and OpenCodelists)
. preserve

.         import delimited https://phenotypes.healthdatagateway.org/phenotypes/PH1595/version/3008/export/codes, stringcols(1) favorstrfixed clear
(encoding automatically selected: ISO-8859-1)
(10 vars, 1,327 obs)

.         
.         keep code description

.         rename code bnfcode

.         
.         codebook bnfcode

--------------------------------------------------------------------------------------------------------------------------------------------------------------------------------
bnfcode                                                                                                                                                              (unlabeled)
--------------------------------------------------------------------------------------------------------------------------------------------------------------------------------

                  Type: String (str15)

         Unique values: 1,327                     Missing "": 0/1,327

              Examples: "0204000E0AAASAS"
                        "0205040D0AAAWAW"
                        "0205051Q0BBADAD"
                        "0206020C0BEACAS"

.         
.         local name "hdruk_1595"

.         
.         rename description description_ext

.         generate byte antihypertensive = 1

.         generate byte external_codelist = 1

.         generate byte `name' = 1

.         
.         count
  1,327

.         merge 1:m bnfcode using `product'

    Result                      Number of obs
    -----------------------------------------
    Not matched                        73,327
        from master                       591  (_merge==1)
        from using                     72,736  (_merge==2)

    Matched                               754  (_merge==3)
    -----------------------------------------

.         list bnfcode description_ext if _merge == 1

       +--------------------------------------------------------------------------------+
       |         bnfcode                                                description_ext |
       |--------------------------------------------------------------------------------|
    1. | 0202010B0AAABAB                              Bendroflumethiazide 2.5mg tablets |
    2. | 0202010B0AAACAC                                Bendroflumethiazide 5mg tablets |
    4. | 0202010B0AAASAS                        Bendroflumethiazide 2mg/5ml oral liquid |
    6. | 0202010B0AAAVAV                     Bendroflumethiazide 3.75mg/5ml oral liquid |
    7. | 0202010B0AAAWAW                    Bendroflumethiazide 1mg/5ml oral suspension |
       |--------------------------------------------------------------------------------|
   15. | 0202010D0AAAFAF                                   Chlorothiazide 500mg tablets |
   16. | 0202010D0AAAUAU                       Chlorothiazide 250mg/5ml oral suspension |
   17. | 0202010D0AABBBB                       Chlorothiazide 125mg/5ml oral suspension |
   19. | 0202010D0AABDBD                           Chlorothiazide 375mg/5ml oral liquid |
   20. | 0202010D0AABEBE                            Chlorothiazide 10mg/5ml oral liquid |
       |--------------------------------------------------------------------------------|
   21. | 0202010D0AABFBF                        Chlorothiazide 50mg/5ml oral suspension |
   22. | 0202010D0AABGBG                            Chlorothiazide 70mg/5ml oral liquid |
   23. | 0202010D0AABHBH                            Chlorothiazide 40mg/5ml oral liquid |
   24. | 0202010D0AABIBI                         Chlorothiazide 200mg/5ml oral solution |
   25. | 0202010D0AABJBJ                            Chlorothiazide 30mg/5ml oral liquid |
       |--------------------------------------------------------------------------------|
   26. | 0202010D0AABKBK                       Chlorothiazide 100mg/5ml oral suspension |
   27. | 0202010D0AABMBM                           Chlorothiazide 300mg/5ml oral liquid |
   28. | 0202010D0AABNBN                             Chlorothiazide 6mg/5ml oral liquid |
   29. | 0202010D0AABPBP                           Chlorothiazide 155mg/5ml oral liquid |
   30. | 0202010D0AABQBQ                        Chlorothiazide 20mg/5ml oral suspension |
       |--------------------------------------------------------------------------------|
   31. | 0202010D0AABTBT                        Chlorothiazide 80mg/5ml oral suspension |
   32. | 0202010D0AABUBU                         Chlorothiazide 187.5mg/5ml oral liquid |
   33. | 0202010D0AABVBV                           Chlorothiazide 500mg/5ml oral liquid |
   34. | 0202010D0AABWBW                          Chlorothiazide 12.5mg/5ml oral liquid |
   35. | 0202010D0AABXBX                            Chlorothiazide 24mg/5ml oral liquid |
       |--------------------------------------------------------------------------------|
   36. | 0202010D0AABZBZ                        Chlorothiazide 35mg/5ml oral suspension |
   37. | 0202010D0AACBCB                            Chlorothiazide 75mg/5ml oral liquid |
   38. | 0202010D0AACDCD                           Chlorothiazide 225mg/5ml oral liquid |
   39. | 0202010D0AACECE                            Chlorothiazide 85mg/5ml oral liquid |
   40. | 0202010D0AACGCG                             Chlorothiazide 5mg/5ml oral liquid |
       |--------------------------------------------------------------------------------|
   41. | 0202010D0AACHCH                            Chlorothiazide 90mg/5ml oral liquid |
   42. | 0202010D0AACICI                           Chlorothiazide 240mg/5ml oral liquid |
   43. | 0202010D0AACJCJ                           Chlorothiazide 140mg/5ml oral liquid |
   44. | 0202010D0AACKCK                           Chlorothiazide 7.5mg/5ml oral liquid |
   45. | 0202010D0AACLCL                          Chlorothiazide 3.75mg/5ml oral liquid |
       |--------------------------------------------------------------------------------|
   46. | 0202010D0AACMCM                           Chlorothiazide 750mg/5ml oral liquid |
   47. | 0202010D0AACNCN                        Chlorothiazide 60mg/5ml oral suspension |
   48. | 0202010D0AACPCP                           Chlorothiazide 120mg/5ml oral liquid |
   49. | 0202010D0AACRCR                            Chlorothiazide 15mg/5ml oral liquid |
   50. | 0202010D0AACSCS                           Chlorothiazide 160mg/5ml oral liquid |
       |--------------------------------------------------------------------------------|
   51. | 0202010D0AACTCT                            Chlorothiazide 47mg/5ml oral liquid |
   52. | 0202010D0AACUCU                           Chlorothiazide 143mg/5ml oral liquid |
   53. | 0202010D0AACWCW                            Chlorothiazide 33mg/5ml oral liquid |
   54. | 0202010D0AACYCY                                   Chlorothiazide 250mg tablets |
   55. | 0202010D0AACZCZ                       Chlorothiazide 350mg/5ml oral suspension |
       |--------------------------------------------------------------------------------|
   56. | 0202010D0AADBDB                            Chlorothiazide 27mg/5ml oral liquid |
   57. | 0202010D0AADCDC                        Chlorothiazide 38mg/5ml oral suspension |
   60. | 0202010D0AADFDF                                  Chlorothiazide 300mg capsules |
   62. | 0202010D0BCAAAU                               Diuril 250mg/5ml oral suspension |
   63. | 0202010D0BCABCY                                           Diuril 250mg tablets |
       |--------------------------------------------------------------------------------|
   64. | 0202010F0AAAAAA                                     Chlortalidone 50mg tablets |
   65. | 0202010F0AAAKAK                         Chlortalidone 50mg/5ml oral suspension |
   67. | 0202010J0AAAAAA                          Cyclopenthiazide 500microgram tablets |
   69. | 0202010L0AAABAB                               Hydrochlorothiazide 25mg tablets |
   70. | 0202010L0AAACAC                               Hydrochlorothiazide 50mg tablets |
       |--------------------------------------------------------------------------------|
   71. | 0202010L0AAAJAJ                     Hydrochlorothiazide 12.5mg/5ml oral liquid |
   72. | 0202010L0AAAKAK                     Hydrochlorothiazide 6.25mg/5ml oral liquid |
   73. | 0202010L0AAALAL                       Hydrochlorothiazide 20mg/5ml oral liquid |
   74. | 0202010L0AAAMAM                       Hydrochlorothiazide 25mg/5ml oral liquid |
   75. | 0202010L0AAANAN                       Hydrochlorothiazide 15mg/5ml oral liquid |
       |--------------------------------------------------------------------------------|
   77. | 0202010L0AAAQAQ                        Hydrochlorothiazide 7mg/5ml oral liquid |
   78. | 0202010L0AAASAS                       Hydrochlorothiazide 10mg/5ml oral liquid |
   80. | 0202010L0AAAUAU                     Hydrochlorothiazide 60.8mg/5ml oral liquid |
   81. | 0202010L0AAAVAV                        Hydrochlorothiazide 6mg/5ml oral liquid |
   82. | 0202010L0AAAXAX                      Hydrochlorothiazide 250mg/5ml oral liquid |
       |--------------------------------------------------------------------------------|
   83. | 0202010L0AAAYAY                             Hydrochlorothiazide 12.5mg tablets |
   87. | 0202010P0AAAFAF                Indapamide 1.5mg modified-release tablets (old) |
   99. | 0202010P0BPAAAD                         Alkapamid XL 1.5mg tablets (Rivopharm) |
  101. | 0202030C0AAA1A1                                  Amiloride 1mg/5ml oral liquid |
  102. | 0202030C0AAA2A2                                  Amiloride 3mg/5ml oral liquid |
       |--------------------------------------------------------------------------------|
  103. | 0202030C0AAA3A3                                  Amiloride 4mg/5ml oral liquid |
  104. | 0202030C0AAA4A4                                Amiloride 2.5mg/5ml oral liquid |
  105. | 0202030C0AAA5A5                        Amiloride 300micrograms/5ml oral liquid |
  106. | 0202030C0AAA6A6                                  Amiloride 2mg/5ml oral liquid |
  107. | 0202030C0AAA8A8                                Amiloride 1.5mg/5ml oral liquid |
       |--------------------------------------------------------------------------------|
  108. | 0202030C0AAACAC                                          Amiloride 5mg tablets |
  110. | 0202030C0AAAXAX                              Amiloride 5mg/5ml oral suspension |
  111. | 0202030C0AAAYAY                        Amiloride 400micrograms/5ml oral liquid |
  112. | 0202030C0AAAZAZ                                 Amiloride 10mg/5ml oral liquid |
  113. | 0202030C0AABABA                               Amiloride 12.5mg/5ml oral liquid |
       |--------------------------------------------------------------------------------|
  114. | 0202030C0AABBBB                                Amiloride 1.7mg/5ml oral liquid |
  115. | 0202030C0AABCBC                        Amiloride 800micrograms/5ml oral liquid |
  116. | 0202030C0AABDBD                        Amiloride 500micrograms/5ml oral liquid |
  117. | 0202030C0AABEBE                                Amiloride 2.3mg/5ml oral liquid |
  120. | 0202030S0AAATAT                                    Spironolactone 25mg tablets |
       |--------------------------------------------------------------------------------|
  121. | 0202030S0AAAUAU                                    Spironolactone 50mg tablets |
  122. | 0202030S0AAAVAV                                   Spironolactone 100mg tablets |
  127. | 0202030S0AACTCT                          Spironolactone 6.25mg/5ml oral liquid |
  128. | 0202030S0AACUCU                            Spironolactone 30mg/5ml oral liquid |
  129. | 0202030S0AACVCV                           Spironolactone 7.5mg/5ml oral liquid |
       |--------------------------------------------------------------------------------|
  130. | 0202030S0AACWCW                             Spironolactone 4mg/5ml oral liquid |
  131. | 0202030S0AACXCX                           Spironolactone 125mg/5ml oral liquid |
  132. | 0202030S0AACYCY                             Spironolactone 7mg/5ml oral liquid |
  134. | 0202030S0AADADA                           Spironolactone 2.5mg/5ml oral liquid |
  135. | 0202030S0AADBDB                             Spironolactone 8mg/5ml oral liquid |
       |--------------------------------------------------------------------------------|
  137. | 0202030S0AADDDD                            Spironolactone 20mg/5ml oral liquid |
  138. | 0202030S0AADEDE                            Spironolactone 75mg/5ml oral liquid |
  139. | 0202030S0AADGDG                            Spironolactone 35mg/5ml oral liquid |
  140. | 0202030S0AADHDH                           Spironolactone 200mg/5ml oral liquid |
  141. | 0202030S0AADIDI                            Spironolactone 40mg/5ml oral liquid |
       |--------------------------------------------------------------------------------|
  142. | 0202030S0AADJDJ                          Spironolactone 13.5mg/5ml oral liquid |
  143. | 0202030S0AADKDK                          Spironolactone 12.5mg/5ml oral liquid |
  144. | 0202030S0AADLDL                           Spironolactone 4.5mg/5ml oral liquid |
  145. | 0202030S0AADMDM                             Spironolactone 3mg/5ml oral liquid |
  146. | 0202030S0AADPDP                          Spironolactone 1.25mg/5ml oral liquid |
       |--------------------------------------------------------------------------------|
  147. | 0202030S0AADQDQ                             Spironolactone 6mg/5ml oral liquid |
  148. | 0202030S0AADSDS                            Spironolactone 12mg/5ml oral liquid |
  149. | 0202030S0AADTDT                           Spironolactone 3.5mg/5ml oral liquid |
  150. | 0202030S0AADUDU                             Spironolactone 2mg/5ml oral liquid |
  151. | 0202030S0AADVDV                           Spironolactone 8.3mg/5ml oral liquid |
       |--------------------------------------------------------------------------------|
  152. | 0202030S0AADXDX                           Spironolactone 3.3mg/5ml oral liquid |
  164. | 0202030W0AAAAAA                                      Triamterene 50mg capsules |
  166. | 0202030X0AAAAAA                                        Eplerenone 25mg tablets |
  167. | 0202030X0AAABAB                                        Eplerenone 50mg tablets |
  170. | 0202040A0AAAAAA        Amiloride 2.5mg / Cyclopenthiazide 250microgram tablets |
       |--------------------------------------------------------------------------------|
  172. | 0202040B0AAAAAA                                 Co-amilofruse 5mg/40mg tablets |
  173. | 0202040B0AAABAB                               Co-amilofruse 2.5mg/20mg tablets |
  174. | 0202040B0AAACAC                                Co-amilofruse 10mg/80mg tablets |
  176. | 0202040B0AAAIAI                        Co-amilofruse 10mg/80mg/5ml oral liquid |
  177. | 0202040B0AAAJAJ                       Co-amilofruse 2.5mg/20mg/5ml oral liquid |
       |--------------------------------------------------------------------------------|
  178. | 0202040B0AAALAL          Amiloride 10mg/5ml / Furosemide 125mg/5ml oral liquid |
  179. | 0202040B0AAAMAM                      Co-amilofruse 1.25mg/10mg/5ml oral liquid |
  186. | 0202040B0BHAAAA                                         Komil 5mg/40mg tablets |
  187. | 0202040C0AAAAAA                                  Co-amilozide 5mg/50mg tablets |
  188. | 0202040C0AAABAB                                Co-amilozide 2.5mg/25mg tablets |
       |--------------------------------------------------------------------------------|
  192. | 0202040C0BFAAAA                                           Synuretic 50 tablets |
  193. | 0202040C0BFABAB                                           Synuretic 25 tablets |
  196. | 0202040D0AAAAAA                         Amiloride 5mg / Bumetanide 1mg tablets |
  198. | 0202040G0AAAAAA                                Co-flumactone 25mg/25mg tablets |
  199. | 0202040G0AAABAB                                Co-flumactone 50mg/50mg tablets |
       |--------------------------------------------------------------------------------|
  202. | 0202040H0AAAAAA                              Co-triamterzide 50mg/25mg tablets |
  206. | 0202040S0AAAAAA              Spironolactone 1mg / Chlorothiazide 10mg capsules |
  207. | 0202040S0AAABAB   Spironolactone 1mg / Chlorothiazide 10mg oral powder sachets |
  208. | 0202040S0AAAFAF      Spironolactone 20mg/5ml / Chlorothiazide 200mg/5ml liquid |
  210. | 0202040S0AAAIAI      Spironolactone 10mg/5ml / Chlorothiazide 250mg/5ml liquid |
       |--------------------------------------------------------------------------------|
  211. | 0202040S0AAAJAJ      Spironolactone 10mg/5ml / Chlorothiazide 100mg/5ml liquid |
  212. | 0202040S0AAAKAK        Spironolactone 5mg/5ml / Chlorothiazide 50mg/5ml liquid |
  214. | 0202040S0AAANAN            Spironolactone 10mg / Chlorothiazide 100mg capsules |
  215. | 0202040S0AAAPAP              Spironolactone 5mg / Chlorothiazide 50mg capsules |
  216. | 0202040S0AAAQAQ            Spironolactone 16mg / Chlorothiazide 160mg capsules |
       |--------------------------------------------------------------------------------|
  217. | 0202040S0AAARAR              Spironolactone 6mg / Chlorothiazide 60mg capsules |
  218. | 0202040T0AAAAAA                 Spironolactone 50mg / Furosemide 20mg capsules |
  220. | 0202040U0AAAAAA                     Triamterene 50mg / Furosemide 40mg tablets |
  222. | 0202040V0AAAAAA                  Triamterene 50mg / Chlortalidone 50mg tablets |
  223. | 0202040V0AAACAC                  Triamterene 50mg / Benzthiazide 25mg capsules |
       |--------------------------------------------------------------------------------|
  230. | 020400040AAAAAA                                Co-tenidone 50mg/12.5mg tablets |
  231. | 020400040AAABAB                                 Co-tenidone 100mg/25mg tablets |
  232. | 020400040AAACAC                         Co-tenidone 100mg/25mg/5ml oral liquid |
  239. | 020400060AAAAAA                                       Celiprolol 200mg tablets |
  240. | 020400060AAABAB                                       Celiprolol 400mg tablets |
       |--------------------------------------------------------------------------------|
  241. | 020400060AAACAC                           Celiprolol 200mg/5ml oral suspension |
  245. | 0204000A0AAAAAA            Atenolol 25mg / Bendroflumethiazide 1.25mg capsules |
  256. | 0204000E0AAABAB                                          Atenolol 50mg tablets |
  257. | 0204000E0AAACAC                                         Atenolol 100mg tablets |
  259. | 0204000E0AAAGAG                                          Atenolol 25mg tablets |
       |--------------------------------------------------------------------------------|
  260. | 0204000E0AAAMAM                               Atenolol 3.125mg/5ml oral liquid |
  261. | 0204000E0AAANAN                                  Atenolol 25mg/5ml oral liquid |
  262. | 0204000E0AAAPAP                                   Atenolol 3mg/5ml oral liquid |
  263. | 0204000E0AAAQAQ                                Atenolol 12.5mg/5ml oral liquid |
  264. | 0204000E0AAARAR                                  Atenolol 50mg/5ml oral liquid |
       |--------------------------------------------------------------------------------|
  265. | 0204000E0AAASAS                                  Atenolol 10mg/5ml oral liquid |
  276. | 0204000F0AAAAAA                                        Generic Kalten capsules |
  278. | 0204000G0AAAAAA                                         Betaxolol 20mg tablets |
  280. | 0204000H0AAAAAA                                         Bisoprolol 5mg tablets |
  281. | 0204000H0AAABAB                                        Bisoprolol 10mg tablets |
       |--------------------------------------------------------------------------------|
  282. | 0204000H0AAAEAE                                 Bisoprolol 1mg/5ml oral liquid |
  283. | 0204000H0AAAJAJ                                       Bisoprolol 2.5mg tablets |
  284. | 0204000H0AAAKAK                                      Bisoprolol 3.75mg tablets |
  285. | 0204000H0AAALAL                                       Bisoprolol 7.5mg tablets |
  286. | 0204000H0AAAMAM                                      Bisoprolol 1.25mg tablets |
       |--------------------------------------------------------------------------------|
  288. | 0204000H0AAASAS                             Bisoprolol 1.667mg/5ml oral liquid |
  309. | 0204000H0BIAAAA                                              Soloc 5mg tablets |
  315. | 0204000H0BKACAM                                Congescor 1.25mg tablets (Teva) |
  316. | 0204000H0BKADAJ                                 Congescor 2.5mg tablets (Teva) |
  317. | 0204000K0AAABAB                                        Metoprolol 50mg tablets |
       |--------------------------------------------------------------------------------|
  318. | 0204000K0AAACAC                                       Metoprolol 100mg tablets |
  320. | 0204000K0AAAFAF                                     Metoprolol 12.5mg capsules |
  321. | 0204000K0AAAMAM                                Metoprolol 10mg/5ml oral liquid |
  322. | 0204000K0AAANAN                                 Metoprolol 5mg/5ml oral liquid |
  323. | 0204000K0AAAPAP                             Metoprolol 2.5mg/5ml oral solution |
       |--------------------------------------------------------------------------------|
  324. | 0204000K0AAAQAQ                             Metoprolol 100mg/5ml oral solution |
  325. | 0204000K0AAARAR                              Metoprolol 40mg/5ml oral solution |
  328. | 0204000K0AAAWAW                             Metoprolol 125mg/5ml oral solution |
  329. | 0204000K0AAAYAY                              Metoprolol 15mg/5ml oral solution |
  330. | 0204000K0AAAZAZ                                Metoprolol 20mg/5ml oral liquid |
       |--------------------------------------------------------------------------------|
  331. | 0204000K0AABABA                            Metoprolol 3.33mg/5ml oral solution |
  332. | 0204000K0AABBBB                            Metoprolol 6.25mg/5ml oral solution |
  333. | 0204000K0AABCBC                            Metoprolol 62.5mg/5ml oral solution |
  334. | 0204000K0AABFBF                              Metoprolol 16mg/5ml oral solution |
  335. | 0204000K0AABGBG                               Metoprolol 8mg/5ml oral solution |
       |--------------------------------------------------------------------------------|
  336. | 0204000K0AABHBH                              Metoprolol 30mg/5ml oral solution |
  337. | 0204000K0AABIBI                           Metoprolol 31.25mg/5ml oral solution |
  338. | 0204000K0AABJBJ                              Metoprolol 17mg/5ml oral solution |
  349. | 0204000K0BJAAAC                                         Tensomex 100mg tablets |
  350. | 0204000M0AAAAAA                                           Nadolol 40mg tablets |
       |--------------------------------------------------------------------------------|
  351. | 0204000M0AAABAB                                           Nadolol 80mg tablets |
  352. | 0204000M0AAACAC                                 Nadolol 40mg/5ml oral solution |
  353. | 0204000M0AAADAD                                   Nadolol 10mg/5ml oral liquid |
  354. | 0204000M0AAAEAE                                   Nadolol 80mg/5ml oral liquid |
  360. | 0204000M0AAAKAK                                 Nadolol 25mg/5ml oral solution |
       |--------------------------------------------------------------------------------|
  361. | 0204000M0AAALAL                              Nadolol 100mg/5ml oral suspension |
  364. | 0204000N0AAABAB                                        Oxprenolol 20mg tablets |
  365. | 0204000N0AAACAC                                        Oxprenolol 40mg tablets |
  366. | 0204000N0AAADAD                                        Oxprenolol 80mg tablets |
  368. | 0204000N0AAALAL                              Oxprenolol 80mg/5ml oral solution |
       |--------------------------------------------------------------------------------|
  373. | 0204000P0AAAAAA                                           Pindolol 5mg tablets |
  374. | 0204000P0AAABAB                                          Pindolol 15mg tablets |
  377. | 0204000Q0AAAAAA          Propranolol 80mg / Bendroflumethiazide 2.5mg capsules |
  378. | 0204000Q0AAABAB            Propranolol 160mg MR / Bendroflumethiazide 5mg caps |
  383. | 0204000R0AAAHAH                                       Propranolol 10mg tablets |
       |--------------------------------------------------------------------------------|
  384. | 0204000R0AAAJAJ                                       Propranolol 40mg tablets |
  385. | 0204000R0AAAKAK                                       Propranolol 80mg tablets |
  386. | 0204000R0AAALAL                                      Propranolol 160mg tablets |
  387. | 0204000R0AACHCH                               Propranolol 50mg/5ml oral liquid |
  388. | 0204000R0AACICI                                Propranolol 5mg/5ml oral liquid |
       |--------------------------------------------------------------------------------|
  389. | 0204000R0AACJCJ                               Propranolol 10mg/5ml oral liquid |
  390. | 0204000R0AACKCK                               Propranolol 25mg/5ml oral liquid |
  392. | 0204000R0AACMCM                             Propranolol 1.67mg/5ml oral liquid |
  394. | 0204000R0AACPCP                               Propranolol 20mg/5ml oral liquid |
  395. | 0204000R0AACQCQ                             Propranolol 2.75mg/5ml oral liquid |
       |--------------------------------------------------------------------------------|
  396. | 0204000R0AACRCR                               Propranolol 15mg/5ml oral liquid |
  397. | 0204000R0AACSCS                              Propranolol 2.5mg/5ml oral liquid |
  398. | 0204000R0AACTCT                                Propranolol 3mg/5ml oral liquid |
  399. | 0204000R0AACUCU                                Propranolol 2mg/5ml oral liquid |
  403. | 0204000R0AACZCZ                              Propranolol 3.5mg/5ml oral liquid |
       |--------------------------------------------------------------------------------|
  404. | 0204000R0AADADA                               Propranolol 32mg/5ml oral liquid |
  406. | 0204000R0AADDDD                                Propranolol 6mg/5ml oral liquid |
  407. | 0204000R0AADEDE                               Propranolol 16mg/5ml oral liquid |
  408. | 0204000R0AADGDG                             Propranolol 22.5mg/5ml oral liquid |
  409. | 0204000R0AADHDH                                Propranolol 4mg/5ml oral liquid |
       |--------------------------------------------------------------------------------|
  412. | 0204000R0BDAEAB                             Bedranol SR 160mg capsules (Almus) |
  413. | 0204000R0BDAFAA                              Bedranol SR 80mg capsules (Almus) |
  425. | 0204000R0BNACAB           Beta-Prograne 160mg modified-release capsules (Teva) |
  426. | 0204000R0BNADAA       Half Beta-Prograne 80mg modified-release capsules (Teva) |
  427. | 0204000R0BNAEAA     Half Beta-Prograne 80mg modified-release capsules (Accord) |
       |--------------------------------------------------------------------------------|
  428. | 0204000R0BNAFAB        Beta-Prograne 160mg modified-release capsules (Actavis) |
  434. | 0204000R0BWAAAH                                          Dupromex 10mg tablets |
  437. | 0204000R0BZAAAK                                           Angilol 80mg tablets |
  438. | 0204000R0BZABAJ                                           Angilol 40mg tablets |
  439. | 0204000R0BZACAH                                           Angilol 10mg tablets |
       |--------------------------------------------------------------------------------|
  443. | 0204000V0AAAAAA                                           Timolol 10mg tablets |
  445. | 0204000W0AAAAAA          Metoprolol 100mg / Hydrochlorothiazide 12.5mg tablets |
  446. | 0204000W0AAABAB             Metoprolol 200mg MR / Hydrochlorothiazide 25mg tab |
  449. | 0204000X0AAAAAA                 Nadolol 40mg / Bendroflumethiazide 5mg tablets |
  450. | 0204000X0AAABAB                 Nadolol 80mg / Bendroflumethiazide 5mg tablets |
       |--------------------------------------------------------------------------------|
  456. | 0205010J0AAA3A3                             Hydralazine 10mg/5ml oral solution |
  457. | 0205010J0AAA4A4                               Hydralazine 50mg/5ml oral liquid |
  458. | 0205010J0AAA5A5                                Hydralazine 5mg/5ml oral liquid |
  459. | 0205010J0AAA6A6                               Hydralazine 75mg/5ml oral liquid |
  460. | 0205010J0AAA7A7                              Hydralazine 7.5mg/5ml oral liquid |
       |--------------------------------------------------------------------------------|
  462. | 0205010J0AAA9A9                               Hydralazine 20mg/5ml oral liquid |
  463. | 0205010J0AAAGAG                                       Hydralazine 25mg tablets |
  464. | 0205010J0AAAHAH                                       Hydralazine 50mg tablets |
  465. | 0205010J0AABABA                             Hydralazine 62.5mg/5ml oral liquid |
  466. | 0205010J0AABBBB                             Hydralazine 12.5mg/5ml oral liquid |
       |--------------------------------------------------------------------------------|
  467. | 0205010J0AABEBE                              Hydralazine 100mg/5ml oral liquid |
  468. | 0205010J0AABFBF                                Hydralazine 4mg/5ml oral liquid |
  469. | 0205010J0AABHBH                                Hydralazine 3mg/5ml oral liquid |
  470. | 0205010J0AABIBI                                Hydralazine 2mg/5ml oral liquid |
  471. | 0205010J0AABKBK                                       Hydralazine 10mg tablets |
       |--------------------------------------------------------------------------------|
  472. | 0205010J0AABLBL                               Hydralazine 15mg/5ml oral liquid |
  473. | 0205010J0AABPBP                             Hydralazine 1.25mg/5ml oral liquid |
  474. | 0205010J0AABQBQ                              Hydralazine 2.5mg/5ml oral liquid |
  475. | 0205010J0AABRBR                                Hydralazine 1mg/5ml oral liquid |
  476. | 0205010J0AABSBS                           Hydralazine 35mg/5ml oral suspension |
       |--------------------------------------------------------------------------------|
  479. | 0205010J0BCAABK                                   Apo-Hydralazine 10mg tablets |
  480. | 0205010N0AAAAAA                                        Minoxidil 2.5mg tablets |
  481. | 0205010N0AAABAB                                          Minoxidil 5mg tablets |
  482. | 0205010N0AAACAC                                         Minoxidil 10mg tablets |
  486. | 0205020E0AAACAC                                 Clonidine 100microgram tablets |
       |--------------------------------------------------------------------------------|
  487. | 0205020E0AAADAD                                 Clonidine 300microgram tablets |
  493. | 0205020E0BBACAA                   Catapres PL Perlongets 250microgram capsules |
  497. | 0205020H0AAADAD                                       Methyldopa 250mg tablets |
  498. | 0205020H0AAAEAE                                       Methyldopa 500mg tablets |
  499. | 0205020H0AAAHAH                           Methyldopa 500mg/5ml oral suspension |
       |--------------------------------------------------------------------------------|
  501. | 0205020H0AAAJAJ                                Methyldopa 50mg/5ml oral liquid |
  502. | 0205020H0AAAKAK                                Methyldopa 60mg/5ml oral liquid |
  503. | 0205020H0AAALAL                               Methyldopa 125mg/5ml oral liquid |
  506. | 0205020M0AAAAAA                                Moxonidine 200microgram tablets |
  507. | 0205020M0AAABAB                                Moxonidine 400microgram tablets |
       |--------------------------------------------------------------------------------|
  508. | 0205020M0AAACAC                                Moxonidine 300microgram tablets |
  512. | 0205020M0BBADAA                      Physiotens 200microgram tablets (Actavis) |
  513. | 0205020M0BBAEAB                      Physiotens 400microgram tablets (Actavis) |
  514. | 0205020M0BBAFAC                      Physiotens 300microgram tablets (Actavis) |
  515. | 0205030H0AAAAAA                                      Debrisoquine 10mg tablets |
       |--------------------------------------------------------------------------------|
  516. | 0205040D0AAAAAA                                          Doxazosin 1mg tablets |
  517. | 0205040D0AAABAB                                          Doxazosin 2mg tablets |
  518. | 0205040D0AAACAC                                          Doxazosin 4mg tablets |
  519. | 0205040D0AAAFAF                                         Doxazosin 4mg capsules |
  520. | 0205040D0AAAHAH                                  Doxazosin 8mg/5ml oral liquid |
       |--------------------------------------------------------------------------------|
  521. | 0205040D0AAAIAI                                  Doxazosin 2mg/5ml oral liquid |
  522. | 0205040D0AAAKAK                                  Doxazosin 5mg/5ml oral liquid |
  523. | 0205040D0AAAPAP                                  Doxazosin 3mg/5ml oral liquid |
  526. | 0205040D0AAASAS                                  Doxazosin 6mg/5ml oral liquid |
  527. | 0205040D0AAATAT                                Doxazosin 2.5mg/5ml oral liquid |
       |--------------------------------------------------------------------------------|
  528. | 0205040D0AAAUAU                        Doxazosin 500micrograms/5ml oral liquid |
  529. | 0205040D0AAAVAV                                 Doxazosin 80mg/5ml oral liquid |
  530. | 0205040D0AAAWAW                             Doxazosin 16mg/5ml oral suspension |
  535. | 0205040D0AABBBB                                          Doxazosin 8mg tablets |
  548. | 0205040D0BGAAAQ                                Cardozin XL 4mg tablets (Arrow) |
       |--------------------------------------------------------------------------------|
  554. | 0205040D0BKABAQ                                Raporsin XL 4mg tablets (Arrow) |
  557. | 0205040M0AAACAC                                 Phenoxybenzamine 10mg capsules |
  559. | 0205040M0AAANAN                          Phenoxybenzamine 10mg/5ml oral liquid |
  560. | 0205040M0AAAPAP                           Phenoxybenzamine 5mg/5ml oral liquid |
  562. | 0205040S0AAABAB                                  Prazosin 500microgram tablets |
       |--------------------------------------------------------------------------------|
  563. | 0205040S0AAACAC                                           Prazosin 1mg tablets |
  564. | 0205040S0AAADAD                                           Prazosin 2mg tablets |
  565. | 0205040S0AAAEAE                                           Prazosin 5mg tablets |
  567. | 0205040S0AAAJAJ                         Prazosin 250micrograms/5ml oral liquid |
  568. | 0205040S0AAAKAK                                   Prazosin 1mg/5ml oral liquid |
       |--------------------------------------------------------------------------------|
  569. | 0205040S0AAANAN                                   Prazosin 2mg/5ml oral liquid |
  573. | 0205040S0BBAEAA                             Hypovase tablets B.D. starter pack |
  574. | 0205040S0BCABAD                                          Minipress 2mg tablets |
  575. | 0205040S0BCACAE                                          Minipress 5mg tablets |
  580. | 0205040V0AAABAB                                          Terazosin 2mg tablets |
       |--------------------------------------------------------------------------------|
  581. | 0205040V0AAACAC                                          Terazosin 5mg tablets |
  582. | 0205040V0AAADAD                                         Terazosin 10mg tablets |
  587. | 0205040V0BCAAAB                                              Benph 2mg tablets |
  597. | 0205051C0AAAAAA                                        Moexipril 7.5mg tablets |
  598. | 0205051C0AAABAB                                         Moexipril 15mg tablets |
       |--------------------------------------------------------------------------------|
  610. | 0205051F0AAADAD                                       Captopril 12.5mg tablets |
  611. | 0205051F0AAAEAE                                         Captopril 25mg tablets |
  612. | 0205051F0AAAFAF                                         Captopril 50mg tablets |
  613. | 0205051F0AAAHAH                              Captopril 3mg oral powder sachets |
  614. | 0205051F0AAAIAI                                          Captopril 5mg tablets |
       |--------------------------------------------------------------------------------|
  616. | 0205051F0AABKBK                                       Captopril 1.5mg capsules |
  620. | 0205051F0AABSBS                              Captopril 5.4mg/5ml oral solution |
  622. | 0205051F0AABVBV                               Captopril 1.25mg/5ml oral liquid |
  625. | 0205051F0AABYBY                                Captopril 2.5mg/5ml oral liquid |
  626. | 0205051F0AABZBZ                                  Captopril 2mg/5ml oral liquid |
       |--------------------------------------------------------------------------------|
  627. | 0205051F0AACACA                                 Captopril 50mg/5ml oral liquid |
  628. | 0205051F0AACCCC                      Captopril 100micrograms/5ml oral solution |
  630. | 0205051F0AACECE                                Captopril 7.5mg/5ml oral liquid |
  631. | 0205051F0AACFCF                        Captopril 500micrograms/5ml oral liquid |
  633. | 0205051F0AACHCH                                  Captopril 4mg/5ml oral liquid |
       |--------------------------------------------------------------------------------|
  634. | 0205051F0AACICI                              Captopril 3.125mg/5ml oral liquid |
  635. | 0205051F0AACJCJ                                  Captopril 1mg/5ml oral liquid |
  636. | 0205051F0AACKCK                                Captopril 7mg/5ml oral solution |
  637. | 0205051F0AACLCL                                  Captopril 9mg/5ml oral liquid |
  638. | 0205051F0AACNCN                                Captopril 1.5mg/5ml oral liquid |
       |--------------------------------------------------------------------------------|
  639. | 0205051F0AACRCR                                  Captopril 6mg/5ml oral liquid |
  640. | 0205051F0AACTCT                      Captopril 5mg/ml oral solution sugar free |
  641. | 0205051F0AACUCU                              Captopril 3.5mg/5ml oral solution |
  642. | 0205051F0AACXCX                           Captopril 15.625mg/5ml oral solution |
  643. | 0205051F0AACYCY                               Captopril 30mg/5ml oral solution |
       |--------------------------------------------------------------------------------|
  644. | 0205051F0AACZCZ                             Captopril 18.5mg/5ml oral solution |
  645. | 0205051F0AADADA                               Captopril 3.25mg/5ml oral liquid |
  646. | 0205051F0AADCDC                              Captopril 100mg/5ml oral solution |
  647. | 0205051F0AADDDD                              Captopril 1.6mg/5ml oral solution |
  649. | 0205051F0AADFDF                               Captopril 12mg/5ml oral solution |
       |--------------------------------------------------------------------------------|
  650. | 0205051F0AADGDG                             Captopril 1.75mg/5ml oral solution |
  651. | 0205051F0AADJDJ                             Captopril 17.5mg/5ml oral solution |
  652. | 0205051F0AADLDL                              Captopril 31.25mg/5ml oral liquid |
  653. | 0205051F0AADMDM                             Captopril 22.5mg/5ml oral solution |
  654. | 0205051F0AADNDN                             Captopril 62.5mg/5ml oral solution |
       |--------------------------------------------------------------------------------|
  655. | 0205051F0AADPDP                                 Captopril 17mg/5ml oral liquid |
  656. | 0205051F0AADQDQ                              Captopril 11.25mg/5ml oral liquid |
  657. | 0205051F0AADSDS                                Captopril 6.5mg/5ml oral liquid |
  658. | 0205051F0AADUDU                                        Captopril 50mg capsules |
  667. | 0205051F0BCAFCT                                   Capoten 5mg/ml oral solution |
       |--------------------------------------------------------------------------------|
  677. | 0205051F0BHAAAD                                        Captomex 12.5mg tablets |
  678. | 0205051F0BHABAF                                          Captomex 50mg tablets |
  679. | 0205051F0BHACAE                                          Captomex 25mg tablets |
  682. | 0205051G0AAAAAA                                  Co-zidocapt 25mg/50mg tablets |
  683. | 0205051G0AAABAB                                Co-zidocapt 12.5mg/25mg tablets |
       |--------------------------------------------------------------------------------|
  689. | 0205051I0AAAAAA                                        Enalapril 2.5mg tablets |
  690. | 0205051I0AAABAB                                          Enalapril 5mg tablets |
  691. | 0205051I0AAACAC                                         Enalapril 10mg tablets |
  693. | 0205051I0AAAJAJ                                Enalapril 2.5mg/5ml oral liquid |
  694. | 0205051I0AAAPAP                                 Enalapril 20mg/5ml oral liquid |
       |--------------------------------------------------------------------------------|
  695. | 0205051I0AAARAR                        Enalapril 600micrograms/5ml oral liquid |
  696. | 0205051I0AAASAS                                  Enalapril 1mg/5ml oral liquid |
  697. | 0205051I0AAATAT                                Enalapril 3.5mg/5ml oral liquid |
  699. | 0205051I0AAAVAV                        Enalapril 500micrograms/5ml oral liquid |
  700. | 0205051I0AAAWAW                                  Enalapril 2mg/5ml oral liquid |
       |--------------------------------------------------------------------------------|
  701. | 0205051I0AAAXAX                               Enalapril 3.75mg/5ml oral liquid |
  702. | 0205051I0AAAYAY                                  Enalapril 3mg/5ml oral liquid |
  703. | 0205051I0AAAZAZ                                  Enalapril 4mg/5ml oral liquid |
  704. | 0205051I0AABBBB                                 Enalapril 25mg/5ml oral liquid |
  705. | 0205051I0AABCBC                                  Enalapril 7mg/5ml oral liquid |
       |--------------------------------------------------------------------------------|
  707. | 0205051I0AABLBL                               Enalapril 12.5mg/5ml oral liquid |
  708. | 0205051I0AABNBN                                 Enalapril 15mg/5ml oral liquid |
  709. | 0205051I0AABQBQ                                  Enalapril 8mg/5ml oral liquid |
  710. | 0205051I0AABSBS                                Enalapril 1.5mg/5ml oral liquid |
  711. | 0205051I0AABTBT                                Enalapril 1.2mg/5ml oral liquid |
       |--------------------------------------------------------------------------------|
  712. | 0205051I0AABVBV                                 Enalapril 40mg/5ml oral liquid |
  713. | 0205051I0AABWBW                                Enalapril 7.5mg/5ml oral liquid |
  726. | 0205051J0AAAAAA                                        Fosinopril 10mg tablets |
  727. | 0205051J0AAABAB                                        Fosinopril 20mg tablets |
  728. | 0205051J0AAACAC                                Fosinopril 20mg/5ml oral liquid |
       |--------------------------------------------------------------------------------|
  731. | 0205051K0AAAAAA           Lisinopril 20mg / Hydrochlorothiazide 12.5mg tablets |
  732. | 0205051K0AAABAB           Lisinopril 10mg / Hydrochlorothiazide 12.5mg tablets |
  743. | 0205051L0AAAAAA                                       Lisinopril 2.5mg tablets |
  744. | 0205051L0AAABAB                                         Lisinopril 5mg tablets |
  745. | 0205051L0AAACAC                                        Lisinopril 10mg tablets |
       |--------------------------------------------------------------------------------|
  746. | 0205051L0AAADAD                                        Lisinopril 20mg tablets |
  748. | 0205051L0AAAHAH                                Lisinopril 10mg/5ml oral liquid |
  750. | 0205051L0AAAJAJ                                Lisinopril 30mg/5ml oral liquid |
  751. | 0205051L0AAAKAK                                Lisinopril 15mg/5ml oral liquid |
  752. | 0205051L0AAAMAM                       Lisinopril 500micrograms/5ml oral liquid |
       |--------------------------------------------------------------------------------|
  756. | 0205051L0AAASAS                              Lisinopril 37.5mg/5ml oral liquid |
  757. | 0205051L0AAATAT                                Lisinopril 14mg/5ml oral liquid |
  768. | 0205051L0BEAAAA                                        Lisopress 2.5mg tablets |
  769. | 0205051L0BEABAB                                          Lisopress 5mg tablets |
  770. | 0205051L0BEACAC                                         Lisopress 10mg tablets |
       |--------------------------------------------------------------------------------|
  771. | 0205051L0BEADAD                                         Lisopress 20mg tablets |
  772. | 0205051M0AAAAAA                               Perindopril erbumine 2mg tablets |
  773. | 0205051M0AAABAB                               Perindopril erbumine 4mg tablets |
  774. | 0205051M0AAACAC                       Perindopril erbumine 1mg/5ml oral liquid |
  775. | 0205051M0AAADAD                   Perindopril erbumine 2mg/5ml oral suspension |
       |--------------------------------------------------------------------------------|
  776. | 0205051M0AAAFAF                               Perindopril erbumine 8mg tablets |
  778. | 0205051M0AAAJAJ                   Perindopril erbumine 2mg oral powder sachets |
  781. | 0205051M0AAAMAM                     Perindopril erbumine 3mg/5ml oral solution |
  789. | 0205051Q0AAAAAA                                          Quinapril 5mg tablets |
  790. | 0205051Q0AAABAB                                         Quinapril 10mg tablets |
       |--------------------------------------------------------------------------------|
  791. | 0205051Q0AAACAC                                         Quinapril 20mg tablets |
  792. | 0205051Q0AAADAD                                         Quinapril 40mg tablets |
  798. | 0205051Q0BCABAB                                            Quinil 10mg tablets |
  799. | 0205051Q0BCACAC                                            Quinil 20mg tablets |
  800. | 0205051Q0BCADAD                                            Quinil 40mg tablets |
       |--------------------------------------------------------------------------------|
  801. | 0205051R0AAAAAA                                       Ramipril 1.25mg capsules |
  802. | 0205051R0AAABAB                                        Ramipril 2.5mg capsules |
  803. | 0205051R0AAACAC                                          Ramipril 5mg capsules |
  804. | 0205051R0AAADAD                                         Ramipril 10mg capsules |
  809. | 0205051R0AAAIAI                        Generic Tritace titration pack capsules |
       |--------------------------------------------------------------------------------|
  810. | 0205051R0AAAJAJ                         Ramipril 750micrograms/5ml oral liquid |
  811. | 0205051R0AAAKAK                                        Ramipril 1.25mg tablets |
  812. | 0205051R0AAALAL                                         Ramipril 2.5mg tablets |
  813. | 0205051R0AAAMAM                                           Ramipril 5mg tablets |
  814. | 0205051R0AAANAN                                          Ramipril 10mg tablets |
       |--------------------------------------------------------------------------------|
  816. | 0205051R0AAAUAU                         Generic Tritace titration pack tablets |
  817. | 0205051R0AAAVAV                               Ramipril 2.5mg/5ml oral solution |
  831. | 0205051S0AAAAAA     Felodipine 2.5mg modified-release / Ramipril 2.5mg tablets |
  832. | 0205051S0AAABAB         Felodipine 5mg modified-release / Ramipril 5mg tablets |
  835. | 0205051U0AAAAAA                             Trandolapril 500microgram capsules |
       |--------------------------------------------------------------------------------|
  836. | 0205051U0AAABAB                                      Trandolapril 1mg capsules |
  837. | 0205051U0AAACAC                                      Trandolapril 2mg capsules |
  838. | 0205051U0AAAFAF                                      Trandolapril 4mg capsules |
  839. | 0205051U0AAAGAG                           Trandolapril 2mg/5ml oral suspension |
  849. | 0205051W0AAAAAA                                         Imidapril 10mg tablets |
       |--------------------------------------------------------------------------------|
  850. | 0205051W0AAABAB                                          Imidapril 5mg tablets |
  851. | 0205051W0AAACAC                                         Imidapril 20mg tablets |
  863. | 0205052A0AAAAAA          Irbesartan 150mg / Hydrochlorothiazide 12.5mg tablets |
  864. | 0205052A0AAABAB          Irbesartan 300mg / Hydrochlorothiazide 12.5mg tablets |
  869. | 0205052ABAAAAAA             Olmesartan medoxomil 20mg / Amlodipine 5mg tablets |
       |--------------------------------------------------------------------------------|
  870. | 0205052ABAAABAB             Olmesartan medoxomil 40mg / Amlodipine 5mg tablets |
  871. | 0205052ABAAACAC            Olmesartan medoxomil 40mg / Amlodipine 10mg tablets |
  875. | 0205052ACAAAAAA                    Generic Sevikar HCT 20mg/5mg/12.5mg tablets |
  876. | 0205052ACAAABAB                    Generic Sevikar HCT 40mg/5mg/12.5mg tablets |
  877. | 0205052ACAAACAC                   Generic Sevikar HCT 40mg/10mg/12.5mg tablets |
       |--------------------------------------------------------------------------------|
  878. | 0205052ACAAADAD                      Generic Sevikar HCT 40mg/5mg/25mg tablets |
  879. | 0205052ACAAAEAE                     Generic Sevikar HCT 40mg/10mg/25mg tablets |
  886. | 0205052ADAAABAB                              Azilsartan medoxomil 40mg tablets |
  887. | 0205052ADAAACAC                              Azilsartan medoxomil 80mg tablets |
  891. | 0205052B0AAAAAA                              Olmesartan medoxomil 10mg tablets |
       |--------------------------------------------------------------------------------|
  892. | 0205052B0AAABAB                              Olmesartan medoxomil 20mg tablets |
  893. | 0205052B0AAACAC                              Olmesartan medoxomil 40mg tablets |
  898. | 0205052C0AAAAAA                                        Candesartan 2mg tablets |
  899. | 0205052C0AAABAB                                        Candesartan 4mg tablets |
  900. | 0205052C0AAACAC                                        Candesartan 8mg tablets |
       |--------------------------------------------------------------------------------|
  901. | 0205052C0AAADAD                                       Candesartan 16mg tablets |
  902. | 0205052C0AAAHAH                                       Candesartan 32mg tablets |
  903. | 0205052C0AAAIAI                                Candesartan 4mg/5ml oral liquid |
  904. | 0205052C0AAAJAJ                                Candesartan 8mg/5ml oral liquid |
  905. | 0205052C0AAAKAK                             Candesartan 16mg/5ml oral solution |
       |--------------------------------------------------------------------------------|
  911. | 0205052I0AAAAAA                                        Irbesartan 75mg tablets |
  912. | 0205052I0AAABAB                                       Irbesartan 150mg tablets |
  913. | 0205052I0AAACAC                                       Irbesartan 300mg tablets |
  916. | 0205052I0AAAIAI                           Irbesartan 300mg oral powder sachets |
  917. | 0205052I0AAAJAJ                            Irbesartan 20mg oral powder sachets |
       |--------------------------------------------------------------------------------|
  918. | 0205052I0AAAKAK                            Irbesartan 30mg oral powder sachets |
  920. | 0205052I0AAAMAM                           Irbesartan 100mg/5ml oral suspension |
  924. | 0205052I0BDAAAA                                          Sabervel 75mg tablets |
  925. | 0205052I0BDABAB                                         Sabervel 150mg tablets |
  926. | 0205052I0BDACAC                                         Sabervel 300mg tablets |
       |--------------------------------------------------------------------------------|
  930. | 0205052N0AAAAAA                                          Losartan 25mg tablets |
  931. | 0205052N0AAABAB                                          Losartan 50mg tablets |
  932. | 0205052N0AAADAD                                         Losartan 100mg tablets |
  935. | 0205052N0AAAGAG                                  Losartan 25mg/5ml oral liquid |
  939. | 0205052N0AAAKAK                              Losartan 20mg/5ml oral suspension |
       |--------------------------------------------------------------------------------|
  940. | 0205052N0AAALAL                            Losartan 12.5mg/5ml oral suspension |
  946. | 0205052P0AAAAAA             Losartan 50mg / Hydrochlorothiazide 12.5mg tablets |
  947. | 0205052P0AAABAB              Losartan 100mg / Hydrochlorothiazide 25mg tablets |
  952. | 0205052Q0AAAAAA                                       Telmisartan 40mg tablets |
  953. | 0205052Q0AAABAB                                       Telmisartan 80mg tablets |
       |--------------------------------------------------------------------------------|
  954. | 0205052Q0AAACAC                                       Telmisartan 20mg tablets |
  955. | 0205052Q0AAADAD                           Telmisartan 40mg/5ml oral suspension |
  962. | 0205052R0AAAAAA          Telmisartan 40mg / Hydrochlorothiazide 12.5mg tablets |
  963. | 0205052R0AAABAB          Telmisartan 80mg / Hydrochlorothiazide 12.5mg tablets |
  974. | 0205052V0AAAAAA                                        Valsartan 40mg capsules |
       |--------------------------------------------------------------------------------|
  975. | 0205052V0AAABAB                                        Valsartan 80mg capsules |
  976. | 0205052V0AAACAC                                       Valsartan 160mg capsules |
  977. | 0205052V0AAADAD                                         Valsartan 40mg tablets |
  978. | 0205052V0AAAEAE                                 Valsartan 40mg/5ml oral liquid |
  979. | 0205052V0AAAFAF                                        Valsartan 320mg tablets |
       |--------------------------------------------------------------------------------|
  980. | 0205052V0AAAGAG                                Valsartan 160mg/5ml oral liquid |
  981. | 0205052V0AAAHAH                                        Valsartan 160mg tablets |
  982. | 0205052V0AAAIAI                                         Valsartan 80mg tablets |
  990. | 0205052W0AAAAAA                                       Eprosartan 300mg tablets |
  991. | 0205052W0AAABAB                                       Eprosartan 400mg tablets |
       |--------------------------------------------------------------------------------|
  992. | 0205052W0AAACAC                                       Eprosartan 600mg tablets |
  993. | 0205052W0AAADAD                               Eprosartan 300mg/5ml oral liquid |
  997. | 0205052X0AAAAAA           Valsartan 160mg / Hydrochlorothiazide 12.5mg tablets |
  998. | 0205052X0AAABAB             Valsartan 160mg / Hydrochlorothiazide 25mg tablets |
  999. | 0205052X0AAACAC            Valsartan 80mg / Hydrochlorothiazide 12.5mg tablets |
       |--------------------------------------------------------------------------------|
 1003. | 0205052Y0AAAAAA     Olmesartan medoxomil 20mg / Hydrochlorothiazide 12.5mg tab |
 1005. | 0205052Y0AAACAC     Olmesartan medoxomil 40mg / Hydrochlorothiazide 12.5mg tab |
 1016. | 0206020A0AAAFAF                                Amlodipine 50mg/5ml oral liquid |
 1017. | 0206020A0AAAGAG                                 Amlodipine 4mg/5ml oral liquid |
 1020. | 0206020A0AAANAN                                 Amlodipine 2mg/5ml oral liquid |
       |--------------------------------------------------------------------------------|
 1023. | 0206020A0AAAVAV                                       Amlodipine 2.5mg tablets |
 1030. | 0206020B0BBAAAA                                          Vastarel 20mg tablets |
 1043. | 0206020C0AAAZAZ                                 Diltiazem 90mg/5ml oral liquid |
 1045. | 0206020C0AABBBB                              Diltiazem 120mg/5ml oral solution |
 1046. | 0206020C0AABCBC                              Diltiazem 100mg/5ml oral solution |
       |--------------------------------------------------------------------------------|
 1047. | 0206020C0AABEBE                               Diltiazem 50mg/5ml oral solution |
 1048. | 0206020C0AABFBF                               Diltiazem 30mg/5ml oral solution |
 1049. | 0206020C0AABGBG                               Diltiazem 20mg/5ml oral solution |
 1050. | 0206020C0AABHBH                               Diltiazem 10mg/5ml oral solution |
 1108. | 0206020C0BUAAAJ                                       Horizem SR 60mg capsules |
       |--------------------------------------------------------------------------------|
 1109. | 0206020C0BUABAT                                       Horizem SR 90mg capsules |
 1110. | 0206020C0BUACAU                                      Horizem SR 120mg capsules |
 1123. | 0206020C0BZAAAE                                            Uard 300XL capsules |
 1124. | 0206020C0BZABAU                                            Uard 120XL capsules |
 1125. | 0206020C0BZACAV                                            Uard 180XL capsules |
       |--------------------------------------------------------------------------------|
 1126. | 0206020C0BZADAW                                            Uard 240XL capsules |
 1130. | 0206020F0AAAEAE                Felodipine 2.5mg modified-release tablets (old) |
 1131. | 0206020F0AAAGAG                             Felodipine 2.5mg/5ml oral solution |
 1132. | 0206020F0AAAHAH                               Felodipine 5mg/5ml oral solution |
 1133. | 0206020F0AAAIAI                           Felodipine 2.5mg/5ml oral suspension |
       |--------------------------------------------------------------------------------|
 1148. | 0206020F0BHAAAB                                           Keloc SR 5mg tablets |
 1149. | 0206020F0BHABAC                                          Keloc SR 10mg tablets |
 1152. | 0206020F0BIACAB                 Vascalpha 5mg modified-release tablets (Almus) |
 1153. | 0206020F0BIADAC                Vascalpha 10mg modified-release tablets (Almus) |
 1154. | 0206020F0BIAEAB             Vascalpha 5mg modified-release tablets (NorthStar) |
       |--------------------------------------------------------------------------------|
 1155. | 0206020F0BIAFAC            Vascalpha 10mg modified-release tablets (NorthStar) |
 1165. | 0206020F0BLADAD                              Neofel XL 2.5mg tablets (Actavis) |
 1166. | 0206020F0BLAEAD                                Neofel XL 2.5mg tablets (Almus) |
 1167. | 0206020F0BMAAAC                                       Pinefeld XL 10mg tablets |
 1168. | 0206020I0AAAAAA                                       Isradipine 2.5mg tablets |
       |--------------------------------------------------------------------------------|
 1170. | 0206020K0AAAAAA                                         Lacidipine 2mg tablets |
 1171. | 0206020K0AAABAB                                         Lacidipine 4mg tablets |
 1172. | 0206020K0AAADAD                             Lacidipine 2mg/5ml oral suspension |
 1177. | 0206020L0AAAAAA                                     Lercanidipine 10mg tablets |
 1181. | 0206020M0AAABAB                                        Nimodipine 30mg tablets |
       |--------------------------------------------------------------------------------|
 1182. | 0206020M0AAACAC                            Nimodipine 30mg/5ml oral suspension |
 1184. | 0206020Q0AAAAAA                                      Nicardipine 20mg capsules |
 1185. | 0206020Q0AAABAB                                      Nicardipine 30mg capsules |
 1188. | 0206020Q0AAAFAF                               Nicardipine 20mg/5ml oral liquid |
 1193. | 0206020R0AAAAAA                                        Nifedipine 5mg capsules |
       |--------------------------------------------------------------------------------|
 1194. | 0206020R0AAABAB                                       Nifedipine 10mg capsules |
 1202. | 0206020R0AAAUAU                           Nifedipine 100mg/5ml oral suspension |
 1204. | 0206020R0AABCBC                            Nifedipine 25mg/5ml oral suspension |
 1205. | 0206020R0AABDBD                            Nifedipine 30mg/5ml oral suspension |
 1208. | 0206020R0AABGBG                            Nifedipine 20mg/5ml oral suspension |
       |--------------------------------------------------------------------------------|
 1209. | 0206020R0AABHBH                             Nifedipine 1mg/5ml oral suspension |
 1210. | 0206020R0AABJBJ                             Nifedipine 4mg/5ml oral suspension |
 1212. | 0206020R0AABLBL                             Nifedipine 2mg/5ml oral suspension |
 1213. | 0206020R0AABMBM                           Nifedipine 7.5mg/5ml oral suspension |
 1214. | 0206020R0AABNBN                           Nifedipine 2.2mg/5ml oral suspension |
       |--------------------------------------------------------------------------------|
 1215. | 0206020R0AABPBP                            Nifedipine 60mg/5ml oral suspension |
 1232. | 0206020R0BKACAR                                        Kentipine MR 20 tablets |
 1233. | 0206020R0BKADAE                                        Kentipine MR 10 tablets |
 1238. | 0206020R0BQACAE                                    Hypolar Retard 10mg tablets |
 1243. | 0206020R0BTAAAS                        Nifedipin-ratiopharm 20mg/ml oral drops |
       |--------------------------------------------------------------------------------|
 1254. | 0206020R0CBACAE                               Nifedipress MR 10 tablets (Teva) |
 1255. | 0206020R0CBADAR                            Nifedipress MR 20 tablets (Actavis) |
 1256. | 0206020R0CBAEAR                               Nifedipress MR 20 tablets (Teva) |
 1259. | 0206020R0CEABAR                                      Nifopress MR 20mg tablets |
 1272. | 0206020T0AAA1A1                                 Verapamil 80mg/5ml oral liquid |
       |--------------------------------------------------------------------------------|
 1273. | 0206020T0AAA2A2                                 Verapamil 20mg/5ml oral liquid |
 1274. | 0206020T0AAA3A3                                 Verapamil 10mg/5ml oral liquid |
 1275. | 0206020T0AAACAC                                         Verapamil 40mg tablets |
 1276. | 0206020T0AAADAD                                         Verapamil 80mg tablets |
 1277. | 0206020T0AAAFAF                                        Verapamil 120mg tablets |
       |--------------------------------------------------------------------------------|
 1278. | 0206020T0AAAGAG                                        Verapamil 160mg tablets |
 1285. | 0206020T0AAAZAZ                                 Verapamil 40mg/5ml oral liquid |
 1286. | 0206020T0AABABA                                Verapamil 120mg/5ml oral liquid |
 1287. | 0206020T0AABDBD                                 Verapamil 45mg/5ml oral liquid |
 1288. | 0206020T0AABEBE                                 Verapamil 30mg/5ml oral liquid |
       |--------------------------------------------------------------------------------|
 1289. | 0206020T0AABFBF                                Verapamil 250mg/5ml oral liquid |
 1290. | 0206020T0AABGBG                                 Verapamil 50mg/5ml oral liquid |
 1291. | 0206020T0AABHBH                                Verapamil 240mg/5ml oral liquid |
 1292. | 0206020T0AABIBI                 Verapamil 120mg modified-release tablets (old) |
 1305. | 0206020T0BHABAH                            Verapress MR 240mg tablets (Sandoz) |
       |--------------------------------------------------------------------------------|
 1306. | 0206020T0BHACAH                           Verapress MR 240mg tablets (Actavis) |
 1307. | 0206020T0BHADAH                              Verapress MR 240mg tablets (Teva) |
 1308. | 0206020T0BIAAAH                                       Ethimil MR 240mg tablets |
 1314. | 0206020T0BMACAH              Vera-Til SR 240mg tablets (Accord Healthcare Ltd) |
 1315. | 0206020T0BMADAU              Vera-Til SR 120mg tablets (Accord Healthcare Ltd) |
       |--------------------------------------------------------------------------------|
 1321. | 0206020W0BBACAC                                           Syscor MR 30 tablets |
       +--------------------------------------------------------------------------------+

.         keep if _merge == 3
(73,327 observations deleted)

.         keep prodcodeid antihypertensive external_codelist `name'

. 
.         tempfile `name'

.         save ``name''
file C:\Users\rmjlton.AD\AppData\Local\Temp\ST_10d0_000009.tmp saved as .dta format

. restore, preserve

.         import delimited https://www.opencodelists.org/codelist/opensafely/combination-blood-pressure-medication/2020-05-19/download.csv, stringcols(1 3) favorstrfixed clear
(encoding automatically selected: ISO-8859-1)
(5 vars, 409 obs)

.         
.         rename code dmdid

.         rename bnf_code bnfcode

.         
.         //Check dmdid and id are the same
.         count if dmdid != id
  0

.         drop id

.         
.         //Check which BNF codes are included
.         generate bnf_short = substr(bnfcode, 1, 6)

.         tab bnf_short, missing

  bnf_short |      Freq.     Percent        Cum.
------------+-----------------------------------
     020204 |         15        3.67        3.67
     020400 |         70       17.11       20.78
     020505 |        318       77.75       98.53
     020602 |          6        1.47      100.00
------------+-----------------------------------
      Total |        409      100.00

.         
.         local name "oc_opensafely_combbpmed"

.         
.         rename * *_ext

.         rename dmdid_ext dmdid

.         generate byte antihypertensive = 1

.         generate byte external_codelist = 1

.         generate byte `name' = 1

.         
.         count
  409

.         merge 1:m dmdid using `product'

    Result                      Number of obs
    -----------------------------------------
    Not matched                        73,685
        from master                       302  (_merge==1)
        from using                     73,383  (_merge==2)

    Matched                               107  (_merge==3)
    -----------------------------------------

.         list dmdid term_ext bnfcode_ext if _merge == 1

       +--------------------------------------------------------------------------------------------------------------------------------------+
       |             dmdid                                                                                         term_ext       bnfcode_ext |
       |--------------------------------------------------------------------------------------------------------------------------------------|
    4. | 10398711000001106                                             Co-tenidone 50mg/12.5mg tablets (Arrow Generics Ltd)   020400040AAAAAA |
    5. | 10398911000001108                                              Co-tenidone 100mg/25mg tablets (Arrow Generics Ltd)   020400040AAABAB |
   16. |   134211000001101                                     Co-tenidone 100mg/25mg tablets (IVAX Pharmaceuticals UK Ltd)   020400040AAABAB |
   23. | 13747011000001101                                      Co-zidocapt 12.5mg/25mg tablets (Tillomed Laboratories Ltd)   0205051G0AAABAB |
   24. | 13747211000001106                                        Co-zidocapt 25mg/50mg tablets (Tillomed Laboratories Ltd)   0205051G0AAAAAA |
       |--------------------------------------------------------------------------------------------------------------------------------------|
   25. | 13750511000001108                  Enalapril 20mg / Hydrochlorothiazide 12.5mg tablets (Tillomed Laboratories Ltd)   0205051H0AAAAAA |
   26. | 13754611000001100                 Lisinopril 10mg / Hydrochlorothiazide 12.5mg tablets (Tillomed Laboratories Ltd)   0205051K0AAABAB |
   27. | 13754811000001101                 Lisinopril 20mg / Hydrochlorothiazide 12.5mg tablets (Tillomed Laboratories Ltd)   0205051K0AAAAAA |
   28. | 13845511000001102                 Lisinopril 10mg / Hydrochlorothiazide 12.5mg tablets (Almus Pharmaceuticals Ltd)   0205051K0AAABAB |
   29. | 13845711000001107                 Lisinopril 20mg / Hydrochlorothiazide 12.5mg tablets (Almus Pharmaceuticals Ltd)   0205051K0AAAAAA |
       |--------------------------------------------------------------------------------------------------------------------------------------|
   30. |   143311000001108                                                    Co-tenidone 50mg/12.5mg tablets (Teva UK Ltd)   020400040AAAAAA |
   35. | 16061011000001108                  Lisinopril 10mg / Hydrochlorothiazide 12.5mg tablets (Bristol Laboratories Ltd)   0205051K0AAABAB |
   36. | 16061211000001103                  Lisinopril 20mg / Hydrochlorothiazide 12.5mg tablets (Bristol Laboratories Ltd)   0205051K0AAAAAA |
   37. | 16071911000001102                                Spironolactone 3mg / Chlorothiazide 30mg capsules (Special Order)   0202040S0AAAMAM |
   39. | 16083211000001102                         Perindopril erbumine 4mg / Indapamide 1.25mg tablets (Ratiopharm UK Ltd)   0205051N0AAAAAA |
       |--------------------------------------------------------------------------------------------------------------------------------------|
   40. | 16641511000001101    Perindopril erbumine 4mg / Indapamide 1.25mg tablets (Alliance Healthcare (Distribution) Ltd)   0205051N0AAAAAA |
   41. | 16749711000001104                                     Losartan 50mg / Hydrochlorothiazide 12.5mg tablets (Zentiva)   0205052P0AAAAAA |
   42. | 16971211000001104                                        Losartan 100mg / Hydrochlorothiazide 25mg tablets (Mylan)   0205052P0AAABAB |
   43. | 16971411000001100                                       Losartan 50mg / Hydrochlorothiazide 12.5mg tablets (Mylan)   0205052P0AAAAAA |
   44. | 17014911000001107                   Losartan 50mg / Hydrochlorothiazide 12.5mg tablets (A A H Pharmaceuticals Ltd)   0205052P0AAAAAA |
       |--------------------------------------------------------------------------------------------------------------------------------------|
   45. | 17015111000001108                    Losartan 100mg / Hydrochlorothiazide 25mg tablets (A A H Pharmaceuticals Ltd)   0205052P0AAABAB |
   46. | 17024711000001101                                 Losartan 50mg / Hydrochlorothiazide 12.5mg tablets (Teva UK Ltd)   0205052P0AAAAAA |
   47. | 17024911000001104                                  Losartan 100mg / Hydrochlorothiazide 25mg tablets (Teva UK Ltd)   0205052P0AAABAB |
   48. | 17025311000001101      Losartan 50mg / Hydrochlorothiazide 12.5mg tablets (Alliance Healthcare (Distribution) Ltd)   0205052P0AAAAAA |
   49. | 17025511000001107       Losartan 100mg / Hydrochlorothiazide 25mg tablets (Alliance Healthcare (Distribution) Ltd)   0205052P0AAABAB |
       |--------------------------------------------------------------------------------------------------------------------------------------|
   52. | 17659911000001106                          Losartan 50mg / Hydrochlorothiazide 12.5mg tablets (Arrow Generics Ltd)   0205052P0AAAAAA |
   53. | 17660111000001109                           Losartan 100mg / Hydrochlorothiazide 25mg tablets (Arrow Generics Ltd)   0205052P0AAABAB |
   54. | 17888911000001103                            Co-tenidone 50mg/12.5mg tablets (Phoenix Healthcare Distribution Ltd)   020400040AAAAAA |
   55. | 17889111000001108                             Co-tenidone 100mg/25mg tablets (Phoenix Healthcare Distribution Ltd)   020400040AAABAB |
   56. | 17901011000001104        Enalapril 20mg / Hydrochlorothiazide 12.5mg tablets (Phoenix Healthcare Distribution Ltd)   0205051H0AAAAAA |
       |--------------------------------------------------------------------------------------------------------------------------------------|
   57. | 17936611000001108       Lisinopril 10mg / Hydrochlorothiazide 12.5mg tablets (Phoenix Healthcare Distribution Ltd)   0205051K0AAABAB |
   58. | 17936811000001107       Lisinopril 20mg / Hydrochlorothiazide 12.5mg tablets (Phoenix Healthcare Distribution Ltd)   0205051K0AAAAAA |
   59. | 18139511000001105         Losartan 50mg / Hydrochlorothiazide 12.5mg tablets (Phoenix Healthcare Distribution Ltd)   0205052P0AAAAAA |
   60. | 18139711000001100          Losartan 100mg / Hydrochlorothiazide 25mg tablets (Phoenix Healthcare Distribution Ltd)   0205052P0AAABAB |
   61. | 18165111000001109                              Losartan 50mg / Hydrochlorothiazide 12.5mg tablets (Actavis UK Ltd)   0205052P0AAAAAA |
       |--------------------------------------------------------------------------------------------------------------------------------------|
   62. | 18276311000001107                  Losartan 100mg / Hydrochlorothiazide 12.5mg tablets (A A H Pharmaceuticals Ltd)   0205052P0AAACAC |
   63. | 18277011000001107     Losartan 100mg / Hydrochlorothiazide 12.5mg tablets (Alliance Healthcare (Distribution) Ltd)   0205052P0AAACAC |
   64. | 18299211000001100                               Losartan 100mg / Hydrochlorothiazide 25mg tablets (Actavis UK Ltd)   0205052P0AAABAB |
   65. | 18311211000001107                 Perindopril erbumine 4mg / Indapamide 1.25mg tablets (A A H Pharmaceuticals Ltd)   0205051N0AAAAAA |
   66. | 18515111000001101                                Spironolactone 4mg / Chlorothiazide 40mg capsules (Special Order)   0202040S0AAAHAH |
       |--------------------------------------------------------------------------------------------------------------------------------------|
   68. | 18552511000001109                            Losartan 50mg / Hydrochlorothiazide 12.5mg tablets (Ranbaxy (UK) Ltd)   0205052P0AAAAAA |
   69. | 18618811000001108        Losartan 100mg / Hydrochlorothiazide 12.5mg tablets (Phoenix Healthcare Distribution Ltd)   0205052P0AAACAC |
   70. | 18743911000001105                                Enalapril 20mg / Hydrochlorothiazide 12.5mg tablets (Teva UK Ltd)   0205051H0AAAAAA |
   76. | 18987811000001107                                                      Generic Sevikar HCT 20mg/5mg/12.5mg tablets   0205052ACAAAAAA |
   77. | 18987911000001102                                                     Generic Sevikar HCT 40mg/10mg/12.5mg tablets   0205052ACAAACAC |
       |--------------------------------------------------------------------------------------------------------------------------------------|
   78. | 18988011000001100                                                       Generic Sevikar HCT 40mg/10mg/25mg tablets   0205052ACAAAEAE |
   79. | 18988111000001104                                                      Generic Sevikar HCT 40mg/5mg/12.5mg tablets   0205052ACAAABAB |
   80. | 18988211000001105                                                        Generic Sevikar HCT 40mg/5mg/25mg tablets   0205052ACAAADAD |
   81. | 19485511000001100                                Losartan 100mg / Hydrochlorothiazide 12.5mg tablets (Teva UK Ltd)   0205052P0AAACAC |
   82. | 19631711000001103                                Valsartan 80mg / Hydrochlorothiazide 12.5mg tablets (Teva UK Ltd)   0205052X0AAACAC |
       |--------------------------------------------------------------------------------------------------------------------------------------|
   83. | 19631911000001101                               Valsartan 160mg / Hydrochlorothiazide 12.5mg tablets (Teva UK Ltd)   0205052X0AAAAAA |
   84. | 19632111000001109                                 Valsartan 160mg / Hydrochlorothiazide 25mg tablets (Teva UK Ltd)   0205052X0AAABAB |
   85. | 19688311000001104                             Valsartan 80mg / Hydrochlorothiazide 12.5mg tablets (Actavis UK Ltd)   0205052X0AAACAC |
   86. | 19688511000001105                            Valsartan 160mg / Hydrochlorothiazide 12.5mg tablets (Actavis UK Ltd)   0205052X0AAAAAA |
   87. | 19688711000001100                              Valsartan 160mg / Hydrochlorothiazide 25mg tablets (Actavis UK Ltd)   0205052X0AAABAB |
       |--------------------------------------------------------------------------------------------------------------------------------------|
   88. | 19723911000001105                      Valsartan 80mg / Hydrochlorothiazide 12.5mg tablets (Consilient Health Ltd)   0205052X0AAACAC |
   89. | 19724211000001103                     Valsartan 160mg / Hydrochlorothiazide 12.5mg tablets (Consilient Health Ltd)   0205052X0AAAAAA |
   90. | 19724411000001104                       Valsartan 160mg / Hydrochlorothiazide 25mg tablets (Consilient Health Ltd)   0205052X0AAABAB |
   91. | 19797211000001100     Valsartan 80mg / Hydrochlorothiazide 12.5mg tablets (Alliance Healthcare (Distribution) Ltd)   0205052X0AAACAC |
   92. | 19797411000001101    Valsartan 160mg / Hydrochlorothiazide 12.5mg tablets (Alliance Healthcare (Distribution) Ltd)   0205052X0AAAAAA |
       |--------------------------------------------------------------------------------------------------------------------------------------|
   93. | 19797611000001103      Valsartan 160mg / Hydrochlorothiazide 25mg tablets (Alliance Healthcare (Distribution) Ltd)   0205052X0AAABAB |
   94. | 19804111000001101                  Valsartan 80mg / Hydrochlorothiazide 12.5mg tablets (A A H Pharmaceuticals Ltd)   0205052X0AAACAC |
   95. | 19804311000001104                 Valsartan 160mg / Hydrochlorothiazide 12.5mg tablets (A A H Pharmaceuticals Ltd)   0205052X0AAAAAA |
   96. | 19804511000001105                   Valsartan 160mg / Hydrochlorothiazide 25mg tablets (A A H Pharmaceuticals Ltd)   0205052X0AAABAB |
   97. | 20022311000001100                         Valsartan 80mg / Hydrochlorothiazide 12.5mg tablets (Arrow Generics Ltd)   0205052X0AAACAC |
       |--------------------------------------------------------------------------------------------------------------------------------------|
   98. | 20022511000001106                        Valsartan 160mg / Hydrochlorothiazide 12.5mg tablets (Arrow Generics Ltd)   0205052X0AAAAAA |
   99. | 20022711000001101                          Valsartan 160mg / Hydrochlorothiazide 25mg tablets (Arrow Generics Ltd)   0205052X0AAABAB |
  100. | 20102611000001105                             Losartan 100mg / Hydrochlorothiazide 25mg tablets (Ranbaxy (UK) Ltd)   0205052P0AAABAB |
  101. | 20308811000001100                                  Losartan 50mg / Hydrochlorothiazide 12.5mg tablets (Sandoz Ltd)   0205052P0AAAAAA |
  102. | 20309411000001105                                   Losartan 100mg / Hydrochlorothiazide 25mg tablets (Sandoz Ltd)   0205052P0AAABAB |
       |--------------------------------------------------------------------------------------------------------------------------------------|
  103. | 20480411000001109                                                    Co-tenidone 100mg/25mg tablets (Medreich Plc)   020400040AAABAB |
  104. |   207311000001109                         Co-zidocapt 12.5mg/25mg tablets (Alliance Healthcare (Distribution) Ltd)   0205051G0AAABAB |
  105. | 20947111000001109                             Losartan 100mg / Hydrochlorothiazide 12.5mg tablets (Actavis UK Ltd)   0205052P0AAACAC |
  106. | 21408611000001102                                                   Co-tenidone 50mg/12.5mg tablets (Medreich Plc)   020400040AAAAAA |
  107. | 21788511000001108                      Losartan 50mg / Hydrochlorothiazide 12.5mg tablets (Waymade Healthcare Plc)   0205052P0AAAAAA |
       |--------------------------------------------------------------------------------------------------------------------------------------|
  108. | 21788711000001103                       Losartan 100mg / Hydrochlorothiazide 25mg tablets (Waymade Healthcare Plc)   0205052P0AAABAB |
  109. | 21908511000001103                     Valsartan 80mg / Hydrochlorothiazide 12.5mg tablets (Waymade Healthcare Plc)   0205052X0AAACAC |
  110. | 21908711000001108                    Valsartan 160mg / Hydrochlorothiazide 12.5mg tablets (Waymade Healthcare Plc)   0205052X0AAAAAA |
  111. | 21909011000001101                      Valsartan 160mg / Hydrochlorothiazide 25mg tablets (Waymade Healthcare Plc)   0205052X0AAABAB |
  112. | 21911811000001109                               Perindopril tosilate 5mg / Indapamide 1.25mg tablets (Teva UK Ltd)   0205051ABAAAAAA |
       |--------------------------------------------------------------------------------------------------------------------------------------|
  113. | 21927911000001103                 Perindopril tosilate 5mg / Indapamide 1.25mg tablets (A A H Pharmaceuticals Ltd)   0205051ABAAAAAA |
  115. | 21942111000001101                                         Co-tenidone 50mg/12.5mg tablets (Waymade Healthcare Plc)   020400040AAAAAA |
  116. | 21942311000001104                                          Co-tenidone 100mg/25mg tablets (Waymade Healthcare Plc)   020400040AAABAB |
  117. | 21992611000001103                                 Losartan 100mg / Hydrochlorothiazide 12.5mg tablets (Sandoz Ltd)   0205052P0AAACAC |
  118. | 22071611000001106                    Lisinopril 10mg / Hydrochlorothiazide 12.5mg tablets (Waymade Healthcare Plc)   0205051K0AAABAB |
       |--------------------------------------------------------------------------------------------------------------------------------------|
  119. | 22071811000001105                    Lisinopril 20mg / Hydrochlorothiazide 12.5mg tablets (Waymade Healthcare Plc)   0205051K0AAAAAA |
  120. | 22785911000001108                  Quinapril 10mg / Hydrochlorothiazide 12.5mg tablets (A A H Pharmaceuticals Ltd)   0205051P0AAAAAA |
  121. | 23310011000001106                              Irbesartan 150mg / Hydrochlorothiazide 12.5mg tablets (Teva UK Ltd)   0205052A0AAAAAA |
  122. | 23310211000001101                              Irbesartan 300mg / Hydrochlorothiazide 12.5mg tablets (Teva UK Ltd)   0205052A0AAABAB |
  123. | 23310411000001102                                Irbesartan 300mg / Hydrochlorothiazide 25mg tablets (Teva UK Ltd)   0205052A0AAACAC |
       |--------------------------------------------------------------------------------------------------------------------------------------|
  124. | 23472411000001102                           Irbesartan 150mg / Hydrochlorothiazide 12.5mg tablets (Actavis UK Ltd)   0205052A0AAAAAA |
  125. | 23472611000001104                           Irbesartan 300mg / Hydrochlorothiazide 12.5mg tablets (Actavis UK Ltd)   0205052A0AAABAB |
  126. | 23472811000001100                             Irbesartan 300mg / Hydrochlorothiazide 25mg tablets (Actavis UK Ltd)   0205052A0AAACAC |
  127. | 23478711000001106                Irbesartan 150mg / Hydrochlorothiazide 12.5mg tablets (A A H Pharmaceuticals Ltd)   0205052A0AAAAAA |
  128. | 23479111000001103                Irbesartan 300mg / Hydrochlorothiazide 12.5mg tablets (A A H Pharmaceuticals Ltd)   0205052A0AAABAB |
       |--------------------------------------------------------------------------------------------------------------------------------------|
  129. | 23479511000001107                  Irbesartan 300mg / Hydrochlorothiazide 25mg tablets (A A H Pharmaceuticals Ltd)   0205052A0AAACAC |
  130. | 23480911000001100   Irbesartan 150mg / Hydrochlorothiazide 12.5mg tablets (Alliance Healthcare (Distribution) Ltd)   0205052A0AAAAAA |
  131. | 23481111000001109   Irbesartan 300mg / Hydrochlorothiazide 12.5mg tablets (Alliance Healthcare (Distribution) Ltd)   0205052A0AAABAB |
  132. | 23481311000001106     Irbesartan 300mg / Hydrochlorothiazide 25mg tablets (Alliance Healthcare (Distribution) Ltd)   0205052A0AAACAC |
  134. | 23857811000001106                                             Co-tenidone 50mg/12.5mg tablets (DE Pharmaceuticals)   020400040AAAAAA |
       |--------------------------------------------------------------------------------------------------------------------------------------|
  135. | 23858011000001104                                              Co-tenidone 100mg/25mg tablets (DE Pharmaceuticals)   020400040AAABAB |
  136. | 23954111000001100                             Irbesartan 150mg / Hydrochlorothiazide 12.5mg tablets (Milpharm Ltd)   0205052A0AAAAAA |
  137. | 23954311000001103                             Irbesartan 300mg / Hydrochlorothiazide 12.5mg tablets (Milpharm Ltd)   0205052A0AAABAB |
  138. | 23954511000001109                               Irbesartan 300mg / Hydrochlorothiazide 25mg tablets (Milpharm Ltd)   0205052A0AAACAC |
  139. | 23956811000001100                       Valsartan 80mg / Hydrochlorothiazide 12.5mg tablets (Aurobindo Pharma Ltd)   0205052X0AAACAC |
       |--------------------------------------------------------------------------------------------------------------------------------------|
  140. | 23957011000001109                      Valsartan 160mg / Hydrochlorothiazide 12.5mg tablets (Aurobindo Pharma Ltd)   0205052X0AAAAAA |
  141. | 23957211000001104                        Valsartan 160mg / Hydrochlorothiazide 25mg tablets (Aurobindo Pharma Ltd)   0205052X0AAABAB |
  142. | 23971811000001107                        Perindopril erbumine 4mg / Amlodipine 5mg tablets (Consilient Health Ltd)   0205051ACAAAAAA |
  143. | 23972111000001105                       Perindopril erbumine 4mg / Amlodipine 10mg tablets (Consilient Health Ltd)   0205051ACAAABAB |
  144. | 23972411000001100                       Perindopril erbumine 8mg / Amlodipine 10mg tablets (Consilient Health Ltd)   0205051ACAAACAC |
       |--------------------------------------------------------------------------------------------------------------------------------------|
  145. | 23972711000001106                        Perindopril erbumine 8mg / Amlodipine 5mg tablets (Consilient Health Ltd)   0205051ACAAADAD |
  146. | 23973711000001103                         Enalapril 20mg / Hydrochlorothiazide 12.5mg tablets (DE Pharmaceuticals)   0205051H0AAAAAA |
  151. | 24366811000001102                        Lisinopril 10mg / Hydrochlorothiazide 12.5mg tablets (DE Pharmaceuticals)   0205051K0AAABAB |
  152. | 24367111000001107                        Lisinopril 20mg / Hydrochlorothiazide 12.5mg tablets (DE Pharmaceuticals)   0205051K0AAAAAA |
  153. | 24371211000001103                         Losartan 100mg / Hydrochlorothiazide 12.5mg tablets (DE Pharmaceuticals)   0205052P0AAACAC |
       |--------------------------------------------------------------------------------------------------------------------------------------|
  154. | 24371411000001104                           Losartan 100mg / Hydrochlorothiazide 25mg tablets (DE Pharmaceuticals)   0205052P0AAABAB |
  155. | 24371611000001101                          Losartan 50mg / Hydrochlorothiazide 12.5mg tablets (DE Pharmaceuticals)   0205052P0AAAAAA |
  159. | 24425911000001104                Telmisartan 40mg / Hydrochlorothiazide 12.5mg tablets (A A H Pharmaceuticals Ltd)   0205052R0AAAAAA |
  160. | 24426111000001108                Telmisartan 80mg / Hydrochlorothiazide 12.5mg tablets (A A H Pharmaceuticals Ltd)   0205052R0AAABAB |
  161. | 24426311000001105                  Telmisartan 80mg / Hydrochlorothiazide 25mg tablets (A A H Pharmaceuticals Ltd)   0205052R0AAACAC |
       |--------------------------------------------------------------------------------------------------------------------------------------|
  162. | 24508611000001103                              Telmisartan 80mg / Hydrochlorothiazide 12.5mg tablets (Teva UK Ltd)   0205052R0AAABAB |
  163. | 24508811000001104                                Telmisartan 80mg / Hydrochlorothiazide 25mg tablets (Teva UK Ltd)   0205052R0AAACAC |
  167. | 24603111000001106       Perindopril erbumine 4mg / Amlodipine 5mg tablets (Alliance Healthcare (Distribution) Ltd)   0205051ACAAAAAA |
  168. | 24603311000001108      Perindopril erbumine 4mg / Amlodipine 10mg tablets (Alliance Healthcare (Distribution) Ltd)   0205051ACAAABAB |
  169. | 24603511000001102       Perindopril erbumine 8mg / Amlodipine 5mg tablets (Alliance Healthcare (Distribution) Ltd)   0205051ACAAADAD |
       |--------------------------------------------------------------------------------------------------------------------------------------|
  170. | 24603711000001107      Perindopril erbumine 8mg / Amlodipine 10mg tablets (Alliance Healthcare (Distribution) Ltd)   0205051ACAAACAC |
  171. | 24618711000001103                    Perindopril erbumine 4mg / Amlodipine 5mg tablets (A A H Pharmaceuticals Ltd)   0205051ACAAAAAA |
  172. | 24618911000001101                   Perindopril erbumine 4mg / Amlodipine 10mg tablets (A A H Pharmaceuticals Ltd)   0205051ACAAABAB |
  173. | 24619111000001106                    Perindopril erbumine 8mg / Amlodipine 5mg tablets (A A H Pharmaceuticals Ltd)   0205051ACAAADAD |
  174. | 24619311000001108                   Perindopril erbumine 8mg / Amlodipine 10mg tablets (A A H Pharmaceuticals Ltd)   0205051ACAAACAC |
       |--------------------------------------------------------------------------------------------------------------------------------------|
  175. |   248711000001103                                                      Co-tenidone 100mg/25mg tablets (Sandoz Ltd)   020400040AAABAB |
  179. | 26763511000001103                Irbesartan 150mg / Hydrochlorothiazide 12.5mg tablets (Lupin Healthcare (UK) Ltd)   0205052A0AAAAAA |
  180. | 26764611000001101                Irbesartan 300mg / Hydrochlorothiazide 12.5mg tablets (Lupin Healthcare (UK) Ltd)   0205052A0AAABAB |
  181. | 26764811000001102                  Irbesartan 300mg / Hydrochlorothiazide 25mg tablets (Lupin Healthcare (UK) Ltd)   0205052A0AAACAC |
  182. | 27475211000001104                 Lisinopril 20mg / Hydrochlorothiazide 12.5mg tablets (Lupin Healthcare (UK) Ltd)   0205051K0AAAAAA |
       |--------------------------------------------------------------------------------------------------------------------------------------|
  183. | 27475411000001100                   Losartan 50mg / Hydrochlorothiazide 12.5mg tablets (Lupin Healthcare (UK) Ltd)   0205052P0AAAAAA |
  184. | 27749111000001100                                Spironolactone 5mg / Chlorothiazide 50mg capsules (Special Order)   0202040S0AAAPAP |
  185. | 27810911000001102                                                Spironolactone 5mg / Chlorothiazide 50mg capsules   0202040S0AAAPAP |
  186. | 28070611000001106                    Losartan 100mg / Hydrochlorothiazide 25mg tablets (Lupin Healthcare (UK) Ltd)   0205052P0AAABAB |
  187. | 28168411000001108                 Lisinopril 10mg / Hydrochlorothiazide 12.5mg tablets (Lupin Healthcare (UK) Ltd)   0205051K0AAABAB |
       |--------------------------------------------------------------------------------------------------------------------------------------|
  189. | 28875111000001105                              Spironolactone 16mg / Chlorothiazide 160mg capsules (Special Order)   0202040S0AAAQAQ |
  190. | 28882011000001105                                              Spironolactone 16mg / Chlorothiazide 160mg capsules   0202040S0AAAQAQ |
  191. | 29672611000001103                   Irbesartan 150mg / Hydrochlorothiazide 12.5mg tablets (Macleods Pharma UK Ltd)   0205052A0AAAAAA |
  192. | 29672811000001104                   Irbesartan 300mg / Hydrochlorothiazide 12.5mg tablets (Macleods Pharma UK Ltd)   0205052A0AAABAB |
  193. | 29673011000001101                     Irbesartan 300mg / Hydrochlorothiazide 25mg tablets (Macleods Pharma UK Ltd)   0205052A0AAACAC |
       |--------------------------------------------------------------------------------------------------------------------------------------|
  195. | 29799711000001103                                       Co-tenidone 100mg/25mg tablets (Sigma Pharmaceuticals Plc)   020400040AAABAB |
  196. | 29799911000001101                                      Co-tenidone 50mg/12.5mg tablets (Sigma Pharmaceuticals Plc)   020400040AAAAAA |
  197. | 29849111000001109                  Enalapril 20mg / Hydrochlorothiazide 12.5mg tablets (Sigma Pharmaceuticals Plc)   0205051H0AAAAAA |
  198. | 29880711000001106                Irbesartan 150mg / Hydrochlorothiazide 12.5mg tablets (Sigma Pharmaceuticals Plc)   0205052A0AAAAAA |
  199. | 29880911000001108                Irbesartan 300mg / Hydrochlorothiazide 12.5mg tablets (Sigma Pharmaceuticals Plc)   0205052A0AAABAB |
       |--------------------------------------------------------------------------------------------------------------------------------------|
  200. | 29881011000001100                  Irbesartan 300mg / Hydrochlorothiazide 25mg tablets (Sigma Pharmaceuticals Plc)   0205052A0AAACAC |
  201. | 29891911000001102                 Lisinopril 20mg / Hydrochlorothiazide 12.5mg tablets (Sigma Pharmaceuticals Plc)   0205051K0AAAAAA |
  202. | 29892111000001105                 Lisinopril 10mg / Hydrochlorothiazide 12.5mg tablets (Sigma Pharmaceuticals Plc)   0205051K0AAABAB |
  203. | 29898411000001103                  Losartan 100mg / Hydrochlorothiazide 12.5mg tablets (Sigma Pharmaceuticals Plc)   0205052P0AAACAC |
  204. | 29898611000001100                    Losartan 100mg / Hydrochlorothiazide 25mg tablets (Sigma Pharmaceuticals Plc)   0205052P0AAABAB |
       |--------------------------------------------------------------------------------------------------------------------------------------|
  205. | 29899511000001105                   Losartan 50mg / Hydrochlorothiazide 12.5mg tablets (Sigma Pharmaceuticals Plc)   0205052P0AAAAAA |
  206. | 30108411000001108                         Valsartan 80mg / Hydrochlorothiazide 12.5mg tablets (DE Pharmaceuticals)   0205052X0AAACAC |
  207. | 30109211000001104                        Valsartan 160mg / Hydrochlorothiazide 12.5mg tablets (DE Pharmaceuticals)   0205052X0AAAAAA |
  208. | 30109411000001100                          Valsartan 160mg / Hydrochlorothiazide 25mg tablets (DE Pharmaceuticals)   0205052X0AAABAB |
  209. | 30124611000001107              Enalapril 20mg / Hydrochlorothiazide 12.5mg tablets (Mawdsley-Brooks & Company Ltd)   0205051H0AAAAAA |
       |--------------------------------------------------------------------------------------------------------------------------------------|
  210. | 30215211000001102            Irbesartan 150mg / Hydrochlorothiazide 12.5mg tablets (Mawdsley-Brooks & Company Ltd)   0205052A0AAAAAA |
  211. | 30215611000001100            Irbesartan 300mg / Hydrochlorothiazide 12.5mg tablets (Mawdsley-Brooks & Company Ltd)   0205052A0AAABAB |
  212. | 30215811000001101              Irbesartan 300mg / Hydrochlorothiazide 25mg tablets (Mawdsley-Brooks & Company Ltd)   0205052A0AAACAC |
  213. | 30221211000001106             Lisinopril 10mg / Hydrochlorothiazide 12.5mg tablets (Mawdsley-Brooks & Company Ltd)   0205051K0AAABAB |
  214. |   307811000001106                                                       Co-zidocapt 25mg/50mg tablets (Sandoz Ltd)   0205051G0AAAAAA |
       |--------------------------------------------------------------------------------------------------------------------------------------|
  215. | 30810911000001108               Losartan 50mg / Hydrochlorothiazide 12.5mg tablets (Mawdsley-Brooks & Company Ltd)   0205052P0AAAAAA |
  216. | 30811111000001104              Losartan 100mg / Hydrochlorothiazide 12.5mg tablets (Mawdsley-Brooks & Company Ltd)   0205052P0AAACAC |
  217. | 30826311000001104                Losartan 100mg / Hydrochlorothiazide 25mg tablets (Mawdsley-Brooks & Company Ltd)   0205052P0AAABAB |
  218. | 30943111000001100              Valsartan 80mg / Hydrochlorothiazide 12.5mg tablets (Mawdsley-Brooks & Company Ltd)   0205052X0AAACAC |
  219. | 30943311000001103             Valsartan 160mg / Hydrochlorothiazide 12.5mg tablets (Mawdsley-Brooks & Company Ltd)   0205052X0AAAAAA |
       |--------------------------------------------------------------------------------------------------------------------------------------|
  220. | 30943511000001109               Valsartan 160mg / Hydrochlorothiazide 25mg tablets (Mawdsley-Brooks & Company Ltd)   0205052X0AAABAB |
  221. | 30993311000001109                                         Timolol 10mg / Bendroflumethiazide 2.5mg tablets (Mylan)   020400030AAAEAE |
  222. | 31244611000001104                     Timolol 10mg / Bendroflumethiazide 2.5mg tablets (A A H Pharmaceuticals Ltd)   020400030AAAEAE |
  223. | 31257511000001109        Timolol 10mg / Bendroflumethiazide 2.5mg tablets (Alliance Healthcare (Distribution) Ltd)   020400030AAAEAE |
  233. |         318547005                                                                VMP previous to 36035311000001101   0204000W0AAABAB |
       |--------------------------------------------------------------------------------------------------------------------------------------|
  235. |         318555003                                                                         Generic Moducren tablets   020400030AAAAAA |
  238. |         318576008                                                                        VMP previous to 377211005   020400040AAABAB |
  239. |         318583001                                                                VMP previous to 36091611000001101   0204000Y0AAAAAA |
  240. |         318587000                                                                          Generic Kalten capsules   0204000F0AAAAAA |
  241. |         318588005                                                                VMP previous to 35903311000001104   0204000U0AAAAAA |
       |--------------------------------------------------------------------------------------------------------------------------------------|
  244. |         318849001                                              Enalapril 20mg / Hydrochlorothiazide 12.5mg tablets   0205051H0AAAAAA |
  247. |         318892006                                              Quinapril 10mg / Hydrochlorothiazide 12.5mg tablets   0205051P0AAAAAA |
  249. |         318975001                                                                VMP previous to 36149211000001102   0205051V0AAAAAA |
  250. |    32111000001108                                       Co-tenidone 50mg/12.5mg tablets (Kent Pharmaceuticals Ltd)   020400040AAAAAA |
  251. | 32872611000001100                                Spironolactone 6mg / Chlorothiazide 60mg capsules (Special Order)   0202040S0AAARAR |
       |--------------------------------------------------------------------------------------------------------------------------------------|
  252. | 32880211000001105                                                Spironolactone 6mg / Chlorothiazide 60mg capsules   0202040S0AAARAR |
  254. | 33586411000001104                                      Enalapril 20mg / Hydrochlorothiazide 12.5mg tablets (Mylan)   0205051H0AAAAAA |
  255. | 33594611000001106                                      Losartan 100mg / Hydrochlorothiazide 12.5mg tablets (Mylan)   0205052P0AAACAC |
  256. | 33600511000001109                                    Irbesartan 150mg / Hydrochlorothiazide 12.5mg tablets (Mylan)   0205052A0AAAAAA |
  257. | 33600711000001104                                    Irbesartan 300mg / Hydrochlorothiazide 12.5mg tablets (Mylan)   0205052A0AAABAB |
       |--------------------------------------------------------------------------------------------------------------------------------------|
  258. | 33600911000001102                                      Irbesartan 300mg / Hydrochlorothiazide 25mg tablets (Mylan)   0205052A0AAACAC |
  259. | 33974611000001109                             Telmisartan 40mg / Hydrochlorothiazide 12.5mg tablets (Somex Pharma)   0205052R0AAAAAA |
  260. | 33975011000001103                             Telmisartan 80mg / Hydrochlorothiazide 12.5mg tablets (Somex Pharma)   0205052R0AAABAB |
  261. | 33975511000001106                               Telmisartan 80mg / Hydrochlorothiazide 25mg tablets (Somex Pharma)   0205052R0AAACAC |
  264. | 34941911000001100                    Telmisartan 40mg / Hydrochlorothiazide 12.5mg tablets (Accord Healthcare Ltd)   0205052R0AAAAAA |
       |--------------------------------------------------------------------------------------------------------------------------------------|
  265. | 34942211000001102                      Telmisartan 80mg / Hydrochlorothiazide 25mg tablets (Accord Healthcare Ltd)   0205052R0AAACAC |
  267. | 35167011000001109                                Losartan 50mg / Hydrochlorothiazide 12.5mg tablets (Milpharm Ltd)   0205052P0AAAAAA |
  268. | 35167211000001104                               Losartan 100mg / Hydrochlorothiazide 12.5mg tablets (Milpharm Ltd)   0205052P0AAACAC |
  269. | 35167411000001100                                 Losartan 100mg / Hydrochlorothiazide 25mg tablets (Milpharm Ltd)   0205052P0AAABAB |
  270. | 35179711000001107                               Quinapril 10mg / Hydrochlorothiazide 12.5mg tablets (Milpharm Ltd)   0205051P0AAAAAA |
       |--------------------------------------------------------------------------------------------------------------------------------------|
  271. | 35484011000001104                          Losartan 100mg / Hydrochlorothiazide 25mg tablets (Crescent Pharma Ltd)   0205052P0AAABAB |
  272. | 35592511000001107                                                       Co-tenidone 50mg/12.5mg tablets (RX Farma)   020400040AAAAAA |
  273. | 35592711000001102                                                        Co-tenidone 100mg/25mg tablets (RX Farma)   020400040AAABAB |
  274. | 35688211000001101                       Losartan 50mg / Hydrochlorothiazide 12.5mg tablets (Consilient Health Ltd)   0205052P0AAAAAA |
  275. | 35688611000001104                      Losartan 100mg / Hydrochlorothiazide 12.5mg tablets (Consilient Health Ltd)   0205052P0AAACAC |
       |--------------------------------------------------------------------------------------------------------------------------------------|
  276. | 35688811000001100                        Losartan 100mg / Hydrochlorothiazide 25mg tablets (Consilient Health Ltd)   0205052P0AAABAB |
  277. | 35751111000001101                    Telmisartan 80mg / Hydrochlorothiazide 12.5mg tablets (Accord Healthcare Ltd)   0205052R0AAABAB |
  278. | 35852211000001103                                Losartan 50mg / Hydrochlorothiazide 12.5mg tablets (Medreich Plc)   0205052P0AAAAAA |
  279. | 35856211000001102                                 Losartan 100mg / Hydrochlorothiazide 25mg tablets (Medreich Plc)   0205052P0AAABAB |
  281. | 36035311000001101                             Metoprolol 200mg modified-release / Hydrochlorothiazide 25mg tablets   0204000W0AAABAB |
       |--------------------------------------------------------------------------------------------------------------------------------------|
  282. | 36081511000001101                         Losartan 50mg / Hydrochlorothiazide 12.5mg tablets (Crescent Pharma Ltd)   0205052P0AAAAAA |
  287. | 36500711000001101                                      Losartan 100mg / Hydrochlorothiazide 25mg tablets (Xiromed)   0205052P0AAABAB |
  288. | 36503811000001102                                     Losartan 50mg / Hydrochlorothiazide 12.5mg tablets (Xiromed)   0205052P0AAAAAA |
  289. | 36805111000001109                                 Valsartan 80mg / Hydrochlorothiazide 12.5mg tablets (Sandoz Ltd)   0205052X0AAACAC |
  290. | 36805311000001106                                  Valsartan 160mg / Hydrochlorothiazide 25mg tablets (Sandoz Ltd)   0205052X0AAABAB |
       |--------------------------------------------------------------------------------------------------------------------------------------|
  291. | 36805511000001100                                Valsartan 160mg / Hydrochlorothiazide 12.5mg tablets (Sandoz Ltd)   0205052X0AAAAAA |
  292. | 36884711000001105                     Losartan 50mg / Hydrochlorothiazide 12.5mg tablets (Torrent Pharma (UK) Ltd)   0205052P0AAAAAA |
  293. | 36885311000001105                      Losartan 100mg / Hydrochlorothiazide 25mg tablets (Torrent Pharma (UK) Ltd)   0205052P0AAABAB |
  295. | 36942111000001102     Telmisartan 80mg / Hydrochlorothiazide 25mg tablets (Alliance Healthcare (Distribution) Ltd)   0205052R0AAACAC |
  296. | 37056211000001100                                  Co-tenidone 50mg/12.5mg tablets (Mawdsley-Brooks & Company Ltd)   020400040AAAAAA |
       |--------------------------------------------------------------------------------------------------------------------------------------|
  297. | 37056411000001101                                   Co-tenidone 100mg/25mg tablets (Mawdsley-Brooks & Company Ltd)   020400040AAABAB |
  298. | 37142711000001104            Telmisartan 80mg / Hydrochlorothiazide 12.5mg tablets (Mawdsley-Brooks & Company Ltd)   0205052R0AAABAB |
  299. | 37259911000001107             Lisinopril 20mg / Hydrochlorothiazide 12.5mg tablets (Mawdsley-Brooks & Company Ltd)   0205051K0AAAAAA |
  300. | 37422511000001107                       Irbesartan 150mg / Hydrochlorothiazide 12.5mg tablets (DE Pharmaceuticals)   0205052A0AAAAAA |
  301. | 37422711000001102                       Irbesartan 300mg / Hydrochlorothiazide 12.5mg tablets (DE Pharmaceuticals)   0205052A0AAABAB |
       |--------------------------------------------------------------------------------------------------------------------------------------|
  302. | 37422911000001100                         Irbesartan 300mg / Hydrochlorothiazide 25mg tablets (DE Pharmaceuticals)   0205052A0AAACAC |
  305. | 37819711000001105                       Telmisartan 40mg / Hydrochlorothiazide 12.5mg tablets (DE Pharmaceuticals)   0205052R0AAAAAA |
  306. | 37820211000001104                       Telmisartan 80mg / Hydrochlorothiazide 12.5mg tablets (DE Pharmaceuticals)   0205052R0AAABAB |
  307. | 37820811000001103                         Telmisartan 80mg / Hydrochlorothiazide 25mg tablets (DE Pharmaceuticals)   0205052R0AAACAC |
  308. | 37905011000001100             Olmesartan medoxomil 20mg / Hydrochlorothiazide 12.5mg tablets (Thornton & Ross Ltd)   0205052Y0AAAAAA |
       |--------------------------------------------------------------------------------------------------------------------------------------|
  309. | 37906011000001109               Olmesartan medoxomil 20mg / Hydrochlorothiazide 25mg tablets (Thornton & Ross Ltd)   0205052Y0AAABAB |
  310. | 37906511000001101             Olmesartan medoxomil 40mg / Hydrochlorothiazide 12.5mg tablets (Thornton & Ross Ltd)   0205052Y0AAACAC |
  313. |  3819011000001103                                                                        VMP previous to 407855002   0205052R0AAAAAA |
  314. |  3819111000001102                                                                        VMP previous to 407856001   0205052R0AAABAB |
  326. | 42210911000001109                                                                      VMP subsequent to 318555003   020400030AAAAAA |
       |--------------------------------------------------------------------------------------------------------------------------------------|
  327. | 42213111000001104                                                                      VMP subsequent to 318884002   0205051K0AAABAB |
  328. | 42295111000001102                                                                      VMP subsequent to 318587000   0204000F0AAAAAA |
  329. | 42297911000001109                                                                      VMP subsequent to 318102003   0202040T0AAAAAA |
  330. | 42373611000001107                                                                      VMP subsequent to 377211005   020400040AAABAB |
  331. | 42373711000001103                                                                      VMP subsequent to 318575007   020400040AAAAAA |
       |--------------------------------------------------------------------------------------------------------------------------------------|
  332. | 42373811000001106                                                                      VMP subsequent to 318806002   0205051G0AAABAB |
  333. | 42373911000001101                                                                      VMP subsequent to 318807006   0205051G0AAAAAA |
  334. | 42374711000001101                                                                      VMP subsequent to 318176004   0205051S0AAAAAA |
  335. | 42374811000001109                                                                      VMP subsequent to 318177008   0205051S0AAABAB |
  336. | 42375211000001109                                                                      VMP subsequent to 134461004   0205052A0AAAAAA |
       |--------------------------------------------------------------------------------------------------------------------------------------|
  337. | 42375411000001108                                                                      VMP subsequent to 134460003   0205052A0AAABAB |
  338. | 42376311000001106                                                                      VMP subsequent to 318880006   0205051K0AAAAAA |
  339. | 42376611000001101                                                                      VMP subsequent to 395497004   0205052P0AAABAB |
  340. | 42376911000001107                                                                      VMP subsequent to 318959004   0205052P0AAAAAA |
  341. | 42378211000001102                                                                      VMP subsequent to 429502004   0205052ABAAAAAA |
       |--------------------------------------------------------------------------------------------------------------------------------------|
  342. | 42378311000001105                                                                      VMP subsequent to 409184002   0205052Y0AAAAAA |
  343. | 42378511000001104                                                                      VMP subsequent to 429678006   0205052ABAAACAC |
  344. | 42378611000001100                                                                      VMP subsequent to 429503009   0205052ABAAABAB |
  345. | 42378711000001109                                                                      VMP subsequent to 409185001   0205052Y0AAACAC |
  346. | 42379511000001105                                                                      VMP subsequent to 318552000   020400010AAAAAA |
       |--------------------------------------------------------------------------------------------------------------------------------------|
  347. | 42382911000001104                                                                      VMP subsequent to 407855002   0205052R0AAAAAA |
  348. | 42383111000001108                                                                      VMP subsequent to 407856001   0205052R0AAABAB |
  349. | 42383311000001105                                                                      VMP subsequent to 318556002   020400030AAAEAE |
  350. | 42383911000001106                                                                      VMP subsequent to 395521005   0205052X0AAAAAA |
  351. | 42384011000001109                                                                      VMP subsequent to 409298002   0205052X0AAABAB |
       |--------------------------------------------------------------------------------------------------------------------------------------|
  352. | 42384611000001102                                                                      VMP subsequent to 377488008   0205052X0AAACAC |
  357. |  4473011000001102                                 Enalapril 20mg / Hydrochlorothiazide 12.5mg tablets (Sandoz Ltd)   0205051H0AAAAAA |
  358. |   485811000001105                                                     Co-tenidone 100mg/25mg tablets (Teva UK Ltd)   020400040AAABAB |
  360. |  5470311000001103                                       Co-zidocapt 12.5mg/25mg tablets (Kent Pharmaceuticals Ltd)   0205051G0AAABAB |
  361. |  5470811000001107                                         Co-zidocapt 25mg/50mg tablets (Kent Pharmaceuticals Ltd)   0205051G0AAAAAA |
       |--------------------------------------------------------------------------------------------------------------------------------------|
  362. |   552311000001106                                                     Co-tenidone 50mg/12.5mg tablets (Sandoz Ltd)   020400040AAAAAA |
  364. |   576211000001104                                    Co-tenidone 50mg/12.5mg tablets (IVAX Pharmaceuticals UK Ltd)   020400040AAAAAA |
  365. |   587011000001102                                                          Co-tenidone 50mg/12.5mg tablets (Mylan)   020400040AAAAAA |
  366. |   588911000001102                                                  Co-tenidone 100mg/25mg tablets (Actavis UK Ltd)   020400040AAABAB |
  367. |   589111000001107                                                Co-tenidone 100mg/25mg tablets (Wockhardt UK Ltd)   020400040AAABAB |
       |--------------------------------------------------------------------------------------------------------------------------------------|
  368. |   594311000001107                                                           Co-tenidone 100mg/25mg tablets (Mylan)   020400040AAABAB |
  369. |   614011000001103                           Co-zidocapt 25mg/50mg tablets (Alliance Healthcare (Distribution) Ltd)   0205051G0AAAAAA |
  370. |   622411000001106                                               Co-tenidone 50mg/12.5mg tablets (Wockhardt UK Ltd)   020400040AAAAAA |
  371. |   642211000001105                                        Co-zidocapt 25mg/50mg tablets (A A H Pharmaceuticals Ltd)   0205051G0AAAAAA |
  372. |   650411000001106                                        Co-tenidone 100mg/25mg tablets (Kent Pharmaceuticals Ltd)   020400040AAABAB |
       |--------------------------------------------------------------------------------------------------------------------------------------|
  373. |   653811000001101                                                 Co-tenidone 50mg/12.5mg tablets (Actavis UK Ltd)   020400040AAAAAA |
  375. |  7334711000001104                               Lisinopril 10mg / Hydrochlorothiazide 12.5mg tablets (Teva UK Ltd)   0205051K0AAABAB |
  376. |  7334911000001102                               Lisinopril 20mg / Hydrochlorothiazide 12.5mg tablets (Teva UK Ltd)   0205051K0AAAAAA |
  379. |  7492911000001107                                      Co-zidocapt 12.5mg/25mg tablets (A A H Pharmaceuticals Ltd)   0205051G0AAABAB |
  380. |  7495011000001103                 Lisinopril 10mg / Hydrochlorothiazide 12.5mg tablets (A A H Pharmaceuticals Ltd)   0205051K0AAABAB |
       |--------------------------------------------------------------------------------------------------------------------------------------|
  381. |  7495911000001104                 Lisinopril 20mg / Hydrochlorothiazide 12.5mg tablets (A A H Pharmaceuticals Ltd)   0205051K0AAAAAA |
  382. |  7513611000001102    Lisinopril 10mg / Hydrochlorothiazide 12.5mg tablets (Alliance Healthcare (Distribution) Ltd)   0205051K0AAABAB |
  383. |  7513811000001103    Lisinopril 20mg / Hydrochlorothiazide 12.5mg tablets (Alliance Healthcare (Distribution) Ltd)   0205051K0AAAAAA |
  384. |   765211000001102                                                     Co-zidocapt 12.5mg/25mg tablets (Sandoz Ltd)   0205051G0AAABAB |
  387. |  7718611000001105                                                                        VMP previous to 395521005   0205052X0AAAAAA |
       |--------------------------------------------------------------------------------------------------------------------------------------|
  388. |  7718711000001101                                                                        VMP previous to 409298002   0205052X0AAABAB |
  389. |  7846711000001109     Enalapril 20mg / Hydrochlorothiazide 12.5mg tablets (Alliance Healthcare (Distribution) Ltd)   0205051H0AAAAAA |
  391. |   793911000001107                                       Co-tenidone 100mg/25mg tablets (A A H Pharmaceuticals Ltd)   020400040AAABAB |
  392. |  7977211000001106                  Lisinopril 10mg / Hydrochlorothiazide 12.5mg tablets (Kent Pharmaceuticals Ltd)   0205051K0AAABAB |
  393. |  7977511000001109                  Lisinopril 20mg / Hydrochlorothiazide 12.5mg tablets (Kent Pharmaceuticals Ltd)   0205051K0AAAAAA |
       |--------------------------------------------------------------------------------------------------------------------------------------|
  396. |  8153611000001109                                                                        VMP previous to 377488008   0205052X0AAACAC |
  397. |  8171311000001102                                Lisinopril 10mg / Hydrochlorothiazide 12.5mg tablets (Sandoz Ltd)   0205051K0AAABAB |
  398. |  8171711000001103                                Lisinopril 20mg / Hydrochlorothiazide 12.5mg tablets (Sandoz Ltd)   0205051K0AAAAAA |
  400. |  8746211000001109                                Spironolactone 1mg / Chlorothiazide 10mg capsules (Special Order)   0202040S0AAAAAA |
  401. |  8792111000001107                                                Spironolactone 1mg / Chlorothiazide 10mg capsules   0202040S0AAAAAA |
       |--------------------------------------------------------------------------------------------------------------------------------------|
  402. |   884711000001106                                      Co-tenidone 50mg/12.5mg tablets (A A H Pharmaceuticals Ltd)   020400040AAAAAA |
  403. |   885911000001107                          Co-tenidone 100mg/25mg tablets (Alliance Healthcare (Distribution) Ltd)   020400040AAABAB |
  404. |   903211000001106                         Co-tenidone 50mg/12.5mg tablets (Alliance Healthcare (Distribution) Ltd)   020400040AAAAAA |
  405. |  9089111000001103                                     Lisinopril 20mg / Hydrochlorothiazide 12.5mg tablets (Mylan)   0205051K0AAAAAA |
  406. |  9253411000001107                  Enalapril 20mg / Hydrochlorothiazide 12.5mg tablets (A A H Pharmaceuticals Ltd)   0205051H0AAAAAA |
       |--------------------------------------------------------------------------------------------------------------------------------------|
  408. |  9789211000001106                                      Co-tenidone 50mg/12.5mg tablets (Almus Pharmaceuticals Ltd)   020400040AAAAAA |
  409. |  9789611000001108                                       Co-tenidone 100mg/25mg tablets (Almus Pharmaceuticals Ltd)   020400040AAABAB |
       +--------------------------------------------------------------------------------------------------------------------------------------+

.         keep if _merge == 3
(73,685 observations deleted)

.         list prodcodeid termfromemis dmdid bnfcode bnfcode_ext ///
>                 if bnfcode != bnfcode_ext & bnfcode != "" & bnfcode_ext != ""

.         keep prodcodeid antihypertensive external_codelist `name'

. 
.         tempfile `name'

.         save ``name''
file C:\Users\rmjlton.AD\AppData\Local\Temp\ST_10d0_00000a.tmp saved as .dta format

. restore

. 
. //Merge in repository codelists
. foreach repocodelist in lshtm_2102 lshtm_2187 lshtm_2814 lshtm_3590 ///
>         hdruk_1595 oc_opensafely_combbpmed {
  2.         
.         display "Codelist: `repocodelist'"
  3.         merge 1:1 prodcodeid using ``repocodelist'', update replace
  4.         quietly count if _merge == 2
  5.         display "`repocodelist' codes that didn't match: " r(N)
  6.         //drop if _merge == 2
.         drop _merge
  7. }
Codelist: lshtm_2102

    Result                      Number of obs
    -----------------------------------------
    Not matched                           544
        from master                       429  (_merge==1)
        from using                        115  (_merge==2)

    Matched                               213
        not updated                       213  (_merge==3)
        missing updated                     0  (_merge==4)
        nonmissing conflict                 0  (_merge==5)
    -----------------------------------------
lshtm_2102 codes that didn't match: 115
Codelist: lshtm_2187

    Result                      Number of obs
    -----------------------------------------
    Not matched                           429
        from master                       429  (_merge==1)
        from using                          0  (_merge==2)

    Matched                               328
        not updated                       328  (_merge==3)
        missing updated                     0  (_merge==4)
        nonmissing conflict                 0  (_merge==5)
    -----------------------------------------
lshtm_2187 codes that didn't match: 0
Codelist: lshtm_2814

    Result                      Number of obs
    -----------------------------------------
    Not matched                           429
        from master                       429  (_merge==1)
        from using                          0  (_merge==2)

    Matched                               328
        not updated                       328  (_merge==3)
        missing updated                     0  (_merge==4)
        nonmissing conflict                 0  (_merge==5)
    -----------------------------------------
lshtm_2814 codes that didn't match: 0
Codelist: lshtm_3590

    Result                      Number of obs
    -----------------------------------------
    Not matched                           583
        from master                        77  (_merge==1)
        from using                        506  (_merge==2)

    Matched                               680
        not updated                       328  (_merge==3)
        missing updated                   352  (_merge==4)
        nonmissing conflict                 0  (_merge==5)
    -----------------------------------------
lshtm_3590 codes that didn't match: 506
Codelist: hdruk_1595

    Result                      Number of obs
    -----------------------------------------
    Not matched                           517
        from master                       513  (_merge==1)
        from using                          4  (_merge==2)

    Matched                               750
        not updated                       746  (_merge==3)
        missing updated                     4  (_merge==4)
        nonmissing conflict                 0  (_merge==5)
    -----------------------------------------
hdruk_1595 codes that didn't match: 4
Codelist: oc_opensafely_combbpmed

    Result                      Number of obs
    -----------------------------------------
    Not matched                         1,160
        from master                     1,160  (_merge==1)
        from using                          0  (_merge==2)

    Matched                               107
        not updated                       107  (_merge==3)
        missing updated                     0  (_merge==4)
        nonmissing conflict                 0  (_merge==5)
    -----------------------------------------
oc_opensafely_combbpmed codes that didn't match: 0

. 
. merge 1:1 prodcodeid using `product', update replace
(variable termfromemis was str87, now str211 to accommodate using data's values)
(variable productname was str87, now str211 to accommodate using data's values)
(variable formulation was str33, now str72 to accommodate using data's values)
(variable routeofadministration was str38, now str115 to accommodate using data's values)
(variable drugsubstancename was str62, now str999 to accommodate using data's values)
(variable substancestrength was str41, now str433 to accommodate using data's values)
(variable bnfname was str60, now str100 to accommodate using data's values)

    Result                      Number of obs
    -----------------------------------------
    Not matched                        72,223
        from master                         0  (_merge==1)
        from using                     72,223  (_merge==2)

    Matched                             1,267
        not updated                       642  (_merge==3)
        missing updated                   625  (_merge==4)
        nonmissing conflict                 0  (_merge==5)
    -----------------------------------------

. drop if _merge == 2
(72,223 observations deleted)

. drop _merge

. tab external_codelist, missing  //lots of extras

external_co |
     delist |      Freq.     Percent        Cum.
------------+-----------------------------------
          1 |      1,194       94.24       94.24
          . |         73        5.76      100.00
------------+-----------------------------------
      Total |      1,267      100.00

. 
. //Clinician input needed on whether these should be included
. //Would require adding extra terms to search if these should be included
. 
. 
. // STEP 7. EXPORT CODELIST FOR REVIEW BY A CLINICIAN
. //===================================================
. 
. gsort /*antihypertensive_medication*/ -drugissues dmdid

. compress
  variable termfromemis was str211 now str97
  variable productname was str211 now str97
  variable formulation was str72 now str33
  variable routeofadministration was str115 now str38
  variable drugsubstancename was str999 now str62
  variable substancestrength was str433 now str41
  variable bnfname was str100 now str60
  (2,170,371 bytes saved)

. save `filename', replace
file antihypertensives.dta saved

. export excel `filename'_raw.xlsx, firstrow(variables) replace
file antihypertensives_raw.xlsx saved

. 
. //Format Excel file using Python
. python:
----------------------------------------------- python (type end to exit) ------------------------------------------------------------------------------------------------------
>>> from openpyxl import load_workbook, Workbook
>>> 
>>> excel_file = "`filename'_raw.xlsx"
>>> 
>>> wb = load_workbook(excel_file)
>>> ws = wb.active
>>> 
>>> # Freeze top row
... ws.freeze_panes = 'A2'
>>> 
>>> # Auto-size column widths
... for column in ws.columns:
...         max_length = 0
...         column_letter = column[0].column_letter
... 
...         for cell in column:
...                 try:
...                         if len(str(cell.value)) > max_length:
...                                 max_length = len(cell.value)
...                 except:
...                         pass
... 
...         adjusted_width = (max_length + 2) * 0.92   # this is a bit arbitrary
...         ws.column_dimensions[column_letter].width = adjusted_width
... 
>>> wb.save(excel_file)
>>> end
--------------------------------------------------------------------------------------------------------------------------------------------------------------------------------

. /*
> Make sure that reviewing clinician's initials are appended to the end of the file name after reviewing.
> 
> e.g. codelist_raw_ABC.xlsx
> */
. 
. 
. // STEP 8. RESTRICT CODELIST TO CODES APPROVED BY CLINICIAN AND SAVE
. //===================================================================
. /*
> //Load clinician classifications
> local clinician "ABC"
> 
> import excel `filename'_raw_`clinician', firstrow clear
> 
> //Remerge with original in case of any formatting issues with Excel spreadsheet
> keep medcodeid `clinician'
> 
> tempfile `clinician'_classification
> save ``clinician'_classification'
> 
> use `filename', clear
> 
> merge 1:1 medcodeid using ``clinician'_classification', nogenerate
> recode `clinician' (. = 0)
> 
> //Remove codes marked for exclusion by clinician
> display "Terms excluded by clinician..."
> list medcodeid snomedctconceptid term if `clinician' == 0
> drop if `clinician' == 0
> 
> //Save clinican approved codelist
> gsort /**/antihypertensive_medication/**/ -drugissues dmdid
> drop `clinician'
> compress
> save `filename', replace*/
. export delimited `filename', replace quote
file antihypertensives.csv saved

. 
. 
. // STEP 9. GENERATE METADATA FILE
. //================================
. 
. //=**Update details here, everything else is automated**========================
. local description "Antihypertensives"

. local code_type "prodcodeid (dm+d / SNOMED CT)"

. local database "CPRD Aurum"

. local database_version = ym(real(substr("`aurum_build'", 1, 4)), ///
>                                                         real(substr("`aurum_build'", 5, 2)))

. local author "Philip Stone"

. local date = ym(2025, 3)  //year, month

. local clinical_reviewer ""

. local date_approved = . //ym(2025, 3)  //year, month

. local notes "Created for PRIORITY study"

. local keywords "ambrisentan bosentan diazoxide hydralazine iloprost macitentan minoxidil riociguat selexipag sildenafil sitaxentan tadalafil vericiguat clonidine guanfacine m
> ethyldopa moxonidine debrisoquine guanethidine doxazosin indoramin phenoxybenzamine phentolamine prazosin terazosin captopril cilazapril enalapril fosinopril imidapril lisino
> pril moexipril perindopril quinapril ramipril trandolapril azilsartan candesartan eprosartan irbesartan losartan olmesartan telmisartan valsartan aliskiren ketanserin"

. //==============================================================================
. 
. clear

. gen v1 = ""

. gen v2 = .

. format %tmMon_CCYY v2

. set obs 10
Number of observations (_N) was 0, now 10.

. 
. replace v1 = "`description'" in 1
variable v1 was str1 now str17
(1 real change made)

. replace v1 = "`code_type'" in 2
variable v1 was str17 now str29
(1 real change made)

. replace v1 = "`database'" in 3
(1 real change made)

. replace v2 = `database_version' in 4
(1 real change made)

. replace v1 = "`author'" in 5
(1 real change made)

. replace v2 = `date' in 6
(1 real change made)

. replace v1 = "`clinical_reviewer'" in 7
(0 real changes made)

. replace v2 = `date_approved' in 8
(0 real changes made)

. replace v1 = "`notes'" in 9
(1 real change made)

. replace v1 = "`keywords'" in 10
variable v1 was str29 now str498
(1 real change made)

. 
. tostring v2, replace usedisplayformat force
v2 was float now str8
v2 was forced to string; some loss of information

. replace v1 = v2 in 4
(1 real change made)

. replace v1 = v2 in 6
(1 real change made)

. replace v1 = v2 in 8
(1 real change made)

. drop v2

. 
. export delimited "`filename'.meta", replace novarnames delimiter(tab)
file antihypertensives.meta saved

. 
. 
. use "`filename'", clear  //So that you can see results of search after do file run

. 
.         
. log close
      name:  <unnamed>
       log:  C:\Users\rmjlton.AD\Documents\GitHub\priority\codelists\antihypertensives.log
  log type:  text
 closed on:   3 Apr 2025, 03:53:08
--------------------------------------------------------------------------------------------------------------------------------------------------------------------------------
