--------------------------------------------------------------------------------------------------------------------------------------------------------------------------------
      name:  <unnamed>
       log:  C:\Users\rmjlton\GitHub\priority\codelists\myocardial_infarction.log
  log type:  text
 opened on:  20 Jan 2025, 21:37:06

. 
. 
. //= CPRD LOOKUP LOCATION - would be good to get this in a shared location ======
. 
. //*Directory of medical dictionary*
. local browser_dir "C:/Users/rmjlton/OneDrive - University College London/PRIORITY/lookups/`aurum_build'_Lookups_CPRDAurum"

. 
. //*Directory of label lookups*
. local lookup_dir "C:/Users/rmjlton/OneDrive - University College London/PRIORITY/lookups/`aurum_build'_Lookups_CPRDAurum"

. 
. //==============================================================================
. 
. //Import latest medical browser; force medcodeid, SNOMED CT Description ID, and SNOMED CT Concept ID to be string
. //import delimited "`browser_dir'/CPRDAurumMedical.txt", stringcols(1 6 7) favorstrfixed
. import delimited "`browser_dir'/`aurum_build'_EMISMedicalDictionary.txt", stringcols(1 6 7) favorstrfixed
(encoding automatically selected: UTF-8)
(9 vars, 240,999 obs)

. 
. //Drop useless variables
. drop release emiscodecategoryid

. 
. order medcodeid observations originalreadcode cleansedreadcode ///
>         snomedctconceptid snomedctdescriptionid term

. 
. //Save medical code browser to a tempfile
. tempfile medical

. save `medical'
file C:\Users\rmjlton\AppData\Local\Temp\ST_6478_000001.tmp saved as .dta format

. 
. 
. // STEP 1. IDENTIFY SEARCH TERMS
. //===============================
. 
. //**Define search terms below. Use multiple local macros if categorising desired codes in to multiple categories make more sense**
. 
. local mi " "*myocardi*infarc*" "*infarc*myocardi*" "*infarc*heart*" "*heart*attack*" "* mi *" "mi" "mi *" "*stemi *" "*stemi" "*acute*infarc*" "*septal*infarc*" "*acute*coron
> ary*syndrome*" "*coronary*thrombosis*" "*myocardial*isch*emia*" "

. 
. 
. // STEP 2. SEARCH THE MEDICAL TERMINOLOGY DICTIONARY USING THE SEARCH TERMS
. //==========================================================================
. 
. //**Add any additional local macros if you have used more than 1**
. //For each specified local macro...
. foreach termgroup in /**/mi/**/ {
  2.         
.         //Generate an empty binary indicator variable taking the name of the local macro
.         gen byte `termgroup' = .
  3.         
.         //For each SNOMED CT term description (converted to lower case)...
.         foreach codeterm in lower(term) {
  4.                 
.                 //For each individual search term in the local macro
.                 foreach searchterm in ``termgroup'' {
  5.                         
.                         //Set the indicator variable to 1 if the SNOMED CT term description matches the search term from the local macro
.                         replace `termgroup' = 1 if strmatch(`codeterm', "`searchterm'")
  6.                 }
  7.         }
  8. }
(240,999 missing values generated)
(199 real changes made)
(2 real changes made)
(1 real change made)
(9 real changes made)
(0 real changes made)
(0 real changes made)
(1 real change made)
(1 real change made)
(0 real changes made)
(21 real changes made)
(4 real changes made)
(4 real changes made)
(6 real changes made)
(11 real changes made)

. 
. keep if /**/mi/**/ == 1
(240,740 observations deleted)

. compress
  variable medcodeid was str18 now str17
  variable originalreadcode was str19 now str14
  variable snomedctdescriptionid was str18 now str16
  variable term was str233 now str162
  (20,461 bytes saved)

. 
. gsort /**/mi/**/ -observations snomedctconceptid snomedctdescriptionid originalreadcode

. 
. tab1 /**/mi/**/

-> tabulation of mi  

         mi |      Freq.     Percent        Cum.
------------+-----------------------------------
          1 |        259      100.00      100.00
------------+-----------------------------------
      Total |        259      100.00

. 
. 
. // (OPTIONAL) STEP 3. PERFORM A SECONDARY SEARCH TO EXCLUDE BROAD UNDESIRED TERMS
. //================================================================================
. 
. //Comment out this section if not required.
. 
. // **Exclusion terms**
. 
. local exclude " "*score*" "*risk*" "*fear of*" "*observation*for*" "*spinal*" "*bowel*" "*intestin*" "

. local familyhistory " "*family*history*" "*fh*" "

. 
. //Search for codes to exclude
. foreach excludeterm in exclude /**/familyhistory/**/ {
  2. 
.         gen byte `excludeterm' = .
  3. 
.         foreach codeterm in lower(term) {
  4.                 
.                 foreach searchterm in ``excludeterm'' {         
  5.                         
.                         replace `excludeterm' = 1 if strmatch(`codeterm', "`searchterm'")
  6.                 }
  7.         }
  8. }
(259 missing values generated)
(7 real changes made)
(0 real changes made)
(1 real change made)
(1 real change made)
(2 real changes made)
(1 real change made)
(1 real change made)
(259 missing values generated)
(7 real changes made)
(12 real changes made)

. 
. //Check that nothing important is highlighted for exclusion before dropping
. list term if exclude == 1

     +--------------------------------------------------------------------------------------------------------------------------------------------------------------------+
     |                                                                                                                                                               term |
     |--------------------------------------------------------------------------------------------------------------------------------------------------------------------|
  3. |                  CHADS2 (congestive heart failure, hypertension, age 75 years or older, diabetes mellitus and previous stroke or transient ischaemic attack) score |
 50. | Assessment using CHADS2 (congestive heart failure, hypertension, age 75 years or older, diabetes mellitus and previous stroke or transient ischaemic attack) score |
 57. |                                                                                                                  Myelopathy due to acute infarction of spinal cord |
 63. |                                                                                                                 [V]Observation for suspected myocardial infarction |
109. |                                             Thrombolysis In Myocardial Infarction risk score for unstable angina or non-ST-segment-elevation myocardial infarction |
     |--------------------------------------------------------------------------------------------------------------------------------------------------------------------|
173. |                                                                                                                                             Acute bowel infarction |
178. |                                                                                                                                    Acute infarction of spinal cord |
210. |                   CHADS2 (congestive heart failure, hypertension, age 75 years or older, diabetes mellitus and previous stroke or transient ischemic attack) score |
229. |                  CHADS2 (congestive heart failure, hypertension, age 75 years or older, diabetes mellitus and previous stroke or transient ischaemic attack) score |
237. |                                                                                                                                        Acute intestinal infarction |
     |--------------------------------------------------------------------------------------------------------------------------------------------------------------------|
239. |                                                                                                                                      Fear of having a heart attack |
245. |                              Congestive heart failure, hypertension, age 75 years or older, diabetes, and previous stroke or transient ischaemic attack risk score |
250. |  Assessment using CHADS2 (congestive heart failure, hypertension, age 75 years or older, diabetes mellitus and previous stroke or transient ischemic attack) score |
     +--------------------------------------------------------------------------------------------------------------------------------------------------------------------+

. /**/list term if familyhistory == 1/**/

     +------------------------------------------------------------------------------------------------+
     |                                                                                           term |
     |------------------------------------------------------------------------------------------------|
  2. |                                                                      FH: Myocardial infarction |
  8. |                                                      FH: Myocardial infarction at less than 60 |
  9. |                                   FH: Myocardial infarct in 1st degree male relative <55 years |
 11. |                                                                 FH: Myocardial infarction < 60 |
 14. |                                                   FH: Myocardial infarction at greater than 60 |
     |------------------------------------------------------------------------------------------------|
 15. |                                           FH myocardial infarction male first degree age known |
 16. | Family history of myocardial infarct in first degree female relative less than 65 years of age |
 22. |                                                        Family history of myocardial infarction |
 23. |                                                                 FH: Myocardial infarction > 60 |
 24. |                                                                        FH: Coronary thrombosis |
     |------------------------------------------------------------------------------------------------|
 25. |                                         FH myocardial infarction female first degree age known |
 27. |                                                                   No FH: Myocardial infarction |
 29. |                                         FH myocardial infarction male first degree age unknown |
 43. |                                       FH myocardial infarction female first degree age unknown |
 84. |            Family history of myocardial infarction in first degree relative less than 60 years |
     |------------------------------------------------------------------------------------------------|
102. |                                                          Family history: Myocardial infarction |
129. |           Family history of myocardial infarction in second degree relative less than 50 years |
205. |                                          Family history: Myocardial infarction at less than 60 |
219. |                                       Family history: Myocardial infarction at greater than 60 |
     +------------------------------------------------------------------------------------------------+

. 
. drop if exclude == 1 ///
> /**/| familyhistory == 1/**/
(32 observations deleted)

. 
. drop exclude /**/familyhistory/**/

. count
  227

. compress
  variable term was str162 now str137
  (5,675 bytes saved)

. 
. 
. // STEP 4. MANUAL SCREEN OF CODELIST TO REMOVE UNDESIRED TERMS
. //=============================================================
. /* EVERYTHING LOOKS OK
> // **medcodeids to remove**
> local initial_remove "123"
> 
> gen byte remove = 0
> 
> foreach medcode of local initial_remove {
>         
>         replace remove = 1 if medcodeid == "`medcode'"
> }
> 
> list medcodeid snomedctdescriptionid snomedctconceptid originalreadcode term if remove == 1
> drop if remove == 1
> drop remove
> 
> compress
> tab1 /**/mi/**/
> */
. 
. // STEP 5. USE THE SNOMED CT CONCEPT ID TO FIND ADDITIONAL SYNONYMOUS TERMS
. //==========================================================================
. 
. //Check for missing SNOMED CT Concepts
. codebook snomedctconceptid

--------------------------------------------------------------------------------------------------------------------------------------------------------------------------------
snomedctconceptid                                                                                                                                              SnomedCTConceptId
--------------------------------------------------------------------------------------------------------------------------------------------------------------------------------

                  Type: String (str18)

         Unique values: 165                       Missing "": 0/227

              Examples: "1755008"
                        "277834005"
                        "54329005"
                        "715971000000103"

. assert !missing(snomedctconceptid)

. 
. count
  227

. 
. //Make a note of current list
. preserve

.         keep medcodeid /**/mi/**/

.         gen byte original = 1

.         tempfile original

.         save `original'
file C:\Users\rmjlton\AppData\Local\Temp\ST_6478_000003.tmp saved as .dta format

. restore

. 
. //Merge SNOMED CT Concepts with medical dictionary
. keep snomedctconceptid /**/mi/**/

. bysort snomedctconceptid: keep if _n == 1
(62 observations deleted)

. 
. //Merge with original search results
. merge 1:m snomedctconceptid using `medical', nogenerate keep(match)

    Result                      Number of obs
    -----------------------------------------
    Not matched                             0
    Matched                               247  
    -----------------------------------------

. compress
  variable medcodeid was str18 now str17
  variable originalreadcode was str19 now str14
  variable snomedctdescriptionid was str18 now str16
  variable term was str233 now str137
  (25,688 bytes saved)

. merge 1:1 medcodeid using `original', nogenerate

    Result                      Number of obs
    -----------------------------------------
    Not matched                            20
        from master                        20  
        from using                          0  

    Matched                               227  
    -----------------------------------------

. order snomedctconceptid, before(snomedctdescriptionid)

. order /**/mi/**/, last

. gsort /**/mi/**/ originalreadcode

. 
. //Label new codes
. gen new_snomedct_synonym = (original != 1)

. drop original

. 
. //Show new codes
. foreach category of varlist /**/mi/**/ {
  2.         
.         display "New terms found for: `category'"
  3.         list snomedctconceptid originalreadcode term if new_snomedct_synonym == 1 & `category' == 1
  4. }
New terms found for: mi

     +-----------------------------------------------------------------------------+
     | snomedctconce~d   originalrea~e                                        term |
     |-----------------------------------------------------------------------------|
 15. | 585461000000102        790H0-97                   Heart lesion excision NOS |
 17. | 585461000000102        790H0-99                       Heart lesion excision |
 25. |        22298006           G30-1                              Attack - heart |
 30. |       398274000           G30-6                       Thrombosis - coronary |
 59. |        66189004          G310-1                         Dressler's syndrome |
     |-----------------------------------------------------------------------------|
 64. |       194823009           G31y0                Acute coronary insufficiency |
 72. |       413844008           G34y0              Chronic coronary insufficiency |
 94. |        48724000            G540                   Mitral valve incompetence |
 95. |        48724000          G540-2                  Mitral valve insufficiency |
 96. |        48724000          G540-4                  Mitral valve regurgitation |
     |-----------------------------------------------------------------------------|
 97. |        48724000          G540-6                        Mitral regurgitation |
 98. |        48724000           G5401      Mitral incompetence, cause unspecified |
112. |       827164008    ^ESCT1393005                         Dressler's syndrome |
197. |       233823002   ^ESCTAS505626                      Asymptomatic ischaemia |
208. |        48724000   ^ESCTMI328848                   Mitral valve incompetence |
     |-----------------------------------------------------------------------------|
210. |        48724000   ^ESCTMI328853                        Mitral insufficiency |
215. |        48724000   ^ESCTMR328852                   MR - Mitral regurgitation |
232. |       233846000   ^ESCTPO505650   Post-infarction ventricular septal defect |
238. |       302049001   ^ESCTSE590217                         Sequela of disorder |
239. |       302049001   ^ESCTSE590218                       Sequelae of disorders |
     +-----------------------------------------------------------------------------+

. 
. //Check new codes in the context of originally included SNOMED CT Concept ID codes
. preserve

.         keep if new_snomedct_synonym == 1
(227 observations deleted)

.         keep snomedctconceptid

.         bysort snomedctconceptid: keep if _n == 1
(9 observations deleted)

. 
.         count
  11

.         local obs = r(N)

. 
.         forvalues i = 1/`obs' {
  2.                 
.                 if `i' == 1 {
  3.                         
.                         local expanded_ids = snomedctconceptid in `i'
  4.                 }
  5.                 else {
  6.                         
.                         local expanded_ids = "`expanded_ids' " + snomedctconceptid in `i'
  7.                 }
  8.         }

. restore

. 
. foreach expanded_id of local expanded_ids {
  2.         
.         display "SNOMED CT Concept ID for which additional terms where found: `expanded_id'"
  3.         
.         list medcodeid originalreadcode term new_snomedct_synonym observations ///
>                 if snomedctconceptid == "`expanded_id'"
  4. }
SNOMED CT Concept ID for which additional terms where found: 194823009

     +---------------------------------------------------------------------------------+
     |       medcodeid   origin~e                           term   new_sn~m   observ~s |
     |---------------------------------------------------------------------------------|
 64. |       299745015      G31y0   Acute coronary insufficiency          1      10000 |
 65. | 931961000006117   G31y0-99        Acute coronary syndrome          0        200 |
     +---------------------------------------------------------------------------------+
SNOMED CT Concept ID for which additional terms where found: 22298006

     +-------------------------------------------------------------------------------------+
     |        medcodeid   originalrea~e                         term   new_sn~m   observ~s |
     |-------------------------------------------------------------------------------------|
 25. |  219521000000119           G30-1               Attack - heart          1       1000 |
 28. |         37443015           G30-4                 Heart attack          0      10000 |
207. | 2855341000006114   ^ESCTMI285534   MI - Myocardial infarction          0          8 |
217. | 2855301000006112   ^ESCTMY285530        Myocardial infarction          0       6000 |
218. | 2855351000006111   ^ESCTMY285535           Myocardial infarct          0         40 |
     +-------------------------------------------------------------------------------------+
SNOMED CT Concept ID for which additional terms where found: 233823002

     +--------------------------------------------------------------------------------------+
     |        medcodeid   originalrea~e                          term   new_sn~m   observ~s |
     |--------------------------------------------------------------------------------------|
 71. |        350354017            G344   Silent myocardial ischaemia          0       2000 |
197. | 5056261000006112   ^ESCTAS505626        Asymptomatic ischaemia          1          2 |
     +--------------------------------------------------------------------------------------+
SNOMED CT Concept ID for which additional terms where found: 233846000

     +--------------------------------------------------------------------------------------------------------------------------------------------------+
     |        medcodeid   originalrea~e                                                                                      term   new_sn~m   observ~s |
     |--------------------------------------------------------------------------------------------------------------------------------------------------|
 82. |   67081000006119            G362   Ventricular septal defect as current complication following acute myocardial infarction          0         70 |
232. | 5056501000006113   ^ESCTPO505650                                                 Post-infarction ventricular septal defect          1         10 |
     +--------------------------------------------------------------------------------------------------------------------------------------------------+
SNOMED CT Concept ID for which additional terms where found: 302049001

     +-----------------------------------------------------------------------------------------------------------------------+
     |        medcodeid   originalrea~e                                                           term   new_sn~m   observ~s |
     |-----------------------------------------------------------------------------------------------------------------------|
 99. |  408571000006116           Gyu31   [X]Other current complicatns following acute myocard infarct          0         10 |
238. | 5902171000006112   ^ESCTSE590217                                            Sequela of disorder          1          6 |
239. | 5902181000006110   ^ESCTSE590218                                          Sequelae of disorders          1          1 |
     +-----------------------------------------------------------------------------------------------------------------------+
SNOMED CT Concept ID for which additional terms where found: 398274000

     +-------------------------------------------------------------------------------------+
     |        medcodeid   originalrea~e                         term   new_sn~m   observ~s |
     |-------------------------------------------------------------------------------------|
 26. |       1786197015           G30-2          Coronary thrombosis          0       3000 |
 30. |       1786198013           G30-6        Thrombosis - coronary          1        500 |
198. | 6601121000006118   ^ESCTCO660112   Coronary artery thrombosis          0        100 |
201. | 6601131000006115   ^ESCTCT660113     CT - Coronary thrombosis          0          1 |
     +-------------------------------------------------------------------------------------+
SNOMED CT Concept ID for which additional terms where found: 413844008

     +------------------------------------------------------------------------------+
     |  medcodeid   origin~e                             term   new_sn~m   observ~s |
     |------------------------------------------------------------------------------|
 72. | 2537483013      G34y0   Chronic coronary insufficiency          1        800 |
 73. | 2534674015      G34y1     Chronic myocardial ischaemia          0       3000 |
     +------------------------------------------------------------------------------+
SNOMED CT Concept ID for which additional terms where found: 48724000

     +-------------------------------------------------------------------------------------------------+
     |        medcodeid   originalrea~e                                     term   new_sn~m   observ~s |
     |-------------------------------------------------------------------------------------------------|
 94. |         81191015            G540                Mitral valve incompetence          1      30000 |
 95. |         81192010          G540-2               Mitral valve insufficiency          1        300 |
 96. |         81186016          G540-4               Mitral valve regurgitation          1      80000 |
 97. |         81193017          G540-6                     Mitral regurgitation          1     200000 |
 98. |        299981013           G5401   Mitral incompetence, cause unspecified          1       6000 |
     |-------------------------------------------------------------------------------------------------|
208. | 3288481000006112   ^ESCTMI328848                Mitral valve incompetence          1         50 |
209. | 3288511000006116   ^ESCTMI328851                 MI - Mitral incompetence          0          4 |
210. | 3288531000006110   ^ESCTMI328853                     Mitral insufficiency          1          3 |
215. | 3288521000006112   ^ESCTMR328852                MR - Mitral regurgitation          1         60 |
     +-------------------------------------------------------------------------------------------------+
SNOMED CT Concept ID for which additional terms where found: 585461000000102

     +------------------------------------------------------------------------------+
     |       medcodeid   origin~e                        term   new_sn~m   observ~s |
     |------------------------------------------------------------------------------|
 15. | 865021000006111   790H0-97   Heart lesion excision NOS          1         10 |
 16. | 865031000006114   790H0-98      Infarct myocardiectomy          0          6 |
 17. | 865041000006116   790H0-99       Heart lesion excision          1          5 |
     +------------------------------------------------------------------------------+
SNOMED CT Concept ID for which additional terms where found: 66189004

     +----------------------------------------------------------------------------------------------+
     |        medcodeid   originalrea~e                                  term   new_sn~m   observ~s |
     |----------------------------------------------------------------------------------------------|
 58. |        109915012            G310   Post-myocardial infarction syndrome          0        400 |
 59. |        109916013          G310-1                   Dressler's syndrome          1         90 |
231. | 3576371000006117   ^ESCTPO357637    Postmyocardial infarction syndrome          0         10 |
     +----------------------------------------------------------------------------------------------+
SNOMED CT Concept ID for which additional terms where found: 827164008

     +---------------------------------------------------------------------------------------------------------+
     |         medcodeid   originalre~e                                             term   new_sn~m   observ~s |
     |---------------------------------------------------------------------------------------------------------|
111. | 13930031000006112   ^ESCT1393003   Delayed postmyocardial infarction pericarditis          0         80 |
112. | 13930051000006117   ^ESCT1393005                              Dressler's syndrome          1       2000 |
     +---------------------------------------------------------------------------------------------------------+

. 
. //This code doesn't look quite right
. list if snomedctconceptid == "302049001"

     +----------------------------------------------------------------------------------------------------------------------------------------------------------------+
     |        medcodeid   observ~s   originalrea~e   cleans~e   snome~tid   snomed~nid                                                           term   mi   new_sn~m |
     |----------------------------------------------------------------------------------------------------------------------------------------------------------------|
 99. |  408571000006116         10           Gyu31    Gyu3100   302049001    443587013   [X]Other current complicatns following acute myocard infarct    1          0 |
238. | 5902171000006112          6   ^ESCTSE590217              302049001   1208730013                                            Sequela of disorder    1          1 |
239. | 5902181000006110          1   ^ESCTSE590218              302049001    443587013                                          Sequelae of disorders    1          1 |
     +----------------------------------------------------------------------------------------------------------------------------------------------------------------+

. drop if snomedctconceptid == "302049001"
(3 observations deleted)

. 
. 
. // (OPTIONAL) STEP 6. USE ANOTHER SEARCH TO AUTOMATE THE CATEGORISATION OF CODES
. //===============================================================================
. 
. //Comment out this section if not required.
. /*
> // **Search terms for each categorisation desired**
> local cat1 " "*cat1*" "
> local cat2 " "*cat2*" "
> 
> //Search for codes
> foreach categoryterm in /**/cat1 cat2/**/ {
>         
>         gen byte `categoryterm' = .
>         
>         foreach codeterm in lower(term) {
>                 
>                 foreach searchterm in ``categoryterm'' {                
>                         
>                         replace `categoryterm' = 1 if strmatch(`codeterm', "`searchterm'")
>                 }
>         }
> }
> 
> tab1 cat1 cat2
> */
. 
. // STEP 7. COMPARE LIST WITH PRE-EXISTING CODELIST(S)
. //====================================================
. 
. //Comment this section out if no previous codelist
. 
. //MedCodeID codelists (LSHTM Data Compass)
. 
. //Format pre-existing codelist(s) ready for merging
. preserve

.         import delimited myocardial_infarction_persson2021.txt, stringcols(1) clear
(encoding automatically selected: ISO-8859-1)
(3 vars, 31 obs)

.         
.         generate medcodeid = substr(v1, 2, .)  //First char is 'M' for some reason

.         generate term = v2 + v3

.         
.         keep medcodeid term

.         
.         local name "persson2021"

.         
.         rename * *_`name'

.         rename medcodeid_`name' medcodeid

.         
.         generate byte `name' = 1

. 
.         tempfile `name'

.         compress
  (0 bytes saved)

.         save ``name''
file C:\Users\rmjlton\AppData\Local\Temp\ST_6478_000006.tmp saved as .dta format

. restore, preserve

.         import delimited https://datacompass.lshtm.ac.uk/id/eprint/2102/46/mace_aurum_jan20.txt, stringcols(1) clear
(encoding automatically selected: ISO-8859-1)
(9 vars, 303 obs)

.         
.         keep if mi == 1
(243 observations deleted)

.         keep medcodeid term

.         
.         local name "lshtm_2102"

.         
.         rename * *_`name'

.         rename medcodeid_`name' medcodeid

.         
.         generate byte `name' = 1

. 
.         tempfile `name'

.         compress
  variable medcodeid was str17 now str16
  variable term_lshtm_2102 was str60 now str58
  (180 bytes saved)

.         save ``name''
file C:\Users\rmjlton\AppData\Local\Temp\ST_6478_000007.tmp saved as .dta format

. restore, preserve

.         import delimited https://datacompass.lshtm.ac.uk/id/eprint/2196/1/mace_aurum_jan20.csv, stringcols(1) clear
(encoding automatically selected: ISO-8859-1)
(9 vars, 303 obs)

.         
.         keep if mi == 1
(243 observations deleted)

.         keep medcodeid term

.         
.         local name "lshtm_2196"

.         
.         rename * *_`name'

.         rename medcodeid_`name' medcodeid

.         
.         generate byte `name' = 1

. 
.         tempfile `name'

.         compress
  variable medcodeid was str17 now str16
  variable term_lshtm_2196 was str60 now str58
  (180 bytes saved)

.         save ``name''
file C:\Users\rmjlton\AppData\Local\Temp\ST_6478_000008.tmp saved as .dta format

. restore, preserve

.         import delimited https://datacompass.lshtm.ac.uk/id/eprint/2815/1/mace_aurum_mar20.txt, stringcols(1 5 6) clear
(encoding automatically selected: ISO-8859-1)
(13 vars, 256 obs)

.         
.         keep if mi == 1
(196 observations deleted)

.         keep medcodeid term

.         
.         local name "lshtm_2815"

.         
.         rename * *_`name'

.         rename medcodeid_`name' medcodeid

.         
.         generate byte `name' = 1

. 
.         tempfile `name'

.         compress
  variable medcodeid was str17 now str16
  variable term_lshtm_2815 was str63 now str58
  (360 bytes saved)

.         save ``name''
file C:\Users\rmjlton\AppData\Local\Temp\ST_6478_000009.tmp saved as .dta format

. restore, preserve

.         import delimited https://datacompass.lshtm.ac.uk/id/eprint/3265/1/aad_aurum_clincodes.txt, stringcols(1) favorstrfixed clear
(encoding automatically selected: ISO-8859-1)
(14 vars, 2,286 obs)

.         
.         keep if myocardial_infarction == 1
(2,226 observations deleted)

.         keep medcodeid term

.         
.         local name "lshtm_3265"

.         
.         rename * *_`name'

.         rename medcodeid_`name' medcodeid

.         
.         generate byte `name' = 1

. 
.         tempfile `name'

.         compress
  variable medcodeid was str17 now str16
  variable term_lshtm_3265 was str135 now str58
  (4,680 bytes saved)

.         save ``name''
file C:\Users\rmjlton\AppData\Local\Temp\ST_6478_00000a.tmp saved as .dta format

. restore, preserve

.         import delimited https://datacompass.lshtm.ac.uk/id/eprint/3590/69/codelist_mi_aurum.txt, stringcols(1 5 6) clear
(encoding automatically selected: ISO-8859-1)
(8 vars, 165 obs)

.         
.         keep medcodeid term

.         
.         local name "lshtm_3590"

.         
.         rename * *_`name'

.         rename medcodeid_`name' medcodeid

.         
.         generate byte `name' = 1

. 
.         tempfile `name'

.         compress
  (0 bytes saved)

.         save ``name''
file C:\Users\rmjlton\AppData\Local\Temp\ST_6478_00000b.tmp saved as .dta format

. restore

. 
. foreach codelist in persson2021 lshtm_2102 lshtm_2196 lshtm_2815 lshtm_3265 lshtm_3590 {
  2.         
.         //Merge previous codelist
.         merge 1:1 medcodeid using ``codelist''
  3. 
.         //Check for any differences
.         list term term_`codelist' if _merge == 3 ///
>                 & lower(term) != lower(term_`codelist')
  4. 
.         //Comment on result above: **No meaningful differences**
. 
.         display "Terms on pre-existing list only..."
  5.         list medcodeid term_`codelist' if _merge == 2
  6.         
.         //Put pre-existing codelist terms in current codelist term column
.         replace term = term_`codelist' if _merge == 2
  7.         replace /**/mi/**/ = 1 if _merge == 2
  8. 
.         //Drop old terms and merge variable
.         drop *_`codelist' _merge
  9. }

    Result                      Number of obs
    -----------------------------------------
    Not matched                           215
        from master                       214  (_merge==1)
        from using                          1  (_merge==2)

    Matched                                30  (_merge==3)
    -----------------------------------------

     +----------------------------------------------------------------------------------------------------------------------------------------+
     |                                                                      term                                             term_persson2021 |
     |----------------------------------------------------------------------------------------------------------------------------------------|
 90. |                                      Acute anterior myocardial infarction               OTHER SPECIFIED ANTERIOR MYOCARDIAL INFARCTION |
 93. |                                     Acute posterior myocardial infarction                          POSTERIOR MYOCARDIAL INFARCTION NOS |
 94. |                                       Acute lateral myocardial infarction                            LATERAL MYOCARDIAL INFARCTION NOS |
 96. |                              Acute myocardial infarction of inferior wall                           INFERIOR MYOCARDIAL INFARCTION NOS |
142. |                                 Acute anterolateral myocardial infarction                               ACUTE ANTEROLATERAL INFARCTION |
     |----------------------------------------------------------------------------------------------------------------------------------------|
143. |                                  Acute anteroseptal myocardial infarction                                ACUTE ANTEROSEPTAL INFARCTION |
144. |                                 Acute inferolateral myocardial infarction                               ACUTE INFEROLATERAL INFARCTION |
170. | Diabetes mellitus insulin-glucose infusion in acute myocardial infarction   DIAB MELLIT INSULIN-GLUCOSE INFUS ACUTE MYOCARDIAL INFARCT |
     +----------------------------------------------------------------------------------------------------------------------------------------+
Terms on pre-existing list only...

     +-----------------------------+
     |        medcodeid   ter~2021 |
     |-----------------------------|
245. | 1790731000006117        AMI |
     +-----------------------------+
(1 real change made)
(1 real change made)

    Result                      Number of obs
    -----------------------------------------
    Not matched                           209
        from master                       197  (_merge==1)
        from using                         12  (_merge==2)

    Matched                                48  (_merge==3)
    -----------------------------------------

     +-----------------------------------------------------------------------------------------------------+
     |                                               term                                  term_lshtm_2102 |
     |-----------------------------------------------------------------------------------------------------|
 91. |               Acute anterior myocardial infarction   other specified anterior myocardial infarction |
 94. |              Acute posterior myocardial infarction              posterior myocardial infarction nos |
 95. |                Acute lateral myocardial infarction                lateral myocardial infarction nos |
 97. |       Acute myocardial infarction of inferior wall               inferior myocardial infarction nos |
143. |          Acute anterolateral myocardial infarction                   acute anterolateral infarction |
     |-----------------------------------------------------------------------------------------------------|
144. |           Acute anteroseptal myocardial infarction                    acute anteroseptal infarction |
145. |          Acute inferolateral myocardial infarction                   acute inferolateral infarction |
236. | Acute myocardial infarction of posterolateral wall       acute posterolateral myocardial infarction |
     +-----------------------------------------------------------------------------------------------------+
Terms on pre-existing list only...

     +----------------------------------------------------------------------+
     |        medcodeid                                     term_lshtm_2102 |
     |----------------------------------------------------------------------|
246. | 2663441000006117                acute infarction of papillary muscle |
247. | 2855311000006110                                 infarction of heart |
248. | 2855321000006119                                  cardiac infarction |
249. | 3343471000006116            acute anteroapical myocardial infarction |
250. | 3645351000006114                      acute nontransmural infarction |
     |----------------------------------------------------------------------|
251. | 3699911000006119   acute myocardial infarction of diaphragmatic wall |
252. | 3784911000006111               acute myocardial infarction of septum |
253. | 3784921000006115         acute myocardial infarction of septum alone |
254. | 4775881000006117                      true posterior wall infarction |
255. | 4775891000006119               acute myocardial infarction of atrium |
     |----------------------------------------------------------------------|
256. | 6348651000006112             myocardial infarction with complication |
257. |  932081000006118                         first myocardial infarction |
     +----------------------------------------------------------------------+
(12 real changes made)
(12 real changes made)

    Result                      Number of obs
    -----------------------------------------
    Not matched                           197
        from master                       197  (_merge==1)
        from using                          0  (_merge==2)

    Matched                                60  (_merge==3)
    -----------------------------------------

     +-----------------------------------------------------------------------------------------------------+
     |                                               term                                  term_lshtm_2196 |
     |-----------------------------------------------------------------------------------------------------|
 94. |               Acute anterior myocardial infarction   other specified anterior myocardial infarction |
 97. |              Acute posterior myocardial infarction              posterior myocardial infarction nos |
 98. |                Acute lateral myocardial infarction                lateral myocardial infarction nos |
100. |       Acute myocardial infarction of inferior wall               inferior myocardial infarction nos |
151. |          Acute anterolateral myocardial infarction                   acute anterolateral infarction |
     |-----------------------------------------------------------------------------------------------------|
152. |           Acute anteroseptal myocardial infarction                    acute anteroseptal infarction |
153. |          Acute inferolateral myocardial infarction                   acute inferolateral infarction |
248. | Acute myocardial infarction of posterolateral wall       acute posterolateral myocardial infarction |
     +-----------------------------------------------------------------------------------------------------+
Terms on pre-existing list only...
(0 real changes made)
(0 real changes made)

    Result                      Number of obs
    -----------------------------------------
    Not matched                           197
        from master                       197  (_merge==1)
        from using                          0  (_merge==2)

    Matched                                60  (_merge==3)
    -----------------------------------------

     +-----------------------------------------------------------------------------------------------------+
     |                                               term                                  term_lshtm_2815 |
     |-----------------------------------------------------------------------------------------------------|
 94. |               Acute anterior myocardial infarction   other specified anterior myocardial infarction |
 97. |              Acute posterior myocardial infarction              posterior myocardial infarction nos |
 98. |                Acute lateral myocardial infarction                lateral myocardial infarction nos |
100. |       Acute myocardial infarction of inferior wall               inferior myocardial infarction nos |
151. |          Acute anterolateral myocardial infarction                   acute anterolateral infarction |
     |-----------------------------------------------------------------------------------------------------|
152. |           Acute anteroseptal myocardial infarction                    acute anteroseptal infarction |
153. |          Acute inferolateral myocardial infarction                   acute inferolateral infarction |
248. | Acute myocardial infarction of posterolateral wall       acute posterolateral myocardial infarction |
     +-----------------------------------------------------------------------------------------------------+
Terms on pre-existing list only...
(0 real changes made)
(0 real changes made)

    Result                      Number of obs
    -----------------------------------------
    Not matched                           197
        from master                       197  (_merge==1)
        from using                          0  (_merge==2)

    Matched                                60  (_merge==3)
    -----------------------------------------
Terms on pre-existing list only...
(0 real changes made)
(0 real changes made)

    Result                      Number of obs
    -----------------------------------------
    Not matched                           202
        from master                       147  (_merge==1)
        from using                         55  (_merge==2)

    Matched                               110  (_merge==3)
    -----------------------------------------

     +-------------------------------------------------------------------------------------------------------------------------+
  1. |                                                                                                                    term |
     | Thrombosis of atrium, auricular appendage, and ventricle as current complications following acute myocardial infarction |
     |-------------------------------------------------------------------------------------------------------------------------|
     |                                                                           term_lshtm_3590                               |
     |                               thrombosis atrium,auric append&vent/curr comp foll acute mi                               |
     +-------------------------------------------------------------------------------------------------------------------------+

     +-------------------------------------------------------------------------------------------------------------------------+
  2. |                                                                                                                    term |
     |                                                                                     Post-myocardial infarction syndrome |
     |-------------------------------------------------------------------------------------------------------------------------|
     |                                                                           term_lshtm_3590                               |
     |                                                        postmyocardial infarction syndrome                               |
     +-------------------------------------------------------------------------------------------------------------------------+

     +-------------------------------------------------------------------------------------------------------------------------+
 55. |                                                                                                                    term |
     |          Rupture of cardiac wall without haemopericardium as current complication following acute myocardial infarction |
     |-------------------------------------------------------------------------------------------------------------------------|
     |                                                                           term_lshtm_3590                               |
     |                                ruptur cardiac wall w'out haemopericard/cur comp fol ac mi                               |
     +-------------------------------------------------------------------------------------------------------------------------+

     +-------------------------------------------------------------------------------------------------------------------------+
 56. |                                                                                                                    term |
     |                               Rupture of chordae tendinae as current complication following acute myocardial infarction |
     |-------------------------------------------------------------------------------------------------------------------------|
     |                                                                           term_lshtm_3590                               |
     |                               ruptur chordae tendinae/curr comp fol acute myocard infarct                               |
     +-------------------------------------------------------------------------------------------------------------------------+

     +-------------------------------------------------------------------------------------------------------------------------+
 57. |                                                                                                                    term |
     |                               Rupture of papillary muscle as current complication following acute myocardial infarction |
     |-------------------------------------------------------------------------------------------------------------------------|
     |                                                                           term_lshtm_3590                               |
     |                              rupture papillary muscle/curr comp fol acute myocard infarct                               |
     +-------------------------------------------------------------------------------------------------------------------------+

     +-------------------------------------------------------------------------------------------------------------------------+
 59. |                                                                                                                    term |
     |                                                          Exception reporting - myocardial infarction quality indicators |
     |-------------------------------------------------------------------------------------------------------------------------|
     |                                                                           term_lshtm_3590                               |
     |                              exception reporting: myocardial infarction quality indicator                               |
     +-------------------------------------------------------------------------------------------------------------------------+

     +-------------------------------------------------------------------------------------------------------------------------+
 68. |                                                                                                                    term |
     |                                                         Postoperative transmural myocardial infarction of anterior wall |
     |-------------------------------------------------------------------------------------------------------------------------|
     |                                                                           term_lshtm_3590                               |
     |                              postoperative transmural myocardial infarction anterior wall                               |
     +-------------------------------------------------------------------------------------------------------------------------+

     +-------------------------------------------------------------------------------------------------------------------------+
 69. |                                                                                                                    term |
     |                                                         Postoperative transmural myocardial infarction of inferior wall |
     |-------------------------------------------------------------------------------------------------------------------------|
     |                                                                           term_lshtm_3590                               |
     |                              postoperative transmural myocardial infarction inferior wall                               |
     +-------------------------------------------------------------------------------------------------------------------------+

     +-------------------------------------------------------------------------------------------------------------------------+
 94. |                                                                                                                    term |
     |                                                                                    Acute anterior myocardial infarction |
     |-------------------------------------------------------------------------------------------------------------------------|
     |                                                                           term_lshtm_3590                               |
     |                                            other specified anterior myocardial infarction                               |
     +-------------------------------------------------------------------------------------------------------------------------+

     +-------------------------------------------------------------------------------------------------------------------------+
 97. |                                                                                                                    term |
     |                                                                                   Acute posterior myocardial infarction |
     |-------------------------------------------------------------------------------------------------------------------------|
     |                                                                           term_lshtm_3590                               |
     |                                                       posterior myocardial infarction nos                               |
     +-------------------------------------------------------------------------------------------------------------------------+

     +-------------------------------------------------------------------------------------------------------------------------+
 98. |                                                                                                                    term |
     |                                                                                     Acute lateral myocardial infarction |
     |-------------------------------------------------------------------------------------------------------------------------|
     |                                                                           term_lshtm_3590                               |
     |                                                         lateral myocardial infarction nos                               |
     +-------------------------------------------------------------------------------------------------------------------------+

     +-------------------------------------------------------------------------------------------------------------------------+
100. |                                                                                                                    term |
     |                                                                            Acute myocardial infarction of inferior wall |
     |-------------------------------------------------------------------------------------------------------------------------|
     |                                                                           term_lshtm_3590                               |
     |                                                        inferior myocardial infarction nos                               |
     +-------------------------------------------------------------------------------------------------------------------------+

     +-------------------------------------------------------------------------------------------------------------------------+
151. |                                                                                                                    term |
     |                                                                               Acute anterolateral myocardial infarction |
     |-------------------------------------------------------------------------------------------------------------------------|
     |                                                                           term_lshtm_3590                               |
     |                                                            acute anterolateral infarction                               |
     +-------------------------------------------------------------------------------------------------------------------------+

     +-------------------------------------------------------------------------------------------------------------------------+
152. |                                                                                                                    term |
     |                                                                                Acute anteroseptal myocardial infarction |
     |-------------------------------------------------------------------------------------------------------------------------|
     |                                                                           term_lshtm_3590                               |
     |                                                             acute anteroseptal infarction                               |
     +-------------------------------------------------------------------------------------------------------------------------+

     +-------------------------------------------------------------------------------------------------------------------------+
153. |                                                                                                                    term |
     |                                                                               Acute inferolateral myocardial infarction |
     |-------------------------------------------------------------------------------------------------------------------------|
     |                                                                           term_lshtm_3590                               |
     |                                                            acute inferolateral infarction                               |
     +-------------------------------------------------------------------------------------------------------------------------+

     +-------------------------------------------------------------------------------------------------------------------------+
162. |                                                                                                                    term |
     |                                      Atrial septal defect as current complication following acute myocardial infarction |
     |-------------------------------------------------------------------------------------------------------------------------|
     |                                                                           term_lshtm_3590                               |
     |                               atrial septal defect/curr comp folow acut myocardal infarct                               |
     +-------------------------------------------------------------------------------------------------------------------------+

     +-------------------------------------------------------------------------------------------------------------------------+
176. |                                                                                                                    term |
     |                                                                       Cardiac rupture after acute myocardial infarction |
     |-------------------------------------------------------------------------------------------------------------------------|
     |                                                                           term_lshtm_3590                               |
     |                                      cardiac rupture following myocardial infarction (mi)                               |
     +-------------------------------------------------------------------------------------------------------------------------+

     +-------------------------------------------------------------------------------------------------------------------------+
177. |                                                                                                                    term |
     |                                                                                 Myocardial infarction with complication |
     |-------------------------------------------------------------------------------------------------------------------------|
     |                                                                           term_lshtm_3590                               |
     |                              certain current complication follow acute myocardial infarct                               |
     +-------------------------------------------------------------------------------------------------------------------------+

     +-------------------------------------------------------------------------------------------------------------------------+
181. |                                                                                                                    term |
     |                                               Diabetes mellitus insulin-glucose infusion in acute myocardial infarction |
     |-------------------------------------------------------------------------------------------------------------------------|
     |                                                                           term_lshtm_3590                               |
     |                                diab mellit insulin-glucose infus acute myocardial infarct                               |
     +-------------------------------------------------------------------------------------------------------------------------+

     +-------------------------------------------------------------------------------------------------------------------------+
193. |                                                                                                                    term |
     |                                 Ventricular septal defect as current complication following acute myocardial infarction |
     |-------------------------------------------------------------------------------------------------------------------------|
     |                                                                           term_lshtm_3590                               |
     |                               ventric septal defect/curr comp fol acut myocardal infarctn                               |
     +-------------------------------------------------------------------------------------------------------------------------+

     +-------------------------------------------------------------------------------------------------------------------------+
232. |                                                                                                                    term |
     |                                                                                 H/O: myocardial infarct at less than 60 |
     |-------------------------------------------------------------------------------------------------------------------------|
     |                                                                           term_lshtm_3590                               |
     |                                                               h/o: myocardial infarct <60                               |
     +-------------------------------------------------------------------------------------------------------------------------+

     +-------------------------------------------------------------------------------------------------------------------------+
233. |                                                                                                                    term |
     |                                                                              H/O: myocardial infarct at greater than 60 |
     |-------------------------------------------------------------------------------------------------------------------------|
     |                                                                           term_lshtm_3590                               |
     |                                                               h/o: myocardial infarct >60                               |
     +-------------------------------------------------------------------------------------------------------------------------+

     +-------------------------------------------------------------------------------------------------------------------------+
238. |                                                                                                                    term |
     |                                          Haemopericardium as current complication following acute myocardial infarction |
     |-------------------------------------------------------------------------------------------------------------------------|
     |                                                                           term_lshtm_3590                               |
     |                                  haemopericardium/current comp folow acut myocard infarct                               |
     +-------------------------------------------------------------------------------------------------------------------------+

     +-------------------------------------------------------------------------------------------------------------------------+
248. |                                                                                                                    term |
     |                                                                      Acute myocardial infarction of posterolateral wall |
     |-------------------------------------------------------------------------------------------------------------------------|
     |                                                                           term_lshtm_3590                               |
     |                                                acute posterolateral myocardial infarction                               |
     +-------------------------------------------------------------------------------------------------------------------------+
Terms on pre-existing list only...

     +-----------------------------------------------------------------------------------------------------------------------------------+
     |         medcodeid                                                                                                 term_lshtm_3590 |
     |-----------------------------------------------------------------------------------------------------------------------------------|
258. | 12220751000006113                                                hemopericardium due to and following acute myocardial infarction |
259. | 12220761000006110                                               haemopericardium due to and following acute myocardial infarction |
260. | 12220771000006115                                           atrial septal defect due to and following acute myocardial infarction |
261. | 12220781000006117                                    rupture of chordae tendinae due to and following acute myocardial infarction |
262. | 12220791000006119       thrombosis of atrium, auricular appendage, and ventricle due to and following acute myocardial infarction |
     |-----------------------------------------------------------------------------------------------------------------------------------|
263. | 12221301000006119                                                cardiac rupture due to and following acute myocardial infarction |
264. |        1235655012                                                                                                mural thrombosis |
265. |        1484943013                                                                                       pain to thrombolysis time |
266. |   216351000006118                                                                                    post infarction pericarditis |
267. |   238581000006112                                                    percut translum coronary thrombolytic therapy- streptokinase |
     |-----------------------------------------------------------------------------------------------------------------------------------|
268. |   238651000006115                                                    percut transluminal coronary thrombolysis with streptokinase |
269. |  2526351000006116                                                                                                 healed coronary |
270. |         256457016                                                                                  ecg:posterior/inferior infarct |
271. |         256458014                                                                                     ecg: subendocardial infarct |
272. |         256459018                                                                                         ecg: lateral infarction |
     |-----------------------------------------------------------------------------------------------------------------------------------|
273. |         256508017                                                                                            ecg: q wave abnormal |
274. |         258968018                                                                                        cardiac enzymes abnormal |
275. |         258969014                                                                            cardiac enzymes abnormal - first set |
276. |  3185771000006112                                                                                           microinfarct of heart |
277. |  3576391000006116                                                                          postmyocardial infarction pericarditis |
     |-----------------------------------------------------------------------------------------------------------------------------------|
278. |  3983931000006112                                                                                         mural thrombus of heart |
279. |  3983941000006119                                                                                          endocardial thrombosis |
280. |  4540461000006118                                                            history of myocardial infarct at age less than sixty |
281. |  4540481000006111                                                         history of myocardial infarct at age greater than sixty |
282. |         458410010                                                                                             post infarct angina |
     |-----------------------------------------------------------------------------------------------------------------------------------|
283. |  4586031000006113                                                                         electrocardiogram finding of infarction |
284. |  4586041000006115                                                                      electrocardiographic myocardial infarction |
285. |  4586051000006118                                                                                      ekg: myocardial infarction |
286. |  4586091000006112                                                                                  ekg: old myocardial infarction |
287. |  4586101000006118                                                                  electrocardiographic old myocardial infarction |
     |-----------------------------------------------------------------------------------------------------------------------------------|
288. |  4586141000006116                                                                      electrocardiogram: anteroseptal infarction |
289. |  4586151000006119                                                                                      ecg: antero-septal infarct |
290. |  4586171000006112                                                                                  ekg:posterior/inferior infarct |
291. |  4586181000006110                                                                 electrocardiographic posterior/inferior infarct |
292. |  4586201000006111                                                                                     ekg: subendocardial infarct |
     |-----------------------------------------------------------------------------------------------------------------------------------|
293. |  4586211000006114                                                                     electrocardiographic subendocardial infarct |
294. |  4586221000006118                                                                         lateral infarction on electrocardiogram |
295. |  4586241000006113                                                                           electrocardiogram: lateral infarction |
296. |  4587271000006115                                                                                            ekg: q wave abnormal |
297. |  4587281000006117                                                                            electrocardiographic q wave abnormal |
     |-----------------------------------------------------------------------------------------------------------------------------------|
298. |  4587291000006119                                                                                             pathological q wave |
299. |         459708017                                                                                             door to needle time |
300. |  4776221000006110                                   hemopericardium as current complication following acute myocardial infarction |
301. |  4776251000006118   rupture of cardiac wall without hemopericardium as current complication following acute myocardial infarction |
302. |  5056521000006115                                                    defect of ventricular septum following myocardial infarction |
     |-----------------------------------------------------------------------------------------------------------------------------------|
303. |  5056941000006119                                                                                    post-infarction pericarditis |
304. |  5056951000006117                                                                    pericarditis following myocardial infarction |
305. |  5974481000006116                                                                   history of myocardial infarction in last year |
306. |  6056601000006112                              digami - diabetes mellitus insulin-glucose infusion in acute myocardial infarction |
307. |   635061000006116                                                                                        ecg: q wave pathological |
     |-----------------------------------------------------------------------------------------------------------------------------------|
308. |   635321000006113                                                                                              ecg: s-t elevation |
309. |  6619201000006117                                                                                  previous myocardial infarction |
310. |   732801000000119                                                                                       cardiac troponin positive |
311. |  7361481000006115                                         time from arrival at facility to administration of parenteral treatment |
312. |  7361751000006115                                                 time from onset of pain to administration of thrombolytic agent |
     +-----------------------------------------------------------------------------------------------------------------------------------+
(55 real changes made)
(55 real changes made)

. 
. //Count number of codes that didn't match
. count if snomedctconceptid == ""
  68

. list medcodeid term if snomedctconceptid == ""

     +-----------------------------------------------------------------------------------------------------------------------------------+
     |         medcodeid                                                                                                            term |
     |-----------------------------------------------------------------------------------------------------------------------------------|
 66. |  1790731000006117                                                                                                             AMI |
 86. |  2663441000006117                                                                            acute infarction of papillary muscle |
 90. |  2855311000006110                                                                                             infarction of heart |
 91. |  2855321000006119                                                                                              cardiac infarction |
120. |  3343471000006116                                                                        acute anteroapical myocardial infarction |
     |-----------------------------------------------------------------------------------------------------------------------------------|
135. |  3645351000006114                                                                                  acute nontransmural infarction |
137. |  3699911000006119                                                               acute myocardial infarction of diaphragmatic wall |
141. |  3784911000006111                                                                           acute myocardial infarction of septum |
142. |  3784921000006115                                                                     acute myocardial infarction of septum alone |
158. |  4775881000006117                                                                                  true posterior wall infarction |
     |-----------------------------------------------------------------------------------------------------------------------------------|
159. |  4775891000006119                                                                           acute myocardial infarction of atrium |
184. |  6348651000006112                                                                         myocardial infarction with complication |
246. |   932081000006118                                                                                     first myocardial infarction |
258. | 12220751000006113                                                hemopericardium due to and following acute myocardial infarction |
259. | 12220761000006110                                               haemopericardium due to and following acute myocardial infarction |
     |-----------------------------------------------------------------------------------------------------------------------------------|
260. | 12220771000006115                                           atrial septal defect due to and following acute myocardial infarction |
261. | 12220781000006117                                    rupture of chordae tendinae due to and following acute myocardial infarction |
262. | 12220791000006119       thrombosis of atrium, auricular appendage, and ventricle due to and following acute myocardial infarction |
263. | 12221301000006119                                                cardiac rupture due to and following acute myocardial infarction |
264. |        1235655012                                                                                                mural thrombosis |
     |-----------------------------------------------------------------------------------------------------------------------------------|
265. |        1484943013                                                                                       pain to thrombolysis time |
266. |   216351000006118                                                                                    post infarction pericarditis |
267. |   238581000006112                                                    percut translum coronary thrombolytic therapy- streptokinase |
268. |   238651000006115                                                    percut transluminal coronary thrombolysis with streptokinase |
269. |  2526351000006116                                                                                                 healed coronary |
     |-----------------------------------------------------------------------------------------------------------------------------------|
270. |         256457016                                                                                  ecg:posterior/inferior infarct |
271. |         256458014                                                                                     ecg: subendocardial infarct |
272. |         256459018                                                                                         ecg: lateral infarction |
273. |         256508017                                                                                            ecg: q wave abnormal |
274. |         258968018                                                                                        cardiac enzymes abnormal |
     |-----------------------------------------------------------------------------------------------------------------------------------|
275. |         258969014                                                                            cardiac enzymes abnormal - first set |
276. |  3185771000006112                                                                                           microinfarct of heart |
277. |  3576391000006116                                                                          postmyocardial infarction pericarditis |
278. |  3983931000006112                                                                                         mural thrombus of heart |
279. |  3983941000006119                                                                                          endocardial thrombosis |
     |-----------------------------------------------------------------------------------------------------------------------------------|
280. |  4540461000006118                                                            history of myocardial infarct at age less than sixty |
281. |  4540481000006111                                                         history of myocardial infarct at age greater than sixty |
282. |         458410010                                                                                             post infarct angina |
283. |  4586031000006113                                                                         electrocardiogram finding of infarction |
284. |  4586041000006115                                                                      electrocardiographic myocardial infarction |
     |-----------------------------------------------------------------------------------------------------------------------------------|
285. |  4586051000006118                                                                                      ekg: myocardial infarction |
286. |  4586091000006112                                                                                  ekg: old myocardial infarction |
287. |  4586101000006118                                                                  electrocardiographic old myocardial infarction |
288. |  4586141000006116                                                                      electrocardiogram: anteroseptal infarction |
289. |  4586151000006119                                                                                      ecg: antero-septal infarct |
     |-----------------------------------------------------------------------------------------------------------------------------------|
290. |  4586171000006112                                                                                  ekg:posterior/inferior infarct |
291. |  4586181000006110                                                                 electrocardiographic posterior/inferior infarct |
292. |  4586201000006111                                                                                     ekg: subendocardial infarct |
293. |  4586211000006114                                                                     electrocardiographic subendocardial infarct |
294. |  4586221000006118                                                                         lateral infarction on electrocardiogram |
     |-----------------------------------------------------------------------------------------------------------------------------------|
295. |  4586241000006113                                                                           electrocardiogram: lateral infarction |
296. |  4587271000006115                                                                                            ekg: q wave abnormal |
297. |  4587281000006117                                                                            electrocardiographic q wave abnormal |
298. |  4587291000006119                                                                                             pathological q wave |
299. |         459708017                                                                                             door to needle time |
     |-----------------------------------------------------------------------------------------------------------------------------------|
300. |  4776221000006110                                   hemopericardium as current complication following acute myocardial infarction |
301. |  4776251000006118   rupture of cardiac wall without hemopericardium as current complication following acute myocardial infarction |
302. |  5056521000006115                                                    defect of ventricular septum following myocardial infarction |
303. |  5056941000006119                                                                                    post-infarction pericarditis |
304. |  5056951000006117                                                                    pericarditis following myocardial infarction |
     |-----------------------------------------------------------------------------------------------------------------------------------|
305. |  5974481000006116                                                                   history of myocardial infarction in last year |
306. |  6056601000006112                              digami - diabetes mellitus insulin-glucose infusion in acute myocardial infarction |
307. |   635061000006116                                                                                        ecg: q wave pathological |
308. |   635321000006113                                                                                              ecg: s-t elevation |
309. |  6619201000006117                                                                                  previous myocardial infarction |
     |-----------------------------------------------------------------------------------------------------------------------------------|
310. |   732801000000119                                                                                       cardiac troponin positive |
311. |  7361481000006115                                         time from arrival at facility to administration of parenteral treatment |
312. |  7361751000006115                                                 time from onset of pain to administration of thrombolytic agent |
     +-----------------------------------------------------------------------------------------------------------------------------------+

. 
. //Compare newly found MedCodeIDs against Aurum dictionary
. preserve

.         //Merge new MedCodeIDs with medical dictionary
.         keep medcodeid

.         merge 1:1 medcodeid using `medical'
(variable medcodeid was str17, now str18 to accommodate using data's values)

    Result                      Number of obs
    -----------------------------------------
    Not matched                       240,779
        from master                        46  (_merge==1)
        from using                    240,733  (_merge==2)

    Matched                               266  (_merge==3)
    -----------------------------------------

.         generate byte not_in_dictionary = 1 if _merge == 1
(240,999 missing values generated)

.         list medcodeid if not_in_dictionary == 1

        +-------------------+
        |         medcodeid |
        |-------------------|
     9. | 12220751000006113 |
    10. | 12220761000006110 |
    11. | 12220771000006115 |
    12. | 12220781000006117 |
    13. | 12220791000006119 |
        |-------------------|
    14. | 12221301000006119 |
    88. |  2526351000006116 |
   104. |  2663441000006117 |
   108. |  2855311000006110 |
   109. |  2855321000006119 |
        |-------------------|
   134. |  3185771000006112 |
   139. |  3343471000006116 |
   152. |  3576391000006116 |
   155. |  3645351000006114 |
   157. |  3699911000006119 |
        |-------------------|
   161. |  3784911000006111 |
   162. |  3784921000006115 |
   164. |  3983941000006119 |
   171. |  4540461000006118 |
   172. |  4540481000006111 |
        |-------------------|
   179. |  4586031000006113 |
   180. |  4586041000006115 |
   181. |  4586051000006118 |
   182. |  4586091000006112 |
   183. |  4586101000006118 |
        |-------------------|
   186. |  4586141000006116 |
   187. |  4586151000006119 |
   188. |  4586171000006112 |
   189. |  4586181000006110 |
   190. |  4586201000006111 |
        |-------------------|
   191. |  4586211000006114 |
   193. |  4586241000006113 |
   194. |  4587271000006115 |
   195. |  4587281000006117 |
   200. |  4775881000006117 |
        |-------------------|
   201. |  4775891000006119 |
   204. |  4776221000006110 |
   205. |  4776251000006118 |
   220. |  5056521000006115 |
   222. |  5056951000006117 |
        |-------------------|
   227. |  5974481000006116 |
   229. |  6056601000006112 |
   233. |  6348651000006112 |
   242. |  6619201000006117 |
   258. |  7361751000006115 |
        |-------------------|
   301. |   932081000006118 |
        +-------------------+

.         keep if not_in_dictionary == 1
(240,999 observations deleted)

.         keep medcodeid not_in_dictionary

.         tempfile notindict

.         save `notindict'
file C:\Users\rmjlton\AppData\Local\Temp\ST_6478_00000d.tmp saved as .dta format

. restore

. 
. //Remove codes not in Aurum dictionary
. merge 1:1 medcodeid using `notindict'
(variable medcodeid was str17, now str18 to accommodate using data's values)

    Result                      Number of obs
    -----------------------------------------
    Not matched                           266
        from master                       266  (_merge==1)
        from using                          0  (_merge==2)

    Matched                                46  (_merge==3)
    -----------------------------------------

. list medcodeid term if not_in_dictionary == 1

     +-----------------------------------------------------------------------------------------------------------------------------------+
     |         medcodeid                                                                                                            term |
     |-----------------------------------------------------------------------------------------------------------------------------------|
  9. | 12220751000006113                                                hemopericardium due to and following acute myocardial infarction |
 10. | 12220761000006110                                               haemopericardium due to and following acute myocardial infarction |
 11. | 12220771000006115                                           atrial septal defect due to and following acute myocardial infarction |
 12. | 12220781000006117                                    rupture of chordae tendinae due to and following acute myocardial infarction |
 13. | 12220791000006119       thrombosis of atrium, auricular appendage, and ventricle due to and following acute myocardial infarction |
     |-----------------------------------------------------------------------------------------------------------------------------------|
 14. | 12221301000006119                                                cardiac rupture due to and following acute myocardial infarction |
 88. |  2526351000006116                                                                                                 healed coronary |
104. |  2663441000006117                                                                            acute infarction of papillary muscle |
108. |  2855311000006110                                                                                             infarction of heart |
109. |  2855321000006119                                                                                              cardiac infarction |
     |-----------------------------------------------------------------------------------------------------------------------------------|
134. |  3185771000006112                                                                                           microinfarct of heart |
139. |  3343471000006116                                                                        acute anteroapical myocardial infarction |
152. |  3576391000006116                                                                          postmyocardial infarction pericarditis |
155. |  3645351000006114                                                                                  acute nontransmural infarction |
157. |  3699911000006119                                                               acute myocardial infarction of diaphragmatic wall |
     |-----------------------------------------------------------------------------------------------------------------------------------|
161. |  3784911000006111                                                                           acute myocardial infarction of septum |
162. |  3784921000006115                                                                     acute myocardial infarction of septum alone |
164. |  3983941000006119                                                                                          endocardial thrombosis |
171. |  4540461000006118                                                            history of myocardial infarct at age less than sixty |
172. |  4540481000006111                                                         history of myocardial infarct at age greater than sixty |
     |-----------------------------------------------------------------------------------------------------------------------------------|
179. |  4586031000006113                                                                         electrocardiogram finding of infarction |
180. |  4586041000006115                                                                      electrocardiographic myocardial infarction |
181. |  4586051000006118                                                                                      ekg: myocardial infarction |
182. |  4586091000006112                                                                                  ekg: old myocardial infarction |
183. |  4586101000006118                                                                  electrocardiographic old myocardial infarction |
     |-----------------------------------------------------------------------------------------------------------------------------------|
186. |  4586141000006116                                                                      electrocardiogram: anteroseptal infarction |
187. |  4586151000006119                                                                                      ecg: antero-septal infarct |
188. |  4586171000006112                                                                                  ekg:posterior/inferior infarct |
189. |  4586181000006110                                                                 electrocardiographic posterior/inferior infarct |
190. |  4586201000006111                                                                                     ekg: subendocardial infarct |
     |-----------------------------------------------------------------------------------------------------------------------------------|
191. |  4586211000006114                                                                     electrocardiographic subendocardial infarct |
193. |  4586241000006113                                                                           electrocardiogram: lateral infarction |
194. |  4587271000006115                                                                                            ekg: q wave abnormal |
195. |  4587281000006117                                                                            electrocardiographic q wave abnormal |
200. |  4775881000006117                                                                                  true posterior wall infarction |
     |-----------------------------------------------------------------------------------------------------------------------------------|
201. |  4775891000006119                                                                           acute myocardial infarction of atrium |
204. |  4776221000006110                                   hemopericardium as current complication following acute myocardial infarction |
205. |  4776251000006118   rupture of cardiac wall without hemopericardium as current complication following acute myocardial infarction |
220. |  5056521000006115                                                    defect of ventricular septum following myocardial infarction |
222. |  5056951000006117                                                                    pericarditis following myocardial infarction |
     |-----------------------------------------------------------------------------------------------------------------------------------|
227. |  5974481000006116                                                                   history of myocardial infarction in last year |
229. |  6056601000006112                              digami - diabetes mellitus insulin-glucose infusion in acute myocardial infarction |
233. |  6348651000006112                                                                         myocardial infarction with complication |
242. |  6619201000006117                                                                                  previous myocardial infarction |
258. |  7361751000006115                                                 time from onset of pain to administration of thrombolytic agent |
     |-----------------------------------------------------------------------------------------------------------------------------------|
301. |   932081000006118                                                                                     first myocardial infarction |
     +-----------------------------------------------------------------------------------------------------------------------------------+

. drop if not_in_dictionary == 1
(46 observations deleted)

. drop not_in_dictionary _merge

. 
. //Check for any additional new codes that haven't been accounted for
. list medcodeid term persson lshtm_* if snomedctconceptid == ""

     +--------------------------------------------------------------------------------------------------------------------------------------------------------------+
     |        medcodeid                                                                      term   per~2021   lsh~2102   lsh~2196   lsh~2815   lsh~3265   lsh~3590 |
     |--------------------------------------------------------------------------------------------------------------------------------------------------------------|
 12. |       1235655012                                                          mural thrombosis          .          .          .          .          .          1 |
 53. |       1484943013                                                 pain to thrombolysis time          .          .          .          .          .          1 |
 68. | 1790731000006117                                                                       AMI          1          .          .          .          .          . |
 74. |  216351000006118                                              post infarction pericarditis          .          .          .          .          .          1 |
 79. |  238581000006112              percut translum coronary thrombolytic therapy- streptokinase          .          .          .          .          .          1 |
     |--------------------------------------------------------------------------------------------------------------------------------------------------------------|
 80. |  238651000006115              percut transluminal coronary thrombolysis with streptokinase          .          .          .          .          .          1 |
 89. |        256457016                                            ecg:posterior/inferior infarct          .          .          .          .          .          1 |
 90. |        256458014                                               ecg: subendocardial infarct          .          .          .          .          .          1 |
 91. |        256459018                                                   ecg: lateral infarction          .          .          .          .          .          1 |
 93. |        256508017                                                      ecg: q wave abnormal          .          .          .          .          .          1 |
     |--------------------------------------------------------------------------------------------------------------------------------------------------------------|
 94. |        258968018                                                  cardiac enzymes abnormal          .          .          .          .          .          1 |
 95. |        258969014                                      cardiac enzymes abnormal - first set          .          .          .          .          .          1 |
146. | 3983931000006112                                                   mural thrombus of heart          .          .          .          .          .          1 |
158. |        458410010                                                       post infarct angina          .          .          .          .          .          1 |
161. | 4586221000006118                                   lateral infarction on electrocardiogram          .          .          .          .          .          1 |
     |--------------------------------------------------------------------------------------------------------------------------------------------------------------|
162. | 4587291000006119                                                       pathological q wave          .          .          .          .          .          1 |
164. |        459708017                                                       door to needle time          .          .          .          .          .          1 |
182. | 5056941000006119                                              post-infarction pericarditis          .          .          .          .          .          1 |
191. |  635061000006116                                                  ecg: q wave pathological          .          .          .          .          .          1 |
192. |  635321000006113                                                        ecg: s-t elevation          .          .          .          .          .          1 |
     |--------------------------------------------------------------------------------------------------------------------------------------------------------------|
212. |  732801000000119                                                 cardiac troponin positive          .          .          .          .          .          1 |
213. | 7361481000006115   time from arrival at facility to administration of parenteral treatment          .          .          .          .          .          1 |
     +--------------------------------------------------------------------------------------------------------------------------------------------------------------+

. 
. //Add additional codes to list
. rename term term_old

. merge 1:1 medcodeid using `medical', update
(variable originalreadcode was str14, now str19 to accommodate using data's values)
(variable snomedctdescriptionid was str16, now str18 to accommodate using data's values)

    Result                      Number of obs
    -----------------------------------------
    Not matched                       240,733
        from master                         0  (_merge==1)
        from using                    240,733  (_merge==2)

    Matched                               266
        not updated                       244  (_merge==3)
        missing updated                    22  (_merge==4)
        nonmissing conflict                 0  (_merge==5)
    -----------------------------------------

. drop if _merge == 2
(240,733 observations deleted)

. order term, before(term_old)

. list term_old term if lower(term_old) != lower(term)

     +------------------------------------------------------------------------------------------------------------------------------------+
     |                                                     term_old                                                                  term |
     |------------------------------------------------------------------------------------------------------------------------------------|
 79. | percut translum coronary thrombolytic therapy- streptokinase   Percutaneous transluminal coronary thrombolytic using streptokinase |
 80. | percut transluminal coronary thrombolysis with streptokinase   Percutaneous transluminal coronary thrombolysis using streptokinase |
192. |                                           ecg: s-t elevation                                                          ST elevation |
     +------------------------------------------------------------------------------------------------------------------------------------+

. list medcodeid snomedctconceptid term observations persson lshtm_* if _merge == 4

     +----------------------------------------------------------------------------------------------------------------------------------------------------------------------+
 12. |        medcodeid | snomedctconcep~d |                                                                    term | observ~s | per~2021 | lsh~2102 | lsh~2196 | lsh~2815 |
     |       1235655012 |         91335003 |                                                        Mural thrombosis |     5000 |        . |        . |        . |        . |
     |----------------------------------------------------------------------------------------------------------------------------------------------------------------------|
     |                                     lsh~3265                                     |                                     lsh~3590                                      |
     |                                            .                                     |                                            1                                      |
     +----------------------------------------------------------------------------------------------------------------------------------------------------------------------+

     +----------------------------------------------------------------------------------------------------------------------------------------------------------------------+
 53. |        medcodeid | snomedctconcep~d |                                                                    term | observ~s | per~2021 | lsh~2102 | lsh~2196 | lsh~2815 |
     |       1484943013 |        448906006 |                                               Pain to thrombolysis time |       40 |        . |        . |        . |        . |
     |----------------------------------------------------------------------------------------------------------------------------------------------------------------------|
     |                                     lsh~3265                                     |                                     lsh~3590                                      |
     |                                            .                                     |                                            1                                      |
     +----------------------------------------------------------------------------------------------------------------------------------------------------------------------+

     +----------------------------------------------------------------------------------------------------------------------------------------------------------------------+
 68. |        medcodeid | snomedctconcep~d |                                                                    term | observ~s | per~2021 | lsh~2102 | lsh~2196 | lsh~2815 |
     | 1790731000006117 | 1790731000006101 |                                                                     AMI |        1 |        1 |        . |        . |        . |
     |----------------------------------------------------------------------------------------------------------------------------------------------------------------------|
     |                                     lsh~3265                                     |                                     lsh~3590                                      |
     |                                            .                                     |                                            .                                      |
     +----------------------------------------------------------------------------------------------------------------------------------------------------------------------+

     +----------------------------------------------------------------------------------------------------------------------------------------------------------------------+
 74. |        medcodeid | snomedctconcep~d |                                                                    term | observ~s | per~2021 | lsh~2102 | lsh~2196 | lsh~2815 |
     |  216351000006118 |        233885007 |                                            Post infarction pericarditis |      400 |        . |        . |        . |        . |
     |----------------------------------------------------------------------------------------------------------------------------------------------------------------------|
     |                                     lsh~3265                                     |                                     lsh~3590                                      |
     |                                            .                                     |                                            1                                      |
     +----------------------------------------------------------------------------------------------------------------------------------------------------------------------+

     +----------------------------------------------------------------------------------------------------------------------------------------------------------------------+
 79. |        medcodeid | snomedctconcep~d |                                                                    term | observ~s | per~2021 | lsh~2102 | lsh~2196 | lsh~2815 |
     |  238581000006112 |        175071008 |     Percutaneous transluminal coronary thrombolytic using streptokinase |       40 |        . |        . |        . |        . |
     |----------------------------------------------------------------------------------------------------------------------------------------------------------------------|
     |                                     lsh~3265                                     |                                     lsh~3590                                      |
     |                                            .                                     |                                            1                                      |
     +----------------------------------------------------------------------------------------------------------------------------------------------------------------------+

     +----------------------------------------------------------------------------------------------------------------------------------------------------------------------+
 80. |        medcodeid | snomedctconcep~d |                                                                    term | observ~s | per~2021 | lsh~2102 | lsh~2196 | lsh~2815 |
     |  238651000006115 |        175071008 |     Percutaneous transluminal coronary thrombolysis using streptokinase |      800 |        . |        . |        . |        . |
     |----------------------------------------------------------------------------------------------------------------------------------------------------------------------|
     |                                     lsh~3265                                     |                                     lsh~3590                                      |
     |                                            .                                     |                                            1                                      |
     +----------------------------------------------------------------------------------------------------------------------------------------------------------------------+

     +----------------------------------------------------------------------------------------------------------------------------------------------------------------------+
 89. |        medcodeid | snomedctconcep~d |                                                                    term | observ~s | per~2021 | lsh~2102 | lsh~2196 | lsh~2815 |
     |        256457016 |        164869004 |                                          ECG:posterior/inferior infarct |     1000 |        . |        . |        . |        . |
     |----------------------------------------------------------------------------------------------------------------------------------------------------------------------|
     |                                     lsh~3265                                     |                                     lsh~3590                                      |
     |                                            .                                     |                                            1                                      |
     +----------------------------------------------------------------------------------------------------------------------------------------------------------------------+

     +----------------------------------------------------------------------------------------------------------------------------------------------------------------------+
 90. |        medcodeid | snomedctconcep~d |                                                                    term | observ~s | per~2021 | lsh~2102 | lsh~2196 | lsh~2815 |
     |        256458014 |        164870003 |                                             ECG: subendocardial infarct |      600 |        . |        . |        . |        . |
     |----------------------------------------------------------------------------------------------------------------------------------------------------------------------|
     |                                     lsh~3265                                     |                                     lsh~3590                                      |
     |                                            .                                     |                                            1                                      |
     +----------------------------------------------------------------------------------------------------------------------------------------------------------------------+

     +----------------------------------------------------------------------------------------------------------------------------------------------------------------------+
 91. |        medcodeid | snomedctconcep~d |                                                                    term | observ~s | per~2021 | lsh~2102 | lsh~2196 | lsh~2815 |
     |        256459018 |        164871004 |                                                 ECG: lateral infarction |      500 |        . |        . |        . |        . |
     |----------------------------------------------------------------------------------------------------------------------------------------------------------------------|
     |                                     lsh~3265                                     |                                     lsh~3590                                      |
     |                                            .                                     |                                            1                                      |
     +----------------------------------------------------------------------------------------------------------------------------------------------------------------------+

     +----------------------------------------------------------------------------------------------------------------------------------------------------------------------+
 93. |        medcodeid | snomedctconcep~d |                                                                    term | observ~s | per~2021 | lsh~2102 | lsh~2196 | lsh~2815 |
     |        256508017 |        164917005 |                                                    ECG: Q wave abnormal |     1000 |        . |        . |        . |        . |
     |----------------------------------------------------------------------------------------------------------------------------------------------------------------------|
     |                                     lsh~3265                                     |                                     lsh~3590                                      |
     |                                            .                                     |                                            1                                      |
     +----------------------------------------------------------------------------------------------------------------------------------------------------------------------+

     +----------------------------------------------------------------------------------------------------------------------------------------------------------------------+
 94. |        medcodeid | snomedctconcep~d |                                                                    term | observ~s | per~2021 | lsh~2102 | lsh~2196 | lsh~2815 |
     |        258968018 |        166663004 |                                                Cardiac enzymes abnormal |     4000 |        . |        . |        . |        . |
     |----------------------------------------------------------------------------------------------------------------------------------------------------------------------|
     |                                     lsh~3265                                     |                                     lsh~3590                                      |
     |                                            .                                     |                                            1                                      |
     +----------------------------------------------------------------------------------------------------------------------------------------------------------------------+

     +----------------------------------------------------------------------------------------------------------------------------------------------------------------------+
 95. |        medcodeid | snomedctconcep~d |                                                                    term | observ~s | per~2021 | lsh~2102 | lsh~2196 | lsh~2815 |
     |        258969014 |        166664005 |                                    Cardiac enzymes abnormal - first set |       40 |        . |        . |        . |        . |
     |----------------------------------------------------------------------------------------------------------------------------------------------------------------------|
     |                                     lsh~3265                                     |                                     lsh~3590                                      |
     |                                            .                                     |                                            1                                      |
     +----------------------------------------------------------------------------------------------------------------------------------------------------------------------+

     +----------------------------------------------------------------------------------------------------------------------------------------------------------------------+
146. |        medcodeid | snomedctconcep~d |                                                                    term | observ~s | per~2021 | lsh~2102 | lsh~2196 | lsh~2815 |
     | 3983931000006112 |         91335003 |                                                 Mural thrombus of heart |       30 |        . |        . |        . |        . |
     |----------------------------------------------------------------------------------------------------------------------------------------------------------------------|
     |                                     lsh~3265                                     |                                     lsh~3590                                      |
     |                                            .                                     |                                            1                                      |
     +----------------------------------------------------------------------------------------------------------------------------------------------------------------------+

     +----------------------------------------------------------------------------------------------------------------------------------------------------------------------+
158. |        medcodeid | snomedctconcep~d |                                                                    term | observ~s | per~2021 | lsh~2102 | lsh~2196 | lsh~2815 |
     |        458410010 |        314116003 |                                                     Post infarct angina |     1000 |        . |        . |        . |        . |
     |----------------------------------------------------------------------------------------------------------------------------------------------------------------------|
     |                                     lsh~3265                                     |                                     lsh~3590                                      |
     |                                            .                                     |                                            1                                      |
     +----------------------------------------------------------------------------------------------------------------------------------------------------------------------+

     +----------------------------------------------------------------------------------------------------------------------------------------------------------------------+
161. |        medcodeid | snomedctconcep~d |                                                                    term | observ~s | per~2021 | lsh~2102 | lsh~2196 | lsh~2815 |
     | 4586221000006118 |        164871004 |                                 Lateral infarction on electrocardiogram |        4 |        . |        . |        . |        . |
     |----------------------------------------------------------------------------------------------------------------------------------------------------------------------|
     |                                     lsh~3265                                     |                                     lsh~3590                                      |
     |                                            .                                     |                                            1                                      |
     +----------------------------------------------------------------------------------------------------------------------------------------------------------------------+

     +----------------------------------------------------------------------------------------------------------------------------------------------------------------------+
162. |        medcodeid | snomedctconcep~d |                                                                    term | observ~s | per~2021 | lsh~2102 | lsh~2196 | lsh~2815 |
     | 4587291000006119 |        164918000 |                                                     Pathological Q wave |       40 |        . |        . |        . |        . |
     |----------------------------------------------------------------------------------------------------------------------------------------------------------------------|
     |                                     lsh~3265                                     |                                     lsh~3590                                      |
     |                                            .                                     |                                            1                                      |
     +----------------------------------------------------------------------------------------------------------------------------------------------------------------------+

     +----------------------------------------------------------------------------------------------------------------------------------------------------------------------+
164. |        medcodeid | snomedctconcep~d |                                                                    term | observ~s | per~2021 | lsh~2102 | lsh~2196 | lsh~2815 |
     |        459708017 |        448885006 |                                                     Door to needle time |       40 |        . |        . |        . |        . |
     |----------------------------------------------------------------------------------------------------------------------------------------------------------------------|
     |                                     lsh~3265                                     |                                     lsh~3590                                      |
     |                                            .                                     |                                            1                                      |
     +----------------------------------------------------------------------------------------------------------------------------------------------------------------------+

     +----------------------------------------------------------------------------------------------------------------------------------------------------------------------+
182. |        medcodeid | snomedctconcep~d |                                                                    term | observ~s | per~2021 | lsh~2102 | lsh~2196 | lsh~2815 |
     | 5056941000006119 |        233885007 |                                            Post-infarction pericarditis |       40 |        . |        . |        . |        . |
     |----------------------------------------------------------------------------------------------------------------------------------------------------------------------|
     |                                     lsh~3265                                     |                                     lsh~3590                                      |
     |                                            .                                     |                                            1                                      |
     +----------------------------------------------------------------------------------------------------------------------------------------------------------------------+

     +----------------------------------------------------------------------------------------------------------------------------------------------------------------------+
191. |        medcodeid | snomedctconcep~d |                                                                    term | observ~s | per~2021 | lsh~2102 | lsh~2196 | lsh~2815 |
     |  635061000006116 |        164918000 |                                                ECG: Q wave pathological |      200 |        . |        . |        . |        . |
     |----------------------------------------------------------------------------------------------------------------------------------------------------------------------|
     |                                     lsh~3265                                     |                                     lsh~3590                                      |
     |                                            .                                     |                                            1                                      |
     +----------------------------------------------------------------------------------------------------------------------------------------------------------------------+

     +----------------------------------------------------------------------------------------------------------------------------------------------------------------------+
192. |        medcodeid | snomedctconcep~d |                                                                    term | observ~s | per~2021 | lsh~2102 | lsh~2196 | lsh~2815 |
     |  635321000006113 |        164931005 |                                                            ST elevation |     3000 |        . |        . |        . |        . |
     |----------------------------------------------------------------------------------------------------------------------------------------------------------------------|
     |                                     lsh~3265                                     |                                     lsh~3590                                      |
     |                                            .                                     |                                            1                                      |
     +----------------------------------------------------------------------------------------------------------------------------------------------------------------------+

     +----------------------------------------------------------------------------------------------------------------------------------------------------------------------+
212. |        medcodeid | snomedctconcep~d |                                                                    term | observ~s | per~2021 | lsh~2102 | lsh~2196 | lsh~2815 |
     |  732801000000119 |  372851000000101 |                                               Cardiac troponin positive |     4000 |        . |        . |        . |        . |
     |----------------------------------------------------------------------------------------------------------------------------------------------------------------------|
     |                                     lsh~3265                                     |                                     lsh~3590                                      |
     |                                            .                                     |                                            1                                      |
     +----------------------------------------------------------------------------------------------------------------------------------------------------------------------+

     +----------------------------------------------------------------------------------------------------------------------------------------------------------------------+
213. |        medcodeid | snomedctconcep~d |                                                                    term | observ~s | per~2021 | lsh~2102 | lsh~2196 | lsh~2815 |
     | 7361481000006115 |        448885006 | Time from arrival at facility to administration of parenteral treatment |        2 |        . |        . |        . |        . |
     |----------------------------------------------------------------------------------------------------------------------------------------------------------------------|
     |                                     lsh~3265                                     |                                     lsh~3590                                      |
     |                                            .                                     |                                            1                                      |
     +----------------------------------------------------------------------------------------------------------------------------------------------------------------------+

. drop term_old _merge

. 
. 
. //SNOMED CT codelists (HDR UK Phenotype Library and OpenCodelists)
. 
. //Format pre-existing codelist(s) ready for merging
. preserve

.         import delimited https://www.opencodelists.org/codelist/nhsd-primary-care-domain-refsets/mi_cod/20210127/download.csv, stringcols(1) favorstrfixed clear
(encoding automatically selected: ISO-8859-1)
(2 vars, 122 obs)

.         
.         local name "refset_mi"

.         
.         rename * *_`name'

.         rename code_`name' snomedctconceptid

.         
.         generate byte `name' = 1

. 
.         tempfile `name'

.         compress
  (0 bytes saved)

.         save ``name''
file C:\Users\rmjlton\AppData\Local\Temp\ST_6478_00000f.tmp saved as .dta format

. restore, preserve

.         import delimited https://phenotypes.healthdatagateway.org/phenotypes/PH942/version/2120/export/codes, stringcols(1) favorstrfixed clear
(encoding automatically selected: ISO-8859-1)
(10 vars, 80 obs)

.         
.         keep if strmatch(coding_system, "*SNOMED*")
(5 observations deleted)

.         keep code description code_attributes

.         rename description term

.         
.         local name "ph942"

.         
.         rename * *_`name'

.         rename code_`name' snomedctconceptid

.         
.         generate byte `name' = 1

. 
.         tempfile `name'

.         compress
  (0 bytes saved)

.         save ``name''
file C:\Users\rmjlton\AppData\Local\Temp\ST_6478_00000g.tmp saved as .dta format

. restore, preserve

.         import delimited https://phenotypes.healthdatagateway.org/phenotypes/PH949/version/2127/export/codes, stringcols(1) favorstrfixed clear
(encoding automatically selected: ISO-8859-1)
(10 vars, 140 obs)

.         
.         keep if strmatch(coding_system, "*SNOMED*")
(65 observations deleted)

.         keep code description code_attributes

.         rename description term

.         
.         local name "ph949"

.         
.         rename * *_`name'

.         rename code_`name' snomedctconceptid

.         
.         generate byte `name' = 1

. 
.         tempfile `name'

.         compress
  variable term_ph949 was str255 now str119
  variable code_attributes_ph949 was str88 now str47
  (13,275 bytes saved)

.         save ``name''
file C:\Users\rmjlton\AppData\Local\Temp\ST_6478_00000h.tmp saved as .dta format

. restore, preserve

.         import delimited https://phenotypes.healthdatagateway.org/phenotypes/PH988/version/2166/export/codes, stringcols(1) favorstrfixed clear
(encoding automatically selected: ISO-8859-1)
(10 vars, 80 obs)

.         
.         keep if strmatch(coding_system, "*SNOMED*")
(5 observations deleted)

.         keep code description code_attributes

.         rename description term

.         
.         local name "ph988"

.         
.         rename * *_`name'

.         rename code_`name' snomedctconceptid

.         
.         generate byte `name' = 1

. 
.         tempfile `name'

.         compress
  (0 bytes saved)

.         save ``name''
file C:\Users\rmjlton\AppData\Local\Temp\ST_6478_00000i.tmp saved as .dta format

. restore

. 
. foreach codelist in refset_mi ph942 ph949 ph988 {
  2.         
.         //Merge previous codelist
.         merge m:1 snomedctconceptid using ``codelist''
  3. 
.         //Check for any differences
.         list term term_`codelist' if _merge == 3 ///
>                 & lower(term) != lower(term_`codelist')
  4. 
.         //Comment on result above: **No meaningful differences**
. 
.         display "Terms on pre-existing list only..."
  5.         list snomedctconceptid term_`codelist' if _merge == 2
  6.         
.         //Put pre-existing codelist terms in current codelist term column
.         replace term = term_`codelist' if _merge == 2
  7.         replace mi = 1 if _merge == 2
  8. 
.         //Drop old terms and merge variable
.         drop *_`codelist' _merge
  9. }

    Result                      Number of obs
    -----------------------------------------
    Not matched                           137
        from master                       117  (_merge==1)
        from using                         20  (_merge==2)

    Matched                               149  (_merge==3)
    -----------------------------------------

     +---------------------------------------------------------------------------------------------------------------------------------------------+
  1. |                                                                                                                                       term  |
     |                                                                                                          Acute papillary muscle infarction  |
     |---------------------------------------------------------------------------------------------------------------------------------------------|
     |                                                                                                                              term_refset_mi |
     |                                                                                                        Acute infarction of papillary muscle |
     +---------------------------------------------------------------------------------------------------------------------------------------------+

     +---------------------------------------------------------------------------------------------------------------------------------------------+
 13. |                                                                                                                                       term  |
     |                                                                                           Postoperative myocardial infarction, unspecified  |
     |---------------------------------------------------------------------------------------------------------------------------------------------|
     |                                                                                                                              term_refset_mi |
     |                                                                                                         Postoperative myocardial infarction |
     +---------------------------------------------------------------------------------------------------------------------------------------------+

     +---------------------------------------------------------------------------------------------------------------------------------------------+
 14. |                                                                                                                                       term  |
     |                                                                                 Postoperative transmural myocardial infarction unspec site  |
     |---------------------------------------------------------------------------------------------------------------------------------------------|
     |                                                                                                                              term_refset_mi |
     |                                                                                                         Postoperative myocardial infarction |
     +---------------------------------------------------------------------------------------------------------------------------------------------+

     +---------------------------------------------------------------------------------------------------------------------------------------------+
 16. |                                                                                                                                       term  |
     |                                                                                 Postoperative transmural myocardial infarction other sites  |
     |---------------------------------------------------------------------------------------------------------------------------------------------|
     |                                                                                                                              term_refset_mi |
     |                                                                                                         Postoperative myocardial infarction |
     +---------------------------------------------------------------------------------------------------------------------------------------------+

     +---------------------------------------------------------------------------------------------------------------------------------------------+
 53. |                                                                                                                                       term  |
     |                                                                                              Myocardial infarction due to demand ischaemia  |
     |---------------------------------------------------------------------------------------------------------------------------------------------|
     |                                                                                                                              term_refset_mi |
     |                                                                                                Myocardial infarction due to demand ischemia |
     +---------------------------------------------------------------------------------------------------------------------------------------------+

     +---------------------------------------------------------------------------------------------------------------------------------------------+
 68. |                                                                                                                                       term  |
     |                                                                                    [X]Subsequent myocardial infarction of unspecified site  |
     |---------------------------------------------------------------------------------------------------------------------------------------------|
     |                                                                                                                              term_refset_mi |
     |                                                                                                            Subsequent myocardial infarction |
     +---------------------------------------------------------------------------------------------------------------------------------------------+

     +---------------------------------------------------------------------------------------------------------------------------------------------+
 69. |                                                                                                                                       term  |
     |                                                                                         [X]Subsequent myocardial infarction of other sites  |
     |---------------------------------------------------------------------------------------------------------------------------------------------|
     |                                                                                                                              term_refset_mi |
     |                                                                                                            Subsequent myocardial infarction |
     +---------------------------------------------------------------------------------------------------------------------------------------------+

     +---------------------------------------------------------------------------------------------------------------------------------------------+
 70. |                                                                                                                                       term  |
     |                                                                                                                 Reinfarction of myocardium  |
     |---------------------------------------------------------------------------------------------------------------------------------------------|
     |                                                                                                                              term_refset_mi |
     |                                                                                                            Subsequent myocardial infarction |
     +---------------------------------------------------------------------------------------------------------------------------------------------+

     +---------------------------------------------------------------------------------------------------------------------------------------------+
 71. |                                                                                                                                       term  |
     |                                                                                       Subsequent myocardial infarction of unspecified site  |
     |---------------------------------------------------------------------------------------------------------------------------------------------|
     |                                                                                                                              term_refset_mi |
     |                                                                                                            Subsequent myocardial infarction |
     +---------------------------------------------------------------------------------------------------------------------------------------------+

     +---------------------------------------------------------------------------------------------------------------------------------------------+
 73. |                                                                                                                                       term  |
     |                                                                                            Subsequent myocardial infarction of other sites  |
     |---------------------------------------------------------------------------------------------------------------------------------------------|
     |                                                                                                                              term_refset_mi |
     |                                                                                                            Subsequent myocardial infarction |
     +---------------------------------------------------------------------------------------------------------------------------------------------+

     +---------------------------------------------------------------------------------------------------------------------------------------------+
 76. |                                                                                                                                       term  |
     |                                                             Haemopericardium as current complication following acute myocardial infarction  |
     |---------------------------------------------------------------------------------------------------------------------------------------------|
     |                                                                                                                              term_refset_mi |
     |                                                                            Hemopericardium due to and following acute myocardial infarction |
     +---------------------------------------------------------------------------------------------------------------------------------------------+

     +---------------------------------------------------------------------------------------------------------------------------------------------+
 77. |                                                                                                                                       term  |
     |                                                         Atrial septal defect as current complication following acute myocardial infarction  |
     |---------------------------------------------------------------------------------------------------------------------------------------------|
     |                                                                                                                              term_refset_mi |
     |                                                                       Atrial septal defect due to and following acute myocardial infarction |
     +---------------------------------------------------------------------------------------------------------------------------------------------+

     +---------------------------------------------------------------------------------------------------------------------------------------------+
 78. |                                                                                                                                       term  |
     |                             Rupture of cardiac wall without haemopericardium as current complication following acute myocardial infarction  |
     |---------------------------------------------------------------------------------------------------------------------------------------------|
     |                                                                                                                              term_refset_mi |
     |                               Rupture of cardiac wall without hemopericardium as current complication following acute myocardial infarction |
     +---------------------------------------------------------------------------------------------------------------------------------------------+

     +---------------------------------------------------------------------------------------------------------------------------------------------+
 79. |                                                                                                                                       term  |
     |                                                  Rupture of chordae tendinae as current complication following acute myocardial infarction  |
     |---------------------------------------------------------------------------------------------------------------------------------------------|
     |                                                                                                                              term_refset_mi |
     |                                                                Rupture of chordae tendinae due to and following acute myocardial infarction |
     +---------------------------------------------------------------------------------------------------------------------------------------------+

     +---------------------------------------------------------------------------------------------------------------------------------------------+
 81. |                                                                                                                                       term  |
     |                    Thrombosis of atrium, auricular appendage, and ventricle as current complications following acute myocardial infarction  |
     |---------------------------------------------------------------------------------------------------------------------------------------------|
     |                                                                                                                              term_refset_mi |
     |                                   Thrombosis of atrium, auricular appendage, and ventricle due to and following acute myocardial infarction |
     +---------------------------------------------------------------------------------------------------------------------------------------------+

     +---------------------------------------------------------------------------------------------------------------------------------------------+
 82. |                                                                                                                                       term  |
     |                                                                                                                               Heart attack  |
     |---------------------------------------------------------------------------------------------------------------------------------------------|
     |                                                                                                                              term_refset_mi |
     |                                                                                                                       Myocardial infarction |
     +---------------------------------------------------------------------------------------------------------------------------------------------+

     +---------------------------------------------------------------------------------------------------------------------------------------------+
 83. |                                                                                                                                       term  |
     |                                                                                                                 MI - Myocardial infarction  |
     |---------------------------------------------------------------------------------------------------------------------------------------------|
     |                                                                                                                              term_refset_mi |
     |                                                                                                                       Myocardial infarction |
     +---------------------------------------------------------------------------------------------------------------------------------------------+

     +---------------------------------------------------------------------------------------------------------------------------------------------+
 84. |                                                                                                                                       term  |
     |                                                                                                                             Attack - heart  |
     |---------------------------------------------------------------------------------------------------------------------------------------------|
     |                                                                                                                              term_refset_mi |
     |                                                                                                                       Myocardial infarction |
     +---------------------------------------------------------------------------------------------------------------------------------------------+

     +---------------------------------------------------------------------------------------------------------------------------------------------+
 85. |                                                                                                                                       term  |
     |                                                                                                                         Myocardial infarct  |
     |---------------------------------------------------------------------------------------------------------------------------------------------|
     |                                                                                                                              term_refset_mi |
     |                                                                                                                       Myocardial infarction |
     +---------------------------------------------------------------------------------------------------------------------------------------------+

     +---------------------------------------------------------------------------------------------------------------------------------------------+
102. |                                                                                                                                       term  |
     |                                                                                                          MI - Silent myocardial infarction  |
     |---------------------------------------------------------------------------------------------------------------------------------------------|
     |                                                                                                                              term_refset_mi |
     |                                                                                                                Silent myocardial infarction |
     +---------------------------------------------------------------------------------------------------------------------------------------------+

     +---------------------------------------------------------------------------------------------------------------------------------------------+
104. |                                                                                                                                       term  |
     |                                                    Ventricular septal defect as current complication following acute myocardial infarction  |
     |---------------------------------------------------------------------------------------------------------------------------------------------|
     |                                                                                                                              term_refset_mi |
     |                                                                                                   Post-infarction ventricular septal defect |
     +---------------------------------------------------------------------------------------------------------------------------------------------+

     +---------------------------------------------------------------------------------------------------------------------------------------------+
105. |                                                                                                                                       term  |
     |                                                                                          Cardiac rupture after acute myocardial infarction  |
     |---------------------------------------------------------------------------------------------------------------------------------------------|
     |                                                                                                                              term_refset_mi |
     |                                                                            Cardiac rupture due to and following acute myocardial infarction |
     +---------------------------------------------------------------------------------------------------------------------------------------------+

     +---------------------------------------------------------------------------------------------------------------------------------------------+
113. |                                                                                                                                       term  |
     |                                                                                                                       Acute Q-wave infarct  |
     |---------------------------------------------------------------------------------------------------------------------------------------------|
     |                                                                                                                              term_refset_mi |
     |                                                                                                          Acute Q wave myocardial infarction |
     +---------------------------------------------------------------------------------------------------------------------------------------------+

     +---------------------------------------------------------------------------------------------------------------------------------------------+
128. |                                                                                                                                       term  |
     |                                                                                                              ACS - Acute coronary syndrome  |
     |---------------------------------------------------------------------------------------------------------------------------------------------|
     |                                                                                                                              term_refset_mi |
     |                                                                                                                     Acute coronary syndrome |
     +---------------------------------------------------------------------------------------------------------------------------------------------+

     +---------------------------------------------------------------------------------------------------------------------------------------------+
138. |                                                                                                                                       term  |
     |                                                                                                 STEMI - ST elevation myocardial infarction  |
     |---------------------------------------------------------------------------------------------------------------------------------------------|
     |                                                                                                                              term_refset_mi |
     |                                                                                            Acute ST segment elevation myocardial infarction |
     +---------------------------------------------------------------------------------------------------------------------------------------------+

     +---------------------------------------------------------------------------------------------------------------------------------------------+
139. |                                                                                                                                       term  |
     |                                                                                                       NSTEMI - Non-ST segment elevation MI  |
     |---------------------------------------------------------------------------------------------------------------------------------------------|
     |                                                                                                                              term_refset_mi |
     |                                                                                        Acute non-ST segment elevation myocardial infarction |
     +---------------------------------------------------------------------------------------------------------------------------------------------+

     +---------------------------------------------------------------------------------------------------------------------------------------------+
141. |                                                                                                                                       term  |
     |                                                                                                                 Acute myocardial ischaemia  |
     |---------------------------------------------------------------------------------------------------------------------------------------------|
     |                                                                                                                              term_refset_mi |
     |                                                                                                                   Acute myocardial ischemia |
     +---------------------------------------------------------------------------------------------------------------------------------------------+

     +---------------------------------------------------------------------------------------------------------------------------------------------+
149. |                                                                                                                                       term  |
     |                                                                                                                   Microinfarction of heart  |
     |---------------------------------------------------------------------------------------------------------------------------------------------|
     |                                                                                                                              term_refset_mi |
     |                                                                                                                       Microinfarct of heart |
     +---------------------------------------------------------------------------------------------------------------------------------------------+

     +---------------------------------------------------------------------------------------------------------------------------------------------+
151. |                                                                                                                                       term  |
     |                                                                                                  Mixed myocardial ischaemia and infarction  |
     |---------------------------------------------------------------------------------------------------------------------------------------------|
     |                                                                                                                              term_refset_mi |
     |                                                                                                    Mixed myocardial ischemia and infarction |
     +---------------------------------------------------------------------------------------------------------------------------------------------+

     +---------------------------------------------------------------------------------------------------------------------------------------------+
166. |                                                                                                                                       term  |
     |                                                                                                              Acute anteroapical infarction  |
     |---------------------------------------------------------------------------------------------------------------------------------------------|
     |                                                                                                                              term_refset_mi |
     |                                                                                                    Acute anteroapical myocardial infarction |
     +---------------------------------------------------------------------------------------------------------------------------------------------+

     +---------------------------------------------------------------------------------------------------------------------------------------------+
167. |                                                                                                                                       term  |
     |                                                                                                         Anterior myocardial infarction NOS  |
     |---------------------------------------------------------------------------------------------------------------------------------------------|
     |                                                                                                                              term_refset_mi |
     |                                                                                                Acute myocardial infarction of anterior wall |
     +---------------------------------------------------------------------------------------------------------------------------------------------+

     +---------------------------------------------------------------------------------------------------------------------------------------------+
168. |                                                                                                                                       term  |
     |                                                                                                       Acute anterior myocardial infarction  |
     |---------------------------------------------------------------------------------------------------------------------------------------------|
     |                                                                                                                              term_refset_mi |
     |                                                                                                Acute myocardial infarction of anterior wall |
     +---------------------------------------------------------------------------------------------------------------------------------------------+

     +---------------------------------------------------------------------------------------------------------------------------------------------+
171. |                                                                                                                                       term  |
     |                                                                                                          AMI - Acute myocardial infarction  |
     |---------------------------------------------------------------------------------------------------------------------------------------------|
     |                                                                                                                              term_refset_mi |
     |                                                                                                                 Acute myocardial infarction |
     +---------------------------------------------------------------------------------------------------------------------------------------------+

     +---------------------------------------------------------------------------------------------------------------------------------------------+
172. |                                                                                                                                       term  |
     |                                                                                    Acute transmural myocardial infarction of unspecif site  |
     |---------------------------------------------------------------------------------------------------------------------------------------------|
     |                                                                                                                              term_refset_mi |
     |                                                                                                                 Acute myocardial infarction |
     +---------------------------------------------------------------------------------------------------------------------------------------------+

     +---------------------------------------------------------------------------------------------------------------------------------------------+
173. |                                                                                                                                       term  |
     |                                                                                                          Other acute myocardial infarction  |
     |---------------------------------------------------------------------------------------------------------------------------------------------|
     |                                                                                                                              term_refset_mi |
     |                                                                                                                 Acute myocardial infarction |
     +---------------------------------------------------------------------------------------------------------------------------------------------+

     +---------------------------------------------------------------------------------------------------------------------------------------------+
174. |                                                                                                                                       term  |
     |                                                                                                            Acute myocardial infarction NOS  |
     |---------------------------------------------------------------------------------------------------------------------------------------------|
     |                                                                                                                              term_refset_mi |
     |                                                                                                                 Acute myocardial infarction |
     +---------------------------------------------------------------------------------------------------------------------------------------------+

     +---------------------------------------------------------------------------------------------------------------------------------------------+
175. |                                                                                                                                       term  |
     |                                                                                                                        Coronary thrombosis  |
     |---------------------------------------------------------------------------------------------------------------------------------------------|
     |                                                                                                                              term_refset_mi |
     |                                                                                                                 Acute myocardial infarction |
     +---------------------------------------------------------------------------------------------------------------------------------------------+

     +---------------------------------------------------------------------------------------------------------------------------------------------+
176. |                                                                                                                                       term  |
     |                                                                                                      Other acute myocardial infarction NOS  |
     |---------------------------------------------------------------------------------------------------------------------------------------------|
     |                                                                                                                              term_refset_mi |
     |                                                                                                                 Acute myocardial infarction |
     +---------------------------------------------------------------------------------------------------------------------------------------------+

     +---------------------------------------------------------------------------------------------------------------------------------------------+
177. |                                                                                                                                       term  |
     |                                                                                                           MI - acute myocardial infarction  |
     |---------------------------------------------------------------------------------------------------------------------------------------------|
     |                                                                                                                              term_refset_mi |
     |                                                                                                                 Acute myocardial infarction |
     +---------------------------------------------------------------------------------------------------------------------------------------------+

     +---------------------------------------------------------------------------------------------------------------------------------------------+
178. |                                                                                                                                       term  |
     |                                                                                                                      Myocardial Infarction  |
     |---------------------------------------------------------------------------------------------------------------------------------------------|
     |                                                                                                                              term_refset_mi |
     |                                                                                                                 Acute myocardial infarction |
     +---------------------------------------------------------------------------------------------------------------------------------------------+

     +---------------------------------------------------------------------------------------------------------------------------------------------+
179. |                                                                                                                                       term  |
     |                                                                                 [X]Acute transmural myocardial infarction of unspecif site  |
     |---------------------------------------------------------------------------------------------------------------------------------------------|
     |                                                                                                                              term_refset_mi |
     |                                                                                                                 Acute myocardial infarction |
     +---------------------------------------------------------------------------------------------------------------------------------------------+

     +---------------------------------------------------------------------------------------------------------------------------------------------+
184. |                                                                                                                                       term  |
     |                                                                                                        Acute lateral myocardial infarction  |
     |---------------------------------------------------------------------------------------------------------------------------------------------|
     |                                                                                                                              term_refset_mi |
     |                                                                                                 Acute myocardial infarction of lateral wall |
     +---------------------------------------------------------------------------------------------------------------------------------------------+

     +---------------------------------------------------------------------------------------------------------------------------------------------+
189. |                                                                                                                                       term  |
     |                                                                                                  Acute inferolateral myocardial infarction  |
     |---------------------------------------------------------------------------------------------------------------------------------------------|
     |                                                                                                                              term_refset_mi |
     |                                                                                           Acute myocardial infarction of inferolateral wall |
     +---------------------------------------------------------------------------------------------------------------------------------------------+

     +---------------------------------------------------------------------------------------------------------------------------------------------+
191. |                                                                                                                                       term  |
     |                                                                                                        Post-myocardial infarction syndrome  |
     |---------------------------------------------------------------------------------------------------------------------------------------------|
     |                                                                                                                              term_refset_mi |
     |                                                                                                          Postmyocardial infarction syndrome |
     +---------------------------------------------------------------------------------------------------------------------------------------------+

     +---------------------------------------------------------------------------------------------------------------------------------------------+
193. |                                                                                                                                       term  |
     |                                                                                                                        Dressler's syndrome  |
     |---------------------------------------------------------------------------------------------------------------------------------------------|
     |                                                                                                                              term_refset_mi |
     |                                                                                                          Postmyocardial infarction syndrome |
     +---------------------------------------------------------------------------------------------------------------------------------------------+

     +---------------------------------------------------------------------------------------------------------------------------------------------+
196. |                                                                                                                                       term  |
     |                                                                                                  Acute anterolateral myocardial infarction  |
     |---------------------------------------------------------------------------------------------------------------------------------------------|
     |                                                                                                                              term_refset_mi |
     |                                                                                           Acute myocardial infarction of anterolateral wall |
     +---------------------------------------------------------------------------------------------------------------------------------------------+

     +---------------------------------------------------------------------------------------------------------------------------------------------+
197. |                                                                                                                                       term  |
     |                                                                          Acute STEMI (ST elevation myocardial infarction) of anterior wall  |
     |---------------------------------------------------------------------------------------------------------------------------------------------|
     |                                                                                                                              term_refset_mi |
     |                                                                           Acute ST segment elevation myocardial infarction of anterior wall |
     +---------------------------------------------------------------------------------------------------------------------------------------------+

     +---------------------------------------------------------------------------------------------------------------------------------------------+
198. |                                                                                                                                       term  |
     |                                                                                  Acute anterior ST segment elevation myocardial infarction  |
     |---------------------------------------------------------------------------------------------------------------------------------------------|
     |                                                                                                                              term_refset_mi |
     |                                                                           Acute ST segment elevation myocardial infarction of anterior wall |
     +---------------------------------------------------------------------------------------------------------------------------------------------+

     +---------------------------------------------------------------------------------------------------------------------------------------------+
203. |                                                                                                                                       term  |
     |                                                                                      Subsequent STEMI (ST elevation myocardial infarction)  |
     |---------------------------------------------------------------------------------------------------------------------------------------------|
     |                                                                                                                              term_refset_mi |
     |                                                                                       Subsequent ST segment elevation myocardial infarction |
     +---------------------------------------------------------------------------------------------------------------------------------------------+

     +---------------------------------------------------------------------------------------------------------------------------------------------+
205. |                                                                                                                                       term  |
     |                                                                          Acute STEMI (ST elevation myocardial infarction) of inferior wall  |
     |---------------------------------------------------------------------------------------------------------------------------------------------|
     |                                                                                                                              term_refset_mi |
     |                                                                           Acute ST segment elevation myocardial infarction of inferior wall |
     +---------------------------------------------------------------------------------------------------------------------------------------------+

     +---------------------------------------------------------------------------------------------------------------------------------------------+
207. |                                                                                                                                       term  |
     |                                                                                  Acute inferior ST segment elevation myocardial infarction  |
     |---------------------------------------------------------------------------------------------------------------------------------------------|
     |                                                                                                                              term_refset_mi |
     |                                                                           Acute ST segment elevation myocardial infarction of inferior wall |
     +---------------------------------------------------------------------------------------------------------------------------------------------+

     +---------------------------------------------------------------------------------------------------------------------------------------------+
210. |                                                                                                                                       term  |
     |                                                                              Mitral valve regurgitation due to acute myocardial infarction  |
     |---------------------------------------------------------------------------------------------------------------------------------------------|
     |                                                                                                                              term_refset_mi |
     |                                                                 Mitral valve regurgitation due to and following acute myocardial infarction |
     +---------------------------------------------------------------------------------------------------------------------------------------------+

     +---------------------------------------------------------------------------------------------------------------------------------------------+
213. |                                                                                                                                       term  |
     |                                                                         Subsequent NSTEMI (non-ST segment elevation myocardial infarction)  |
     |---------------------------------------------------------------------------------------------------------------------------------------------|
     |                                                                                                                              term_refset_mi |
     |                                                                                   Subsequent non-ST segment elevation myocardial infarction |
     +---------------------------------------------------------------------------------------------------------------------------------------------+

     +---------------------------------------------------------------------------------------------------------------------------------------------+
216. |                                                                                                                                       term  |
     |                                                                                      Pericarditis secondary to acute myocardial infarction  |
     |---------------------------------------------------------------------------------------------------------------------------------------------|
     |                                                                                                                              term_refset_mi |
     |                                                                                             Pericarditis due to acute myocardial infarction |
     +---------------------------------------------------------------------------------------------------------------------------------------------+

     +---------------------------------------------------------------------------------------------------------------------------------------------+
227. |                                                                                                                                       term  |
     |                                                                                                       Acute inferior myocardial infarction  |
     |---------------------------------------------------------------------------------------------------------------------------------------------|
     |                                                                                                                              term_refset_mi |
     |                                                                                                Acute myocardial infarction of inferior wall |
     +---------------------------------------------------------------------------------------------------------------------------------------------+

     +---------------------------------------------------------------------------------------------------------------------------------------------+
230. |                                                                                                                                       term  |
     |                                                                                                           Acute inferoposterior infarction  |
     |---------------------------------------------------------------------------------------------------------------------------------------------|
     |                                                                                                                              term_refset_mi |
     |                                                                                         Acute myocardial infarction of inferoposterior wall |
     +---------------------------------------------------------------------------------------------------------------------------------------------+

     +---------------------------------------------------------------------------------------------------------------------------------------------+
234. |                                                                                                                                       term  |
     |                                                                                                                    Acute septal infarction  |
     |---------------------------------------------------------------------------------------------------------------------------------------------|
     |                                                                                                                              term_refset_mi |
     |                                                                                                       Acute myocardial infarction of septum |
     +---------------------------------------------------------------------------------------------------------------------------------------------+

     +---------------------------------------------------------------------------------------------------------------------------------------------+
238. |                                                                                                                                       term  |
     |                                                                                                Acute apical myocardial infarction of heart  |
     |---------------------------------------------------------------------------------------------------------------------------------------------|
     |                                                                                                                              term_refset_mi |
     |                                                                                                Acute myocardial infarction of apex of heart |
     +---------------------------------------------------------------------------------------------------------------------------------------------+

     +---------------------------------------------------------------------------------------------------------------------------------------------+
241. |                                                                                                                                       term  |
     |                        Acute ST segment elevation myocardial infarction due to proximal left anterior descending coronary artery occlusion  |
     |---------------------------------------------------------------------------------------------------------------------------------------------|
     |                                                                                                                              term_refset_mi |
     | Acute ST segment elevation myocardial infarction due to occlusion of proximal portion of anterior descending branch of left coronary artery |
     +---------------------------------------------------------------------------------------------------------------------------------------------+

     +---------------------------------------------------------------------------------------------------------------------------------------------+
242. |                                                                                                                                       term  |
     |                  Acute STEMI (ST elevation myocardial infarction) due to proximal LAD (left anterior descending) coronary artery occlusion  |
     |---------------------------------------------------------------------------------------------------------------------------------------------|
     |                                                                                                                              term_refset_mi |
     | Acute ST segment elevation myocardial infarction due to occlusion of proximal portion of anterior descending branch of left coronary artery |
     +---------------------------------------------------------------------------------------------------------------------------------------------+

     +---------------------------------------------------------------------------------------------------------------------------------------------+
243. |                                                                                                                                       term  |
     |                       Acute STEMI (ST elevation myocardial infarction) due to mid LAD (left anterior descending) coronary artery occlusion  |
     |---------------------------------------------------------------------------------------------------------------------------------------------|
     |                                                                                                                              term_refset_mi |
     |      Acute ST segment elevation myocardial infarction due to occlusion of mid portion of anterior descending branch of left coronary artery |
     +---------------------------------------------------------------------------------------------------------------------------------------------+

     +---------------------------------------------------------------------------------------------------------------------------------------------+
244. |                                                                                                                                       term  |
     |                             Acute ST segment elevation myocardial infarction due to mid left anterior descending coronary artery occlusion  |
     |---------------------------------------------------------------------------------------------------------------------------------------------|
     |                                                                                                                              term_refset_mi |
     |      Acute ST segment elevation myocardial infarction due to occlusion of mid portion of anterior descending branch of left coronary artery |
     +---------------------------------------------------------------------------------------------------------------------------------------------+

     +---------------------------------------------------------------------------------------------------------------------------------------------+
245. |                                                                                                                                       term  |
     |                          Acute ST segment elevation myocardial infarction due to distal left anterior descending coronary artery occlusion  |
     |---------------------------------------------------------------------------------------------------------------------------------------------|
     |                                                                                                                              term_refset_mi |
     |   Acute ST segment elevation myocardial infarction due to occlusion of distal portion of anterior descending branch of left coronary artery |
     +---------------------------------------------------------------------------------------------------------------------------------------------+

     +---------------------------------------------------------------------------------------------------------------------------------------------+
246. |                                                                                                                                       term  |
     |                    Acute STEMI (ST elevation myocardial infarction) due to distal LAD (left anterior descending) coronary artery occlusion  |
     |---------------------------------------------------------------------------------------------------------------------------------------------|
     |                                                                                                                              term_refset_mi |
     |   Acute ST segment elevation myocardial infarction due to occlusion of distal portion of anterior descending branch of left coronary artery |
     +---------------------------------------------------------------------------------------------------------------------------------------------+

     +---------------------------------------------------------------------------------------------------------------------------------------------+
250. |                                                                                                                                       term  |
     |                                       Acute STEMI (ST elevation myocardial infarction) due to distal RCA (right coronary artery) occlusion  |
     |---------------------------------------------------------------------------------------------------------------------------------------------|
     |                                                                                                                              term_refset_mi |
     |                                Acute ST segment elevation myocardial infarction due to occlusion of distal portion of right coronary artery |
     +---------------------------------------------------------------------------------------------------------------------------------------------+

     +---------------------------------------------------------------------------------------------------------------------------------------------+
251. |                                                                                                                                       term  |
     |                                          Acute STEMI (ST elevation myocardial infarction) due to mid RCA (right coronary artery) occlusion  |
     |---------------------------------------------------------------------------------------------------------------------------------------------|
     |                                                                                                                              term_refset_mi |
     |                                   Acute ST segment elevation myocardial infarction due to occlusion of mid portion of right coronary artery |
     +---------------------------------------------------------------------------------------------------------------------------------------------+

     +---------------------------------------------------------------------------------------------------------------------------------------------+
252. |                                                                                                                                       term  |
     |                Acute STEMI (ST elevation myocardial infarction) due to AM (acute marginal) branch of RCA (right coronary artery) occlusion  |
     |---------------------------------------------------------------------------------------------------------------------------------------------|
     |                                                                                                                              term_refset_mi |
     |                               Acute ST segment elevation myocardial infarction due to occlusion of marginal branch of right coronary artery |
     +---------------------------------------------------------------------------------------------------------------------------------------------+

     +---------------------------------------------------------------------------------------------------------------------------------------------+
254. |                                                                                                                                       term  |
     |  Acute STEMI (ST elevation myocardial infarction) due to PDA (posterior descending artery) branch of RCA (right coronary artery) occlusion  |
     |---------------------------------------------------------------------------------------------------------------------------------------------|
     |                                                                                                                              term_refset_mi |
     |                   Acute ST segment elevation myocardial infarction due to occlusion of posterior descending branch of right coronary artery |
     +---------------------------------------------------------------------------------------------------------------------------------------------+

     +---------------------------------------------------------------------------------------------------------------------------------------------+
256. |                                                                                                                                       term  |
     |                Acute STEMI (ST elevation myocardial infarction) due to PL (posterolateral) branch of RCA (right coronary artery) occlusion  |
     |---------------------------------------------------------------------------------------------------------------------------------------------|
     |                                                                                                                              term_refset_mi |
     |                      Acute ST segment elevation myocardial infarction due to occlusion of posterior lateral branch of right coronary artery |
     +---------------------------------------------------------------------------------------------------------------------------------------------+
Terms on pre-existing list only...

     +----------------------------------------------------------------------------------------------------------------------------------------------------------------+
     | snomedctconceptid                                                                                                                               term_refset_mi |
     |----------------------------------------------------------------------------------------------------------------------------------------------------------------|
267. |  1089431000000107                                                                                            Postoperative nontransmural myocardial infarction |
268. |  1089441000000103                                                                                               Postoperative transmural myocardial infarction |
269. | 15713201000119105                                                                        Acute ST segment elevation myocardial infarction of posterobasal wall |
270. |         233826005                                                                                                   Acute non-Q wave infarction - anteroseptal |
271. |         233827001                                                                                                      Acute Q wave infarction - anterolateral |
     |----------------------------------------------------------------------------------------------------------------------------------------------------------------|
272. |         233833005                                                                                                            Acute Q wave infarction - lateral |
273. |         233834004                                                                                                        Acute non-Q wave infarction - lateral |
274. |         233835003                                                                                                       Acute widespread myocardial infarction |
275. |         233836002                                                                                                         Acute Q wave infarction - widespread |
276. |         233837006                                                                                                     Acute non-Q wave infarction - widespread |
     |----------------------------------------------------------------------------------------------------------------------------------------------------------------|
277. |            282006                                                                                            Acute myocardial infarction of basal-lateral wall |
278. |   285991000119100                                                         Acute ST segment elevation myocardial infarction involving left main coronary artery |
279. |          41466009                                                                  Myocardial imaging for infarct with ejection fraction, first pass technique |
280. |         429391004                                                                                            New myocardial infarction compared to prior study |
281. |          63670007                                                                                             Myocardial imaging for infarct, planar technique |
     |----------------------------------------------------------------------------------------------------------------------------------------------------------------|
282. |         703251009                                                                       Acute myocardial infarction of inferior wall involving right ventricle |
283. |         703330009                                      Mitral valve regurgitation due to acute myocardial infarction with papillary muscle and chordal rupture |
284. |          70998009                                                                      Acute myocardial infarction of basal inferior segment of left ventricle |
285. |         846668006   Acute ST segment elevation myocardial infarction due to occlusion of diagonal branch of anterior descending branch of left coronary artery |
286. |         868214006                               Acute ST segment elevation myocardial infarction due to occlusion of proximal portion of right coronary artery |
     +----------------------------------------------------------------------------------------------------------------------------------------------------------------+
(20 real changes made)
(20 real changes made)

    Result                      Number of obs
    -----------------------------------------
    Not matched                           164
        from master                       164  (_merge==1)
        from using                          0  (_merge==2)

    Matched                               122  (_merge==3)
    -----------------------------------------

     +----------------------------------------------------------------------------------------------------------------+
  1. |                                                                                                           term |
     |                                                                              Acute papillary muscle infarction |
     |----------------------------------------------------------------------------------------------------------------|
     |                                                                                                    term_ph942  |
     |                                                                          Acute infarction of papillary muscle  |
     +----------------------------------------------------------------------------------------------------------------+

     +----------------------------------------------------------------------------------------------------------------+
  7. |                                                                                                           term |
     |                                                                         Acute transmural myocardial infarction |
     |----------------------------------------------------------------------------------------------------------------|
     |                                                                                                    term_ph942  |
     |                                                             Acute transmural myocardial infarction (disorder)  |
     +----------------------------------------------------------------------------------------------------------------+

     +----------------------------------------------------------------------------------------------------------------+
 14. |                                                                                                           term |
     |                                       Acute ST segment elevation myocardial infarction of inferoposterior wall |
     |----------------------------------------------------------------------------------------------------------------|
     |                                                                                                    term_ph942  |
     |                           Acute ST segment elevation myocardial infarction of inferoposterior wall (disorder)  |
     +----------------------------------------------------------------------------------------------------------------+

     +----------------------------------------------------------------------------------------------------------------+
 16. |                                                                                                           term |
     |                                                     Postoperative transmural myocardial infarction unspec site |
     |----------------------------------------------------------------------------------------------------------------|
     |                                                                                                    term_ph942  |
     |                                                                           Postoperative myocardial infarction  |
     +----------------------------------------------------------------------------------------------------------------+

     +----------------------------------------------------------------------------------------------------------------+
 17. |                                                                                                           term |
     |                                                               Postoperative myocardial infarction, unspecified |
     |----------------------------------------------------------------------------------------------------------------|
     |                                                                                                    term_ph942  |
     |                                                                           Postoperative myocardial infarction  |
     +----------------------------------------------------------------------------------------------------------------+

     +----------------------------------------------------------------------------------------------------------------+
 18. |                                                                                                           term |
     |                                                     Postoperative transmural myocardial infarction other sites |
     |----------------------------------------------------------------------------------------------------------------|
     |                                                                                                    term_ph942  |
     |                                                                           Postoperative myocardial infarction  |
     +----------------------------------------------------------------------------------------------------------------+

     +----------------------------------------------------------------------------------------------------------------+
 20. |                                                                                                           term |
     |                                         Acute ST segment elevation myocardial infarction of anterolateral wall |
     |----------------------------------------------------------------------------------------------------------------|
     |                                                                                                    term_ph942  |
     |                             Acute ST segment elevation myocardial infarction of anterolateral wall (disorder)  |
     +----------------------------------------------------------------------------------------------------------------+

     +----------------------------------------------------------------------------------------------------------------+
 21. |                                                                                                           term |
     |                                               Acute ST segment elevation myocardial infarction of lateral wall |
     |----------------------------------------------------------------------------------------------------------------|
     |                                                                                                    term_ph942  |
     |                                   Acute ST segment elevation myocardial infarction of lateral wall (disorder)  |
     +----------------------------------------------------------------------------------------------------------------+

     +----------------------------------------------------------------------------------------------------------------+
 61. |                                                                                                           term |
     |                                                                                   Healed myocardial infarction |
     |----------------------------------------------------------------------------------------------------------------|
     |                                                                                                    term_ph942  |
     |                                                                                     Old myocardial infarction  |
     +----------------------------------------------------------------------------------------------------------------+

     +----------------------------------------------------------------------------------------------------------------+
 71. |                                                                                                           term |
     |                                                             [X]Subsequent myocardial infarction of other sites |
     |----------------------------------------------------------------------------------------------------------------|
     |                                                                                                    term_ph942  |
     |                                                                              Subsequent myocardial infarction  |
     +----------------------------------------------------------------------------------------------------------------+

     +----------------------------------------------------------------------------------------------------------------+
 73. |                                                                                                           term |
     |                                                        [X]Subsequent myocardial infarction of unspecified site |
     |----------------------------------------------------------------------------------------------------------------|
     |                                                                                                    term_ph942  |
     |                                                                              Subsequent myocardial infarction  |
     +----------------------------------------------------------------------------------------------------------------+

     +----------------------------------------------------------------------------------------------------------------+
 74. |                                                                                                           term |
     |                                                           Subsequent myocardial infarction of unspecified site |
     |----------------------------------------------------------------------------------------------------------------|
     |                                                                                                    term_ph942  |
     |                                                                              Subsequent myocardial infarction  |
     +----------------------------------------------------------------------------------------------------------------+

     +----------------------------------------------------------------------------------------------------------------+
 75. |                                                                                                           term |
     |                                                                                     Reinfarction of myocardium |
     |----------------------------------------------------------------------------------------------------------------|
     |                                                                                                    term_ph942  |
     |                                                                              Subsequent myocardial infarction  |
     +----------------------------------------------------------------------------------------------------------------+

     +----------------------------------------------------------------------------------------------------------------+
 76. |                                                                                                           term |
     |                                                                Subsequent myocardial infarction of other sites |
     |----------------------------------------------------------------------------------------------------------------|
     |                                                                                                    term_ph942  |
     |                                                                              Subsequent myocardial infarction  |
     +----------------------------------------------------------------------------------------------------------------+

     +----------------------------------------------------------------------------------------------------------------+
 81. |                                                                                                           term |
     | Rupture of cardiac wall without haemopericardium as current complication following acute myocardial infarction |
     |----------------------------------------------------------------------------------------------------------------|
     |                                                                                                    term_ph942  |
     | Rupture of cardiac wall without hemopericardium as current complication following acute myocardial infarction  |
     +----------------------------------------------------------------------------------------------------------------+

     +----------------------------------------------------------------------------------------------------------------+
 85. |                                                                                                           term |
     |                                                                                     MI - Myocardial infarction |
     |----------------------------------------------------------------------------------------------------------------|
     |                                                                                                    term_ph942  |
     |                                                                                         Myocardial infarction  |
     +----------------------------------------------------------------------------------------------------------------+

     +----------------------------------------------------------------------------------------------------------------+
 86. |                                                                                                           term |
     |                                                                                                   Heart attack |
     |----------------------------------------------------------------------------------------------------------------|
     |                                                                                                    term_ph942  |
     |                                                                                         Myocardial infarction  |
     +----------------------------------------------------------------------------------------------------------------+

     +----------------------------------------------------------------------------------------------------------------+
 88. |                                                                                                           term |
     |                                                                                                 Attack - heart |
     |----------------------------------------------------------------------------------------------------------------|
     |                                                                                                    term_ph942  |
     |                                                                                         Myocardial infarction  |
     +----------------------------------------------------------------------------------------------------------------+

     +----------------------------------------------------------------------------------------------------------------+
 89. |                                                                                                           term |
     |                                                                                             Myocardial infarct |
     |----------------------------------------------------------------------------------------------------------------|
     |                                                                                                    term_ph942  |
     |                                                                                         Myocardial infarction  |
     +----------------------------------------------------------------------------------------------------------------+

     +----------------------------------------------------------------------------------------------------------------+
 93. |                                                                                                           term |
     |                                                                         Acute Q wave infarction - anteroseptal |
     |----------------------------------------------------------------------------------------------------------------|
     |                                                                                                    term_ph942  |
     |                                                             Acute Q wave infarction - anteroseptal (disorder)  |
     +----------------------------------------------------------------------------------------------------------------+

     +----------------------------------------------------------------------------------------------------------------+
 94. |                                                                                                           term |
     |                                                                     Acute non-Q wave infarction - anteroseptal |
     |----------------------------------------------------------------------------------------------------------------|
     |                                                                                                    term_ph942  |
     |                                                         Acute non-Q wave infarction - anteroseptal (disorder)  |
     +----------------------------------------------------------------------------------------------------------------+

     +----------------------------------------------------------------------------------------------------------------+
 95. |                                                                                                           term |
     |                                                                        Acute Q wave infarction - anterolateral |
     |----------------------------------------------------------------------------------------------------------------|
     |                                                                                                    term_ph942  |
     |                                                            Acute Q wave infarction - anterolateral (disorder)  |
     +----------------------------------------------------------------------------------------------------------------+

     +----------------------------------------------------------------------------------------------------------------+
 96. |                                                                                                           term |
     |                                                                    Acute non-Q wave infarction - anterolateral |
     |----------------------------------------------------------------------------------------------------------------|
     |                                                                                                    term_ph942  |
     |                                                        Acute non-Q wave infarction - anterolateral (disorder)  |
     +----------------------------------------------------------------------------------------------------------------+

     +----------------------------------------------------------------------------------------------------------------+
 97. |                                                                                                           term |
     |                                                                             Acute Q wave infarction - inferior |
     |----------------------------------------------------------------------------------------------------------------|
     |                                                                                                    term_ph942  |
     |                                                                 Acute Q wave infarction - inferior (disorder)  |
     +----------------------------------------------------------------------------------------------------------------+

     +----------------------------------------------------------------------------------------------------------------+
 98. |                                                                                                           term |
     |                                                                         Acute non-Q wave infarction - inferior |
     |----------------------------------------------------------------------------------------------------------------|
     |                                                                                                    term_ph942  |
     |                                                             Acute non-Q wave infarction - inferior (disorder)  |
     +----------------------------------------------------------------------------------------------------------------+

     +----------------------------------------------------------------------------------------------------------------+
 99. |                                                                                                           term |
     |                                                                        Acute Q wave infarction - inferolateral |
     |----------------------------------------------------------------------------------------------------------------|
     |                                                                                                    term_ph942  |
     |                                                            Acute Q wave infarction - inferolateral (disorder)  |
     +----------------------------------------------------------------------------------------------------------------+

     +----------------------------------------------------------------------------------------------------------------+
100. |                                                                                                           term |
     |                                                                    Acute non-Q wave infarction - inferolateral |
     |----------------------------------------------------------------------------------------------------------------|
     |                                                                                                    term_ph942  |
     |                                                        Acute non-Q wave infarction - inferolateral (disorder)  |
     +----------------------------------------------------------------------------------------------------------------+

     +----------------------------------------------------------------------------------------------------------------+
101. |                                                                                                           term |
     |                                                                              Acute Q wave infarction - lateral |
     |----------------------------------------------------------------------------------------------------------------|
     |                                                                                                    term_ph942  |
     |                                                                  Acute Q wave infarction - lateral (disorder)  |
     +----------------------------------------------------------------------------------------------------------------+

     +----------------------------------------------------------------------------------------------------------------+
102. |                                                                                                           term |
     |                                                                          Acute non-Q wave infarction - lateral |
     |----------------------------------------------------------------------------------------------------------------|
     |                                                                                                    term_ph942  |
     |                                                              Acute non-Q wave infarction - lateral (disorder)  |
     +----------------------------------------------------------------------------------------------------------------+

     +----------------------------------------------------------------------------------------------------------------+
103. |                                                                                                           term |
     |                                                                         Acute widespread myocardial infarction |
     |----------------------------------------------------------------------------------------------------------------|
     |                                                                                                    term_ph942  |
     |                                                             Acute widespread myocardial infarction (disorder)  |
     +----------------------------------------------------------------------------------------------------------------+

     +----------------------------------------------------------------------------------------------------------------+
111. |                                                                                                           term |
     |                                                                              MI - Silent myocardial infarction |
     |----------------------------------------------------------------------------------------------------------------|
     |                                                                                                    term_ph942  |
     |                                                                                  Silent myocardial infarction  |
     +----------------------------------------------------------------------------------------------------------------+

     +----------------------------------------------------------------------------------------------------------------+
113. |                                                                                                           term |
     |                                                                      Post-infarction ventricular septal defect |
     |----------------------------------------------------------------------------------------------------------------|
     |                                                                                                    term_ph942  |
     |                       Ventricular septal defect as current complication following acute myocardial infarction  |
     +----------------------------------------------------------------------------------------------------------------+

     +----------------------------------------------------------------------------------------------------------------+
123. |                                                                                                           term |
     |                           Acute ST segment elevation myocardial infarction involving left main coronary artery |
     |----------------------------------------------------------------------------------------------------------------|
     |                                                                                                    term_ph942  |
     |               Acute ST segment elevation myocardial infarction involving left main coronary artery (disorder)  |
     +----------------------------------------------------------------------------------------------------------------+

     +----------------------------------------------------------------------------------------------------------------+
125. |                                                                                                           term |
     |                                                                                           Acute Q-wave infarct |
     |----------------------------------------------------------------------------------------------------------------|
     |                                                                                                    term_ph942  |
     |                                                                            Acute Q wave myocardial infarction  |
     +----------------------------------------------------------------------------------------------------------------+

     +----------------------------------------------------------------------------------------------------------------+
133. |                                                                                                           term |
     |                                                                               Non-Q wave myocardial infarction |
     |----------------------------------------------------------------------------------------------------------------|
     |                                                                                                    term_ph942  |
     |                                                                   Non-Q wave myocardial infarction (disorder)  |
     +----------------------------------------------------------------------------------------------------------------+

     +----------------------------------------------------------------------------------------------------------------+
137. |                                                                                                           term |
     |                                                                        Myocardial infarction with complication |
     |----------------------------------------------------------------------------------------------------------------|
     |                                                                                                    term_ph942  |
     |                                                            Myocardial infarction with complication (disorder)  |
     +----------------------------------------------------------------------------------------------------------------+

     +----------------------------------------------------------------------------------------------------------------+
139. |                                                                                                           term |
     |                                                                                  ACS - Acute coronary syndrome |
     |----------------------------------------------------------------------------------------------------------------|
     |                                                                                                    term_ph942  |
     |                                                                            Acute coronary syndrome (disorder)  |
     +----------------------------------------------------------------------------------------------------------------+

     +----------------------------------------------------------------------------------------------------------------+
140. |                                                                                                           term |
     |                                                                                        Acute coronary syndrome |
     |----------------------------------------------------------------------------------------------------------------|
     |                                                                                                    term_ph942  |
     |                                                                            Acute coronary syndrome (disorder)  |
     +----------------------------------------------------------------------------------------------------------------+

     +----------------------------------------------------------------------------------------------------------------+
141. |                                                                                                           term |
     |                                                                                    First myocardial infarction |
     |----------------------------------------------------------------------------------------------------------------|
     |                                                                                                    term_ph942  |
     |                                                                        First myocardial infarction (disorder)  |
     +----------------------------------------------------------------------------------------------------------------+

     +----------------------------------------------------------------------------------------------------------------+
142. |                                                                                                           term |
     |                                                                                     Coronary artery thrombosis |
     |----------------------------------------------------------------------------------------------------------------|
     |                                                                                                    term_ph942  |
     |                                                                         Coronary artery thrombosis (disorder)  |
     +----------------------------------------------------------------------------------------------------------------+

     +----------------------------------------------------------------------------------------------------------------+
143. |                                                                                                           term |
     |                                                                                            Coronary thrombosis |
     |----------------------------------------------------------------------------------------------------------------|
     |                                                                                                    term_ph942  |
     |                                                                         Coronary artery thrombosis (disorder)  |
     +----------------------------------------------------------------------------------------------------------------+

     +----------------------------------------------------------------------------------------------------------------+
144. |                                                                                                           term |
     |                                                                                       CT - Coronary thrombosis |
     |----------------------------------------------------------------------------------------------------------------|
     |                                                                                                    term_ph942  |
     |                                                                         Coronary artery thrombosis (disorder)  |
     +----------------------------------------------------------------------------------------------------------------+

     +----------------------------------------------------------------------------------------------------------------+
145. |                                                                                                           term |
     |                                                                                          Thrombosis - coronary |
     |----------------------------------------------------------------------------------------------------------------|
     |                                                                                                    term_ph942  |
     |                                                                         Coronary artery thrombosis (disorder)  |
     +----------------------------------------------------------------------------------------------------------------+

     +----------------------------------------------------------------------------------------------------------------+
146. |                                                                                                           term |
     |                                                                               History of myocardial infarction |
     |----------------------------------------------------------------------------------------------------------------|
     |                                                                                                    term_ph942  |
     |                                               History of - myocardial infarction (context-dependent category)  |
     +----------------------------------------------------------------------------------------------------------------+

     +----------------------------------------------------------------------------------------------------------------+
147. |                                                                                                           term |
     |                                                                      Personal history of myocardial infarction |
     |----------------------------------------------------------------------------------------------------------------|
     |                                                                                                    term_ph942  |
     |                                               History of - myocardial infarction (context-dependent category)  |
     +----------------------------------------------------------------------------------------------------------------+

     +----------------------------------------------------------------------------------------------------------------+
148. |                                                                                                           term |
     |                                                                          Past history of myocardial infarction |
     |----------------------------------------------------------------------------------------------------------------|
     |                                                                                                    term_ph942  |
     |                                               History of - myocardial infarction (context-dependent category)  |
     +----------------------------------------------------------------------------------------------------------------+

     +----------------------------------------------------------------------------------------------------------------+
149. |                                                                                                           term |
     |                                                                     STEMI - ST elevation myocardial infarction |
     |----------------------------------------------------------------------------------------------------------------|
     |                                                                                                    term_ph942  |
     |                                                   Acute ST segment elevation myocardial infarction (disorder)  |
     +----------------------------------------------------------------------------------------------------------------+

     +----------------------------------------------------------------------------------------------------------------+
150. |                                                                                                           term |
     |                                                               Acute ST segment elevation myocardial infarction |
     |----------------------------------------------------------------------------------------------------------------|
     |                                                                                                    term_ph942  |
     |                                                   Acute ST segment elevation myocardial infarction (disorder)  |
     +----------------------------------------------------------------------------------------------------------------+

     +----------------------------------------------------------------------------------------------------------------+
151. |                                                                                                           term |
     |                                                           Acute non-ST segment elevation myocardial infarction |
     |----------------------------------------------------------------------------------------------------------------|
     |                                                                                                    term_ph942  |
     |                                               Acute non-ST segment elevation myocardial infarction (disorder)  |
     +----------------------------------------------------------------------------------------------------------------+

     +----------------------------------------------------------------------------------------------------------------+
152. |                                                                                                           term |
     |                                                                           NSTEMI - Non-ST segment elevation MI |
     |----------------------------------------------------------------------------------------------------------------|
     |                                                                                                    term_ph942  |
     |                                               Acute non-ST segment elevation myocardial infarction (disorder)  |
     +----------------------------------------------------------------------------------------------------------------+

     +----------------------------------------------------------------------------------------------------------------+
162. |                                                                                                           term |
     |                                                                                       Microinfarction of heart |
     |----------------------------------------------------------------------------------------------------------------|
     |                                                                                                    term_ph942  |
     |                                                                                         Microinfarct of heart  |
     +----------------------------------------------------------------------------------------------------------------+

     +----------------------------------------------------------------------------------------------------------------+
164. |                                                                                                           term |
     |                                                                      Mixed myocardial ischaemia and infarction |
     |----------------------------------------------------------------------------------------------------------------|
     |                                                                                                    term_ph942  |
     |                                                           Mixed myocardial ischemia and infarction (disorder)  |
     +----------------------------------------------------------------------------------------------------------------+

     +----------------------------------------------------------------------------------------------------------------+
165. |                                                                                                           term |
     |                                                                                   Recent myocardial infarction |
     |----------------------------------------------------------------------------------------------------------------|
     |                                                                                                    term_ph942  |
     |                                                                      Recent myocardial infarction (situation)  |
     +----------------------------------------------------------------------------------------------------------------+

     +----------------------------------------------------------------------------------------------------------------+
180. |                                                                                                           term |
     |                                                                                  Acute anteroapical infarction |
     |----------------------------------------------------------------------------------------------------------------|
     |                                                                                                    term_ph942  |
     |                                                                      Acute anteroapical myocardial infarction  |
     +----------------------------------------------------------------------------------------------------------------+

     +----------------------------------------------------------------------------------------------------------------+
181. |                                                                                                           term |
     |                                                                           Acute anterior myocardial infarction |
     |----------------------------------------------------------------------------------------------------------------|
     |                                                                                                    term_ph942  |
     |                                                                  Acute myocardial infarction of anterior wall  |
     +----------------------------------------------------------------------------------------------------------------+

     +----------------------------------------------------------------------------------------------------------------+
182. |                                                                                                           term |
     |                                                                             Anterior myocardial infarction NOS |
     |----------------------------------------------------------------------------------------------------------------|
     |                                                                                                    term_ph942  |
     |                                                                  Acute myocardial infarction of anterior wall  |
     +----------------------------------------------------------------------------------------------------------------+

     +----------------------------------------------------------------------------------------------------------------+
185. |                                                                                                           term |
     |                                                     [X]Acute transmural myocardial infarction of unspecif site |
     |----------------------------------------------------------------------------------------------------------------|
     |                                                                                                    term_ph942  |
     |                                                                                   Acute myocardial infarction  |
     +----------------------------------------------------------------------------------------------------------------+

     +----------------------------------------------------------------------------------------------------------------+
186. |                                                                                                           term |
     |                                                                                            Coronary thrombosis |
     |----------------------------------------------------------------------------------------------------------------|
     |                                                                                                    term_ph942  |
     |                                                                                   Acute myocardial infarction  |
     +----------------------------------------------------------------------------------------------------------------+

     +----------------------------------------------------------------------------------------------------------------+
188. |                                                                                                           term |
     |                                                        Acute transmural myocardial infarction of unspecif site |
     |----------------------------------------------------------------------------------------------------------------|
     |                                                                                                    term_ph942  |
     |                                                                                   Acute myocardial infarction  |
     +----------------------------------------------------------------------------------------------------------------+

     +----------------------------------------------------------------------------------------------------------------+
189. |                                                                                                           term |
     |                                                                               MI - acute myocardial infarction |
     |----------------------------------------------------------------------------------------------------------------|
     |                                                                                                    term_ph942  |
     |                                                                                   Acute myocardial infarction  |
     +----------------------------------------------------------------------------------------------------------------+

     +----------------------------------------------------------------------------------------------------------------+
190. |                                                                                                           term |
     |                                                                              AMI - Acute myocardial infarction |
     |----------------------------------------------------------------------------------------------------------------|
     |                                                                                                    term_ph942  |
     |                                                                                   Acute myocardial infarction  |
     +----------------------------------------------------------------------------------------------------------------+

     +----------------------------------------------------------------------------------------------------------------+
191. |                                                                                                           term |
     |                                                                              Other acute myocardial infarction |
     |----------------------------------------------------------------------------------------------------------------|
     |                                                                                                    term_ph942  |
     |                                                                                   Acute myocardial infarction  |
     +----------------------------------------------------------------------------------------------------------------+

     +----------------------------------------------------------------------------------------------------------------+
192. |                                                                                                           term |
     |                                                                                Acute myocardial infarction NOS |
     |----------------------------------------------------------------------------------------------------------------|
     |                                                                                                    term_ph942  |
     |                                                                                   Acute myocardial infarction  |
     +----------------------------------------------------------------------------------------------------------------+

     +----------------------------------------------------------------------------------------------------------------+
193. |                                                                                                           term |
     |                                                                                          Myocardial Infarction |
     |----------------------------------------------------------------------------------------------------------------|
     |                                                                                                    term_ph942  |
     |                                                                                   Acute myocardial infarction  |
     +----------------------------------------------------------------------------------------------------------------+

     +----------------------------------------------------------------------------------------------------------------+
194. |                                                                                                           term |
     |                                                                          Other acute myocardial infarction NOS |
     |----------------------------------------------------------------------------------------------------------------|
     |                                                                                                    term_ph942  |
     |                                                                                   Acute myocardial infarction  |
     +----------------------------------------------------------------------------------------------------------------+

     +----------------------------------------------------------------------------------------------------------------+
198. |                                                                                                           term |
     |                                                                            Acute lateral myocardial infarction |
     |----------------------------------------------------------------------------------------------------------------|
     |                                                                                                    term_ph942  |
     |                                                                   Acute myocardial infarction of lateral wall  |
     +----------------------------------------------------------------------------------------------------------------+

     +----------------------------------------------------------------------------------------------------------------+
205. |                                                                                                           term |
     |                                                                      Acute inferolateral myocardial infarction |
     |----------------------------------------------------------------------------------------------------------------|
     |                                                                                                    term_ph942  |
     |                                                             Acute myocardial infarction of inferolateral wall  |
     +----------------------------------------------------------------------------------------------------------------+

     +----------------------------------------------------------------------------------------------------------------+
207. |                                                                                                           term |
     |                                                                            Post-myocardial infarction syndrome |
     |----------------------------------------------------------------------------------------------------------------|
     |                                                                                                    term_ph942  |
     |                                                                            Postmyocardial infarction syndrome  |
     +----------------------------------------------------------------------------------------------------------------+

     +----------------------------------------------------------------------------------------------------------------+
208. |                                                                                                           term |
     |                                                                                            Dressler's syndrome |
     |----------------------------------------------------------------------------------------------------------------|
     |                                                                                                    term_ph942  |
     |                                                                            Postmyocardial infarction syndrome  |
     +----------------------------------------------------------------------------------------------------------------+

     +----------------------------------------------------------------------------------------------------------------+
209. |                                                                                                           term |
     |                                                      History of non-ST segment elevation myocardial infarction |
     |----------------------------------------------------------------------------------------------------------------|
     |                                                                                                    term_ph942  |
     |                                         History of non-ST segment elevation myocardial infarction (situation)  |
     +----------------------------------------------------------------------------------------------------------------+

     +----------------------------------------------------------------------------------------------------------------+
210. |                                                                                                           term |
     |                                                                      Acute anterolateral myocardial infarction |
     |----------------------------------------------------------------------------------------------------------------|
     |                                                                                                    term_ph942  |
     |                                                             Acute myocardial infarction of anterolateral wall  |
     +----------------------------------------------------------------------------------------------------------------+

     +----------------------------------------------------------------------------------------------------------------+
212. |                                                                                                           term |
     |                                              Acute STEMI (ST elevation myocardial infarction) of anterior wall |
     |----------------------------------------------------------------------------------------------------------------|
     |                                                                                                    term_ph942  |
     |                                  Acute ST segment elevation myocardial infarction of anterior wall (disorder)  |
     +----------------------------------------------------------------------------------------------------------------+

     +----------------------------------------------------------------------------------------------------------------+
213. |                                                                                                           term |
     |                                                      Acute anterior ST segment elevation myocardial infarction |
     |----------------------------------------------------------------------------------------------------------------|
     |                                                                                                    term_ph942  |
     |                                  Acute ST segment elevation myocardial infarction of anterior wall (disorder)  |
     +----------------------------------------------------------------------------------------------------------------+

     +----------------------------------------------------------------------------------------------------------------+
215. |                                                                                                           term |
     |                                         Subsequent ST segment elevation myocardial infarction of inferior wall |
     |----------------------------------------------------------------------------------------------------------------|
     |                                                                                                    term_ph942  |
     |                             Subsequent ST segment elevation myocardial infarction of inferior wall (disorder)  |
     +----------------------------------------------------------------------------------------------------------------+

     +----------------------------------------------------------------------------------------------------------------+
217. |                                                                                                           term |
     |                                                          Subsequent ST segment elevation myocardial infarction |
     |----------------------------------------------------------------------------------------------------------------|
     |                                                                                                    term_ph942  |
     |                                              Subsequent ST segment elevation myocardial infarction (disorder)  |
     +----------------------------------------------------------------------------------------------------------------+

     +----------------------------------------------------------------------------------------------------------------+
218. |                                                                                                           term |
     |                                                          Subsequent STEMI (ST elevation myocardial infarction) |
     |----------------------------------------------------------------------------------------------------------------|
     |                                                                                                    term_ph942  |
     |                                              Subsequent ST segment elevation myocardial infarction (disorder)  |
     +----------------------------------------------------------------------------------------------------------------+

     +----------------------------------------------------------------------------------------------------------------+
220. |                                                                                                           term |
     |                                              Acute ST segment elevation myocardial infarction of inferior wall |
     |----------------------------------------------------------------------------------------------------------------|
     |                                                                                                    term_ph942  |
     |                                  Acute ST segment elevation myocardial infarction of inferior wall (disorder)  |
     +----------------------------------------------------------------------------------------------------------------+

     +----------------------------------------------------------------------------------------------------------------+
221. |                                                                                                           term |
     |                                              Acute STEMI (ST elevation myocardial infarction) of inferior wall |
     |----------------------------------------------------------------------------------------------------------------|
     |                                                                                                    term_ph942  |
     |                                  Acute ST segment elevation myocardial infarction of inferior wall (disorder)  |
     +----------------------------------------------------------------------------------------------------------------+

     +----------------------------------------------------------------------------------------------------------------+
222. |                                                                                                           term |
     |                                                      Acute inferior ST segment elevation myocardial infarction |
     |----------------------------------------------------------------------------------------------------------------|
     |                                                                                                    term_ph942  |
     |                                  Acute ST segment elevation myocardial infarction of inferior wall (disorder)  |
     +----------------------------------------------------------------------------------------------------------------+

     +----------------------------------------------------------------------------------------------------------------+
229. |                                                                                                           term |
     |                                                      Subsequent non-ST segment elevation myocardial infarction |
     |----------------------------------------------------------------------------------------------------------------|
     |                                                                                                    term_ph942  |
     |                                          Subsequent non-ST segment elevation myocardial infarction (disorder)  |
     +----------------------------------------------------------------------------------------------------------------+

     +----------------------------------------------------------------------------------------------------------------+
230. |                                                                                                           term |
     |                                             Subsequent NSTEMI (non-ST segment elevation myocardial infarction) |
     |----------------------------------------------------------------------------------------------------------------|
     |                                                                                                    term_ph942  |
     |                                          Subsequent non-ST segment elevation myocardial infarction (disorder)  |
     +----------------------------------------------------------------------------------------------------------------+

     +----------------------------------------------------------------------------------------------------------------+
246. |                                                                                                           term |
     |                                                                           Acute inferior myocardial infarction |
     |----------------------------------------------------------------------------------------------------------------|
     |                                                                                                    term_ph942  |
     |                                                                  Acute myocardial infarction of inferior wall  |
     +----------------------------------------------------------------------------------------------------------------+

     +----------------------------------------------------------------------------------------------------------------+
247. |                                                                                                           term |
     |                                                                               Acute inferoposterior infarction |
     |----------------------------------------------------------------------------------------------------------------|
     |                                                                                                    term_ph942  |
     |                                                           Acute myocardial infarction of inferoposterior wall  |
     +----------------------------------------------------------------------------------------------------------------+

     +----------------------------------------------------------------------------------------------------------------+
252. |                                                                                                           term |
     |                                                                                        Acute septal infarction |
     |----------------------------------------------------------------------------------------------------------------|
     |                                                                                                    term_ph942  |
     |                                                                         Acute myocardial infarction of septum  |
     +----------------------------------------------------------------------------------------------------------------+
Terms on pre-existing list only...
(0 real changes made)
(0 real changes made)

    Result                      Number of obs
    -----------------------------------------
    Not matched                           164
        from master                       164  (_merge==1)
        from using                          0  (_merge==2)

    Matched                               122  (_merge==3)
    -----------------------------------------

     +----------------------------------------------------------------------------------------------------------------+
  1. |                                                                                                           term |
     |                                                                              Acute papillary muscle infarction |
     |----------------------------------------------------------------------------------------------------------------|
     |                                                                                                    term_ph949  |
     |                                                                          Acute infarction of papillary muscle  |
     +----------------------------------------------------------------------------------------------------------------+

     +----------------------------------------------------------------------------------------------------------------+
  7. |                                                                                                           term |
     |                                                                         Acute transmural myocardial infarction |
     |----------------------------------------------------------------------------------------------------------------|
     |                                                                                                    term_ph949  |
     |                                                             Acute transmural myocardial infarction (disorder)  |
     +----------------------------------------------------------------------------------------------------------------+

     +----------------------------------------------------------------------------------------------------------------+
 14. |                                                                                                           term |
     |                                       Acute ST segment elevation myocardial infarction of inferoposterior wall |
     |----------------------------------------------------------------------------------------------------------------|
     |                                                                                                    term_ph949  |
     |                           Acute ST segment elevation myocardial infarction of inferoposterior wall (disorder)  |
     +----------------------------------------------------------------------------------------------------------------+

     +----------------------------------------------------------------------------------------------------------------+
 16. |                                                                                                           term |
     |                                                     Postoperative transmural myocardial infarction unspec site |
     |----------------------------------------------------------------------------------------------------------------|
     |                                                                                                    term_ph949  |
     |                                                                           Postoperative myocardial infarction  |
     +----------------------------------------------------------------------------------------------------------------+

     +----------------------------------------------------------------------------------------------------------------+
 17. |                                                                                                           term |
     |                                                               Postoperative myocardial infarction, unspecified |
     |----------------------------------------------------------------------------------------------------------------|
     |                                                                                                    term_ph949  |
     |                                                                           Postoperative myocardial infarction  |
     +----------------------------------------------------------------------------------------------------------------+

     +----------------------------------------------------------------------------------------------------------------+
 18. |                                                                                                           term |
     |                                                     Postoperative transmural myocardial infarction other sites |
     |----------------------------------------------------------------------------------------------------------------|
     |                                                                                                    term_ph949  |
     |                                                                           Postoperative myocardial infarction  |
     +----------------------------------------------------------------------------------------------------------------+

     +----------------------------------------------------------------------------------------------------------------+
 20. |                                                                                                           term |
     |                                         Acute ST segment elevation myocardial infarction of anterolateral wall |
     |----------------------------------------------------------------------------------------------------------------|
     |                                                                                                    term_ph949  |
     |                             Acute ST segment elevation myocardial infarction of anterolateral wall (disorder)  |
     +----------------------------------------------------------------------------------------------------------------+

     +----------------------------------------------------------------------------------------------------------------+
 21. |                                                                                                           term |
     |                                               Acute ST segment elevation myocardial infarction of lateral wall |
     |----------------------------------------------------------------------------------------------------------------|
     |                                                                                                    term_ph949  |
     |                                   Acute ST segment elevation myocardial infarction of lateral wall (disorder)  |
     +----------------------------------------------------------------------------------------------------------------+

     +----------------------------------------------------------------------------------------------------------------+
 61. |                                                                                                           term |
     |                                                                                   Healed myocardial infarction |
     |----------------------------------------------------------------------------------------------------------------|
     |                                                                                                    term_ph949  |
     |                                                                                     Old myocardial infarction  |
     +----------------------------------------------------------------------------------------------------------------+

     +----------------------------------------------------------------------------------------------------------------+
 71. |                                                                                                           term |
     |                                                             [X]Subsequent myocardial infarction of other sites |
     |----------------------------------------------------------------------------------------------------------------|
     |                                                                                                    term_ph949  |
     |                                                                              Subsequent myocardial infarction  |
     +----------------------------------------------------------------------------------------------------------------+

     +----------------------------------------------------------------------------------------------------------------+
 73. |                                                                                                           term |
     |                                                        [X]Subsequent myocardial infarction of unspecified site |
     |----------------------------------------------------------------------------------------------------------------|
     |                                                                                                    term_ph949  |
     |                                                                              Subsequent myocardial infarction  |
     +----------------------------------------------------------------------------------------------------------------+

     +----------------------------------------------------------------------------------------------------------------+
 74. |                                                                                                           term |
     |                                                           Subsequent myocardial infarction of unspecified site |
     |----------------------------------------------------------------------------------------------------------------|
     |                                                                                                    term_ph949  |
     |                                                                              Subsequent myocardial infarction  |
     +----------------------------------------------------------------------------------------------------------------+

     +----------------------------------------------------------------------------------------------------------------+
 75. |                                                                                                           term |
     |                                                                                     Reinfarction of myocardium |
     |----------------------------------------------------------------------------------------------------------------|
     |                                                                                                    term_ph949  |
     |                                                                              Subsequent myocardial infarction  |
     +----------------------------------------------------------------------------------------------------------------+

     +----------------------------------------------------------------------------------------------------------------+
 76. |                                                                                                           term |
     |                                                                Subsequent myocardial infarction of other sites |
     |----------------------------------------------------------------------------------------------------------------|
     |                                                                                                    term_ph949  |
     |                                                                              Subsequent myocardial infarction  |
     +----------------------------------------------------------------------------------------------------------------+

     +----------------------------------------------------------------------------------------------------------------+
 81. |                                                                                                           term |
     | Rupture of cardiac wall without haemopericardium as current complication following acute myocardial infarction |
     |----------------------------------------------------------------------------------------------------------------|
     |                                                                                                    term_ph949  |
     | Rupture of cardiac wall without hemopericardium as current complication following acute myocardial infarction  |
     +----------------------------------------------------------------------------------------------------------------+

     +----------------------------------------------------------------------------------------------------------------+
 85. |                                                                                                           term |
     |                                                                                     MI - Myocardial infarction |
     |----------------------------------------------------------------------------------------------------------------|
     |                                                                                                    term_ph949  |
     |                                                                                         Myocardial infarction  |
     +----------------------------------------------------------------------------------------------------------------+

     +----------------------------------------------------------------------------------------------------------------+
 86. |                                                                                                           term |
     |                                                                                                   Heart attack |
     |----------------------------------------------------------------------------------------------------------------|
     |                                                                                                    term_ph949  |
     |                                                                                         Myocardial infarction  |
     +----------------------------------------------------------------------------------------------------------------+

     +----------------------------------------------------------------------------------------------------------------+
 88. |                                                                                                           term |
     |                                                                                                 Attack - heart |
     |----------------------------------------------------------------------------------------------------------------|
     |                                                                                                    term_ph949  |
     |                                                                                         Myocardial infarction  |
     +----------------------------------------------------------------------------------------------------------------+

     +----------------------------------------------------------------------------------------------------------------+
 89. |                                                                                                           term |
     |                                                                                             Myocardial infarct |
     |----------------------------------------------------------------------------------------------------------------|
     |                                                                                                    term_ph949  |
     |                                                                                         Myocardial infarction  |
     +----------------------------------------------------------------------------------------------------------------+

     +----------------------------------------------------------------------------------------------------------------+
 93. |                                                                                                           term |
     |                                                                         Acute Q wave infarction - anteroseptal |
     |----------------------------------------------------------------------------------------------------------------|
     |                                                                                                    term_ph949  |
     |                                                             Acute Q wave infarction - anteroseptal (disorder)  |
     +----------------------------------------------------------------------------------------------------------------+

     +----------------------------------------------------------------------------------------------------------------+
 94. |                                                                                                           term |
     |                                                                     Acute non-Q wave infarction - anteroseptal |
     |----------------------------------------------------------------------------------------------------------------|
     |                                                                                                    term_ph949  |
     |                                                         Acute non-Q wave infarction - anteroseptal (disorder)  |
     +----------------------------------------------------------------------------------------------------------------+

     +----------------------------------------------------------------------------------------------------------------+
 95. |                                                                                                           term |
     |                                                                        Acute Q wave infarction - anterolateral |
     |----------------------------------------------------------------------------------------------------------------|
     |                                                                                                    term_ph949  |
     |                                                            Acute Q wave infarction - anterolateral (disorder)  |
     +----------------------------------------------------------------------------------------------------------------+

     +----------------------------------------------------------------------------------------------------------------+
 96. |                                                                                                           term |
     |                                                                    Acute non-Q wave infarction - anterolateral |
     |----------------------------------------------------------------------------------------------------------------|
     |                                                                                                    term_ph949  |
     |                                                        Acute non-Q wave infarction - anterolateral (disorder)  |
     +----------------------------------------------------------------------------------------------------------------+

     +----------------------------------------------------------------------------------------------------------------+
 97. |                                                                                                           term |
     |                                                                             Acute Q wave infarction - inferior |
     |----------------------------------------------------------------------------------------------------------------|
     |                                                                                                    term_ph949  |
     |                                                                 Acute Q wave infarction - inferior (disorder)  |
     +----------------------------------------------------------------------------------------------------------------+

     +----------------------------------------------------------------------------------------------------------------+
 98. |                                                                                                           term |
     |                                                                         Acute non-Q wave infarction - inferior |
     |----------------------------------------------------------------------------------------------------------------|
     |                                                                                                    term_ph949  |
     |                                                             Acute non-Q wave infarction - inferior (disorder)  |
     +----------------------------------------------------------------------------------------------------------------+

     +----------------------------------------------------------------------------------------------------------------+
 99. |                                                                                                           term |
     |                                                                        Acute Q wave infarction - inferolateral |
     |----------------------------------------------------------------------------------------------------------------|
     |                                                                                                    term_ph949  |
     |                                                            Acute Q wave infarction - inferolateral (disorder)  |
     +----------------------------------------------------------------------------------------------------------------+

     +----------------------------------------------------------------------------------------------------------------+
100. |                                                                                                           term |
     |                                                                    Acute non-Q wave infarction - inferolateral |
     |----------------------------------------------------------------------------------------------------------------|
     |                                                                                                    term_ph949  |
     |                                                        Acute non-Q wave infarction - inferolateral (disorder)  |
     +----------------------------------------------------------------------------------------------------------------+

     +----------------------------------------------------------------------------------------------------------------+
101. |                                                                                                           term |
     |                                                                              Acute Q wave infarction - lateral |
     |----------------------------------------------------------------------------------------------------------------|
     |                                                                                                    term_ph949  |
     |                                                                  Acute Q wave infarction - lateral (disorder)  |
     +----------------------------------------------------------------------------------------------------------------+

     +----------------------------------------------------------------------------------------------------------------+
102. |                                                                                                           term |
     |                                                                          Acute non-Q wave infarction - lateral |
     |----------------------------------------------------------------------------------------------------------------|
     |                                                                                                    term_ph949  |
     |                                                              Acute non-Q wave infarction - lateral (disorder)  |
     +----------------------------------------------------------------------------------------------------------------+

     +----------------------------------------------------------------------------------------------------------------+
103. |                                                                                                           term |
     |                                                                         Acute widespread myocardial infarction |
     |----------------------------------------------------------------------------------------------------------------|
     |                                                                                                    term_ph949  |
     |                                                             Acute widespread myocardial infarction (disorder)  |
     +----------------------------------------------------------------------------------------------------------------+

     +----------------------------------------------------------------------------------------------------------------+
111. |                                                                                                           term |
     |                                                                              MI - Silent myocardial infarction |
     |----------------------------------------------------------------------------------------------------------------|
     |                                                                                                    term_ph949  |
     |                                                                                  Silent myocardial infarction  |
     +----------------------------------------------------------------------------------------------------------------+

     +----------------------------------------------------------------------------------------------------------------+
113. |                                                                                                           term |
     |                                                                      Post-infarction ventricular septal defect |
     |----------------------------------------------------------------------------------------------------------------|
     |                                                                                                    term_ph949  |
     |                       Ventricular septal defect as current complication following acute myocardial infarction  |
     +----------------------------------------------------------------------------------------------------------------+

     +----------------------------------------------------------------------------------------------------------------+
123. |                                                                                                           term |
     |                           Acute ST segment elevation myocardial infarction involving left main coronary artery |
     |----------------------------------------------------------------------------------------------------------------|
     |                                                                                                    term_ph949  |
     |               Acute ST segment elevation myocardial infarction involving left main coronary artery (disorder)  |
     +----------------------------------------------------------------------------------------------------------------+

     +----------------------------------------------------------------------------------------------------------------+
125. |                                                                                                           term |
     |                                                                                           Acute Q-wave infarct |
     |----------------------------------------------------------------------------------------------------------------|
     |                                                                                                    term_ph949  |
     |                                                                            Acute Q wave myocardial infarction  |
     +----------------------------------------------------------------------------------------------------------------+

     +----------------------------------------------------------------------------------------------------------------+
133. |                                                                                                           term |
     |                                                                               Non-Q wave myocardial infarction |
     |----------------------------------------------------------------------------------------------------------------|
     |                                                                                                    term_ph949  |
     |                                                                   Non-Q wave myocardial infarction (disorder)  |
     +----------------------------------------------------------------------------------------------------------------+

     +----------------------------------------------------------------------------------------------------------------+
137. |                                                                                                           term |
     |                                                                        Myocardial infarction with complication |
     |----------------------------------------------------------------------------------------------------------------|
     |                                                                                                    term_ph949  |
     |                                                            Myocardial infarction with complication (disorder)  |
     +----------------------------------------------------------------------------------------------------------------+

     +----------------------------------------------------------------------------------------------------------------+
139. |                                                                                                           term |
     |                                                                                  ACS - Acute coronary syndrome |
     |----------------------------------------------------------------------------------------------------------------|
     |                                                                                                    term_ph949  |
     |                                                                            Acute coronary syndrome (disorder)  |
     +----------------------------------------------------------------------------------------------------------------+

     +----------------------------------------------------------------------------------------------------------------+
140. |                                                                                                           term |
     |                                                                                        Acute coronary syndrome |
     |----------------------------------------------------------------------------------------------------------------|
     |                                                                                                    term_ph949  |
     |                                                                            Acute coronary syndrome (disorder)  |
     +----------------------------------------------------------------------------------------------------------------+

     +----------------------------------------------------------------------------------------------------------------+
141. |                                                                                                           term |
     |                                                                                    First myocardial infarction |
     |----------------------------------------------------------------------------------------------------------------|
     |                                                                                                    term_ph949  |
     |                                                                        First myocardial infarction (disorder)  |
     +----------------------------------------------------------------------------------------------------------------+

     +----------------------------------------------------------------------------------------------------------------+
142. |                                                                                                           term |
     |                                                                                     Coronary artery thrombosis |
     |----------------------------------------------------------------------------------------------------------------|
     |                                                                                                    term_ph949  |
     |                                                                         Coronary artery thrombosis (disorder)  |
     +----------------------------------------------------------------------------------------------------------------+

     +----------------------------------------------------------------------------------------------------------------+
143. |                                                                                                           term |
     |                                                                                            Coronary thrombosis |
     |----------------------------------------------------------------------------------------------------------------|
     |                                                                                                    term_ph949  |
     |                                                                         Coronary artery thrombosis (disorder)  |
     +----------------------------------------------------------------------------------------------------------------+

     +----------------------------------------------------------------------------------------------------------------+
144. |                                                                                                           term |
     |                                                                                       CT - Coronary thrombosis |
     |----------------------------------------------------------------------------------------------------------------|
     |                                                                                                    term_ph949  |
     |                                                                         Coronary artery thrombosis (disorder)  |
     +----------------------------------------------------------------------------------------------------------------+

     +----------------------------------------------------------------------------------------------------------------+
145. |                                                                                                           term |
     |                                                                                          Thrombosis - coronary |
     |----------------------------------------------------------------------------------------------------------------|
     |                                                                                                    term_ph949  |
     |                                                                         Coronary artery thrombosis (disorder)  |
     +----------------------------------------------------------------------------------------------------------------+

     +----------------------------------------------------------------------------------------------------------------+
146. |                                                                                                           term |
     |                                                                               History of myocardial infarction |
     |----------------------------------------------------------------------------------------------------------------|
     |                                                                                                    term_ph949  |
     |                                               History of - myocardial infarction (context-dependent category)  |
     +----------------------------------------------------------------------------------------------------------------+

     +----------------------------------------------------------------------------------------------------------------+
147. |                                                                                                           term |
     |                                                                      Personal history of myocardial infarction |
     |----------------------------------------------------------------------------------------------------------------|
     |                                                                                                    term_ph949  |
     |                                               History of - myocardial infarction (context-dependent category)  |
     +----------------------------------------------------------------------------------------------------------------+

     +----------------------------------------------------------------------------------------------------------------+
148. |                                                                                                           term |
     |                                                                          Past history of myocardial infarction |
     |----------------------------------------------------------------------------------------------------------------|
     |                                                                                                    term_ph949  |
     |                                               History of - myocardial infarction (context-dependent category)  |
     +----------------------------------------------------------------------------------------------------------------+

     +----------------------------------------------------------------------------------------------------------------+
149. |                                                                                                           term |
     |                                                                     STEMI - ST elevation myocardial infarction |
     |----------------------------------------------------------------------------------------------------------------|
     |                                                                                                    term_ph949  |
     |                                                   Acute ST segment elevation myocardial infarction (disorder)  |
     +----------------------------------------------------------------------------------------------------------------+

     +----------------------------------------------------------------------------------------------------------------+
150. |                                                                                                           term |
     |                                                               Acute ST segment elevation myocardial infarction |
     |----------------------------------------------------------------------------------------------------------------|
     |                                                                                                    term_ph949  |
     |                                                   Acute ST segment elevation myocardial infarction (disorder)  |
     +----------------------------------------------------------------------------------------------------------------+

     +----------------------------------------------------------------------------------------------------------------+
151. |                                                                                                           term |
     |                                                           Acute non-ST segment elevation myocardial infarction |
     |----------------------------------------------------------------------------------------------------------------|
     |                                                                                                    term_ph949  |
     |                                               Acute non-ST segment elevation myocardial infarction (disorder)  |
     +----------------------------------------------------------------------------------------------------------------+

     +----------------------------------------------------------------------------------------------------------------+
152. |                                                                                                           term |
     |                                                                           NSTEMI - Non-ST segment elevation MI |
     |----------------------------------------------------------------------------------------------------------------|
     |                                                                                                    term_ph949  |
     |                                               Acute non-ST segment elevation myocardial infarction (disorder)  |
     +----------------------------------------------------------------------------------------------------------------+

     +----------------------------------------------------------------------------------------------------------------+
162. |                                                                                                           term |
     |                                                                                       Microinfarction of heart |
     |----------------------------------------------------------------------------------------------------------------|
     |                                                                                                    term_ph949  |
     |                                                                                         Microinfarct of heart  |
     +----------------------------------------------------------------------------------------------------------------+

     +----------------------------------------------------------------------------------------------------------------+
164. |                                                                                                           term |
     |                                                                      Mixed myocardial ischaemia and infarction |
     |----------------------------------------------------------------------------------------------------------------|
     |                                                                                                    term_ph949  |
     |                                                           Mixed myocardial ischemia and infarction (disorder)  |
     +----------------------------------------------------------------------------------------------------------------+

     +----------------------------------------------------------------------------------------------------------------+
165. |                                                                                                           term |
     |                                                                                   Recent myocardial infarction |
     |----------------------------------------------------------------------------------------------------------------|
     |                                                                                                    term_ph949  |
     |                                                                      Recent myocardial infarction (situation)  |
     +----------------------------------------------------------------------------------------------------------------+

     +----------------------------------------------------------------------------------------------------------------+
180. |                                                                                                           term |
     |                                                                                  Acute anteroapical infarction |
     |----------------------------------------------------------------------------------------------------------------|
     |                                                                                                    term_ph949  |
     |                                                                      Acute anteroapical myocardial infarction  |
     +----------------------------------------------------------------------------------------------------------------+

     +----------------------------------------------------------------------------------------------------------------+
181. |                                                                                                           term |
     |                                                                           Acute anterior myocardial infarction |
     |----------------------------------------------------------------------------------------------------------------|
     |                                                                                                    term_ph949  |
     |                                                                  Acute myocardial infarction of anterior wall  |
     +----------------------------------------------------------------------------------------------------------------+

     +----------------------------------------------------------------------------------------------------------------+
182. |                                                                                                           term |
     |                                                                             Anterior myocardial infarction NOS |
     |----------------------------------------------------------------------------------------------------------------|
     |                                                                                                    term_ph949  |
     |                                                                  Acute myocardial infarction of anterior wall  |
     +----------------------------------------------------------------------------------------------------------------+

     +----------------------------------------------------------------------------------------------------------------+
185. |                                                                                                           term |
     |                                                     [X]Acute transmural myocardial infarction of unspecif site |
     |----------------------------------------------------------------------------------------------------------------|
     |                                                                                                    term_ph949  |
     |                                                                                   Acute myocardial infarction  |
     +----------------------------------------------------------------------------------------------------------------+

     +----------------------------------------------------------------------------------------------------------------+
186. |                                                                                                           term |
     |                                                                                            Coronary thrombosis |
     |----------------------------------------------------------------------------------------------------------------|
     |                                                                                                    term_ph949  |
     |                                                                                   Acute myocardial infarction  |
     +----------------------------------------------------------------------------------------------------------------+

     +----------------------------------------------------------------------------------------------------------------+
188. |                                                                                                           term |
     |                                                        Acute transmural myocardial infarction of unspecif site |
     |----------------------------------------------------------------------------------------------------------------|
     |                                                                                                    term_ph949  |
     |                                                                                   Acute myocardial infarction  |
     +----------------------------------------------------------------------------------------------------------------+

     +----------------------------------------------------------------------------------------------------------------+
189. |                                                                                                           term |
     |                                                                               MI - acute myocardial infarction |
     |----------------------------------------------------------------------------------------------------------------|
     |                                                                                                    term_ph949  |
     |                                                                                   Acute myocardial infarction  |
     +----------------------------------------------------------------------------------------------------------------+

     +----------------------------------------------------------------------------------------------------------------+
190. |                                                                                                           term |
     |                                                                              AMI - Acute myocardial infarction |
     |----------------------------------------------------------------------------------------------------------------|
     |                                                                                                    term_ph949  |
     |                                                                                   Acute myocardial infarction  |
     +----------------------------------------------------------------------------------------------------------------+

     +----------------------------------------------------------------------------------------------------------------+
191. |                                                                                                           term |
     |                                                                              Other acute myocardial infarction |
     |----------------------------------------------------------------------------------------------------------------|
     |                                                                                                    term_ph949  |
     |                                                                                   Acute myocardial infarction  |
     +----------------------------------------------------------------------------------------------------------------+

     +----------------------------------------------------------------------------------------------------------------+
192. |                                                                                                           term |
     |                                                                                Acute myocardial infarction NOS |
     |----------------------------------------------------------------------------------------------------------------|
     |                                                                                                    term_ph949  |
     |                                                                                   Acute myocardial infarction  |
     +----------------------------------------------------------------------------------------------------------------+

     +----------------------------------------------------------------------------------------------------------------+
193. |                                                                                                           term |
     |                                                                                          Myocardial Infarction |
     |----------------------------------------------------------------------------------------------------------------|
     |                                                                                                    term_ph949  |
     |                                                                                   Acute myocardial infarction  |
     +----------------------------------------------------------------------------------------------------------------+

     +----------------------------------------------------------------------------------------------------------------+
194. |                                                                                                           term |
     |                                                                          Other acute myocardial infarction NOS |
     |----------------------------------------------------------------------------------------------------------------|
     |                                                                                                    term_ph949  |
     |                                                                                   Acute myocardial infarction  |
     +----------------------------------------------------------------------------------------------------------------+

     +----------------------------------------------------------------------------------------------------------------+
198. |                                                                                                           term |
     |                                                                            Acute lateral myocardial infarction |
     |----------------------------------------------------------------------------------------------------------------|
     |                                                                                                    term_ph949  |
     |                                                                   Acute myocardial infarction of lateral wall  |
     +----------------------------------------------------------------------------------------------------------------+

     +----------------------------------------------------------------------------------------------------------------+
205. |                                                                                                           term |
     |                                                                      Acute inferolateral myocardial infarction |
     |----------------------------------------------------------------------------------------------------------------|
     |                                                                                                    term_ph949  |
     |                                                             Acute myocardial infarction of inferolateral wall  |
     +----------------------------------------------------------------------------------------------------------------+

     +----------------------------------------------------------------------------------------------------------------+
207. |                                                                                                           term |
     |                                                                            Post-myocardial infarction syndrome |
     |----------------------------------------------------------------------------------------------------------------|
     |                                                                                                    term_ph949  |
     |                                                                            Postmyocardial infarction syndrome  |
     +----------------------------------------------------------------------------------------------------------------+

     +----------------------------------------------------------------------------------------------------------------+
208. |                                                                                                           term |
     |                                                                                            Dressler's syndrome |
     |----------------------------------------------------------------------------------------------------------------|
     |                                                                                                    term_ph949  |
     |                                                                            Postmyocardial infarction syndrome  |
     +----------------------------------------------------------------------------------------------------------------+

     +----------------------------------------------------------------------------------------------------------------+
209. |                                                                                                           term |
     |                                                      History of non-ST segment elevation myocardial infarction |
     |----------------------------------------------------------------------------------------------------------------|
     |                                                                                                    term_ph949  |
     |                                         History of non-ST segment elevation myocardial infarction (situation)  |
     +----------------------------------------------------------------------------------------------------------------+

     +----------------------------------------------------------------------------------------------------------------+
210. |                                                                                                           term |
     |                                                                      Acute anterolateral myocardial infarction |
     |----------------------------------------------------------------------------------------------------------------|
     |                                                                                                    term_ph949  |
     |                                                             Acute myocardial infarction of anterolateral wall  |
     +----------------------------------------------------------------------------------------------------------------+

     +----------------------------------------------------------------------------------------------------------------+
212. |                                                                                                           term |
     |                                              Acute STEMI (ST elevation myocardial infarction) of anterior wall |
     |----------------------------------------------------------------------------------------------------------------|
     |                                                                                                    term_ph949  |
     |                                  Acute ST segment elevation myocardial infarction of anterior wall (disorder)  |
     +----------------------------------------------------------------------------------------------------------------+

     +----------------------------------------------------------------------------------------------------------------+
213. |                                                                                                           term |
     |                                                      Acute anterior ST segment elevation myocardial infarction |
     |----------------------------------------------------------------------------------------------------------------|
     |                                                                                                    term_ph949  |
     |                                  Acute ST segment elevation myocardial infarction of anterior wall (disorder)  |
     +----------------------------------------------------------------------------------------------------------------+

     +----------------------------------------------------------------------------------------------------------------+
215. |                                                                                                           term |
     |                                         Subsequent ST segment elevation myocardial infarction of inferior wall |
     |----------------------------------------------------------------------------------------------------------------|
     |                                                                                                    term_ph949  |
     |                             Subsequent ST segment elevation myocardial infarction of inferior wall (disorder)  |
     +----------------------------------------------------------------------------------------------------------------+

     +----------------------------------------------------------------------------------------------------------------+
217. |                                                                                                           term |
     |                                                          Subsequent ST segment elevation myocardial infarction |
     |----------------------------------------------------------------------------------------------------------------|
     |                                                                                                    term_ph949  |
     |                                              Subsequent ST segment elevation myocardial infarction (disorder)  |
     +----------------------------------------------------------------------------------------------------------------+

     +----------------------------------------------------------------------------------------------------------------+
218. |                                                                                                           term |
     |                                                          Subsequent STEMI (ST elevation myocardial infarction) |
     |----------------------------------------------------------------------------------------------------------------|
     |                                                                                                    term_ph949  |
     |                                              Subsequent ST segment elevation myocardial infarction (disorder)  |
     +----------------------------------------------------------------------------------------------------------------+

     +----------------------------------------------------------------------------------------------------------------+
220. |                                                                                                           term |
     |                                              Acute ST segment elevation myocardial infarction of inferior wall |
     |----------------------------------------------------------------------------------------------------------------|
     |                                                                                                    term_ph949  |
     |                                  Acute ST segment elevation myocardial infarction of inferior wall (disorder)  |
     +----------------------------------------------------------------------------------------------------------------+

     +----------------------------------------------------------------------------------------------------------------+
221. |                                                                                                           term |
     |                                              Acute STEMI (ST elevation myocardial infarction) of inferior wall |
     |----------------------------------------------------------------------------------------------------------------|
     |                                                                                                    term_ph949  |
     |                                  Acute ST segment elevation myocardial infarction of inferior wall (disorder)  |
     +----------------------------------------------------------------------------------------------------------------+

     +----------------------------------------------------------------------------------------------------------------+
222. |                                                                                                           term |
     |                                                      Acute inferior ST segment elevation myocardial infarction |
     |----------------------------------------------------------------------------------------------------------------|
     |                                                                                                    term_ph949  |
     |                                  Acute ST segment elevation myocardial infarction of inferior wall (disorder)  |
     +----------------------------------------------------------------------------------------------------------------+

     +----------------------------------------------------------------------------------------------------------------+
229. |                                                                                                           term |
     |                                                      Subsequent non-ST segment elevation myocardial infarction |
     |----------------------------------------------------------------------------------------------------------------|
     |                                                                                                    term_ph949  |
     |                                          Subsequent non-ST segment elevation myocardial infarction (disorder)  |
     +----------------------------------------------------------------------------------------------------------------+

     +----------------------------------------------------------------------------------------------------------------+
230. |                                                                                                           term |
     |                                             Subsequent NSTEMI (non-ST segment elevation myocardial infarction) |
     |----------------------------------------------------------------------------------------------------------------|
     |                                                                                                    term_ph949  |
     |                                          Subsequent non-ST segment elevation myocardial infarction (disorder)  |
     +----------------------------------------------------------------------------------------------------------------+

     +----------------------------------------------------------------------------------------------------------------+
246. |                                                                                                           term |
     |                                                                           Acute inferior myocardial infarction |
     |----------------------------------------------------------------------------------------------------------------|
     |                                                                                                    term_ph949  |
     |                                                                  Acute myocardial infarction of inferior wall  |
     +----------------------------------------------------------------------------------------------------------------+

     +----------------------------------------------------------------------------------------------------------------+
247. |                                                                                                           term |
     |                                                                               Acute inferoposterior infarction |
     |----------------------------------------------------------------------------------------------------------------|
     |                                                                                                    term_ph949  |
     |                                                           Acute myocardial infarction of inferoposterior wall  |
     +----------------------------------------------------------------------------------------------------------------+

     +----------------------------------------------------------------------------------------------------------------+
252. |                                                                                                           term |
     |                                                                                        Acute septal infarction |
     |----------------------------------------------------------------------------------------------------------------|
     |                                                                                                    term_ph949  |
     |                                                                         Acute myocardial infarction of septum  |
     +----------------------------------------------------------------------------------------------------------------+
Terms on pre-existing list only...
(0 real changes made)
(0 real changes made)

    Result                      Number of obs
    -----------------------------------------
    Not matched                           164
        from master                       164  (_merge==1)
        from using                          0  (_merge==2)

    Matched                               122  (_merge==3)
    -----------------------------------------

     +----------------------------------------------------------------------------------------------------------------+
  1. |                                                                                                           term |
     |                                                                              Acute papillary muscle infarction |
     |----------------------------------------------------------------------------------------------------------------|
     |                                                                                                    term_ph988  |
     |                                                                          Acute infarction of papillary muscle  |
     +----------------------------------------------------------------------------------------------------------------+

     +----------------------------------------------------------------------------------------------------------------+
  7. |                                                                                                           term |
     |                                                                         Acute transmural myocardial infarction |
     |----------------------------------------------------------------------------------------------------------------|
     |                                                                                                    term_ph988  |
     |                                                             Acute transmural myocardial infarction (disorder)  |
     +----------------------------------------------------------------------------------------------------------------+

     +----------------------------------------------------------------------------------------------------------------+
 14. |                                                                                                           term |
     |                                       Acute ST segment elevation myocardial infarction of inferoposterior wall |
     |----------------------------------------------------------------------------------------------------------------|
     |                                                                                                    term_ph988  |
     |                           Acute ST segment elevation myocardial infarction of inferoposterior wall (disorder)  |
     +----------------------------------------------------------------------------------------------------------------+

     +----------------------------------------------------------------------------------------------------------------+
 16. |                                                                                                           term |
     |                                                     Postoperative transmural myocardial infarction unspec site |
     |----------------------------------------------------------------------------------------------------------------|
     |                                                                                                    term_ph988  |
     |                                                                           Postoperative myocardial infarction  |
     +----------------------------------------------------------------------------------------------------------------+

     +----------------------------------------------------------------------------------------------------------------+
 17. |                                                                                                           term |
     |                                                               Postoperative myocardial infarction, unspecified |
     |----------------------------------------------------------------------------------------------------------------|
     |                                                                                                    term_ph988  |
     |                                                                           Postoperative myocardial infarction  |
     +----------------------------------------------------------------------------------------------------------------+

     +----------------------------------------------------------------------------------------------------------------+
 18. |                                                                                                           term |
     |                                                     Postoperative transmural myocardial infarction other sites |
     |----------------------------------------------------------------------------------------------------------------|
     |                                                                                                    term_ph988  |
     |                                                                           Postoperative myocardial infarction  |
     +----------------------------------------------------------------------------------------------------------------+

     +----------------------------------------------------------------------------------------------------------------+
 20. |                                                                                                           term |
     |                                         Acute ST segment elevation myocardial infarction of anterolateral wall |
     |----------------------------------------------------------------------------------------------------------------|
     |                                                                                                    term_ph988  |
     |                             Acute ST segment elevation myocardial infarction of anterolateral wall (disorder)  |
     +----------------------------------------------------------------------------------------------------------------+

     +----------------------------------------------------------------------------------------------------------------+
 21. |                                                                                                           term |
     |                                               Acute ST segment elevation myocardial infarction of lateral wall |
     |----------------------------------------------------------------------------------------------------------------|
     |                                                                                                    term_ph988  |
     |                                   Acute ST segment elevation myocardial infarction of lateral wall (disorder)  |
     +----------------------------------------------------------------------------------------------------------------+

     +----------------------------------------------------------------------------------------------------------------+
 61. |                                                                                                           term |
     |                                                                                   Healed myocardial infarction |
     |----------------------------------------------------------------------------------------------------------------|
     |                                                                                                    term_ph988  |
     |                                                                                     Old myocardial infarction  |
     +----------------------------------------------------------------------------------------------------------------+

     +----------------------------------------------------------------------------------------------------------------+
 71. |                                                                                                           term |
     |                                                             [X]Subsequent myocardial infarction of other sites |
     |----------------------------------------------------------------------------------------------------------------|
     |                                                                                                    term_ph988  |
     |                                                                              Subsequent myocardial infarction  |
     +----------------------------------------------------------------------------------------------------------------+

     +----------------------------------------------------------------------------------------------------------------+
 73. |                                                                                                           term |
     |                                                        [X]Subsequent myocardial infarction of unspecified site |
     |----------------------------------------------------------------------------------------------------------------|
     |                                                                                                    term_ph988  |
     |                                                                              Subsequent myocardial infarction  |
     +----------------------------------------------------------------------------------------------------------------+

     +----------------------------------------------------------------------------------------------------------------+
 74. |                                                                                                           term |
     |                                                           Subsequent myocardial infarction of unspecified site |
     |----------------------------------------------------------------------------------------------------------------|
     |                                                                                                    term_ph988  |
     |                                                                              Subsequent myocardial infarction  |
     +----------------------------------------------------------------------------------------------------------------+

     +----------------------------------------------------------------------------------------------------------------+
 75. |                                                                                                           term |
     |                                                                                     Reinfarction of myocardium |
     |----------------------------------------------------------------------------------------------------------------|
     |                                                                                                    term_ph988  |
     |                                                                              Subsequent myocardial infarction  |
     +----------------------------------------------------------------------------------------------------------------+

     +----------------------------------------------------------------------------------------------------------------+
 76. |                                                                                                           term |
     |                                                                Subsequent myocardial infarction of other sites |
     |----------------------------------------------------------------------------------------------------------------|
     |                                                                                                    term_ph988  |
     |                                                                              Subsequent myocardial infarction  |
     +----------------------------------------------------------------------------------------------------------------+

     +----------------------------------------------------------------------------------------------------------------+
 81. |                                                                                                           term |
     | Rupture of cardiac wall without haemopericardium as current complication following acute myocardial infarction |
     |----------------------------------------------------------------------------------------------------------------|
     |                                                                                                    term_ph988  |
     | Rupture of cardiac wall without hemopericardium as current complication following acute myocardial infarction  |
     +----------------------------------------------------------------------------------------------------------------+

     +----------------------------------------------------------------------------------------------------------------+
 85. |                                                                                                           term |
     |                                                                                     MI - Myocardial infarction |
     |----------------------------------------------------------------------------------------------------------------|
     |                                                                                                    term_ph988  |
     |                                                                                         Myocardial infarction  |
     +----------------------------------------------------------------------------------------------------------------+

     +----------------------------------------------------------------------------------------------------------------+
 86. |                                                                                                           term |
     |                                                                                                   Heart attack |
     |----------------------------------------------------------------------------------------------------------------|
     |                                                                                                    term_ph988  |
     |                                                                                         Myocardial infarction  |
     +----------------------------------------------------------------------------------------------------------------+

     +----------------------------------------------------------------------------------------------------------------+
 88. |                                                                                                           term |
     |                                                                                                 Attack - heart |
     |----------------------------------------------------------------------------------------------------------------|
     |                                                                                                    term_ph988  |
     |                                                                                         Myocardial infarction  |
     +----------------------------------------------------------------------------------------------------------------+

     +----------------------------------------------------------------------------------------------------------------+
 89. |                                                                                                           term |
     |                                                                                             Myocardial infarct |
     |----------------------------------------------------------------------------------------------------------------|
     |                                                                                                    term_ph988  |
     |                                                                                         Myocardial infarction  |
     +----------------------------------------------------------------------------------------------------------------+

     +----------------------------------------------------------------------------------------------------------------+
 93. |                                                                                                           term |
     |                                                                         Acute Q wave infarction - anteroseptal |
     |----------------------------------------------------------------------------------------------------------------|
     |                                                                                                    term_ph988  |
     |                                                             Acute Q wave infarction - anteroseptal (disorder)  |
     +----------------------------------------------------------------------------------------------------------------+

     +----------------------------------------------------------------------------------------------------------------+
 94. |                                                                                                           term |
     |                                                                     Acute non-Q wave infarction - anteroseptal |
     |----------------------------------------------------------------------------------------------------------------|
     |                                                                                                    term_ph988  |
     |                                                         Acute non-Q wave infarction - anteroseptal (disorder)  |
     +----------------------------------------------------------------------------------------------------------------+

     +----------------------------------------------------------------------------------------------------------------+
 95. |                                                                                                           term |
     |                                                                        Acute Q wave infarction - anterolateral |
     |----------------------------------------------------------------------------------------------------------------|
     |                                                                                                    term_ph988  |
     |                                                            Acute Q wave infarction - anterolateral (disorder)  |
     +----------------------------------------------------------------------------------------------------------------+

     +----------------------------------------------------------------------------------------------------------------+
 96. |                                                                                                           term |
     |                                                                    Acute non-Q wave infarction - anterolateral |
     |----------------------------------------------------------------------------------------------------------------|
     |                                                                                                    term_ph988  |
     |                                                        Acute non-Q wave infarction - anterolateral (disorder)  |
     +----------------------------------------------------------------------------------------------------------------+

     +----------------------------------------------------------------------------------------------------------------+
 97. |                                                                                                           term |
     |                                                                             Acute Q wave infarction - inferior |
     |----------------------------------------------------------------------------------------------------------------|
     |                                                                                                    term_ph988  |
     |                                                                 Acute Q wave infarction - inferior (disorder)  |
     +----------------------------------------------------------------------------------------------------------------+

     +----------------------------------------------------------------------------------------------------------------+
 98. |                                                                                                           term |
     |                                                                         Acute non-Q wave infarction - inferior |
     |----------------------------------------------------------------------------------------------------------------|
     |                                                                                                    term_ph988  |
     |                                                             Acute non-Q wave infarction - inferior (disorder)  |
     +----------------------------------------------------------------------------------------------------------------+

     +----------------------------------------------------------------------------------------------------------------+
 99. |                                                                                                           term |
     |                                                                        Acute Q wave infarction - inferolateral |
     |----------------------------------------------------------------------------------------------------------------|
     |                                                                                                    term_ph988  |
     |                                                            Acute Q wave infarction - inferolateral (disorder)  |
     +----------------------------------------------------------------------------------------------------------------+

     +----------------------------------------------------------------------------------------------------------------+
100. |                                                                                                           term |
     |                                                                    Acute non-Q wave infarction - inferolateral |
     |----------------------------------------------------------------------------------------------------------------|
     |                                                                                                    term_ph988  |
     |                                                        Acute non-Q wave infarction - inferolateral (disorder)  |
     +----------------------------------------------------------------------------------------------------------------+

     +----------------------------------------------------------------------------------------------------------------+
101. |                                                                                                           term |
     |                                                                              Acute Q wave infarction - lateral |
     |----------------------------------------------------------------------------------------------------------------|
     |                                                                                                    term_ph988  |
     |                                                                  Acute Q wave infarction - lateral (disorder)  |
     +----------------------------------------------------------------------------------------------------------------+

     +----------------------------------------------------------------------------------------------------------------+
102. |                                                                                                           term |
     |                                                                          Acute non-Q wave infarction - lateral |
     |----------------------------------------------------------------------------------------------------------------|
     |                                                                                                    term_ph988  |
     |                                                              Acute non-Q wave infarction - lateral (disorder)  |
     +----------------------------------------------------------------------------------------------------------------+

     +----------------------------------------------------------------------------------------------------------------+
103. |                                                                                                           term |
     |                                                                         Acute widespread myocardial infarction |
     |----------------------------------------------------------------------------------------------------------------|
     |                                                                                                    term_ph988  |
     |                                                             Acute widespread myocardial infarction (disorder)  |
     +----------------------------------------------------------------------------------------------------------------+

     +----------------------------------------------------------------------------------------------------------------+
111. |                                                                                                           term |
     |                                                                              MI - Silent myocardial infarction |
     |----------------------------------------------------------------------------------------------------------------|
     |                                                                                                    term_ph988  |
     |                                                                                  Silent myocardial infarction  |
     +----------------------------------------------------------------------------------------------------------------+

     +----------------------------------------------------------------------------------------------------------------+
113. |                                                                                                           term |
     |                                                                      Post-infarction ventricular septal defect |
     |----------------------------------------------------------------------------------------------------------------|
     |                                                                                                    term_ph988  |
     |                       Ventricular septal defect as current complication following acute myocardial infarction  |
     +----------------------------------------------------------------------------------------------------------------+

     +----------------------------------------------------------------------------------------------------------------+
123. |                                                                                                           term |
     |                           Acute ST segment elevation myocardial infarction involving left main coronary artery |
     |----------------------------------------------------------------------------------------------------------------|
     |                                                                                                    term_ph988  |
     |               Acute ST segment elevation myocardial infarction involving left main coronary artery (disorder)  |
     +----------------------------------------------------------------------------------------------------------------+

     +----------------------------------------------------------------------------------------------------------------+
125. |                                                                                                           term |
     |                                                                                           Acute Q-wave infarct |
     |----------------------------------------------------------------------------------------------------------------|
     |                                                                                                    term_ph988  |
     |                                                                            Acute Q wave myocardial infarction  |
     +----------------------------------------------------------------------------------------------------------------+

     +----------------------------------------------------------------------------------------------------------------+
133. |                                                                                                           term |
     |                                                                               Non-Q wave myocardial infarction |
     |----------------------------------------------------------------------------------------------------------------|
     |                                                                                                    term_ph988  |
     |                                                                   Non-Q wave myocardial infarction (disorder)  |
     +----------------------------------------------------------------------------------------------------------------+

     +----------------------------------------------------------------------------------------------------------------+
137. |                                                                                                           term |
     |                                                                        Myocardial infarction with complication |
     |----------------------------------------------------------------------------------------------------------------|
     |                                                                                                    term_ph988  |
     |                                                            Myocardial infarction with complication (disorder)  |
     +----------------------------------------------------------------------------------------------------------------+

     +----------------------------------------------------------------------------------------------------------------+
139. |                                                                                                           term |
     |                                                                                  ACS - Acute coronary syndrome |
     |----------------------------------------------------------------------------------------------------------------|
     |                                                                                                    term_ph988  |
     |                                                                            Acute coronary syndrome (disorder)  |
     +----------------------------------------------------------------------------------------------------------------+

     +----------------------------------------------------------------------------------------------------------------+
140. |                                                                                                           term |
     |                                                                                        Acute coronary syndrome |
     |----------------------------------------------------------------------------------------------------------------|
     |                                                                                                    term_ph988  |
     |                                                                            Acute coronary syndrome (disorder)  |
     +----------------------------------------------------------------------------------------------------------------+

     +----------------------------------------------------------------------------------------------------------------+
141. |                                                                                                           term |
     |                                                                                    First myocardial infarction |
     |----------------------------------------------------------------------------------------------------------------|
     |                                                                                                    term_ph988  |
     |                                                                        First myocardial infarction (disorder)  |
     +----------------------------------------------------------------------------------------------------------------+

     +----------------------------------------------------------------------------------------------------------------+
142. |                                                                                                           term |
     |                                                                                     Coronary artery thrombosis |
     |----------------------------------------------------------------------------------------------------------------|
     |                                                                                                    term_ph988  |
     |                                                                         Coronary artery thrombosis (disorder)  |
     +----------------------------------------------------------------------------------------------------------------+

     +----------------------------------------------------------------------------------------------------------------+
143. |                                                                                                           term |
     |                                                                                            Coronary thrombosis |
     |----------------------------------------------------------------------------------------------------------------|
     |                                                                                                    term_ph988  |
     |                                                                         Coronary artery thrombosis (disorder)  |
     +----------------------------------------------------------------------------------------------------------------+

     +----------------------------------------------------------------------------------------------------------------+
144. |                                                                                                           term |
     |                                                                                       CT - Coronary thrombosis |
     |----------------------------------------------------------------------------------------------------------------|
     |                                                                                                    term_ph988  |
     |                                                                         Coronary artery thrombosis (disorder)  |
     +----------------------------------------------------------------------------------------------------------------+

     +----------------------------------------------------------------------------------------------------------------+
145. |                                                                                                           term |
     |                                                                                          Thrombosis - coronary |
     |----------------------------------------------------------------------------------------------------------------|
     |                                                                                                    term_ph988  |
     |                                                                         Coronary artery thrombosis (disorder)  |
     +----------------------------------------------------------------------------------------------------------------+

     +----------------------------------------------------------------------------------------------------------------+
146. |                                                                                                           term |
     |                                                                               History of myocardial infarction |
     |----------------------------------------------------------------------------------------------------------------|
     |                                                                                                    term_ph988  |
     |                                               History of - myocardial infarction (context-dependent category)  |
     +----------------------------------------------------------------------------------------------------------------+

     +----------------------------------------------------------------------------------------------------------------+
147. |                                                                                                           term |
     |                                                                      Personal history of myocardial infarction |
     |----------------------------------------------------------------------------------------------------------------|
     |                                                                                                    term_ph988  |
     |                                               History of - myocardial infarction (context-dependent category)  |
     +----------------------------------------------------------------------------------------------------------------+

     +----------------------------------------------------------------------------------------------------------------+
148. |                                                                                                           term |
     |                                                                          Past history of myocardial infarction |
     |----------------------------------------------------------------------------------------------------------------|
     |                                                                                                    term_ph988  |
     |                                               History of - myocardial infarction (context-dependent category)  |
     +----------------------------------------------------------------------------------------------------------------+

     +----------------------------------------------------------------------------------------------------------------+
149. |                                                                                                           term |
     |                                                                     STEMI - ST elevation myocardial infarction |
     |----------------------------------------------------------------------------------------------------------------|
     |                                                                                                    term_ph988  |
     |                                                   Acute ST segment elevation myocardial infarction (disorder)  |
     +----------------------------------------------------------------------------------------------------------------+

     +----------------------------------------------------------------------------------------------------------------+
150. |                                                                                                           term |
     |                                                               Acute ST segment elevation myocardial infarction |
     |----------------------------------------------------------------------------------------------------------------|
     |                                                                                                    term_ph988  |
     |                                                   Acute ST segment elevation myocardial infarction (disorder)  |
     +----------------------------------------------------------------------------------------------------------------+

     +----------------------------------------------------------------------------------------------------------------+
151. |                                                                                                           term |
     |                                                           Acute non-ST segment elevation myocardial infarction |
     |----------------------------------------------------------------------------------------------------------------|
     |                                                                                                    term_ph988  |
     |                                               Acute non-ST segment elevation myocardial infarction (disorder)  |
     +----------------------------------------------------------------------------------------------------------------+

     +----------------------------------------------------------------------------------------------------------------+
152. |                                                                                                           term |
     |                                                                           NSTEMI - Non-ST segment elevation MI |
     |----------------------------------------------------------------------------------------------------------------|
     |                                                                                                    term_ph988  |
     |                                               Acute non-ST segment elevation myocardial infarction (disorder)  |
     +----------------------------------------------------------------------------------------------------------------+

     +----------------------------------------------------------------------------------------------------------------+
162. |                                                                                                           term |
     |                                                                                       Microinfarction of heart |
     |----------------------------------------------------------------------------------------------------------------|
     |                                                                                                    term_ph988  |
     |                                                                                         Microinfarct of heart  |
     +----------------------------------------------------------------------------------------------------------------+

     +----------------------------------------------------------------------------------------------------------------+
164. |                                                                                                           term |
     |                                                                      Mixed myocardial ischaemia and infarction |
     |----------------------------------------------------------------------------------------------------------------|
     |                                                                                                    term_ph988  |
     |                                                           Mixed myocardial ischemia and infarction (disorder)  |
     +----------------------------------------------------------------------------------------------------------------+

     +----------------------------------------------------------------------------------------------------------------+
165. |                                                                                                           term |
     |                                                                                   Recent myocardial infarction |
     |----------------------------------------------------------------------------------------------------------------|
     |                                                                                                    term_ph988  |
     |                                                                      Recent myocardial infarction (situation)  |
     +----------------------------------------------------------------------------------------------------------------+

     +----------------------------------------------------------------------------------------------------------------+
180. |                                                                                                           term |
     |                                                                                  Acute anteroapical infarction |
     |----------------------------------------------------------------------------------------------------------------|
     |                                                                                                    term_ph988  |
     |                                                                      Acute anteroapical myocardial infarction  |
     +----------------------------------------------------------------------------------------------------------------+

     +----------------------------------------------------------------------------------------------------------------+
181. |                                                                                                           term |
     |                                                                           Acute anterior myocardial infarction |
     |----------------------------------------------------------------------------------------------------------------|
     |                                                                                                    term_ph988  |
     |                                                                  Acute myocardial infarction of anterior wall  |
     +----------------------------------------------------------------------------------------------------------------+

     +----------------------------------------------------------------------------------------------------------------+
182. |                                                                                                           term |
     |                                                                             Anterior myocardial infarction NOS |
     |----------------------------------------------------------------------------------------------------------------|
     |                                                                                                    term_ph988  |
     |                                                                  Acute myocardial infarction of anterior wall  |
     +----------------------------------------------------------------------------------------------------------------+

     +----------------------------------------------------------------------------------------------------------------+
185. |                                                                                                           term |
     |                                                     [X]Acute transmural myocardial infarction of unspecif site |
     |----------------------------------------------------------------------------------------------------------------|
     |                                                                                                    term_ph988  |
     |                                                                                   Acute myocardial infarction  |
     +----------------------------------------------------------------------------------------------------------------+

     +----------------------------------------------------------------------------------------------------------------+
186. |                                                                                                           term |
     |                                                                                            Coronary thrombosis |
     |----------------------------------------------------------------------------------------------------------------|
     |                                                                                                    term_ph988  |
     |                                                                                   Acute myocardial infarction  |
     +----------------------------------------------------------------------------------------------------------------+

     +----------------------------------------------------------------------------------------------------------------+
188. |                                                                                                           term |
     |                                                        Acute transmural myocardial infarction of unspecif site |
     |----------------------------------------------------------------------------------------------------------------|
     |                                                                                                    term_ph988  |
     |                                                                                   Acute myocardial infarction  |
     +----------------------------------------------------------------------------------------------------------------+

     +----------------------------------------------------------------------------------------------------------------+
189. |                                                                                                           term |
     |                                                                               MI - acute myocardial infarction |
     |----------------------------------------------------------------------------------------------------------------|
     |                                                                                                    term_ph988  |
     |                                                                                   Acute myocardial infarction  |
     +----------------------------------------------------------------------------------------------------------------+

     +----------------------------------------------------------------------------------------------------------------+
190. |                                                                                                           term |
     |                                                                              AMI - Acute myocardial infarction |
     |----------------------------------------------------------------------------------------------------------------|
     |                                                                                                    term_ph988  |
     |                                                                                   Acute myocardial infarction  |
     +----------------------------------------------------------------------------------------------------------------+

     +----------------------------------------------------------------------------------------------------------------+
191. |                                                                                                           term |
     |                                                                              Other acute myocardial infarction |
     |----------------------------------------------------------------------------------------------------------------|
     |                                                                                                    term_ph988  |
     |                                                                                   Acute myocardial infarction  |
     +----------------------------------------------------------------------------------------------------------------+

     +----------------------------------------------------------------------------------------------------------------+
192. |                                                                                                           term |
     |                                                                                Acute myocardial infarction NOS |
     |----------------------------------------------------------------------------------------------------------------|
     |                                                                                                    term_ph988  |
     |                                                                                   Acute myocardial infarction  |
     +----------------------------------------------------------------------------------------------------------------+

     +----------------------------------------------------------------------------------------------------------------+
193. |                                                                                                           term |
     |                                                                                          Myocardial Infarction |
     |----------------------------------------------------------------------------------------------------------------|
     |                                                                                                    term_ph988  |
     |                                                                                   Acute myocardial infarction  |
     +----------------------------------------------------------------------------------------------------------------+

     +----------------------------------------------------------------------------------------------------------------+
194. |                                                                                                           term |
     |                                                                          Other acute myocardial infarction NOS |
     |----------------------------------------------------------------------------------------------------------------|
     |                                                                                                    term_ph988  |
     |                                                                                   Acute myocardial infarction  |
     +----------------------------------------------------------------------------------------------------------------+

     +----------------------------------------------------------------------------------------------------------------+
198. |                                                                                                           term |
     |                                                                            Acute lateral myocardial infarction |
     |----------------------------------------------------------------------------------------------------------------|
     |                                                                                                    term_ph988  |
     |                                                                   Acute myocardial infarction of lateral wall  |
     +----------------------------------------------------------------------------------------------------------------+

     +----------------------------------------------------------------------------------------------------------------+
205. |                                                                                                           term |
     |                                                                      Acute inferolateral myocardial infarction |
     |----------------------------------------------------------------------------------------------------------------|
     |                                                                                                    term_ph988  |
     |                                                             Acute myocardial infarction of inferolateral wall  |
     +----------------------------------------------------------------------------------------------------------------+

     +----------------------------------------------------------------------------------------------------------------+
207. |                                                                                                           term |
     |                                                                            Post-myocardial infarction syndrome |
     |----------------------------------------------------------------------------------------------------------------|
     |                                                                                                    term_ph988  |
     |                                                                            Postmyocardial infarction syndrome  |
     +----------------------------------------------------------------------------------------------------------------+

     +----------------------------------------------------------------------------------------------------------------+
208. |                                                                                                           term |
     |                                                                                            Dressler's syndrome |
     |----------------------------------------------------------------------------------------------------------------|
     |                                                                                                    term_ph988  |
     |                                                                            Postmyocardial infarction syndrome  |
     +----------------------------------------------------------------------------------------------------------------+

     +----------------------------------------------------------------------------------------------------------------+
209. |                                                                                                           term |
     |                                                      History of non-ST segment elevation myocardial infarction |
     |----------------------------------------------------------------------------------------------------------------|
     |                                                                                                    term_ph988  |
     |                                         History of non-ST segment elevation myocardial infarction (situation)  |
     +----------------------------------------------------------------------------------------------------------------+

     +----------------------------------------------------------------------------------------------------------------+
210. |                                                                                                           term |
     |                                                                      Acute anterolateral myocardial infarction |
     |----------------------------------------------------------------------------------------------------------------|
     |                                                                                                    term_ph988  |
     |                                                             Acute myocardial infarction of anterolateral wall  |
     +----------------------------------------------------------------------------------------------------------------+

     +----------------------------------------------------------------------------------------------------------------+
212. |                                                                                                           term |
     |                                              Acute STEMI (ST elevation myocardial infarction) of anterior wall |
     |----------------------------------------------------------------------------------------------------------------|
     |                                                                                                    term_ph988  |
     |                                  Acute ST segment elevation myocardial infarction of anterior wall (disorder)  |
     +----------------------------------------------------------------------------------------------------------------+

     +----------------------------------------------------------------------------------------------------------------+
213. |                                                                                                           term |
     |                                                      Acute anterior ST segment elevation myocardial infarction |
     |----------------------------------------------------------------------------------------------------------------|
     |                                                                                                    term_ph988  |
     |                                  Acute ST segment elevation myocardial infarction of anterior wall (disorder)  |
     +----------------------------------------------------------------------------------------------------------------+

     +----------------------------------------------------------------------------------------------------------------+
215. |                                                                                                           term |
     |                                         Subsequent ST segment elevation myocardial infarction of inferior wall |
     |----------------------------------------------------------------------------------------------------------------|
     |                                                                                                    term_ph988  |
     |                             Subsequent ST segment elevation myocardial infarction of inferior wall (disorder)  |
     +----------------------------------------------------------------------------------------------------------------+

     +----------------------------------------------------------------------------------------------------------------+
217. |                                                                                                           term |
     |                                                          Subsequent ST segment elevation myocardial infarction |
     |----------------------------------------------------------------------------------------------------------------|
     |                                                                                                    term_ph988  |
     |                                              Subsequent ST segment elevation myocardial infarction (disorder)  |
     +----------------------------------------------------------------------------------------------------------------+

     +----------------------------------------------------------------------------------------------------------------+
218. |                                                                                                           term |
     |                                                          Subsequent STEMI (ST elevation myocardial infarction) |
     |----------------------------------------------------------------------------------------------------------------|
     |                                                                                                    term_ph988  |
     |                                              Subsequent ST segment elevation myocardial infarction (disorder)  |
     +----------------------------------------------------------------------------------------------------------------+

     +----------------------------------------------------------------------------------------------------------------+
220. |                                                                                                           term |
     |                                              Acute ST segment elevation myocardial infarction of inferior wall |
     |----------------------------------------------------------------------------------------------------------------|
     |                                                                                                    term_ph988  |
     |                                  Acute ST segment elevation myocardial infarction of inferior wall (disorder)  |
     +----------------------------------------------------------------------------------------------------------------+

     +----------------------------------------------------------------------------------------------------------------+
221. |                                                                                                           term |
     |                                              Acute STEMI (ST elevation myocardial infarction) of inferior wall |
     |----------------------------------------------------------------------------------------------------------------|
     |                                                                                                    term_ph988  |
     |                                  Acute ST segment elevation myocardial infarction of inferior wall (disorder)  |
     +----------------------------------------------------------------------------------------------------------------+

     +----------------------------------------------------------------------------------------------------------------+
222. |                                                                                                           term |
     |                                                      Acute inferior ST segment elevation myocardial infarction |
     |----------------------------------------------------------------------------------------------------------------|
     |                                                                                                    term_ph988  |
     |                                  Acute ST segment elevation myocardial infarction of inferior wall (disorder)  |
     +----------------------------------------------------------------------------------------------------------------+

     +----------------------------------------------------------------------------------------------------------------+
229. |                                                                                                           term |
     |                                                      Subsequent non-ST segment elevation myocardial infarction |
     |----------------------------------------------------------------------------------------------------------------|
     |                                                                                                    term_ph988  |
     |                                          Subsequent non-ST segment elevation myocardial infarction (disorder)  |
     +----------------------------------------------------------------------------------------------------------------+

     +----------------------------------------------------------------------------------------------------------------+
230. |                                                                                                           term |
     |                                             Subsequent NSTEMI (non-ST segment elevation myocardial infarction) |
     |----------------------------------------------------------------------------------------------------------------|
     |                                                                                                    term_ph988  |
     |                                          Subsequent non-ST segment elevation myocardial infarction (disorder)  |
     +----------------------------------------------------------------------------------------------------------------+

     +----------------------------------------------------------------------------------------------------------------+
246. |                                                                                                           term |
     |                                                                           Acute inferior myocardial infarction |
     |----------------------------------------------------------------------------------------------------------------|
     |                                                                                                    term_ph988  |
     |                                                                  Acute myocardial infarction of inferior wall  |
     +----------------------------------------------------------------------------------------------------------------+

     +----------------------------------------------------------------------------------------------------------------+
247. |                                                                                                           term |
     |                                                                               Acute inferoposterior infarction |
     |----------------------------------------------------------------------------------------------------------------|
     |                                                                                                    term_ph988  |
     |                                                           Acute myocardial infarction of inferoposterior wall  |
     +----------------------------------------------------------------------------------------------------------------+

     +----------------------------------------------------------------------------------------------------------------+
252. |                                                                                                           term |
     |                                                                                        Acute septal infarction |
     |----------------------------------------------------------------------------------------------------------------|
     |                                                                                                    term_ph988  |
     |                                                                         Acute myocardial infarction of septum  |
     +----------------------------------------------------------------------------------------------------------------+
Terms on pre-existing list only...
(0 real changes made)
(0 real changes made)

. 
. //Count number of codes that didn't match
. count if medcodeid == ""
  20

. list snomedctconceptid term if medcodeid == ""

     +----------------------------------------------------------------------------------------------------------------------------------------------------------------+
     | snomedctconceptid                                                                                                                                         term |
     |----------------------------------------------------------------------------------------------------------------------------------------------------------------|
  4. |  1089431000000107                                                                                            Postoperative nontransmural myocardial infarction |
  5. |  1089441000000103                                                                                               Postoperative transmural myocardial infarction |
 27. | 15713201000119105                                                                        Acute ST segment elevation myocardial infarction of posterobasal wall |
 94. |         233826005                                                                                                   Acute non-Q wave infarction - anteroseptal |
 95. |         233827001                                                                                                      Acute Q wave infarction - anterolateral |
     |----------------------------------------------------------------------------------------------------------------------------------------------------------------|
101. |         233833005                                                                                                            Acute Q wave infarction - lateral |
102. |         233834004                                                                                                        Acute non-Q wave infarction - lateral |
103. |         233835003                                                                                                       Acute widespread myocardial infarction |
104. |         233836002                                                                                                         Acute Q wave infarction - widespread |
105. |         233837006                                                                                                     Acute non-Q wave infarction - widespread |
     |----------------------------------------------------------------------------------------------------------------------------------------------------------------|
120. |            282006                                                                                            Acute myocardial infarction of basal-lateral wall |
123. |   285991000119100                                                         Acute ST segment elevation myocardial infarction involving left main coronary artery |
157. |          41466009                                                                  Myocardial imaging for infarct with ejection fraction, first pass technique |
166. |         429391004                                                                                            New myocardial infarction compared to prior study |
202. |          63670007                                                                                             Myocardial imaging for infarct, planar technique |
     |----------------------------------------------------------------------------------------------------------------------------------------------------------------|
223. |         703251009                                                                       Acute myocardial infarction of inferior wall involving right ventricle |
228. |         703330009                                      Mitral valve regurgitation due to acute myocardial infarction with papillary muscle and chordal rupture |
232. |          70998009                                                                      Acute myocardial infarction of basal inferior segment of left ventricle |
267. |         846668006   Acute ST segment elevation myocardial infarction due to occlusion of diagonal branch of anterior descending branch of left coronary artery |
269. |         868214006                               Acute ST segment elevation myocardial infarction due to occlusion of proximal portion of right coronary artery |
     +----------------------------------------------------------------------------------------------------------------------------------------------------------------+

. 
. //Compare newly found Concept IDs against Aurum dictionary
. preserve

.         //Merge SNOMED CT Concepts with medical dictionary
.         keep snomedctconceptid

.         bysort snomedctconceptid: keep if _n == 1
(86 observations deleted)

.         merge 1:m snomedctconceptid using `medical'

    Result                      Number of obs
    -----------------------------------------
    Not matched                       240,753
        from master                        20  (_merge==1)
        from using                    240,733  (_merge==2)

    Matched                               266  (_merge==3)
    -----------------------------------------

.         generate byte not_in_dictionary = 1 if _merge == 1
(240,999 missing values generated)

.         list snomedctconceptid if not_in_dictionary == 1

        +-------------------+
        | snomedctconceptid |
        |-------------------|
     4. |  1089431000000107 |
     5. |  1089441000000103 |
    24. | 15713201000119105 |
    68. |         233826005 |
    69. |         233827001 |
        |-------------------|
    75. |         233833005 |
    76. |         233834004 |
    77. |         233835003 |
    78. |         233836002 |
    79. |         233837006 |
        |-------------------|
    91. |            282006 |
    94. |   285991000119100 |
   118. |          41466009 |
   126. |         429391004 |
   139. |          63670007 |
        |-------------------|
   152. |         703251009 |
   157. |         703330009 |
   160. |          70998009 |
   187. |         846668006 |
   189. |         868214006 |
        +-------------------+

.         keep if not_in_dictionary == 1
(240,999 observations deleted)

.         keep snomedctconceptid not_in_dictionary

.         tempfile notindict

.         save `notindict'
file C:\Users\rmjlton\AppData\Local\Temp\ST_6478_00000k.tmp saved as .dta format

. restore

. 
. //Remove codes not in Aurum dictionary
. merge m:1 snomedctconceptid using `notindict'

    Result                      Number of obs
    -----------------------------------------
    Not matched                           266
        from master                       266  (_merge==1)
        from using                          0  (_merge==2)

    Matched                                20  (_merge==3)
    -----------------------------------------

. list snomedctconceptid term if not_in_dictionary == 1

     +----------------------------------------------------------------------------------------------------------------------------------------------------------------+
     | snomedctconceptid                                                                                                                                         term |
     |----------------------------------------------------------------------------------------------------------------------------------------------------------------|
  4. |  1089431000000107                                                                                            Postoperative nontransmural myocardial infarction |
  5. |  1089441000000103                                                                                               Postoperative transmural myocardial infarction |
 27. | 15713201000119105                                                                        Acute ST segment elevation myocardial infarction of posterobasal wall |
 94. |         233826005                                                                                                   Acute non-Q wave infarction - anteroseptal |
 95. |         233827001                                                                                                      Acute Q wave infarction - anterolateral |
     |----------------------------------------------------------------------------------------------------------------------------------------------------------------|
101. |         233833005                                                                                                            Acute Q wave infarction - lateral |
102. |         233834004                                                                                                        Acute non-Q wave infarction - lateral |
103. |         233835003                                                                                                       Acute widespread myocardial infarction |
104. |         233836002                                                                                                         Acute Q wave infarction - widespread |
105. |         233837006                                                                                                     Acute non-Q wave infarction - widespread |
     |----------------------------------------------------------------------------------------------------------------------------------------------------------------|
120. |            282006                                                                                            Acute myocardial infarction of basal-lateral wall |
123. |   285991000119100                                                         Acute ST segment elevation myocardial infarction involving left main coronary artery |
157. |          41466009                                                                  Myocardial imaging for infarct with ejection fraction, first pass technique |
166. |         429391004                                                                                            New myocardial infarction compared to prior study |
202. |          63670007                                                                                             Myocardial imaging for infarct, planar technique |
     |----------------------------------------------------------------------------------------------------------------------------------------------------------------|
223. |         703251009                                                                       Acute myocardial infarction of inferior wall involving right ventricle |
228. |         703330009                                      Mitral valve regurgitation due to acute myocardial infarction with papillary muscle and chordal rupture |
232. |          70998009                                                                      Acute myocardial infarction of basal inferior segment of left ventricle |
267. |         846668006   Acute ST segment elevation myocardial infarction due to occlusion of diagonal branch of anterior descending branch of left coronary artery |
269. |         868214006                               Acute ST segment elevation myocardial infarction due to occlusion of proximal portion of right coronary artery |
     +----------------------------------------------------------------------------------------------------------------------------------------------------------------+

. drop if not_in_dictionary == 1
(20 observations deleted)

. drop not_in_dictionary _merge

. 
. //Check for any additional new codes that haven't been accounted for
. list snomedctconceptid term /**/refset_mi ph*/**/ if medcode == ""

. 
. //none
. 
. 
. // STEP 8. EXPORT CODELIST FOR REVIEW BY A PRIMARY CARE CLINICIAN
. //================================================================
. 
. gsort refset_mi ph942 ph949 ph988 -observations snomedctconceptid snomedctdescriptionid

. compress
  variable new_snomedct_synonym was float now byte
  variable medcodeid was str18 now str17
  variable originalreadcode was str19 now str14
  variable snomedctdescriptionid was str18 now str16
  variable term was str233 now str137
  (28,462 bytes saved)

. save `filename', replace
file myocardial_infarction.dta saved

. export excel `filename'_raw.xlsx, firstrow(variables) replace
file myocardial_infarction_raw.xlsx saved

. 
. //Format Excel file using Python
. python:
----------------------------------------------- python (type end to exit) ------------------------------------------------------------------------------------------------------
>>> from openpyxl import load_workbook, Workbook
>>> 
>>> excel_file = "`filename'_raw.xlsx"
>>> 
>>> wb = load_workbook(excel_file)
>>> ws = wb.active
>>> 
>>> # Freeze top row
... ws.freeze_panes = 'A2'
>>> 
>>> # Auto-size column widths
... for column in ws.columns:
...         max_length = 0
...         column_letter = column[0].column_letter
... 
...         for cell in column:
...                 try:
...                         if len(str(cell.value)) > max_length:
...                                 max_length = len(cell.value)
...                 except:
...                         pass
... 
...         adjusted_width = (max_length + 2) * 0.92   # this is a bit arbitrary
...         ws.column_dimensions[column_letter].width = adjusted_width
... 
>>> wb.save(excel_file)
>>> end
--------------------------------------------------------------------------------------------------------------------------------------------------------------------------------

. /*
> Make sure that reviewing clinician's initials are appended to the end of the file name after reviewing.
> 
> e.g. codelist_raw_ABC.xlsx
> */
. 
. 
. // STEP 9. RESTRICT YOUR CODELIST TO CODES APPROVED BY A PRIMARY CARE CLINICIAN AND SAVE
. //=======================================================================================
. /*
> //Load clinician classifications
> local clinician "ABC"
> 
> import excel `filename'_raw_`clinician', firstrow clear
> 
> //Remerge with original in case of any formatting issues with Excel spreadsheet
> keep medcodeid `clinician'
> 
> tempfile `clinician'_classification
> save ``clinician'_classification'
> 
> use `filename', clear
> 
> merge 1:1 medcodeid using ``clinician'_classification', nogenerate
> 
> //Remove codes marked for exclusion by clinician
> display "Terms excluded by clinician..."
> list medcodeid snomedctconceptid term if `clinican' == 0
> drop if `clinician' == 0
> 
> //Save clinican approved codelist
> gsort snomedctconceptid snomedctdescriptionid originalreadcode
> drop new_snomedct_synonym /*codestatus*/ `clinician'
> compress
> save `filename', replace
> export delimited `filename', replace quote
> */
. 
. // STEP 10. GENERATE METADATA FILE
. //=================================
. 
. //=**Update details here, everything else is automated**========================
. local description "Myocardial infarction"

. local code_type "medcodeid (SNOMED CT)"

. local database "CPRD Aurum"

. local database_version = ym(real(substr("`aurum_build'", 1, 4)), ///
>                                                         real(substr("`aurum_build'", 5, 2)))

. local author "Philip Stone"

. local date = ym(2024, 11)  //year, month

. local clinical_reviewer "Christina Avgerinou"

. local date_approved = . //ym(2024, 12)  //year, month

. local notes "Created for PRIORITY study"

. local keywords "heart attack"

. //==============================================================================
. 
. clear

. gen v1 = ""

. gen v2 = .

. format %tmMon_CCYY v2

. set obs 10
Number of observations (_N) was 0, now 10.

. 
. replace v1 = "`description'" in 1
variable v1 was str1 now str21
(1 real change made)

. replace v1 = "`code_type'" in 2
(1 real change made)

. replace v1 = "`database'" in 3
(1 real change made)

. replace v2 = `database_version' in 4
(1 real change made)

. replace v1 = "`author'" in 5
(1 real change made)

. replace v2 = `date' in 6
(1 real change made)

. replace v1 = "`clinical_reviewer'" in 7
(1 real change made)

. replace v2 = `date_approved' in 8
(0 real changes made)

. replace v1 = "`notes'" in 9
variable v1 was str21 now str26
(1 real change made)

. replace v1 = "`keywords'" in 10
(1 real change made)

. 
. tostring v2, replace usedisplayformat force
v2 was float now str8
v2 was forced to string; some loss of information

. replace v1 = v2 in 4
(1 real change made)

. replace v1 = v2 in 6
(1 real change made)

. replace v1 = v2 in 8
(1 real change made)

. drop v2

. 
. export delimited "`filename'.meta", replace novarnames delimiter(tab)
file myocardial_infarction.meta saved

. 
. 
. use "`filename'", clear  //So that you can see results of search after do file run

. 
. 
. log close
      name:  <unnamed>
       log:  C:\Users\rmjlton\GitHub\priority\codelists\myocardial_infarction.log
  log type:  text
 closed on:  20 Jan 2025, 21:37:12
--------------------------------------------------------------------------------------------------------------------------------------------------------------------------------
