medcodeid,observations,originalreadcode,cleansedreadcode,snomedctconceptid,snomedctdescriptionid,term,smi,subtype_agreed,family_history,resolved_remission
249860010,30000,1284,1284.00,160328009,249860010,FH: Schizophrenia,1,Schizophrenia,1,
707511000006117,10000,1287,1287.00,160331005,249866016,FH: Manic-depressive state,1,Other psychoses,1,
249867013,5000,1287-1,1287.11,160331005,249867013,Family history of bipolar disorder,1,,1,
1626591000006114,2000,128A,128A.00,266969002,2842225013,Family history of psychotic illness,1,,1,
397798013,2000,13L3,13L3.00,266969002,397798013,Relative - psychotic illness,1,Other psychoses,1,
418921010,300,13L3-2,13L3.12,444180005,2841046013,History of schizophrenia in child of subject,1,Schizophrenia,1,
251188012,200,13Y2,13Y2.00,161103001,251188012,Schizophrenia association member,1,Schizophrenia,,
251190013,200,13Y3,13Y3.00,161104007,251190013,Manic-depression association member,1,Other psychoses,,
251624012,60000,146,146..00,161464003,251624012,H/O: psychiatric disorder,1,,,
251628010,70000,1464,1464.00,161468000,251628010,H/O: schizophrenia,1,Schizophrenia,,
1780205015,10000,146D,146D.00,400998002,1780205015,H/O: manic depressive disorder,1,Bipolar disorder,,
300411000000110,20000,146H,146H.00,198991000000103,300411000000110,H/O: psychosis,1,Other psychoses,,
251638017,10000,146Z,146Z.00,161464003,251624012,H/O: psychiatric disorder NOS,1,,,
1485177010,9000,14OE,14OE.00,391155006,1485177010,At risk of harming others,1,Other psychoses,,
501492014,100000,1B1E,1B1E.00,7011001,501492014,Hallucinations,1,,,
2549087014,900,1B1b,1B1b.00,416571005,2549087014,Transient hallucinations,1,Schizophrenia,,
48238012,6000,1BG,1BG..00,28810003,48238012,Flight of ideas,1,Bipolar disorder,,
480834016,30000,1BH,1BH..00,2073000,480834016,Delusions,1,Other psychoses,,
4569010,3000,1BH-1,1BH..11,2073000,4569010,Delusion,1,,,
1452014,3000,1BH0,1BH0.00,216004,1452014,Delusion of persecution,1,,,
369805011,1000,1BH1,1BH1.00,247667002,369805011,Grandiose delusions,1,Bipolar disorder,,
492910018,700,1BH2,1BH2.00,41189006,492910018,Ideas of reference,1,Schizophrenia,,
2548181016,40000,1BH3,1BH3.00,417233008,2548181016,Paranoid ideation,1,Schizophrenia,,
493041013,3000,1Ba1,1Ba1.00,41591006,493041013,Disorder of form of thought,1,Schizophrenia,,
1922001000006113,1000,1Be,1Be..00,280428001,418029014,Psychotic symptoms absent,1,Other psychoses,,
2549483015,200,1S04,1S04.00,416943009,2549483015,C/O - illusions seen,1,Other psychoses,,
2157096015,2000,1S42,1S42.00,405273008,2157096015,Manic mood,1,Bipolar disorder,,
996171000006114,30000,212T,212T.00,200951000000109,305361000000112,"Psychosis, schizophrenia and bipolar affective disorder resolved",1,Other psychoses,,1
492761000000114,2000,212V,212V.00,285491000000101,492761000000114,Bipolar affective disorder resolved,1,Bipolar disorder,,1
492821000000113,1000,212W,212W.00,285521000000103,492821000000113,Schizophrenia resolved,1,Schizophrenia,,1
492881000000114,3000,212X,212X.00,285551000000108,492881000000114,Psychosis resolved,1,Other psychoses,,1
411950013,50,2229-3,2229.13,275973008,411950013,O/E - senility - no psychosis,1,Dementia,,
2549129012,7000,225E,225E.00,416611006,2549129012,O/E - paranoid delusions,1,Schizophrenia,,
2549426013,300,225F,225F.00,416890005,2549426013,O/E - delusion of persecution,1,Schizophrenia,,
402503018,800,285,285..00,268957000,402503018,"Neurotic condition, insight present",1,,,
402504012,2000,285-1,285..11,268957000,402504012,"Psychotic condition, insight present",1,Other psychoses,,
402505013,500,286,286..00,268958005,402505013,Poor insight into neurotic condition,1,general MH,,
215691000006112,800,286-1,286..11,12200008,21006010,Poor insight into psychotic condition,1,Other psychoses,,
21006010,3000,28R,28R..00,12200008,21006010,Impaired insight,1,,,
2284371000000110,2000,38C13,38C1300,700464008,2990653012,Assessment of psychotic and behavioural symptoms of dementia,1,Dementia,,
2284411000000114,200,38C14,38C1400,703257008,3008117017,Assessment of cause of psychotic and behavioural symptoms,1,Other psychoses,,
2365281000000114,2000,38Qh,38Qh.00,921661000000104,2365341000000113,Glasgow Antipsychotic Side-effect Scale score,1,Other psychoses,,
404498017,1000000,44W8,44W8.00,1006681000000100,2585951000000113,Serum lithium level,1,Bipolar disorder,,
373672018,20000,44W8-1,44W8.11,1006681000000100,2585951000000113,Lithium: blood level,1,,,
741241000006115,70000,44W80,44W8000,166956002,259417018,Lithium level therapeutic,1,Bipolar disorder,,
259418011,4000,44W81,44W8100,166957006,259418011,Lithium level high - toxic,1,Bipolar disorder,,
259419015,5000,44W82,44W8200,166958001,259419015,Lithium level low,1,Bipolar disorder,,
541861000000111,50,44uh,44uh.00,1031591000000102,2595011000000114,Quetiapine level,1,Other psychoses,,
2340881000000114,1000,44uu,44uu.00,1004591000000109,2564281000000113,Serum clozapine level,1,Schizophrenia,,
259417018,8000,44vE,44vE.00,166956002,259417018,Lithium level therapeutic,1,Bipolar disorder,,
264612016,20000,665B,665B.00,170688000,264612016,Lithium stopped,1,Bipolar disorder,,
1662121000000117,800,665J,665J.00,755361000000103,1662121000000117,Lithium level checked at 3 monthly intervals,1,Bipolar disorder,,
2281871000000116,10000,69DD,69DD.00,885271000000107,2281871000000116,Antipsychotic medication physical health check,1,Other psychoses,,
265629010,20000,69F,69F..00,171423009,265629010,Mental Health Act examination,1,general MH,,
265630017,10000,69F-1,69F..11,171423009,265630017,"Section"" exam,Ment Health Act",1,general MH,,
705631000006115,4000,69FZ,69FZ.00,171423009,265629010,Mental Health Act exam NOS,1,general MH,,
1780266016,3000000,6A6,6A6..00,401061005,1780266016,Mental health review,1,general MH,,
407421000000110,100000,6A60,6A60.00,248691000000104,407421000000110,Mental health review follow-up,1,general MH,,
2474691016,900000,8BM0,8BM0.00,413143000,2474691016,Mental health medication review,1,general MH,,
1658491000000117,900,8BM00,8BM0000,753951000000101,1658491000000117,Lithium annual review,1,Bipolar disorder,,
1749711000000118,30000,8BM01,8BM0100,769063007,3688039011,Antipsychotic medication review,1,Other psychoses,,
2290431000000110,600,8BPa,8BPa.00,700214004,2989656010,Antipsychotic drug therapy for dementia,1,Dementia,,
2503361000000110,3000,8BPf,8BPf.00,718024008,3310927017,Oral antipsychotic therapy,1,Other psychoses,,
2243291000000110,400000,8CMG1,8CMG100,867871000000100,2243291000000110,Review of mental health care plan,1,general MH,,
1780465015,80000,8CQ,8CQ..00,736253002,3516952016,Mental health crisis plan,1,general MH,,
1780466019,3000,8CQ0,8CQ0.00,401277000,1780466019,Completion of mental health crisis plan,1,general MH,,
712631000000119,2000,8CQ1,8CQ1.00,763321009,3638546011,Mental health care programme approach crisis plan,1,general MH,,
712611000000110,200,8CQ1-1,8CQ1.11,763321009,3638544014,Mental health care program approach crisis plan,1,general MH,,
2534076017,700000,8CR7,8CR7.00,736058004,3516221010,Mental health personal health plan,1,general MH,,
2243251000000119,600000,8CS7,8CS7.00,867851000000109,2243251000000119,Agreeing on mental health care plan,1,general MH,,
1476267017,400000,8CY,8CY..00,1092421000000100,2741261000000112,Mental Health Care Programme Approach,1,general MH,,
2502581000000119,800,8G131,8G13100,718026005,3310934015,CBTp - cognitive behavioural therapy for psychosis,1,Other psychoses,,
40578019,50000,8GA0,8GA0.00,24172008,40578019,Crisis intervention,1,general MH,,
283557017,4000,8H34,8H34.00,183485002,283557017,Psychiatric day care,1,general MH,,
283787014,80000,8HB8,8HB8.00,248691000000104,407421000000110,Mental therapy follow-up,1,general MH,,
300931000000113,6000,8HHs,8HHs.00,199191000000109,300931000000113,Referral to psychosis early intervention service,1,Other psychoses,,
63241000000119,50000,8Hc1,8Hc1.00,25551000000107,63241000000119,Referral to mental health crisis team,1,general MH,,
216649011,200000,9H6,9H6..00,135880000,216649011,On national service framework mental health register,1,general MH,,
1485215015,300000,9H8,9H8..00,391193001,1485215015,On severe mental illness register,1,Other psychoses,,
285228017,5000000,9N1T,9N1T.00,185232008,285228017,Seen in psychiatry clinic,1,general MH,,
305391000000118,90000,9N4t,9N4t.00,200961000000107,305391000000118,DNA - Did not attend mental health review,1,general MH,,
216611012,20000,9NN4,9NN4.00,135846003,216611012,Has community mental health team key worker,1,general MH,,
447957012,70000,9NN5,9NN5.00,305513003,447957012,Under care of psychiatrist,1,general MH,,
1780461012,200000,9NN7,9NN7.00,401272006,1780461012,Under care of mental health team,1,general MH,,
448203011,3000,9NlG,9NlG.00,305695000,448203011,Seen by forensic psychiatrist,1,general MH,,
225991000000117,30000,9Ol,9Ol..00,713761000000107,1565001000000114,Mental health monitoring administration,1,general MH,,
2533415013,400000,9Ol0,9Ol0.00,414668005,2533415013,Mental health monitoring first letter,1,general MH,,
2533423010,200000,9Ol1,9Ol1.00,414670001,2533423010,Mental health monitoring second letter,1,general MH,,
2533393016,80000,9Ol2,9Ol2.00,414671002,2533393016,Mental health monitoring third letter,1,general MH,,
2549419013,20000,9Ol3,9Ol3.00,416883000,2549419013,Mental health monitoring verbal invitation,1,general MH,,
407141000000112,40000,9Ol4,9Ol4.00,248551000000108,407141000000112,Mental health monitoring telephone invite,1,general MH,,
1141911000000113,10000,9Ol5,9Ol5.00,513571000000107,1141911000000113,Lithium monitoring first letter,1,Bipolar disorder,,
1141951000000112,2000,9Ol6,9Ol6.00,513591000000106,1141951000000112,Lithium monitoring second letter,1,Bipolar disorder,,
1141991000000116,800,9Ol7,9Ol7.00,513611000000103,1141991000000116,Lithium monitoring third letter,1,Bipolar disorder,,
2189071000000110,10000,9ku,9ku..00,843651000000108,2189071000000110,Severe mental illness enhanced services administration,1,Other psychoses,,
1704631000006116,20000,9l3,9l3..00,718347000,3311960014,Mental health care plan,1,general MH,,
1012931000006117,300,ALLERGY4.2.1,,1012931000006101,1012931000006117,Adverse reaction to Antipsychotic Drugs,1,Other psychoses,,
1012941000006110,30,ALLERGY4.2.2,,1012941000006106,1012941000006110,Adverse reaction to Antipsychotic Depot Injections,1,Other psychoses,,
698801000006112,1000000,E,E....00,74732009,502799015,Mental health disorder,1,,,
42731000006112,20000,E0,E0...00,191447007,294630015,Organic psychotic condition,1,Organic psychosis,,
401757012,80000,E00,E00..00,268612007,401757012,Senile and presenile organic psychotic conditions,1,Organic psychosis,,
882171000006115,200000,E00-97,E00..97,268612007,882171000006115,Dementia,1,,,
882181000006117,100,E00-98,E00..98,268612007,882181000006117,Other senile/presenile dement.,1,,,
882191000006119,800,E00-99,E00..99,268612007,882191000006119,Senile and presenile dementias,1,,,
294644014,4000,E002,E002.00,191457008,294644014,Senile dementia with depressive or paranoid features,1,Dementia,,
294647019,400,E002z,E002z00,191457008,294644014,Senile dementia with depressive or paranoid features NOS,1,Dementia,,
401759010,1000,E00y,E00y.00,268612007,401757012,Other senile and presenile organic psychoses,1,,,
346897015,8,E00y-1,E00y.11,231438001,346897015,Presbyophrenic psychosis,1,Other psychoses,,
294660013,6000,E00z,E00z.00,268612007,401757012,Senile or presenile psychoses NOS,1,,,
476741000006111,5000,E01,E01..00,42344001,70655012,Alcohol-induced psychosis,1,Other psychoses,,
476361000006114,600,E011,E011.00,69482004,501300010,Alcohol amnestic syndrome,1,,,
753331000006118,10000,E0110,E011000,69482004,501296014,Korsakov alcoholic psychosis,1,Other psychoses,,
294662017,300,E0111,E011100,191471000,294662017,Korsakov's alcoholic psychosis with peripheral neuritis,1,Other psychoses,,
501294012,4000,E0112,E011200,69482004,501294012,Wernicke-Korsakov syndrome,1,,,
294673012,4000,E01y,E01y.00,42344001,70655012,Other alcoholic psychosis,1,Other psychoses,,
294675017,40,E01yz,E01yz00,42344001,70655012,Other alcoholic psychosis NOS,1,Other psychoses,,
294676016,800,E01z,E01z.00,42344001,70655012,Alcoholic psychosis NOS,1,Other psychoses,,
630831000006113,10000,E02,E02..00,191483003,294678015,Drug psychosis,1,Other psychoses,,
294680014,3000,E0210,E021000,191485005,294680014,Drug-induced paranoid state,1,Other psychoses,,
294686015,600,E02y,E02y.00,191483003,294677013,Other drug psychoses,1,,,
294692014,100,E02yz,E02yz00,191483003,294677013,Other drug psychoses NOS,1,Organic psychosis,,
294693016,20000,E02z,E02z.00,191483003,294678015,Drug psychosis NOS,1,Organic psychosis,,
294694010,20000,E03,E03..00,191499009,294694010,Transient organic psychoses,1,Organic psychosis,,
294700016,5000,E0301,E030100,191502008,294700016,"Acute confusional state, of infective origin",1,,,
294713010,500,E03y,E03y.00,191499009,294694010,Other transient organic psychoses,1,,,
42191000006110,3000,E03y0,E03y000,5510009,10196013,Organic delusional syndrome,1,Organic psychosis,,
42201000006113,600,E03y1,E03y100,45912004,76558013,Organic hallucinosis syndrome,1,Schizophrenia,,
294714016,7000,E03y3,E03y300,18260003,30832017,Postpartum psychosis,1,Puerperal psychosis,,
882251000006117,400,E03y3-99,E03y399,551591000000100,882251000006117,Puerperal psychosis,1,Puerperal psychosis,,
294715015,10,E03yz,E03yz00,191499009,294694010,Other transient organic psychoses NOS,1,Organic psychosis,,
294716019,800,E03z,E03z.00,191499009,294694010,Transient organic psychoses NOS,1,Organic psychosis,,
294717011,2000,E04,E04..00,191447007,294630015,Other chronic organic psychoses,1,Organic psychosis,,
1221500015,300,E040,E040.00,17262008,1221500015,Non-alcoholic amnestic syndrome,1,,,
753321000006116,900,E040-1,E040.11,17262008,1221499012,Korsakoff's syndrome - non-alcoholic,1,,,
294720015,50,E04y,E04y.00,191447007,294630015,Other specified chronic organic psychoses,1,,,
294721016,2000,E04z,E04z.00,191447007,294630015,Chronic organic psychosis NOS,1,Organic psychosis,,
294722011,90,E0y,E0y..00,191447007,294630015,Other specified organic psychoses,1,Organic psychosis,,
294723018,8000,E0z,E0z..00,191447007,294630015,Organic psychoses NOS,1,Organic psychosis,,
294724012,40000,E1,E1...00,191525009,294724012,Non-organic psychoses,1,Other psychoses,,
294725013,500000,E10,E10..00,191526005,294725013,Schizophrenic disorders,1,Schizophrenia,,
882281000006113,2000,E10-98,E10..98,191526005,882281000006113,Schizophrenic psychoses NOS,1,Schizophrenia,,
882291000006111,40000,E10-99,E10..99,191526005,882291000006111,Schizophrenic psychoses,1,Schizophrenia,,
294727017,40000,E100,E100.00,191527001,294727017,Simple schizophrenia,1,Schizophrenia,,
294726014,400,E100-1,E100.11,191527001,294726014,Schizophrenia simplex,1,Schizophrenia,,
294728010,30000,E1000,E100000,58214004,96745016,Unspecified schizophrenia,1,Schizophrenia,,
28758018,50,E1001,E100100,16990005,28758018,Subchronic schizophrenia,1,Schizophrenia,,
1234861017,70000,E1002,E100200,83746006,1234861017,Chronic schizophrenic,1,Schizophrenia,,
294730012,100,E1003,E100300,111482003,178722014,Acute exacerbation of subchronic schizophrenia,1,Schizophrenia,,
294731011,2000,E1004,E100400,191531007,294731011,Acute exacerbation of chronic schizophrenia,1,Schizophrenia,,
9225016,10000,E1005,E100500,4926007,9225016,Schizophrenia in remission,1,Schizophrenia,,1
294734015,600,E100z,E100z00,191527001,294727017,Simple schizophrenia NOS,1,Schizophrenia,,
819351000006115,6000,E101,E101.00,35252006,2881679010,Hebephrenic schizophrenia,1,Schizophrenia,,
294735019,100,E1010,E101000,35252006,2881679010,Unspecified hebephrenic schizophrenia,1,Schizophrenia,,
294736018,2,E1011,E101100,27387000,3425705018,Subchronic hebephrenic schizophrenia,1,Schizophrenia,,
294737010,60,E1012,E101200,12939007,3425737017,Chronic hebephrenic schizophrenia,1,Schizophrenia,,
294738017,6,E1013,E101300,14291003,3654249015,Acute exacerbation of subchronic hebephrenic schizophrenia,1,Schizophrenia,,
294739013,20,E1014,E101400,191539009,294739013,Acute exacerbation of chronic hebephrenic schizophrenia,1,Schizophrenia,,
294740010,70,E1015,E101500,31373002,3425623018,Hebephrenic schizophrenia in remission,1,Schizophrenia,,1
294741014,400,E101z,E101z00,35252006,2881679010,Hebephrenic schizophrenia NOS,1,Schizophrenia,,
294742019,3000,E102,E102.00,191542003,294742019,Catatonic schizophrenia,1,Schizophrenia,,
294744018,100,E1020,E102000,191542003,294742019,Unspecified catatonic schizophrenia,1,Schizophrenia,,
71539017,40,E1021,E102100,42868002,71539017,Subchronic catatonic schizophrenia,1,Schizophrenia,,
114616017,30,E1022,E102200,68995007,114616017,Chronic catatonic schizophrenia,1,Schizophrenia,,
294750011,10,E1023,E102300,191547009,294750011,Acute exacerbation of subchronic catatonic schizophrenia,1,Schizophrenia,,
294751010,10,E1024,E102400,191548004,294751010,Acute exacerbation of chronic catatonic schizophrenia,1,Schizophrenia,,
178723016,100,E1025,E102500,111483008,178723016,Catatonic schizophrenia in remission,1,Schizophrenia,,1
294753013,100,E102z,E102z00,191542003,294742019,Catatonic schizophrenia NOS,1,Schizophrenia,,
107878010,600000,E103,E103.00,64905009,107878010,Paranoid schizophrenia,1,Schizophrenia,,
294754019,2000,E1030,E103000,64905009,107878010,Unspecified paranoid schizophrenia,1,Schizophrenia,,
132503015,300,E1031,E103100,79866005,132503015,Subchronic paranoid schizophrenia,1,Schizophrenia,,
52897013,10000,E1032,E103200,31658008,52897013,Chronic paranoid schizophrenia,1,Schizophrenia,,
294757014,100,E1033,E103300,191554003,294757014,Acute exacerbation of subchronic paranoid schizophrenia,1,Schizophrenia,,
294758016,1000,E1034,E103400,191555002,294758016,Acute exacerbation of chronic paranoid schizophrenia,1,Schizophrenia,,
105029017,5000,E1035,E103500,63181006,105029017,Paranoid schizophrenia in remission,1,Schizophrenia,,1
294760019,8000,E103z,E103z00,64905009,107878010,Paranoid schizophrenia NOS,1,Schizophrenia,,
401763015,4000,E104,E104.00,268617001,401763015,Acute schizophrenic episode,1,Schizophrenia,,
294764011,200,E105,E105.00,191559008,294764011,Latent schizophrenia,1,Schizophrenia,,
294765012,8,E1050,E105000,191559008,294764011,Unspecified latent schizophrenia,1,Schizophrenia,,
294766013,20,E1051,E105100,191561004,294766013,Subchronic latent schizophrenia,1,Schizophrenia,,
294767016,40,E1052,E105200,191562006,294767016,Chronic latent schizophrenia,1,Schizophrenia,,
294768014,4,E1053,E105300,191563001,294768014,Acute exacerbation of subchronic latent schizophrenia,1,Schizophrenia,,
294769018,10,E1054,E105400,191564007,294769018,Acute exacerbation of chronic latent schizophrenia,1,Schizophrenia,,
294770017,200,E1055,E105500,191565008,294770017,Latent schizophrenia in remission,1,Schizophrenia,,1
294771018,300,E105z,E105z00,191559008,294764011,Latent schizophrenia NOS,1,Schizophrenia,,
43595011,3000,E106,E106.00,26025008,43595011,Residual schizophrenia,1,,,
169061000006112,2,E106-1,E106.11,26025008,43595011,Restzustand - schizophrenia,1,,,
155141000006116,30000,E107,E107.00,191567000,294772013,Schizoaffective schizophrenia,1,Other psychoses,,
294773015,3,E107-1,E107.11,191567000,294773015,Cyclic schizophrenia,1,Schizophrenia,,
882301000006112,3000,E107-99,E107.99,191567000,882301000006112,Acute schizo affective psychosis,1,Other psychoses,,
78531000006116,3000,E1070,E107000,191567000,294772013,Unspecified schizo-affective schizophrenia,1,Other psychoses,,
123611000006110,20,E1071,E107100,191569002,294775010,Subchronic schizo-affective schizophrenia,1,Other psychoses,,
556631000006116,4000,E1072,E107200,191570001,294776011,Chronic schizoaffective schizophrenia,1,Other psychoses,,
456801000006115,50,E1073,E107300,191571002,294777019,Acute exacerbation subchronic schizo-affective schizophrenia,1,Other psychoses,,
456731000006115,100,E1074,E107400,191572009,294778012,Acute exacerbation of chronic schizo-affective schizophrenia,1,Other psychoses,,
155151000006119,2000,E1075,E107500,191574005,294780018,Schizoaffective schizophrenia in remission,1,Other psychoses,,1
155161000006117,5000,E107z,E107z00,191567000,294772013,Schizo-affective schizophrenia NOS,1,Other psychoses,,
401764014,2000,E10y,E10y.00,58214004,96745016,Other schizophrenia,1,Schizophrenia,,
294788013,3,E10y-1,E10y.11,191577003,294788013,Cenesthopathic schizophrenia,1,Schizophrenia,,
1219653018,200,E10y0,E10y000,111484002,1219653018,Atypical schizophrenia,1,Schizophrenia,,
294787015,5,E10y1,E10y100,191577003,294787015,Coenesthopathic schizophrenia,1,Schizophrenia,,
294789017,400,E10yz,E10yz00,58214004,96745016,Other schizophrenia NOS,1,Schizophrenia,,
294790014,400000,E10z,E10z.00,58214004,96745016,Schizophrenia,1,Schizophrenia,,
473201000006114,200000,E11,E11..00,46206005,77054013,Mood disorder,1,,,
513871000006118,200000,E11-1,E11..11,13746004,23447014,Bipolar disorder,1,,,
613791000006115,40000,E11-2,E11..12,35489007,59212011,Depressive psychoses,1,Depression with psychosis,,
223601000000119,5000,E11-3,E11..13,231494001,346966018,Manic psychosis,1,Bipolar disorder,,
882311000006110,10000,E11-99,E11..99,13746004,882311000006110,Manic-depressive psychoses,1,,,
401765010,50000,E110,E110.00,268619003,401765010,"Manic disorder, single episode",1,Bipolar disorder,,
789221000006116,7000,E110-1,E110.11,231496004,346969013,Hypomanic psychoses,1,Bipolar disorder,,
882321000006119,7000,E110-99,E110.99,268619003,882321000006119,Mania/hypomania,1,Bipolar disorder,,
294802018,2000,E1100,E110000,268619003,401765010,"Single manic episode, unspecified",1,Bipolar disorder,,
294803011,2000,E1101,E110100,191583000,294803011,"Single manic episode, mild",1,Bipolar disorder,,
294804017,300,E1102,E110200,191584006,294804017,"Single manic episode, moderate",1,Bipolar disorder,,
294805016,300,E1103,E110300,764641000000104,1696281000000112,"Single manic episode, severe",1,Bipolar disorder,,
294806015,1000,E1104,E110400,191586008,294806015,"Single manic episode, severe, with psychosis",1,Bipolar disorder,,
294807012,40,E1105,E110500,764731000000103,1696461000000116,Single manic episode in partial remission,1,Bipolar disorder,,1
294808019,2000,E1106,E110600,191588009,294808019,Single manic episode in full remission,1,Bipolar disorder,,1
294809010,500,E110z,E110z00,268619003,401765010,"Manic disorder, single episode NOS",1,Bipolar disorder,,
294810017,3000,E111,E111.00,191590005,294810017,Recurrent manic episodes,1,Bipolar disorder,,
294811018,400,E1110,E111000,191590005,294810017,"Recurrent manic episodes, unspecified",1,Bipolar disorder,,
294812013,200,E1111,E111100,191592002,294812013,"Recurrent manic episodes, mild",1,Bipolar disorder,,
294813015,300,E1112,E111200,191593007,294813015,"Recurrent manic episodes, moderate",1,Bipolar disorder,,
182871000006115,70,E1113,E111300,764621000000106,1696241000000116,"Recurrent manic episodes, severe",1,Bipolar disorder,,
294815010,700,E1114,E111400,191595000,294815010,"Recurrent manic episodes, severe, with psychosis",1,Bipolar disorder,,
182861000006110,60,E1115,E111500,764671000000105,1696341000000111,"Recurrent manic episodes, in partial remission",1,Bipolar disorder,,1
294817019,700,E1116,E111600,191597008,294817019,"Recurrent manic episodes, in full remission",1,Bipolar disorder,,1
294818012,300,E111z,E111z00,191590005,294810017,Recurrent manic episode NOS,1,Bipolar disorder,,
441826016,200000,E112-4,E112.14,300706003,441826016,Endogenous depression,1,Depression,,
294828015,20000,E1124,E112400,191604000,294828015,"Single major depressive episode, severe, with psychosis",1,Depression with psychosis,,
182721000006111,60000,E113,E113.00,268621008,401767019,Recurrent major depressive episodes,1,Depression,,
294836012,10000,E1130,E113000,268621008,401767019,"Recurrent major depressive episodes, unspecified",1,Depression,,
182771000006112,10000,E1133,E113300,764611000000100,1696221000000111,"Recurrent major depressive episodes, severe",1,Depression,,
294840015,20000,E1134,E113400,191613003,294840015,"Recurrent major depressive episodes, severe, with psychosis",1,Depression with psychosis,,
294845013,10000,E113z,E113z00,268621008,401767019,Recurrent major depressive episode NOS,1,Depression,,
513801000006112,6000,E114,E114.00,191618007,294846014,"Bipolar affective disorder, current episode manic",1,Bipolar disorder,,
294847017,2000,E114-1,E114.11,191618007,294847017,Manic-depressive - now manic,1,Bipolar disorder,,
294848010,3000,E1140,E114000,191618007,294846014,"Bipolar affective disorder, currently manic, unspecified",1,Bipolar disorder,,
294849019,2000,E1141,E114100,191620005,294849019,"Bipolar affective disorder, currently manic, mild",1,Bipolar disorder,,
294850019,2000,E1142,E114200,191621009,294850019,"Bipolar affective disorder, currently manic, moderate",1,Bipolar disorder,,
513691000006116,300,E1143,E114300,162004,1352013,Severe manic bipolar I disorder without psychotic features,1,Bipolar disorder,,
513701000006116,2000,E1144,E114400,191623007,294852010,"Bipolar affect disord, currently manic,severe with psychosis",1,Bipolar disorder,,
513741000006119,600,E1145,E114500,63249007,105141010,Manic bipolar I disorder in partial remission,1,Bipolar disorder,,1
513811000006110,900,E1146,E114600,191625000,294857016,"Bipolar affective disorder, currently manic, in full remission",1,Bipolar disorder,,1
294858014,1000,E114z,E114z00,191618007,294846014,"Bipolar affective disorder, currently manic, NOS",1,Bipolar disorder,,
513751000006117,10000,E115,E115.00,191627008,294859018,"Bipolar affective disorder, current episode depression",1,Bipolar disorder,,
294860011,5000,E115-1,E115.11,191627008,294860011,Manic-depressive - now depressed,1,Bipolar disorder,,
294861010,2000,E1150,E115000,191627008,294859018,"Bipolar affective disorder, currently depressed, unspecified",1,Bipolar disorder,,
294862015,2000,E1151,E115100,191629006,294862015,"Bipolar affective disorder, currently depressed, mild",1,Bipolar disorder,,
294863013,2000,E1152,E115200,191630001,294863013,"Bipolar affective disorder, currently depressed, moderate",1,Bipolar disorder,,
513731000006112,600,E1153,E115300,61403008,102016011,"Bipolar affect disord, now depressed, severe, no psychosis",1,Bipolar disorder,,
513721000006114,900,E1154,E115400,765176007,3657334019,"Bipolar affect disord, now depressed, severe with psychosis",1,Bipolar disorder,,
513711000006118,600,E1155,E115500,49512000,82468013,Depressed bipolar I disorder in partial remission,1,Bipolar disorder,,1
513861000006113,1000,E1156,E115600,191634005,294867014,"Bipolar affective disorder, currently depressed, in full remission",1,Bipolar disorder,,1
294868016,2000,E115z,E115z00,191627008,294859018,"Bipolar affective disorder, currently depressed, NOS",1,Bipolar disorder,,
294869012,70000,E116,E116.00,191636007,294869012,Mixed bipolar affective disorder,1,Bipolar disorder,,
294870013,4000,E1160,E116000,191636007,294869012,"Mixed bipolar affective disorder, unspecified",1,Bipolar disorder,,
294871012,1000,E1161,E116100,191638008,294871012,"Mixed bipolar affective disorder, mild",1,Bipolar disorder,,
294872017,1000,E1162,E116200,191639000,294872017,"Mixed bipolar affective disorder, moderate",1,Bipolar disorder,,
701071000006111,500,E1163,E116300,764591000000108,1696181000000118,"Mixed bipolar affective disorder, severe",1,Bipolar disorder,,
294874016,2000,E1164,E116400,191641004,294874016,"Mixed bipolar affective disorder, severe, with psychosis",1,Bipolar disorder,,
701051000006118,1000,E1165,E116500,760721000000109,1683621000000116,"Mixed bipolar affective disorder, partial/unspec remission",1,Bipolar disorder,,1
294876019,2000,E1166,E116600,191643001,294876019,"Mixed bipolar affective disorder, in full remission",1,Bipolar disorder,,1
294877011,10000,E116z,E116z00,191636007,294869012,"Mixed bipolar affective disorder, NOS",1,Bipolar disorder,,
294880012,50000,E117,E117.00,13746004,2839307017,Unspecified bipolar affective disorder,1,,,
294881011,1000,E1170,E117000,13746004,2839307017,"Unspecified bipolar affective disorder, unspecified",1,,,
294882016,500,E1171,E117100,13313007,22777014,Mild bipolar disorder,1,Bipolar disorder,,
294883014,400,E1172,E117200,79584002,132034014,Moderate bipolar disorder,1,Bipolar disorder,,
82151000006114,80,E1173,E117300,53049002,88241016,Severe bipolar disorder without psychotic features,1,Bipolar disorder,,
82171000006116,400,E1174,E117400,4441000,7545018,Severe bipolar disorder with psychotic features,1,Bipolar disorder,,
82091000006116,300,E1175,E117500,5703000,10501015,Bipolar disorder in partial remission,1,Bipolar disorder,,1
294887010,3000,E1176,E117600,41836007,69794013,Bipolar disorder in full remission,1,Bipolar disorder,,1
294888017,4000,E117z,E117z00,13746004,2839307017,"Unspecified bipolar affective disorder, NOS",1,,,
294891017,10000,E11y,E11y.00,13746004,1221011015,Other and unspecified manic-depressive psychoses,1,,,
294892012,6000,E11y0,E11y000,13746004,1221011015,Unspecified manic-depressive psychoses,1,Bipolar disorder,,
294893019,200,E11y1,E11y100,191658009,294893019,Atypical manic disorder,1,Bipolar disorder,,
294895014,400,E11y3,E11y300,16506000,27929014,Mixed bipolar I disorder,1,Bipolar disorder,,
294896010,900,E11yz,E11yz00,13746004,1221011015,Other and unspecified manic-depressive psychoses NOS,1,,,
294897018,4000,E11z,E11z.00,441704009,2817266014,Affective psychosis,1,Bipolar disorder,,
294898011,2000,E11z0,E11z000,441704009,2817266014,Unspecified affective psychoses NOS,1,Bipolar disorder,,
294902017,3000,E11zz,E11zz00,441704009,2817266014,Other affective psychosis NOS,1,Bipolar disorder,,
243361000006117,100000,E12,E12..00,191667009,294903010,Paranoid disorder,1,Other psychoses,,
882331000006116,2000,E12-99,E12..99,191667009,882331000006116,Paranoia,1,Other psychoses,,
294904016,5000,E120,E120.00,191668004,294904016,Simple paranoid state,1,Other psychoses,,
401768012,9000,E121,E121.00,268622001,401768012,Chronic paranoid psychosis,1,Other psychoses,,
161371000006118,6,E121-1,E121.11,268622001,401768012,Sander's disease,1,Other psychoses,,
44335019,7000,E122,E122.00,26472000,44335019,Paraphrenia,1,Other psychoses,,
294909014,50,E123,E123.00,191670008,294909014,Shared paranoid disorder,1,Other psychoses,,
294908018,70,E123-1,E123.11,191670008,294908018,Folie a deux,1,Other psychoses,,
294910016,1000,E12y,E12y.00,191667009,294903010,Other paranoid states,1,Other psychoses,,
294911017,70,E12y0,E12y000,191672000,294911017,Paranoia querulans,1,Other psychoses,,
294912012,600,E12yz,E12yz00,191667009,294903010,Other paranoid states NOS,1,Other psychoses,,
294913019,70000,E12z,E12z.00,191667009,3012206013,Paranoid psychosis,1,Other psychoses,,
25461000006115,4000,E13,E13..00,191525009,294724012,Other nonorganic psychoses,1,Other psychoses,,
346896012,1000,E13-1,E13..11,231437006,346896012,Reactive psychoses,1,Other psychoses,,
294917018,20000,E130,E130.00,191676002,294917018,Reactive depressive psychosis,1,Depression with psychosis,,
294918011,20000,E130-1,E130.11,191676002,294918011,Psychotic reactive depression,1,Depression with psychosis,,
294919015,1000,E131,E131.00,191677006,294919015,Acute hysterical psychosis,1,Other psychoses,,
401770015,2000,E133,E133.00,268624000,401770015,Acute paranoid reaction,1,Other psychoses,,
523481000006114,40,E133-1,E133.11,63204009,2820485012,Bouffee delirante,1,Other psychoses,,
294924017,2000,E134,E134.00,191680007,294924017,Psychogenic paranoid psychosis,1,Other psychoses,,
294926015,300,E13y,E13y.00,231437006,346896012,Other reactive psychoses,1,Other psychoses,,
294927012,50,E13y0,E13y000,191683009,294927012,Psychogenic stupor,1,Other psychoses,,
10122017,1000,E13y1,E13y100,5464005,10122017,Brief reactive psychosis,1,Other psychoses,,
294929010,300,E13yz,E13yz00,231437006,346896012,Other reactive psychoses NOS,1,Other psychoses,,
223611000000117,40000,E13z,E13z.00,191525009,2575698010,Non-organic psychosis,1,Other psychoses,,
346895011,200000,E13z-1,E13z.11,69322001,115142010,Psychotic disorder,1,Other psychoses,,
294933015,1000,E14,E14..00,191687005,294933015,Psychoses with origin in childhood,1,Other psychoses,,
2579633010,100000,E140-2,E140.12,35919005,486317010,Autism,1,,,
119579013,60,E141,E141.00,71961003,119579013,Disintegrative psychosis,1,Other psychoses,,
119577010,40,E141-1,E141.11,71961003,119577010,Heller's syndrome,1,,,
294941015,2,E141z,E141z00,71961003,119576018,Disintegrative psychosis NOS,1,Other psychoses,,
294942010,60,E14y,E14y.00,191687005,294933015,Other childhood psychoses,1,Other psychoses,,
294944011,30,E14y1,E14y100,191697001,294944011,Borderline psychosis of childhood,1,Other psychoses,,
294945012,20,E14yz,E14yz00,191687005,294933015,Other childhood psychoses NOS,1,Other psychoses,,
401772011,600,E14z,E14z.00,191687005,294933015,Child psychosis NOS,1,Other psychoses,,
346955013,100,E14z-1,E14z.11,191687005,294933015,Childhood schizophrenia NOS,1,Schizophrenia,,
294949018,500,E1y,E1y..00,191525009,294724012,Other specified non-organic psychoses,1,Other psychoses,,
401771016,8000,E1z,E1z..00,191525009,2575698010,Non-organic psychosis NOS,1,Other psychoses,,
675921000006111,7000,E2,E2...00,74732009,124108014,"Neurotic, personality and other nonpsychotic disorders",1,Other psychoses,,
882341000006114,40,E2-99,E2...99,74732009,882341000006114,Other mental disorders,1,,,
675881000006115,10000,E20,E20..00,111475002,1219652011,Neurotic disorder,1,,,
882351000006111,100,E20-99,E20..99,111475002,882351000006111,Neuroses,1,,,
493878012,7000,E201,E201.00,44376007,493878012,Hysteria,1,,,
294964018,400,E2010,E201000,44376007,74016017,Hysteria unspecified,1,,,
294978017,2000,E201A,E201A00,44376007,74016017,Dissociative reaction unspecified,1,,,
401779019,500,E201z,E201z00,44376007,74016017,Hysteria NOS,1,,,
798571000006111,30,E201z-3,E201z13,44376007,74016017,Ganser's syndrome - hysterical,1,,,
30729012,20000,E207,E207.00,18193002,30729012,Hypochondriasis,1,Hypochondriasis,,
295026012,2000,E20y,E20y.00,111475002,178715018,Other neurotic disorders,1,,,
295031014,70,E20y2,E20y200,111475002,178715018,Other occupational neurosis,1,,,
295033012,100,E20yz,E20yz00,111475002,178715018,Other neurotic disorder NOS,1,,,
401783019,8000,E20z,E20z.00,111475002,1219652011,Neurotic disorder NOS,1,,,
130538010,10000,E20z-1,E20z.11,111475002,1219652011,Nervous breakdown,1,,,
23211011,30000,E210,E210.00,13601005,23211011,Paranoid personality disorder,1,,,
295045015,5000,E2111,E211100,191753006,295045015,Hypomanic personality disorder,1,Personality disorder,,
88108012,10000,E212,E212.00,52954000,88108012,Schizoid personality disorder,1,Personality disorder,,
295049014,800,E2120,E212000,52954000,88108012,Unspecified schizoid personality disorder,1,Personality disorder,,
155281000006119,2000,E2122,E212200,31027006,51933014,Schizotypal personality,1,Personality disorder,,
295052018,1000,E212z,E212z00,52954000,88108012,Schizoid personality disorder NOS,1,Personality disorder,,
295478016,10000,E2830,E283000,192041001,295478016,Acute situational disturbance,1,general MH,,
585801000006110,200,E2A,E2A..00,192069009,295520011,Specific nonpsychotic mental disorders following organic brain damage,1,general MH,,
492615014,60000,E2A2,E2A2.00,40425004,492615014,Post-concussion syndrome,1,,,
345102013,600,E2A2-1,E2A2.11,40425004,492616010,Post-traumatic brain syndrome,1,,,
216991000006113,1000,E2A2-2,E2A2.12,40425004,492616010,Post-head injury syndrome,1,,,
882661000006117,1000,E2A2-99,E2A2.99,40425004,882661000006117,Post concussional syndrome,1,,,
16251000006117,70,E2Ay,E2Ay.00,111479008,178719012,Other specific mental disorder post-organic brain damage,1,,,
585791000006114,2000,E2Az,E2Az.00,192069009,295520011,Nonpsychotic mental disorder post-organic brain damage NOS,1,general MH,,
295535012,6000000,E2B,E2B..00,35489007,59212011,Depressive disorder,1,,,
295653010,80,E2G,E2G..00,74732009,124108014,Psychic factor with disease EC,1,,,
9331000006113,70,E2y,E2y..00,74732009,124108014,Other specified neuroses or other mental disorders,1,,,
675731000006112,10000,E2z,E2z..00,74732009,124108014,Neuroses or other mental disorder NOS,1,,,
882751000006112,20,E2z-99,E2z..99,74732009,882751000006112,Other mental disorders NOS,1,,,
853201000006116,5000,EGTON118,,853201000006100,853201000006116,Obsessional compulsive psychosis,1,Other psychoses,,
853501000006119,5,EGTON200,,853501000006103,853501000006119,Schizophrenic mother in law,1,Other psychoses,,
1971541000006114,5,EMISICD10|F0001,,1971541000006105,1971541000006114,"Dementia in Alzheimer's disease with early onset, other symptoms, predominantly delusional",1,Dementia,,
1972181000006119,9,EMISICD10|F0011,,1972181000006103,1972181000006119,"Dementia in Alzheimer's disease with late onset, other symptoms, predominantly delusional",1,Dementia,,
1972251000006119,50,EMISICD10|F0021,,1972251000006103,1972251000006119,"Dementia in Alzheimer's dis, atypical or mixed type, other symptoms, predominantly delusional",1,Dementia,,
1972401000006117,10,EMISICD10|F0091,,1972401000006101,1972401000006117,"Dementia in Alzheimer's disease, unspecified, other symptoms, predominantly delusional",1,Dementia,,
1972501000006116,5,EMISICD10|F0101,,1972501000006100,1972501000006116,"Vascular dementia of acute onset, other symptoms, predominantly delusional",1,Dementia,,
1972731000006119,1,EMISICD10|F0121,,1972731000006103,1972731000006119,"Subcortical vascular dementia, other symptoms, predominantly delusional",1,Dementia,,
1972831000006110,4,EMISICD10|F0131,,1972831000006106,1972831000006110,"Mixed cortical and subcortical vascular dementia, other symptoms, predominantly delusional",1,Dementia,,
1973271000006117,4,EMISICD10|F0181,,1973271000006101,1973271000006117,"Other vascular dementia, other symptoms, predominantly delusional",1,Dementia,,
1972041000006114,30,EMISICD10|F03X1,,1972041000006105,1972041000006114,"Unspecified dementia, other symptoms, predominantly delusional",1,Dementia,,
1972091000006117,30,EMISICD10|F0630,,58329000,498143012,Organic manic disorder,1,Other psychoses,,
1972101000006111,30,EMISICD10|F0631,,1972101000006107,1972101000006111,Organic bipolar affective disorder,1,Bipolar disorder,,
1975141000006117,2,EMISICD10|F1050,,1975141000006101,1975141000006117,"Mental & behav dis due to use alcohol: psychotic disorder, schizophrenia-like",1,Other psychoses,,
1975181000006111,6,EMISICD10|F1051,,1975181000006107,1975181000006111,"Mental & behav dis due to use alcohol: psychotic disorder, predominantly delusional",1,Other psychoses,,
1975291000006117,20,EMISICD10|F1052,,1975291000006101,1975291000006117,"Mental & behav dis due to use alcohol: psychotic disorder, predominantly hallucinatory",1,Other psychoses,,
1975341000006119,1,EMISICD10|F1053,,1975341000006103,1975341000006119,"Mental & behav dis due to use alcohol: psychotic disorder, predominantly polymorphic",1,Other psychoses,,
1975371000006110,8,EMISICD10|F1054,,1975371000006106,1975371000006110,"Mental & behav dis due to use alcohol: psychotic disorder, predominantly depressive symptoms",1,Other psychoses,,
1975411000006111,1,EMISICD10|F1055,,1975411000006107,1975411000006111,"Mental & behav dis due to use alcohol: psychotic disorder, predominantly manic symptoms",1,Other psychoses,,
1975461000006114,200,EMISICD10|F1056,,1975461000006105,1975461000006114,"Mental & behav dis due to use alcohol: psychotic disorder, mixed",1,Other psychoses,,
1976111000006110,6,EMISICD10|F1075,,1976111000006106,1976111000006110,"Mental & behav dis due to use alcohol: resid & late-onset psychot dis, late-onset psychotic disorder",1,Other psychoses,,
1971471000006117,6,EMISICD10|F1150,,1971471000006101,1971471000006117,"Mental & behav dis due to use opioids: psychotic disorder, schizophrenia-like",1,Other psychoses,,
1971501000006112,10,EMISICD10|F1151,,1971501000006108,1971501000006112,"Mental & behav dis due to use opioids: psychotic disorder, predominantly delusional",1,Other psychoses,,
1971521000006119,1,EMISICD10|F1152,,1971521000006103,1971521000006119,"Mental & behav dis due to use opioids: psychotic disorder, predominantly hallucinatory",1,Other psychoses,,
1971531000006116,4,EMISICD10|F1153,,1971531000006100,1971531000006116,"Mental & behav dis due to use opioids: psychotic disorder, predominantly polymorphic",1,Other psychoses,,
1971571000006118,9,EMISICD10|F1154,,1971571000006102,1971571000006118,"Mental & behav dis due to use opioids: psychotic disorder, predominantly depressive symptoms",1,Other psychoses,,
1971601000006113,1,EMISICD10|F1155,,1971601000006109,1971601000006113,"Mental & behav dis due to use opioids: psychotic disorder, predominantly manic symptoms",1,Other psychoses,,
1971631000006117,200,EMISICD10|F1156,,1971631000006101,1971631000006117,"Mental & behav dis due to use opioids: psychotic disorder, mixed",1,Other psychoses,,
1971741000006116,1,EMISICD10|F1175,,1971741000006100,1971741000006116,"Mental & behav dis due to use opioids: resid & late-onset psychot dis, late-onset psychotic disorder",1,Other psychoses,,
1972261000006117,30,EMISICD10|F1250,,1972261000006101,1972261000006117,"Mental & behav dis due to cannabinoids: psychotic disordr, schizophrenia-like",1,Other psychoses,,
1972281000006110,10,EMISICD10|F1251,,1972281000006106,1972281000006110,"Mental & behav dis due to cannabinoids: psychotic disordr, predominantly delusional",1,Other psychoses,,
1972301000006114,10,EMISICD10|F1252,,1972301000006105,1972301000006114,"Mental & behav dis due to cannabinoids: psychotic disordr, predominantly hallucinatory",1,Other psychoses,,
1972321000006116,4,EMISICD10|F1253,,1972321000006100,1972321000006116,"Mental & behav dis due to cannabinoids: psychotic disordr, predominantly polymorphic",1,Other psychoses,,
1972331000006118,4,EMISICD10|F1254,,1972331000006102,1972331000006118,"Mental & behav dis due to cannabinoids: psychotic disordr, predominantly depressive symptoms",1,Other psychoses,,
1972351000006113,10,EMISICD10|F1255,,1972351000006109,1972351000006113,"Mental & behav dis due to cannabinoids: psychotic disordr, predominantly manic symptoms",1,Other psychoses,,
1972361000006110,300,EMISICD10|F1256,,1972361000006106,1972361000006110,"Mental & behav dis due to cannabinoids: psychotic disordr, mixed",1,Other psychoses,,
1972461000006116,9,EMISICD10|F1275,,1972461000006100,1972461000006116,"Mental & behav dis due to cannabinoids: resid & late-onset psychot dis, late-onset psychotic disorder",1,Other psychoses,,
1972861000006118,1,EMISICD10|F1350,,1972861000006102,1972861000006118,"Mental & behav dis due to seds/hypntcs: psychotic disordr, schizophrenia-like",1,Schizophrenia,,
1972881000006111,2,EMISICD10|F1351,,1972881000006107,1972881000006111,"Mental & behav dis due to seds/hypntcs: psychotic disordr, predominantly delusional",1,Other psychoses,,
1972901000006113,1,EMISICD10|F1352,,1972901000006109,1972901000006113,"Mental & behav dis due to seds/hypntcs: psychotic disordr, predominantly hallucinatory",1,Other psychoses,,
1972921000006115,1,EMISICD10|F1353,,1972921000006104,1972921000006115,"Mental & behav dis due to seds/hypntcs: psychotic disordr, predominantly polymorphic",1,Other psychoses,,
1972941000006110,1,EMISICD10|F1354,,1972941000006106,1972941000006110,"Mental & behav dis due to seds/hypntcs: psychotic disordr, predominantly depressive symptoms",1,Other psychoses,,
1972961000006114,1,EMISICD10|F1355,,1972961000006105,1972961000006114,"Mental & behav dis due to seds/hypntcs: psychotic disordr, predominantly manic symptoms",1,Other psychoses,,
1972971000006119,10,EMISICD10|F1356,,1972971000006103,1972971000006119,"Mental & behav dis due to seds/hypntcs: psychotic disordr, mixed",1,Other psychoses,,
1971761000006117,1,EMISICD10|F1375,,1971761000006101,1971761000006117,"Mental & behav dis due to seds/hypntcs: resid & late-onset psychot dis, late-onset psychotic disorder",1,Other psychoses,,
1973581000006116,3,EMISICD10|F1450,,1973581000006100,1973581000006116,"Mental & behav dis due to use cocaine: psychotic disorder, schizophrenia-like",1,Other psychoses,,
1973611000006112,1,EMISICD10|F1451,,1973611000006108,1973611000006112,"Mental & behav dis due to use cocaine: psychotic disorder, predominantly delusional",1,Other psychoses,,
1973651000006113,1,EMISICD10|F1452,,1973651000006109,1973651000006113,"Mental & behav dis due to use cocaine: psychotic disorder, predominantly hallucinatory",1,Other psychoses,,
1973691000006119,5,EMISICD10|F1453,,1973691000006103,1973691000006119,"Mental & behav dis due to use cocaine: psychotic disorder, predominantly polymorphic",1,Other psychoses,,
1973731000006110,4,EMISICD10|F1454,,1973731000006106,1973731000006110,"Mental & behav dis due to use cocaine: psychotic disorder, predominantly depressive symptoms",1,Other psychoses,,
1973751000006115,3,EMISICD10|F1455,,1973751000006104,1973751000006115,"Mental & behav dis due to use cocaine: psychotic disorder, predominantly manic symptoms",1,Other psychoses,,
1973791000006114,100,EMISICD10|F1456,,1973791000006105,1973791000006114,"Mental & behav dis due to use cocaine: psychotic disorder, mixed",1,Other psychoses,,
1974001000006119,1,EMISICD10|F1475,,1974001000006103,1974001000006119,"Mental & behav dis due to use cocaine: resid & late-onset psychot dis, late-onset psychotic disorder",1,Other psychoses,,
1975561000006110,5,EMISICD10|F1550,,1975561000006106,1975561000006110,"Mental and behav dis due to other stimulants inc caffeine: psychotic dis, schizophrenia-like",1,Other psychoses,,
1975581000006117,2,EMISICD10|F1551,,1975581000006101,1975581000006117,"Mental and behav dis due to other stimulants inc caffeine: psychotic dis, predominantly delusional",1,Other psychoses,,
1975611000006113,5,EMISICD10|F1552,,1975611000006109,1975611000006113,"Mental and behav dis due to other stimulants inc caffeine: psychotic dis, predominantly hallucinatory",1,Other psychoses,,
1975631000006119,6,EMISICD10|F1553,,1975631000006103,1975631000006119,"Mental and behav dis due to other stimulants inc caffeine: psychotic dis, predominantly polymorphic",1,Other psychoses,,
1975651000006114,2,EMISICD10|F1554,,1975651000006105,1975651000006114,"Mental and behav dis due to other stimulants inc caffeine: psychotic dis, predominantly depressive symptoms",1,Other psychoses,,
1975701000006115,1,EMISICD10|F1555,,1975701000006104,1975701000006115,"Mental and behav dis due to other stimulants inc caffeine: psychotic dis, predominantly manic symptoms",1,Other psychoses,,
1975721000006113,30,EMISICD10|F1556,,1975721000006109,1975721000006113,"Mental and behav dis due to other stimulants inc caffeine psychotic dis, mixed",1,Other psychoses,,
1976191000006117,5,EMISICD10|F1575,,1976191000006101,1976191000006117,"Mental and behav dis due to other stimulants inc caffeine: resid/late-onset psycht dis, late-onset psychotic disorder",1,Other psychoses,,
1972011000006110,1,EMISICD10|F1650,,1972011000006106,1972011000006110,"Mental & behav dis due to hallucinogens: psychotic disord, schizophrenia-like",1,Other psychoses,,
1972031000006116,3,EMISICD10|F1651,,1972031000006100,1972031000006116,"Mental & behav dis due to hallucinogens: psychotic disord, predominantly delusional",1,Other psychoses,,
1972051000006111,2,EMISICD10|F1652,,1972051000006107,1972051000006111,"Mental & behav dis due to hallucinogens: psychotic disord, predominantly hallucinatory",1,Other psychoses,,
1973001000006117,2,EMISICD10|F1653,,1973001000006101,1973001000006117,"Mental & behav dis due to hallucinogens: psychotic disord, predominantly polymorphic",1,Other psychoses,,
1973041000006115,1,EMISICD10|F1654,,1973041000006104,1973041000006115,"Mental & behav dis due to hallucinogens: psychotic disord, predominantly depressive symptoms",1,Other psychoses,,
1973061000006116,1,EMISICD10|F1655,,1973061000006100,1973061000006116,"Mental & behav dis due to hallucinogens: psychotic disord, predominantly manic symptoms",1,Other psychoses,,
1973091000006112,10,EMISICD10|F1656,,1973091000006108,1973091000006112,"Mental & behav dis due to hallucinogens: psychotic disord, mixed",1,Other psychoses,,
1973781000006111,2,EMISICD10|F1675,,1973781000006107,1973781000006111,"Mental and behav dis due to hallucinogens: resid & late-onset psychot dis, late-onset psychotic disorder",1,Other psychoses,,
1974651000006110,2,EMISICD10|F1750,,1974651000006106,1974651000006110,"Mental & behav dis due to use tobacco: psychotic disorder, schizophrenia-like",1,Other psychoses,,
1974681000006119,1,EMISICD10|F1751,,1974681000006103,1974681000006119,"Mental & behav dis due to use tobacco: psychotic disorder, predominantly delusional",1,Other psychoses,,
1974711000006118,1,EMISICD10|F1752,,1974711000006102,1974711000006118,"Mental & behav dis due to use tobacco: psychotic disorder, predominantly hallucinatory",1,Other psychoses,,
1974741000006119,1,EMISICD10|F1753,,1974741000006103,1974741000006119,"Mental & behav dis due to use tobacco: psychotic disorder, predominantly polymorphic",1,Other psychoses,,
1974761000006115,2,EMISICD10|F1754,,1974761000006104,1974761000006115,"Mental & behav dis due to use tobacco: psychotic disorder, predominantly depressive symptoms",1,Other psychoses,,
1974791000006111,1,EMISICD10|F1755,,1974791000006107,1974791000006111,"Mental & behav dis due to use tobacco: psychotic disorder, predominantly manic symptoms",1,Other psychoses,,
1974811000006110,20,EMISICD10|F1756,,1974811000006106,1974811000006110,"Mental & behav dis due to use tobacco: psychotic disorder, mixed",1,Other psychoses,,
1974981000006110,1,EMISICD10|F1775,,1974981000006106,1974981000006110,"Mental & behav dis due to tobacco: resid & late-onset psychot dis, late-onset psychotic disorder",1,Other psychoses,,
1973051000006118,1,EMISICD10|F1850,,1973051000006102,1973051000006118,"Mental & behav dis due to vol solvents: psychotic disordr, schizophrenia-like",1,Other psychoses,,
1973071000006111,1,EMISICD10|F1851,,1973071000006107,1973071000006111,"Mental & behav dis due to vol solvents: psychotic disordr, predominantly delusional",1,Other psychoses,,
1973081000006114,1,EMISICD10|F1852,,1973081000006105,1973081000006114,"Mental & behav dis due to vol solvents: psychotic disordr, predominantly hallucinatory",1,Other psychoses,,
1973101000006118,1,EMISICD10|F1853,,1973101000006102,1973101000006118,"Mental & behav dis due to vol solvents: psychotic disordr, predominantly polymorphic",1,Other psychoses,,
1973111000006115,1,EMISICD10|F1854,,1973111000006104,1973111000006115,"Mental & behav dis due to vol solvents: psychotic disordr, predominantly depressive symptoms",1,Other psychoses,,
1973121000006111,1,EMISICD10|F1855,,1973121000006107,1973121000006111,"Mental & behav dis due to vol solvents: psychotic disordr, predominantly manic symptoms",1,Other psychoses,,
1973131000006114,1,EMISICD10|F1856,,1973131000006105,1973131000006114,"Mental & behav dis due to vol solvents: psychotic disordr, mixed",1,Other psychoses,,
1973141000006116,1,EMISICD10|F1870,,1973141000006100,1973141000006116,"Mental and behav dis due to vol solvents: resid & late-onset psychotic dis, flashbacks",1,Other psychoses,,
1973151000006119,5,EMISICD10|F1871,,1973151000006103,1973151000006119,"Mental and behav dis due to vol solvents: resid & late-onset psychotic dis, personality or behaviour disorder",1,Other psychoses,,
1973161000006117,3,EMISICD10|F1872,,1973161000006101,1973161000006117,"Mental and behav dis due to vol solvents: resid & late-onset psychotic dis, residual affective disorder",1,Other psychoses,,
1973171000006112,1,EMISICD10|F1873,,1973171000006108,1973171000006112,"Mental and behav dis due to vol solvents: resid & late-onset psychotic dis, dementia",1,Other psychoses,,
1973181000006110,1,EMISICD10|F1874,,1973181000006106,1973181000006110,"Mental and behav dis due to vol solvents: resid & late-onset psychotic dis, other persisting cognitive impairment",1,Other psychoses,,
1973191000006113,1,EMISICD10|F1875,,1973191000006109,1973191000006113,"Mental and behav dis due to vol solvents: resid & late-onset psychotic dis, late-onset psychotic disorder",1,Other psychoses,,
1973831000006119,8,EMISICD10|F1950,,1973831000006103,1973831000006119,"Ment/behav dis mlti drug use/oth psyc sbs: psychotc dis, schizophrenia-like",1,Other psychoses,,
1973861000006111,4,EMISICD10|F1951,,1973861000006107,1973861000006111,"Ment/behav dis mlti drug use/oth psyc sbs: psychotc dis, predominantly delusional",1,Other psychoses,,
1973991000006111,10,EMISICD10|F1955,,1973991000006107,1973991000006111,"Ment/behav dis mlti drug use/oth psyc sbs: psychotc dis, predominantly manic symptoms",1,Other psychoses,,
1974321000006110,20,EMISICD10|F1975,,1974321000006106,1974321000006110,"Mental and behav dis mlti drg use/oth psych subs: resid/late psychot dis, late-onset psychotic disorder",1,Other psychoses,,
1974351000006118,5,EMISICD10|F2000,,1974351000006102,1974351000006118,"Paranoid schizophrenia, continuous",1,Schizophrenia,,
1974391000006112,20,EMISICD10|F2001,,1974391000006108,1974391000006112,"Paranoid schizophrenia, episodic with progressive deficit",1,Schizophrenia,,
1974431000006118,4,EMISICD10|F2002,,1974431000006102,1974431000006118,"Paranoid schizophrenia, episodic with stable deficit",1,Schizophrenia,,
1974451000006113,10,EMISICD10|F2003,,1974451000006109,1974451000006113,"Paranoid schizophrenia, episodic remittent",1,Schizophrenia,,
1974481000006117,60,EMISICD10|F2004,,1974481000006101,1974481000006117,"Paranoid schizophrenia, incomplete remission",1,Schizophrenia,,1
1974511000006113,40,EMISICD10|F2005,,1974511000006109,1974511000006113,"Paranoid schizophrenia, complete remission",1,Schizophrenia,,1
1976881000006112,20,EMISICD10|F2008,,1976881000006108,1976881000006112,"Paranoid schizophrenia, other",1,Schizophrenia,,
1974541000006112,1,EMISICD10|F2009,,1974541000006108,1974541000006112,"Paranoid schizophrenia, course uncertain, period of observation too short",1,Schizophrenia,,
1974601000006111,20,EMISICD10|F2010,,1974601000006107,1974601000006111,"Hebephrenic schizophrenia, continuous",1,Schizophrenia,,
1974611000006114,1,EMISICD10|F2011,,1974611000006105,1974611000006114,"Hebephrenic schizophrenia, episodic with progressive deficit",1,Schizophrenia,,
1974621000006118,1,EMISICD10|F2012,,1974621000006102,1974621000006118,"Hebephrenic schizophrenia, episodic with stable deficit",1,Schizophrenia,,
1974641000006113,2,EMISICD10|F2013,,1974641000006109,1974641000006113,"Hebephrenic schizophrenia, episodic remittent",1,Schizophrenia,,
1974671000006117,3,EMISICD10|F2014,,1974671000006101,1974671000006117,"Hebephrenic schizophrenia, incomplete remission",1,Schizophrenia,,1
1974691000006116,2,EMISICD10|F2015,,1974691000006100,1974691000006116,"Hebephrenic schizophrenia, complete remission",1,Schizophrenia,,1
1976891000006110,60,EMISICD10|F2018,,1976891000006106,1976891000006110,"Hebephrenic schizophrenia, other",1,Schizophrenia,,
1974721000006114,1,EMISICD10|F2019,,1974721000006105,1974721000006114,"Hebephrenic schizophrenia, course uncertain, period of observation too short",1,Schizophrenia,,
1974751000006117,1,EMISICD10|F2020,,1974751000006101,1974751000006117,"Catatonic schizophrenia, continuous",1,Schizophrenia,,
1974781000006113,1,EMISICD10|F2021,,1974781000006109,1974781000006113,"Catatonic schizophrenia, episodic with progressive deficit",1,Schizophrenia,,
1974801000006112,1,EMISICD10|F2022,,1974801000006108,1974801000006112,"Catatonic schizophrenia, episodic with stable deficit",1,Schizophrenia,,
1974831000006116,20,EMISICD10|F2023,,1974831000006100,1974831000006116,"Catatonic schizophrenia, episodic remittent",1,Schizophrenia,,
1974861000006113,1,EMISICD10|F2024,,1974861000006109,1974861000006113,"Catatonic schizophrenia, incomplete remission",1,Schizophrenia,,1
1974891000006117,1,EMISICD10|F2025,,1974891000006101,1974891000006117,"Catatonic schizophrenia, complete remission",1,Schizophrenia,,1
1976901000006114,7,EMISICD10|F2028,,1976901000006105,1976901000006114,"Catatonic schizophrenia, other",1,Schizophrenia,,
1974921000006111,1,EMISICD10|F2029,,1974921000006107,1974921000006111,"Catatonic schizophrenia, course uncertain, period of observation too short",1,Schizophrenia,,
1975051000006119,2,EMISICD10|F2034,,1975051000006103,1975051000006119,"Undifferentiated schizophrenia, incomplete remission",1,Schizophrenia,,1
1976911000006112,6,EMISICD10|F2038,,1976911000006108,1976911000006112,"Undifferentiated schizophrenia, other",1,Schizophrenia,,
1975191000006114,1,EMISICD10|F2040,,1975191000006105,1975191000006114,"Post-schizophrenic depression, continuous",1,Depression with psychosis,,
1975211000006110,1,EMISICD10|F2041,,1975211000006106,1975211000006110,"Post-schizophrenic depression, episodic with progressive deficit",1,Depression with psychosis,,
1975231000006116,1,EMISICD10|F2042,,1975231000006100,1975231000006116,"Post-schizophrenic depression, episodic with stable deficit",1,Depression with psychosis,,
1975261000006113,1,EMISICD10|F2043,,1975261000006109,1975261000006113,"Post-schizophrenic depression, episodic remittent",1,Depression with psychosis,,
1975281000006115,1,EMISICD10|F2044,,1975281000006104,1975281000006115,"Post-schizophrenic depression, incomplete remission",1,Depression with psychosis,,1
1975301000006116,1,EMISICD10|F2045,,1975301000006100,1975301000006116,"Post-schizophrenic depression, complete remission",1,Depression with psychosis,,1
1976921000006116,8,EMISICD10|F2048,,1976921000006100,1976921000006116,"Post-schizophrenic depression, other",1,Depression with psychosis,,
1975321000006114,1,EMISICD10|F2049,,1975321000006105,1975321000006114,"Post-schizophrenic depression, course uncertain, period of observation too short",1,Depression with psychosis,,
1975351000006117,1,EMISICD10|F2050,,1975351000006101,1975351000006117,"Residual schizophrenia, continuous",1,Schizophrenia,,
1975381000006113,1,EMISICD10|F2051,,1975381000006109,1975381000006113,"Residual schizophrenia, episodic with progressive deficit",1,Schizophrenia,,
1975401000006113,1,EMISICD10|F2052,,1975401000006109,1975401000006113,"Residual schizophrenia, episodic with stable deficit",1,Schizophrenia,,
1975431000006117,1,EMISICD10|F2053,,1975431000006101,1975431000006117,"Residual schizophrenia, episodic remittent",1,Schizophrenia,,
1975441000006110,3,EMISICD10|F2054,,1975441000006106,1975441000006110,"Residual schizophrenia, incomplete remission",1,Schizophrenia,,1
1975471000006119,2,EMISICD10|F2055,,1975471000006103,1975471000006119,"Residual schizophrenia, complete remission",1,Schizophrenia,,1
1976931000006118,4,EMISICD10|F2058,,1976931000006102,1976931000006118,"Residual schizophrenia, other",1,Schizophrenia,,
1975481000006116,1,EMISICD10|F2059,,1975481000006100,1975481000006116,"Residual schizophrenia, course uncertain, period of observation too short",1,Schizophrenia,,
1975491000006118,1,EMISICD10|F2060,,1975491000006102,1975491000006118,"Simple schizophrenia, continuous",1,Schizophrenia,,
1975501000006114,1,EMISICD10|F2061,,1975501000006105,1975501000006114,"Simple schizophrenia, episodic with progressive deficit",1,Schizophrenia,,
1975521000006116,2,EMISICD10|F2062,,1975521000006100,1975521000006116,"Simple schizophrenia, episodic with stable deficit",1,Schizophrenia,,
1975551000006113,1,EMISICD10|F2063,,1975551000006109,1975551000006113,"Simple schizophrenia, episodic remittent",1,Schizophrenia,,
1975571000006115,1,EMISICD10|F2064,,1975571000006104,1975571000006115,"Simple schizophrenia, incomplete remission",1,Schizophrenia,,1
1975601000006110,3,EMISICD10|F2065,,1975601000006106,1975601000006110,"Simple schizophrenia, complete remission",1,Schizophrenia,,1
1976941000006111,1,EMISICD10|F2068,,1976941000006107,1976941000006111,"Simple schizophrenia, other",1,Schizophrenia,,
1975641000006112,1,EMISICD10|F2069,,1975641000006108,1975641000006112,"Simple schizophrenia, course uncertain, period of observation too short",1,Schizophrenia,,
1975751000006116,1,EMISICD10|F2080,,1975751000006100,1975751000006116,"Other schizophrenia, continuous",1,Schizophrenia,,
1975771000006114,1,EMISICD10|F2081,,1975771000006105,1975771000006114,"Other schizophrenia, episodic with progressive deficit",1,Schizophrenia,,
1975801000006111,1,EMISICD10|F2082,,1975801000006107,1975801000006111,"Other schizophrenia, episodic with stable deficit",1,Schizophrenia,,
1975831000006115,1,EMISICD10|F2083,,1975831000006104,1975831000006115,"Other schizophrenia, episodic remittent",1,Schizophrenia,,
1975841000006113,7,EMISICD10|F2084,,1975841000006109,1975841000006113,"Other schizophrenia, incomplete remission",1,Schizophrenia,,1
1975881000006119,7,EMISICD10|F2085,,1975881000006103,1975881000006119,"Other schizophrenia, complete remission",1,Schizophrenia,,1
1976951000006113,8,EMISICD10|F2088,,1976951000006109,1976951000006113,"Other schizophrenia, other",1,Schizophrenia,,
1975911000006119,1,EMISICD10|F2089,,1975911000006103,1975911000006119,"Other schizophrenia, course uncertain, period of observation too short",1,Schizophrenia,,
1976001000006113,2,EMISICD10|F2090,,1976001000006109,1976001000006113,"Schizophrenia, unspecified, continuous",1,Schizophrenia,,
1976061000006114,1,EMISICD10|F2091,,1976061000006105,1976061000006114,"Schizophrenia, unspecified, episodic with progressive deficit",1,Schizophrenia,,
1976101000006112,1,EMISICD10|F2092,,1976101000006108,1976101000006112,"Schizophrenia, unspecified, episodic with stable deficit",1,Schizophrenia,,
1976121000006119,1,EMISICD10|F2093,,1976121000006103,1976121000006119,"Schizophrenia, unspecified, episodic remittent",1,Schizophrenia,,
1976141000006114,1,EMISICD10|F2094,,1976141000006105,1976141000006114,"Schizophrenia, unspecified, incomplete remission",1,Schizophrenia,,1
1976151000006111,4,EMISICD10|F2095,,1976151000006107,1976151000006111,"Schizophrenia, unspecified, complete remission",1,Schizophrenia,,1
1976961000006110,60,EMISICD10|F2098,,1976961000006106,1976961000006110,"Schizophrenia, unspecified, other",1,Schizophrenia,,
1976171000006118,1,EMISICD10|F2099,,1976171000006102,1976171000006118,"Schizophrenia, unspecified, course uncertain, period of observation too short",1,Schizophrenia,,
1975711000006117,10,EMISICD10|F2320,,1975711000006101,1975711000006117,"Acute schizophrenia-like psychotic disorder, without associated acute stress",1,Other psychoses,,
1975731000006111,50,EMISICD10|F2321,,1975731000006107,1975731000006111,"Acute schizophrenia-like psychotic disorder, with associated acute stress",1,Other psychoses,,
1975761000006119,9,EMISICD10|F2330,,1975761000006103,1975761000006119,"Other acute predominantly delusional psychotic disorders, without associated acute stress",1,Other psychoses,,
1975781000006112,7,EMISICD10|F2331,,1975781000006108,1975781000006112,"Other acute predominantly delusional psychotic disorders, with associated acute stress",1,Other psychoses,,
1975821000006118,30,EMISICD10|F2380,,1975821000006102,1975821000006118,"Other acute and transient psychotic disorders, without associated acute stress",1,Other psychoses,,
1975851000006110,90,EMISICD10|F2381,,1975851000006106,1975851000006110,"Other acute and transient psychotic disorders, with associated acute stress",1,Other psychoses,,
1975871000006117,100,EMISICD10|F2390,,1975871000006101,1975871000006117,"Acute and transient psychotic disorder, unspecified, without associated acute stress",1,Other psychoses,,
1975901000006117,200,EMISICD10|F2391,,1975901000006101,1975901000006117,"Acute and transient psychotic disorder, unspecified, with associated acute stress",1,Other psychoses,,
1975931000006113,6,EMISICD10|F3130,,1975931000006109,1975931000006113,"Bipolar affect disorder cur epi mild or moderate depressn, without somatic syndrome",1,Bipolar disorder,,
1975941000006115,4,EMISICD10|F3131,,1975941000006104,1975941000006115,"Bipolar affect disorder cur epi mild or moderate depressn, with somatic syndrome",1,Bipolar disorder,,
1911731000006119,1,EMISNQFA65,,1911731000006103,1911731000006119,FACE CARAS -Schedule for Risk of Aggression in Psychosis (ScRAP),1,Other psychoses,,
970481000006113,4,EMISNQMI157,,970481000006109,970481000006113,Misuse of Antipsychotic unspecified,1,Other psychoses,,
2013941000006115,70,EMISNQMO127,,2013941000006104,2013941000006115,Monitoring for early signs of psychosis,1,Other psychoses,,
1992191000006111,10,EMISNQPS29,,1992191000006107,1992191000006111,Psychosis clinical information system (PsyCIS) review number,1,Other psychoses,,
851691000006114,5000,EMISQHY1,,851691000006105,851691000006114,Hypomanic,1,Bipolar disorder,,
851701000006114,8000,EMISQPA1,,851701000006105,851701000006114,Paranoid,1,Other psychoses,,
109941000006110,20000,EMISREQ|44W8.,44W8.00,109941000006106,109941000006110,Test request : Lithium,1,Bipolar disorder,,
2652251000000113,20,ESCTSI17,,1053781000000106,2652251000000113,Signposting to Bipolar UK,1,Bipolar disorder,,
295667018,700,Eu0,Eu0..00,111479008,178719012,"[X]Organic, including symptomatic, mental disorders",1,Organic psychosis,,
359091000006115,60,Eu02z-2,Eu02z12,268612007,401757012,[X] Presenile psychosis NOS,1,,,
359161000006110,1000,Eu02z-5,Eu02z15,268612007,401757012,[X] Senile psychosis NOS,1,,,
359151000006113,900,Eu02z-6,Eu02z16,191457008,294644014,"[X] Senile dementia, depressed or paranoid type",1,Dementia,,
403921000006119,500,Eu03,Eu03.00,3298001,6563014,Amnestic disorder,1,general MH,,
394691000006116,200,Eu03-1,Eu03.11,3298001,6563014,"[X]Korsakov's psychosis, nonalcoholic",1,Organic psychosis,,
376461000006110,700,Eu04,Eu04.00,111479008,178719012,"[X]Delirium, not induced by alcohol+other psychoactive subs",1,,,
362211000006118,6000,Eu04-2,Eu04.12,111479008,178719012,"[X]Acute / subacute confusional state, nonalcoholic",1,,,
362221000006114,300,Eu04-3,Eu04.13,191502008,294700016,[X]Acute / subacute infective psychosis,1,Other psychoses,,
362241000006119,300,Eu04-5,Eu04.15,111479008,178719012,[X]Acute / subacute psycho-organic reaction,1,,,
404841000006119,500,Eu05,Eu05.00,111479008,178719012,[X]Oth mental disorder brain damag/dysfunction/physical disr,1,,,
403991000006117,1000,Eu050,Eu05000,45912004,76558013,Organic hallucinosis,1,,,
403951000006111,100,Eu051,Eu05100,231442003,346901014,[X]Organic catatonic disorder,1,Schizophrenia,,
403961000006113,5000,Eu052,Eu05200,5510009,10196013,Organic delusional disorder,1,,,
418191000006113,40,Eu052-1,Eu05211,5510009,1231416011,[X]Paranoid organic state,1,,,
425631000006118,400,Eu052-2,Eu05212,5510009,10196013,[X]Schizophrenia-like psychosis in epilepsy,1,,,
405051000006114,100,Eu05y,Eu05y00,111479008,178719012,[X]Oth sp mental disord brain damag/dysfunction/physcal disd,1,,,
379901000006113,1000,Eu05y-1,Eu05y11,111479008,178719012,[X]Epileptic psychosis NOS,1,Other psychoses,,
430341000006111,100,Eu05z,Eu05z00,111479008,178719012,[X]Unspec mental disorder brain damag/dysfunction/physcal dr,1,,,
403941000006114,1000,Eu05z-1,Eu05z11,111479008,178719012,[X]Organic brain syndrome NOS,1,,,
404001000006114,100,Eu05z-2,Eu05z12,111479008,178719012,[X]Organic mental disorder NOS,1,,,
420411000006117,600,Eu06,Eu06.00,111479008,178719012,[X]Personality and behav disorder brain dis dam and dysfunct,1,,,
423091000006111,1000,Eu062,Eu06200,40425004,492616010,Post-concussional syndrome,1,,,
423101000006117,40,Eu062-1,Eu06211,40425004,492619015,[X]Postcontusional syndrome,1,,,
423061000006115,300,Eu062-2,Eu06212,40425004,492616010,[X]Post-traumatic brain syndrome,1,,,
404911000006113,70,Eu06y,Eu06y00,111479008,178719012,[X]Oth organ personality behav disorders brain dis dam dysf,1,,,
430371000006115,50,Eu06z,Eu06z00,111479008,178719012,[X]Unspec organ personality behav disorder brain dam dysfunc,1,,,
1495056012,30,Eu06z-1,Eu06z11,111479008,178719012,[X]Organic psychosyndrome,1,,,
401838011,1000,Eu0z,Eu0z.00,111479008,178719012,Organic mental disorder,1,Other psychoses,,
404041000006111,3000,Eu0z-1,Eu0z.11,111479008,178719012,[X]Organic psychosis NOS,1,Organic psychosis,,
428451000006119,6000,Eu0z-2,Eu0z.12,280427006,418027011,Psychotic symptom present,1,Other psychoses,,
397621000006111,1000,Eu105,Eu10500,42344001,70655012,Alcohol-induced psychosis,1,Other psychoses,,
362961000006112,40,Eu105-2,Eu10512,42344001,70655012,[X]Alcoholic jealousy,1,,,
362971000006117,200,Eu105-3,Eu10513,42344001,70655012,[X]Alcoholic paranoia,1,,,
362981000006119,1000,Eu105-4,Eu10514,42344001,70655012,[X]Alcoholic psychosis NOS,1,Other psychoses,,
394681000006119,7000,Eu106-1,Eu10611,69482004,115434017,Korsakoff's psychosis,1,Other psychoses,,
397201000006116,200,Eu107,Eu10700,42344001,70655012,[X]Men & behav dis due alcoh: resid & late-onset psychot dis,1,,,
397431000006111,1000,Eu10z,Eu10z00,91388009,151411015,[X]Ment & behav dis due use alcohol: unsp ment & behav dis,1,,,
397231000006112,30,Eu114,Eu11400,91388009,151411015,[X]Men & behav dis due opioid: withdrawl state with delirium,1,,,
397661000006117,400,Eu115,Eu11500,943071000000104,2412771000000116,Opioid-induced psychosis,1,Other psychoses,,
397921000006118,30,Eu116,Eu11600,91388009,151411015,[X]Mental and behav dis due to use opioids: amnesic syndrome,1,,,
397161000006110,3,Eu117,Eu11700,943071000000104,2412771000000116,[X]Men & beh dis due opioids: resid & late-onset psychot dis,1,,,
397451000006116,400,Eu11z,Eu11z00,91388009,151411015,[X]Ment & behav dis due use opioids: unsp ment & behav dis,1,,,
397581000006111,2000,Eu125,Eu12500,943081000000102,2412791000000117,Cannabis-induced psychosis,1,Other psychoses,,
397821000006110,30,Eu126,Eu12600,91388009,151411015,[X]Mental and behav dis due to use cannabinoids: amnesic syn,1,,,
398691000006112,40,Eu127,Eu12700,91388009,151411015,[X]Mnt/bh dis due cannabinds: resid & late-onset psychot dis,1,,,
398111000006111,700,Eu13,Eu13.00,91388009,151411015,[X]Mental and behavioural dis due use sedatives/hypnotics,1,,,
397571000006113,60,Eu130,Eu13000,91388009,151411015,[X]Mental & behav dis due seds/hypntcs: acute intoxication,1,,,
397961000006112,100,Eu131,Eu13100,91388009,151411015,[X]Mental and behav dis due to use seds/hypntcs: harmful use,1,,,
397751000006112,200,Eu133,Eu13300,91388009,151411015,[X]Mental and behav dis due seds/hypntcs: withdrawal state,1,,,
397171000006115,4,Eu134,Eu13400,91388009,151411015,[X]Men & beh dis due seds/hypns: withdrwl state wth delirium,1,,,
397601000006118,30,Eu135,Eu13500,943091000000100,2412811000000116,[X]Mental and behavioural disorders due to use of sedatives or hypnotics: psychotic disorder,1,Other psychoses,,
397951000006110,5,Eu136,Eu13600,91388009,151411015,[X]Mental and behav dis due to use seds/hypntcs: amnesic syn,1,,,
398711000006110,1,Eu137,Eu13700,91388009,151411015,[X]Mnt/bh dis due seds/hypns: resid & late-onset psychot dis,1,,,
397341000006114,1,Eu13y,Eu13y00,91388009,151411015,[X]Men/behav dis due to use seds/hypntcs: oth men/behav disd,1,,,
397521000006112,20,Eu13z,Eu13z00,91388009,151411015,[X]Ment/behav dis due use seds/hypntcs: unsp ment/behav disd,1,,,
295877018,2000,Eu14,Eu14.00,46975003,78284013,Cocaine-induced organic mental disorder,1,,,
397631000006114,100,Eu140,Eu14000,91388009,151411015,[X]Mental & behav dis due to use cocaine: acute intoxication,1,,,
397861000006116,70,Eu143,Eu14300,91388009,151411015,[X]Mental and behav dis due to use cocaine: withdrawal state,1,,,
397221000006114,4,Eu144,Eu14400,91388009,151411015,[X]Men & behav dis due cocaine: withdrawl state wth delirium,1,,,
397641000006116,300,Eu145,Eu14500,943101000000108,2412831000000112,Cocaine-induced psychosis,1,Other psychoses,,
397841000006115,20,Eu146,Eu14600,91388009,151411015,[X]Mental and behav dis due to use cocaine: amnesic syndrome,1,,,
397141000006111,80,Eu147,Eu14700,91388009,151411015,[X]Men & beh dis due cocaine: resid & late-onset psychot dis,1,,,
397251000006117,200,Eu14y,Eu14y00,46975003,78284013,[X]Men & behav dis due to use cocaine: oth men & behav dis,1,,,
397441000006118,90,Eu14z,Eu14z00,91388009,151411015,[X]Ment & behav dis due use cocaine: unsp ment & behav dis,1,,,
397711000006111,400,Eu15,Eu15.00,91388009,151411015,"[X]Mental and behavioural disorders due to use of other stimulants, including caffeine",1,,,
397491000006110,70,Eu151,Eu15100,91388009,151411015,[X]Ment/behav dis due to use oth stims inc caff: harmful use,1,,,
398081000006117,200,Eu152,Eu15200,91388009,151411015,[X]Mental and behav dis oth stim inc caffein: dependnce synd,1,,,
398681000006114,20,Eu153,Eu15300,91388009,151411015,[X]Mnt/behav dis other stimlnts inc caffeine: withdrwl state,1,,,
398731000006116,4,Eu154,Eu15400,91388009,151411015,[X]Mnt/bh dis oth stims inc caffne: withdr state wt delirium,1,,,
398281000006112,60,Eu155,Eu15500,762325009,3636410011,"[X]Mental and behavioural disorders due to use of other stimulants, including caffeine: psychotic disorder",1,Other psychoses,,
398091000006119,3,Eu156,Eu15600,91388009,151411015,[X]Mental and behav dis oth stims inc caffeine: amnesic syn,1,,,
398741000006114,10,Eu157,Eu15700,762325009,3636410011,"[X]Mental and behavioural disorders due to use of other stimulants, including caffeine: residual and late onset psychotic disorder",1,Other psychoses,,
398161000006114,200,Eu16,Eu16.00,91388009,151411015,[X]Mental and behavioural disorders due to use hallucinogens,1,,,
397561000006118,40,Eu160,Eu16000,91388009,151411015,[X]Mental & behav dis due hallucinogens: acute intoxicatn,1,,,
397871000006111,30,Eu161,Eu16100,91388009,151411015,[X]Mental and behav dis due to use hallucinogens: harmfl use,1,,,
397741000006110,3,Eu163,Eu16300,91388009,151411015,[X]Mental and behavioural disorders due to use of hallucinogens: withdrawal state,1,,,
397151000006113,1,Eu164,Eu16400,91388009,151411015,[X]Mental and behavioural disorders due to use of hallucinogens: withdrawal state with delirium,1,,,
397591000006114,100,Eu165,Eu16500,943131000000102,2412891000000113,[X]Mental and behavioural disorders due to use of hallucinogens: psychotic disorder,1,Other psychoses,,
398021000006116,10,Eu166,Eu16600,91388009,151411015,[X]Mental and behav dis due use hallucinogens: amnesic syndr,1,,,
398701000006112,20,Eu167,Eu16700,91388009,151411015,[X]Mnt/bh dis due hallucngns: resid & late-onset psychot dis,1,,,
423031000006112,80,Eu167-1,Eu16711,91388009,151411015,[X]Post hallucinogen perception disorder,1,,,
397331000006116,4,Eu16y,Eu16y00,91388009,151411015,[X]Men/behav dis due to use hallucinogens: oth men/behav dis,1,,,
397511000006116,10,Eu16z,Eu16z00,91388009,151411015,[X]Ment/behav dis due use hallucinogens: unsp ment/behav dis,1,,,
295951010,100,Eu17,Eu17.00,30310000,50736017,Nicotine-induced organic mental disorder,1,,,
397671000006112,2,Eu170,Eu17000,30310000,50736017,[X]Mental and behavioural disorders due to use of tobacco: acute intoxication,1,,,
397981000006119,100,Eu172,Eu17200,30310000,50736017,[X]Mental and behav dis due to use tobacco: dependence syndr,1,,,
397681000006110,9,Eu175,Eu17500,30310000,50736017,[X]Mental and behavioural disorders due to use of tobacco: psychotic disorder,1,,,
397971000006117,4,Eu176,Eu17600,30310000,50736017,[X]Mental and behav dis due to use tobacco: amnesic syndrome,1,,,
397181000006117,1,Eu177,Eu17700,30310000,50736017,[X]Mental and behavioural disorders due to use of tobacco: residual and late-onset psychotic disorder,1,Other psychoses,,
397271000006110,8,Eu17y,Eu17y00,30310000,50736017,[X]Mental and behavioural disorders due to use of tobacco: other mental and behavioural disorders,1,,,
397461000006119,9,Eu17z,Eu17z00,30310000,50736017,[X]Mental and behavioural disorders due to use of tobacco: unspecified mental and behavioural disorder,1,,,
398041000006111,100,Eu181,Eu18100,91388009,151411015,[X]Mental and behav dis due volatile solvents: harmful use,1,,,
398011000006112,50,Eu182,Eu18200,91388009,151411015,[X]Mental and behav dis due to vol solvents: dependence synd,1,,,
397691000006113,8,Eu185,Eu18500,943151000000109,2412931000000115,Volatile inhalant-induced psychosis,1,Other psychoses,,
398001000006114,2,Eu186,Eu18600,91388009,151411015,[X]Mental and behav dis due to use vol solvents: amnesic syn,1,,,
398751000006111,1,Eu187,Eu18700,91388009,151411015,[X]Mnt/bh dis vol solvents: resid & late-onset psychotic dis,1,Other psychoses,,
397351000006111,4,Eu18y,Eu18y00,91388009,151411015,[X]Men/behav dis due to use vol solvents: oth men/behav disd,1,,,
397531000006110,20,Eu18z,Eu18z00,91388009,151411015,[X]Ment/behav dis due use vol solvents: unsp ment/behav dis,1,,,
398271000006114,100,Eu190,Eu19000,91388009,151411015,[X]Mental/behav dis multi drg use/psychoac subs: acute intox,1,,,
398061000006110,1000,Eu192,Eu19200,91388009,151411015,[X]Mental and behav dis mlti/oth psych sbs: dependence syndr,1,,,
398071000006115,60,Eu193,Eu19300,91388009,151411015,[X]Mental and behav dis mlti/oth psychoa sbs: withdrwl state,1,,,
398721000006119,1,Eu194,Eu19400,91388009,151411015,[X]Mnt/bh dis mlti drg use/oth psy sbs: wthdr state + dlrium,1,,,
397541000006117,400,Eu195,Eu19500,191483003,294677013,[X]Mental and behavioural disorders due to multiple drug use and use of other psychoactive substances: psychotic disorder,1,Other psychoses,,
397311000006110,50,Eu197,Eu19700,91388009,151411015,[X]Men/beh dis mlt drg use/oth subs: resid/late psychot dis,1,,,
397301000006112,100,Eu19y,Eu19y00,91388009,151411015,[X]Men/beh dis mlt drg use/oth psy sbs: oth men & behav dis,1,,,
397471000006114,1000,Eu19z,Eu19z00,91388009,151411015,Psychoactive substance abuse,1,,,
980101000006116,300,Eu1A1,Eu1A100,46975003,78284013,[X]Mental behav disorders due use crack cocaine: harmful use,1,,,
980141000006119,50,Eu1A5,Eu1A500,46975003,78284013,[X]Mental and behavioural disorders due to use of crack cocaine: psychotic disorder,1,Other psychoses,,
296022017,10000,Eu2,Eu2..00,417601000000102,939641000000117,"[X]Schizophrenia, schizotypal and delusional disorders",1,Schizophrenia,,
425601000006114,80000,Eu20,Eu20.00,58214004,96745016,[X]Schizophrenia,1,Schizophrenia,,
418221000006118,30000,Eu200,Eu20000,64905009,107878010,[X]Paranoid schizophrenia,1,Schizophrenia,,
418261000006112,400,Eu200-1,Eu20011,64905009,1232626010,[X]Paraphrenic schizophrenia,1,Schizophrenia,,
388741000006110,1000,Eu201,Eu20100,35252006,2881679010,[X]Hebephrenic schizophrenia,1,Schizophrenia,,
378051000006119,60,Eu201-1,Eu20111,35252006,486103011,[X]Disorganised schizophrenia,1,Schizophrenia,,
370451000006110,500,Eu202,Eu20200,191542003,294742019,[X]Catatonic schizophrenia,1,Schizophrenia,,
370461000006112,400,Eu202-1,Eu20211,191542003,294742019,[X]Catatonic stupor,1,Schizophrenia,,
425641000006111,20,Eu202-2,Eu20212,191542003,294742019,[X]Schizophrenic catalepsy,1,Schizophrenia,,
425651000006113,200,Eu202-3,Eu20213,191542003,294742019,[X]Schizophrenic catatonia,1,Schizophrenia,,
294743012,2,Eu202-4,Eu20214,191542003,294743012,[X]Schizophrenic flexibilatis cerea,1,Schizophrenia,,
296031017,1000,Eu203,Eu20300,111484002,178724010,Undifferentiated schizophrenia,1,Schizophrenia,,
366571000006114,60,Eu203-1,Eu20311,111484002,1219653018,[X]Atypical schizophrenia,1,Schizophrenia,,
423041000006119,300,Eu204,Eu20400,231485007,346956014,[X]Post-schizophrenic depression,1,Schizophrenia,,
424841000006113,500,Eu205,Eu20500,26025008,43595011,[X]Residual schizophrenia,1,,,
371031000006115,2000,Eu205-1,Eu20511,111484002,178724010,[X]Chronic undifferentiated schizophrenia,1,Schizophrenia,,
424931000006113,2,Eu205-2,Eu20512,26025008,43595011,[X]Restzustand schizophrenic,1,Schizophrenia,,
426881000006111,800,Eu206,Eu20600,191527001,294727017,[X]Simple schizophrenia,1,Schizophrenia,,
401855010,300,Eu20y,Eu20y00,58214004,96745016,[X]Other schizophrenia,1,Schizophrenia,,
370631000006117,5,Eu20y-1,Eu20y11,58214004,96745016,[X]Cenesthopathic schizophrenia,1,Schizophrenia,,
425681000006117,600,Eu20y-2,Eu20y12,58214004,96745016,[X]Schizophreniform disord NOS,1,Schizophrenia,,
425711000006116,2000,Eu20y-3,Eu20y13,58214004,96745016,[X]Schizophrenifrm psychos NOS,1,Schizophrenia,,
296040018,2000,Eu20z,Eu20z00,58214004,96745016,"[X]Schizophrenia, unspecified",1,Schizophrenia,,
401856011,4000,Eu21,Eu21.00,31027006,51933014,Schizotypal personality disorder,1,Other psychoses,,
395031000006114,4,Eu21-1,Eu21.11,191559008,294764011,[X]Latent schizophrenic reaction,1,Schizophrenia,,
367951000006113,100,Eu21-2,Eu21.12,274952002,410869013,Borderline schizophrenia,1,Schizophrenia,,
395021000006111,7,Eu21-3,Eu21.13,191559008,294764011,[X]Latent schizophrenia,1,Schizophrenia,,
423271000006116,40,Eu21-4,Eu21.14,247804008,369984013,Prepsychotic schizophrenia,1,Schizophrenia,,
423471000006117,300,Eu21-5,Eu21.15,247804008,369985014,Prodromal schizophrenia,1,Schizophrenia,,
423731000006114,70,Eu21-6,Eu21.16,31027006,51933014,[X]Pseudoneurotic schizophrenia,1,Schizophrenia,,
423741000006116,20,Eu21-7,Eu21.17,31027006,51933014,[X]Pseudopsychopathic schizophrenia,1,Schizophrenia,,
425731000006110,1000,Eu21-8,Eu21.18,31027006,51933014,[X]Schizotypal personality disorder,1,Personality disorder,,
419861000006117,30000,Eu22,Eu22.00,231487004,346958010,Persistent delusional disorder,1,Other psychoses,,
215841000000114,60000,Eu220,Eu22000,48500005,80801017,Delusional disorder,1,Other psychoses,,
215851000000112,50000,Eu220-1,Eu22011,191667009,3012206013,[X]Paranoid psychosis,1,Other psychoses,,
418231000006115,5000,Eu220-2,Eu22012,191667009,294903010,[X]Paranoid state,1,Other psychoses,,
418251000006110,700,Eu220-3,Eu22013,38295006,1229409019,Late paraphrenia,1,Other psychoses,,
425921000006114,2,Eu220-4,Eu22014,41189006,492910018,[X]Sensitiver Beziehungswahn,1,,,
215871000000115,40000,Eu220-5,Eu22015,417233008,2548181016,[X]Paranoia,1,,,
914471000006113,100,Eu221,Eu22100,44906001,1230157015,[X]Delusional misidentification syndrome,1,Other psychoses,,
914461000006118,300,Eu221-1,Eu22111,44906001,1230158013,[X]Capgras syndrome,1,Other psychoses,,
967791000006111,80,Eu222,Eu22200,357705009,2840462017,[X]Cotard syndrome,1,Other psychoses,,
1667581000000114,4000,Eu223,Eu22300,755301000000102,1667581000000114,[X]Paranoid state in remission,1,Other psychoses,,1
401857019,600,Eu22y,Eu22y00,231487004,346958010,[X]Other persistent delusional disorders,1,Other psychoses,,
376501000006110,900,Eu22y-1,Eu22y11,231487004,346958010,[X]Delusional dysmorphophobia,1,Other psychoses,,
394461000006110,30,Eu22y-2,Eu22y12,231487004,346958010,[X]Involutional paranoid state,1,Other psychoses,,
418181000006110,10,Eu22y-3,Eu22y13,231487004,346958010,[X]Paranoia querulans,1,Other psychoses,,
296066015,2000,Eu22z,Eu22z00,231487004,346958010,"[X]Persistent delusional disorder, unspecified",1,Other psychoses,,
362271000006110,20000,Eu23,Eu23.00,231489001,346960012,Acute transient psychotic disorder,1,Other psychoses,,
362391000006117,3000,Eu230,Eu23000,712824002,3286009016,Acute polymorphic psychotic disorder without symptoms of schizophrenia,1,Other psychoses,,
367961000006110,1,Eu230-1,Eu23011,63204009,2820485012,[X]Bouffee delirante,1,Other psychoses,,
376271000006119,400,Eu230-2,Eu23012,307417003,450678015,[X]Cycloid psychosis,1,Other psychoses,,
362381000006115,2000,Eu231,Eu23100,712850003,3286050012,Acute polymorphic psychotic disorder co-occurrent with symptoms of schizophrenia,1,Other psychoses,,
367971000006115,1,Eu231-1,Eu23111,712850003,3286050012,[X]Bouffee delirante with symptoms of schizophrenia,1,Other psychoses,,
376281000006116,80,Eu231-2,Eu23112,307417003,450678015,Cycloid psychosis,1,Other psychoses,,
362421000006113,5000,Eu232,Eu23200,278853003,415877014,Acute schizophrenia-like psychotic disorder,1,Other psychoses,,
368001000006112,90,Eu232-1,Eu23211,278853003,415877014,[X]Brief schizophreniform disorder,1,Schizophrenia,,
368011000006110,60,Eu232-2,Eu23212,278853003,415877014,[X]Brief schizophrenifrm psych,1,Other psychoses,,
403611000006116,1,Eu232-3,Eu23213,278853003,415877014,[X]Oneirophrenia,1,Other psychoses,,
425671000006115,100,Eu232-4,Eu23214,278853003,415877014,[X]Schizophrenic reaction,1,Schizophrenia,,
401859016,1000,Eu233,Eu23300,231489001,346960012,[X]Other acute predominantly delusional psychotic disorders,1,Other psychoses,,
424071000006112,700,Eu233-2,Eu23312,191680007,294924017,[X]Psychogenic paranoid psychosis,1,Other psychoses,,
296083012,700,Eu23y,Eu23y00,231489001,346960012,[X]Other acute and transient psychotic disorders,1,Other psychoses,,
401860014,5000,Eu23z,Eu23z00,231489001,346960012,"[X]Acute and transient psychotic disorder, unspecified",1,Other psychoses,,
367991000006119,2000,Eu23z-1,Eu23z11,231489001,346960012,[X]Brief reactive psychosis NOS,1,Other psychoses,,
424511000006112,2000,Eu23z-2,Eu23z12,231437006,346896012,[X]Reactive psychosis,1,Other psychoses,,
389641000006110,500,Eu24,Eu24.00,61831009,499134014,Induced delusional disorder,1,Other psychoses,,
387071000006117,20,Eu24-1,Eu24.11,191670008,294908018,[X]Folie a deux,1,Other psychoses,,
389651000006112,70,Eu24-2,Eu24.12,61831009,499136011,[X]Induced paranoid disorder,1,Other psychoses,,
389661000006114,1000,Eu24-3,Eu24.13,61831009,499134014,[X]Induced psychotic disorder,1,Other psychoses,,
425541000006110,100000,Eu25,Eu25.00,68890003,114425016,Schizoaffective disorder,1,Other psychoses,,
425511000006111,6000,Eu250,Eu25000,271428004,406210011,"Schizoaffective disorder, manic type",1,Other psychoses,,
425571000006119,800,Eu250-1,Eu25011,271428004,406210011,"[X]Schizoaffective psychosis, manic type",1,Other psychoses,,
425701000006119,200,Eu250-2,Eu25012,271428004,406211010,"[X]Schizophreniform psychosis, manic type",1,Other psychoses,,
425501000006113,9000,Eu251,Eu25100,84760002,140519016,"Schizoaffective disorder, depressive type",1,Other psychoses,,
425561000006114,1000,Eu251-1,Eu25111,84760002,140519016,"[X]Schizoaffective psychosis, depressive type",1,Other psychoses,,
425691000006119,500,Eu251-2,Eu25112,84760002,1234980016,"[X]Schizophreniform psychosis, depressive type",1,Other psychoses,,
425521000006115,5000,Eu252,Eu25200,270901009,405368015,"Schizoaffective disorder, mixed type",1,Other psychoses,,
376251000006112,1,Eu252-1,Eu25211,270901009,405368015,[X]Cyclic schizophrenia,1,Schizophrenia,,
398631000006113,2000,Eu252-2,Eu25212,270901009,405369011,Mixed schizophrenic and affective pschosis,1,Other psychoses,,
296095012,700,Eu25y,Eu25y00,68890003,114425016,[X]Other schizoaffective disorders,1,Other psychoses,,
296096013,20000,Eu25z,Eu25z00,68890003,114425016,"[X]Schizoaffective disorder, unspecified",1,Other psychoses,,
425551000006112,3000,Eu25z-1,Eu25z11,68890003,114425016,[X]Schizoaffective psychosis NOS,1,Other psychoses,,
1667591000000111,5000,Eu26,Eu26.00,755311000000100,1667591000000111,[X]Nonorganic psychosis in remission,1,Other psychoses,,1
412201000006113,2000,Eu2y,Eu2y.00,191525009,2575698010,[X]Other nonorganic psychotic disorders,1,Other psychoses,,
370981000006112,700,Eu2y-1,Eu2y.11,480111000000107,885251000000119,[X]Chronic hallucinatory psychosis,1,Other psychoses,,
401862018,20000,Eu2z,Eu2z.00,191525009,2575698010,[X]Unspecified nonorganic psychosis,1,Other psychoses,,
424231000006116,100000,Eu2z-1,Eu2z.11,69322001,2920943016,Psychotic,1,Other psychoses,,
398851000006117,70000,Eu3,Eu3..00,46206005,1494743015,Affective disorder,1,,,
396741000006113,9000,Eu30,Eu30.00,268619003,401765010,[X]Manic episode,1,Bipolar disorder,,
367151000006111,6000,Eu30-1,Eu30.11,268619003,401765010,"[X]Bipolar disorder, single manic episode",1,Bipolar disorder,,
389401000006111,50000,Eu300,Eu30000,231496004,346969013,Hypomania,1,Bipolar disorder,,
296110017,6000,Eu301,Eu30100,231494001,346965019,Mania,1,Bipolar disorder,,
401863011,7000,Eu302,Eu30200,231494001,346965019,[X]Mania with psychotic symptoms,1,Bipolar disorder,,
396701000006111,200,Eu302-1,Eu30211,231494001,346965019,[X]Mania with mood-congruent psychotic symptoms,1,Bipolar disorder,,
396711000006114,50,Eu302-2,Eu30212,231494001,346965019,[X]Mania with mood-incongruent psychotic symptoms,1,Bipolar disorder,,
396761000006112,8,Eu302-3,Eu30213,231494001,346965019,[X]Manic stupor,1,Bipolar disorder,,
296118012,200,Eu30y,Eu30y00,231494001,346965019,[X]Other manic episodes,1,Bipolar disorder,,
401864017,1000,Eu30z,Eu30z00,268619003,401765010,"[X]Manic episode, unspecified",1,Bipolar disorder,,
396691000006111,6000,Eu30z-1,Eu30z11,268619003,401765010,[X]Mania NOS,1,Bipolar disorder,,
367101000006112,700000,Eu31,Eu31.00,13746004,2839307017,Bipolar affective disorder,1,,,
396791000006116,20000,Eu31-1,Eu31.11,13746004,1221012010,Manic-depressive illness,1,,,
396801000006115,10000,Eu31-2,Eu31.12,13746004,1221011015,Manic-depressive psychosis,1,,,
396071000006119,80,Eu31-3,Eu31.13,13746004,23447014,[X]Manic-depressive reaction,1,,,
367111000006110,10000,Eu310,Eu31000,31446002,484876019,"Bipolar affective disorder, current episode hypomanic",1,Bipolar disorder,,
367081000006116,800,Eu311,Eu31100,191618007,294846014,[X]Bipolar affect disorder cur epi manic wout psychotic symp,1,Bipolar disorder,,
367071000006119,4000,Eu312,Eu31200,191623007,294852010,"Bipolar affective disorder, currently manic, severe, with psychosis",1,Bipolar disorder,,
367091000006118,4000,Eu313,Eu31300,191630001,294863013,[X]Bipolar affect disorder cur epi mild or moderate depressn,1,Bipolar disorder,,
367051000006112,900,Eu314,Eu31400,61403008,102016011,Severe depressed bipolar I disorder without psychotic features,1,Bipolar disorder,,
367061000006114,2000,Eu315,Eu31500,765176007,3657334019,Psychosis and severe depression co-occurrent and due to bipolar affective disorder,1,Bipolar disorder,,
367121000006119,2000,Eu316,Eu31600,192362008,296129011,"[X]Bipolar affective disorder, current episode mixed",1,Bipolar disorder,,
296130018,20000,Eu317,Eu31700,85248005,141328010,Bipolar disorder in remission,1,Bipolar disorder,,1
1785851000006110,2000,Eu318,Eu31800,371596008,1210225015,Bipolar I disorder,1,Bipolar disorder,,
1785861000006112,20000,Eu319,Eu31900,83225003,138029017,Bipolar II disorder,1,Bipolar disorder,,
1785871000006117,900,Eu319-1,Eu31911,83225003,138029017,[X]Bipolar II disorder,1,Bipolar disorder,,
401865016,1000,Eu31y,Eu31y00,13746004,23447014,[X]Other bipolar affective disorders,1,,,
367161000006113,7000,Eu31y-1,Eu31y11,83225003,138029017,[X]Bipolar II disorder,1,Bipolar disorder,,
424661000006111,300,Eu31y-2,Eu31y12,191590005,294810017,[X]Recurrent manic episodes,1,Bipolar disorder,,
296135011,20000,Eu31z,Eu31z00,13746004,2839307017,"[X]Bipolar affective disorder, unspecified",1,,,
376721000006114,300000,Eu32,Eu32.00,35489007,486185019,Depressive episode,1,,,
401866015,200000,Eu322,Eu32200,310497006,454084010,[X]Severe depressive episode without psychotic symptoms,1,Depression,,
426891000006114,700,Eu322-1,Eu32211,310497006,454084010,[X] Single episode agitated depression without psychotic symptoms,1,Depression,,
223741000000112,20000,Eu322-2,Eu32212,310497006,454084010,Severe depression,1,Depression,,
426991000006118,100,Eu322-3,Eu32213,310497006,454084010,[X]Single episode vital depression w'out psychotic symptoms,1,Depression,,
401869010,60000,Eu323,Eu32300,191604000,294828015,[X]Severe depressive episode with psychotic symptoms,1,Depression with psychosis,,
426921000006115,1000,Eu323-1,Eu32311,191604000,294828015,[X]Single episode of major depression and psychotic symptoms,1,Depression with psychosis,,
426951000006112,200,Eu323-2,Eu32312,191676002,294917018,[X]Single episode of psychogenic depressive psychosis,1,Depression with psychosis,,
426961000006114,2000,Eu323-3,Eu32313,191604000,294828015,[X]Single episode of psychotic depression,1,Depression with psychosis,,
426981000006116,300,Eu323-4,Eu32314,191676002,294917018,[X]Single episode of reactive depressive psychosis,1,Depression with psychosis,,
1715781000006110,6000,Eu327,Eu32700,75084000,124707013,Severe major depression without psychotic features,1,Depression,,
1715191000006112,10000,Eu328,Eu32800,73867007,122670017,Severe major depression with psychotic features,1,Depression with psychosis,,
1755901000006112,2000,Eu329,Eu32900,755321000000106,1667601000000117,"[X]Single major depressive episode, severe, with psychosis, psychosis in remission",1,Depression with psychosis,,1
1755911000006110,3000,Eu32A,Eu32A00,755331000000108,1667611000000115,"[X]Recurrent major depressive episodes, severe, with psychosis, psychosis in remission",1,Depression with psychosis,,1
401871010,9000,Eu32y,Eu32y00,35489007,59212011,[X]Other depressive episodes,1,,,
401872015,700000,Eu32z,Eu32z00,35489007,486185019,"[X]Depressive episode, unspecified",1,,,
376691000006116,6000000,Eu32z-1,Eu32z11,35489007,486184015,Depression,1,,,
376711000006118,60000,Eu32z-2,Eu32z12,35489007,486185019,[X]Depressive disorder NOS,1,,,
424531000006118,7000,Eu332,Eu33200,310497006,454084010,[X]Recurr depress disorder cur epi severe without psyc sympt,1,Depression,,
379781000006118,20000,Eu332-1,Eu33211,300706003,441826016,[X]Endogenous depression without psychotic symptoms,1,Depression,,
396081000006116,2000,Eu332-2,Eu33212,268621008,401767019,"[X]Major depression, recurrent without psychotic symptoms",1,Depression,,
396771000006117,400,Eu332-3,Eu33213,36474008,60885016,"[X] Manic-depressive psychosis, depressed type without psychotic symptoms",1,Bipolar disorder,,
432511000006119,10,Eu332-4,Eu33214,310497006,454084010,"[X]Vital depression, recurrent without psychotic symptoms",1,Depression,,
424571000006115,6000,Eu333,Eu33300,28475009,47670016,[X]Recurrent depress disorder cur epi severe with psyc symp,1,,,
379771000006116,8000,Eu333-1,Eu33311,73867007,122670017,[X]Endogenous depression with psychotic symptoms,1,Depression with psychosis,,
396781000006119,800,Eu333-2,Eu33312,765176007,3657334019,"[X]Manic-depress psychosis,depressed type+psychotic symptoms",1,Bipolar disorder,,
424541000006111,2000,Eu333-3,Eu33313,28475009,47670016,[X]Recurr severe episodes/major depression+psychotic symptom,1,,,
424551000006113,1000,Eu333-4,Eu33314,191613003,294840015,[X]Recurr severe episodes/psychogenic depressive psychosis,1,Depression with psychosis,,
424671000006116,5000,Eu333-5,Eu33315,191613003,294840015,[X]Recurrent severe episodes of psychotic depression,1,Depression with psychosis,,
424681000006118,700,Eu333-6,Eu33316,1086471000000103,2721771000000114,"Recurrent reactive depressive episodes, severe, with psychosis",1,Depression with psychosis,,
398841000006119,100,Eu33z-1,Eu33z11,35489007,59212011,[X]Monopolar depression NOS,1,,,
296209016,2000,Eu3y,Eu3y.00,46206005,77054013,[X]Other mood affective disorders,1,,,
401877014,300,Eu3y0,Eu3y000,46206005,77054013,[X]Other single mood affective disorders,1,,,
398541000006116,2000,Eu3y0-1,Eu3y011,192362008,296129011,"Bipolar affective disorder , current episode mixed",1,Bipolar disorder,,
296218019,200,Eu3yy,Eu3yy00,46206005,77054013,[X]Other specified mood affective disorders,1,,,
401879012,10000,Eu3z,Eu3z.00,46206005,77054013,[X]Unspecified mood affective disorder,1,,,
362781000006116,2000,Eu3z-1,Eu3z.11,46206005,77054013,[X]Affective psychosis NOS,1,Bipolar disorder,,
399981000006111,3000,Eu4,Eu4..00,74732009,124108014,"[X]Neurotic, stress-related and somatoform disorders",1,,,
296273016,5000,Eu44,Eu44.00,44376007,74016017,[X]Dissociative [conversion] disorders,1,,,
375721000006119,1000,Eu44-1,Eu44.11,44376007,74016017,[X]Conversion hysteria,1,,,
375731000006116,500,Eu44-2,Eu44.12,44376007,74016017,[X]Conversion reaction,1,,,
389431000006115,200,Eu44-3,Eu44.13,44376007,74016017,[X]Hysteria,1,,,
389451000006110,200,Eu44-4,Eu44.14,44376007,74016017,[X]Hysterical psychosis,1,Other psychoses,,
296277015,100,Eu443,Eu44300,44376007,74016017,[X]Trance and possession disorders,1,,,
296289018,600,Eu447,Eu44700,44376007,74016017,[X]Mixed dissociative [conversion] disorders,1,,,
401885017,800,Eu44y,Eu44y00,44376007,74016017,[X]Other dissociative [conversion] disorders,1,,,
387831000006114,70,Eu44y-1,Eu44y11,44376007,74016017,[X]Ganser's syndrome,1,,,
399101000006116,200,Eu44y-2,Eu44y12,44376007,74016017,[X]Multiple personality,1,,,
296298015,7000,Eu44z,Eu44z00,44376007,74016017,Dissociative disorder,1,,,
389371000006113,4000,Eu452,Eu45200,18193002,30729012,[X]Hypochondriacal disorder,1,Hypochondriasis,,
367931000006118,20000,Eu452-1,Eu45211,83482000,138466015,Body dysmorphic disorder,1,,,
379411000006119,1000,Eu452-2,Eu45212,18193002,30729012,[X]Dysmorphophobia nondelusional,1,Other psychoses,,
389381000006111,1000,Eu452-3,Eu45213,18193002,30729012,[X]Hypochondriacal neurosis,1,Hypochondriasis,,
389391000006114,800,Eu452-4,Eu45214,18193002,30729012,[X]Hypochondriasis,1,Hypochondriasis,,
400201000006111,10,Eu452-5,Eu45215,18193002,30729012,[X]Nosophobia,1,Hypochondriasis,,
296341013,200,Eu46,Eu46.00,74732009,124108014,[X]Other neurotic disorders,1,,,
401888015,90,Eu46y,Eu46y00,111475002,178715018,[X]Other specified neurotic disorders,1,,,
368021000006119,20,Eu46y-1,Eu46y11,111475002,178715018,[X]Briquet's disorder,1,,,
423801000006114,8,Eu46y-5,Eu46y15,111475002,178715018,[X]Psychasthenia neurosis,1,,,
296358015,3000,Eu46z,Eu46z00,111475002,178715018,Neurosis,1,,,
1222256015,1000,Eu46z-1,Eu46z11,111475002,178715018,Neurosis,1,,,
398101000006113,2000,Eu53,Eu53.00,199260001,306152013,"[X]Mental and behavioural disorders associated with the puerperium, not elsewhere classified",1,,,
398421000006112,2000,Eu530,Eu53000,199260001,306152013,"[X]Mild mental and behavioural disorders associated with the puerperium, not elsewhere classified",1,,,
426581000006113,1000,Eu531,Eu53100,199260001,306152013,"[X]Severe mental and behavioural disorders associated with the puerperium, not elsewhere classified",1,,,
424281000006115,4000,Eu531-1,Eu53111,199260001,306152013,[X]Puerperal psychosis NOS,1,Puerperal psychosis,,
404831000006112,30,Eu53y,Eu53y00,199260001,306152013,"[X]Other mental and behavioural disorders associated with the puerperium, not elsewhere classified",1,,,
296443010,300,Eu53z,Eu53z00,199260001,306152013,"[X]Puerperal mental disorder, unspecified",1,,,
418201000006111,2000,Eu600,Eu60000,13601005,23211011,[X]Paranoid personality disorder,1,Personality disorder,,
380231000006114,6,Eu600-1,Eu60011,13601005,23211011,[X]Expansive paranoid personality disorder,1,,,
386711000006110,1,Eu600-2,Eu60012,13601005,23211011,[X]Fanatic paranoid personality disorder,1,,,
424331000006112,4,Eu600-3,Eu60013,13601005,23211011,[X]Querulant personality disorder,1,,,
425911000006118,100,Eu600-4,Eu60014,13601005,23211011,[X]Sensitive paranoid personality disorder,1,,,
425591000006118,2000,Eu601,Eu60100,52954000,88108012,[X]Schizoid personality disorder,1,Personality disorder,,
420581000006111,200000,Eu84,Eu84.00,35919005,3078949014,Autism spectrum disorder,1,,,
389681000006116,20,Eu840-3,Eu84013,408858002,2470704015,[X]Infantile psychosis,1,Other psychoses,,
366531000006111,7000,Eu841,Eu84100,231536004,347022013,Atypical autism,1,,,
366551000006116,200,Eu841-1,Eu84111,231536004,347022013,[X]Atypical childhood psychosis,1,Other psychoses,,
398241000006118,700,Eu841-2,Eu84112,231536004,347022013,[X]Mental retardation with autistic features,1,,,
401910019,40,Eu843,Eu84300,35919005,59939011,[X]Other childhood disintegrative disorder,1,,,
376631000006115,5,Eu843-1,Eu84311,71961003,119576018,[X]Dementia infantalis,1,,,
377461000006113,10,Eu843-2,Eu84312,35919005,59939011,[X]Disintegrative psychosis,1,Other psychoses,,
388761000006114,20,Eu843-3,Eu84313,71961003,119577010,[X]Heller's syndrome,1,,,
428441000006116,20,Eu843-4,Eu84314,35919005,59939011,[X]Symbiotic psychosis,1,Other psychoses,,
417681000006116,50,Eu844,Eu84400,35919005,59939011,[X]Overactive disorder assoc mental retard/stereotype movts,1,,,
363931000006110,200000,Eu845,Eu84500,23560001,2162281017,Asperger's syndrome,1,Autism,,
366591000006110,100,Eu845-1,Eu84511,23560001,2162281017,[X]Autistic psychopathy,1,Autism,,
425581000006116,80,Eu845-2,Eu84512,23560001,1223112016,[X]Schizoid disorder of childhood,1,Other psychoses,,
296678017,200,Eu84y,Eu84y00,35919005,59939011,[X]Other pervasive developmental disorders,1,,,
296679013,9000,Eu84z,Eu84z00,35919005,3078949014,"[X]Pervasive developmental disorder, unspecified",1,,,
2535850012,200000,Eu84z-1,Eu84z11,35919005,486317010,Autistic spectrum disorder,1,,,
296765014,10000,Euz,Euz..00,74732009,124108014,"[X]Mental disorder, not otherwise specified",1,,,
1222267019,30000,Euz-1,Euz..11,74732009,200482015,Mental illness,1,,,
296766010,50000,Ey,Ey...00,74732009,124108014,Other specified mental disorders,1,,,
296767018,200000,Ez,Ez...00,74732009,124108014,Mental disorder,1,,,
499799011,50000,F481K,F481K00,64269007,499799011,Visual hallucinations,1,Schizophrenia,,
1821481000006114,1,JHCPO1,,1821481000006105,1821481000006114,Possible early psychosis,1,Other psychoses,,
1821491000006112,1,JHCPO2,,1821491000006108,1821491000006112,Possible psychosis prodrome,1,Other psychoses,,
1807561000006117,100,JHCPS8,,363895008,487025010,Psychotic symptom,1,Other psychoses,,
306152013,300,L1842,L184200,199260001,306152013,Mental disorder in the puerperium - baby delivered,1,,,
317003012,8000,R001,R001.00,7011001,501492014,[D]Hallucinations,1,Schizophrenia,,
317004018,100000,R0010,R001000,45150006,494112014,Auditory hallucinations,1,Schizophrenia,,
317005017,200,R0011,R001100,29139005,484209019,Gustatory hallucinations,1,Schizophrenia,,
317006016,3000,R0012,R001200,39672001,492193019,Olfactory hallucinations,1,Schizophrenia,,
317007013,900,R0013,R001300,66609003,500482013,Tactile hallucinations,1,Schizophrenia,,
317008015,9000,R0014,R001400,64269007,499799011,[D]Visual hallucinations,1,Schizophrenia,,
317009011,3000,R001z,R001z00,7011001,501492014,[D]Hallucinations NOS,1,,,
402397010,400,R20,R20..00,271873000,406866016,Senility,1,Dementia,,
1222549013,700,R200-1,R200.11,271873000,406866016,[D]Senility,1,Dementia,,
317932013,20,R20z,R20z.00,271873000,406866016,"[D]Senility, without psychosis NOS",1,Dementia,,
318027012,400,Ryu53,Ryu5300,7011001,501492014,[X]Other hallucinations,1,,,
200051000006119,200,SL9,SL9..00,61438005,102073010,Psychotropic agent poisoning,1,,,
37371000006114,40,SL93,SL93.00,61438005,102073010,Other antipsychotics/neuroleptics/tranquilliser poisoning,1,Other psychoses,,
324283014,4,SL95,SL95.00,61438005,102073010,Other tranquilliser poisoning,1,,,
324286018,7,SL95z,SL95z00,61438005,102073010,Tranquilliser poisoning NOS,1,,,
324300011,50,SL9y,SL9y.00,61438005,102073010,Poisoning by psychotropic agent,1,,,
324301010,60,SL9z,SL9z.00,61438005,102073010,Psychotropic agent poisoning NOS,1,,,
220741000006111,30,SLX,SLX..00,288293001,427909014,Poisoning by oth & unspec antipsychotics & neuroleptics,1,Other psychoses,,
422501000006115,8,SyuFL,SyuFL00,288293001,427909014,[X]Poisoning by oth & unspec antipsychotics & neuroleptics,1,Other psychoses,,
422751000006113,10,SyuFM,SyuFM00,61438005,102073010,"[X]Poisoning by other psychotropic drugs, NEC",1,,,
393801000006110,5,U2041,U204100,61438005,102073010,"[X]Intentional self poisoning by and exposure to psychotropic drugs, occurrence in residential institution",1,,,
391871000006115,2,U2042,U204200,61438005,102073010,"[X]Intentional self poisoning by and exposure to psychotropic drugs, occurrence at school, other institution and public administrative area",1,,,
391851000006113,1,U2043,U204300,61438005,102073010,"[X]Intentional self poisoning by and exposure to psychotropic drugs, occurrence at sports and athletics area",1,,,
393531000006117,3,U2044,U204400,61438005,102073010,"[X]Intentional self poisoning by and exposure to psychotropic drugs, occurrence on street and highway",1,,,
393541000006110,2,U2045,U204500,61438005,102073010,"[X]Intentional self poisoning by and exposure to psychotropic drugs, occurrence at trade and service area",1,,,
391471000006117,20,U2046,U204600,61438005,102073010,"[X]Intentional self poisoning by and exposure to psychotropic drugs, occurrence at industrial and construction area",1,,,
392161000006112,2,U2047,U204700,61438005,102073010,"[X]Intentional self poisoning by and exposure to psychotropic drugs, occurrence on farm",1,,,
391861000006110,4,U204y,U204y00,61438005,102073010,"[X]Intentional self poisoning by and exposure to psychotropic drugs, occurrence at other specified place",1,,,
393811000006113,50,U204z,U204z00,61438005,102073010,"[X]Intentional self poisoning by and exposure to psychotropic drugs, occurrence at unspecified place",1,,,
422891000006113,10,U404,U404.00,61438005,102073010,"[X]Poisoning by and exposure to psychotropic drugs, undetermined intent",1,,,
422321000006115,1,U4040,U404000,61438005,102073010,"[X]Poisoning by and exposure to psychotropic drugs, occurrence at home, undetermined intent",1,,,
422001000006111,1,U4041,U404100,61438005,102073010,"[X]Poisoning by and exposure to psychotropic drugs, occurrence in residential institution, undetermined intent",1,,,
421341000006116,1,U4042,U404200,61438005,102073010,"[X]Poisoning by and exposure to psychotropic drugs, occurrence at school, other institution and public administrative area, undetermined intent",1,,,
421321000006111,2,U4043,U404300,61438005,102073010,"[X]Poisoning by and exposure to psychotropic drugs, occurrence at sports and athletics area, undetermined intent",1,,,
421751000006118,1,U4044,U404400,61438005,102073010,"[X]Poisoning by and exposure to psychotropic drugs, occurrence on street and highway, undetermined intent",1,,,
421761000006116,1,U4045,U404500,61438005,102073010,"[X]Poisoning by and exposure to psychotropic drugs, occurrence at trade and service area, undetermined intent",1,,,
421331000006114,1,U4046,U404600,61438005,102073010,"[X]Poisoning by and exposure to psychotropic drugs, occurrence at industrial and construction area, undetermined intent",1,,,
422331000006117,1,U4047,U404700,61438005,102073010,"[X]Poisoning by and exposure to psychotropic drugs, occurrence on farm, undetermined intent",1,,,
421471000006116,1,U404y,U404y00,61438005,102073010,"[X]Poisoning by and exposure to psychotropic drugs, occurrence at other specified place, undetermined intent",1,,,
422011000006114,3,U404z,U404z00,61438005,102073010,"[X]Poisoning by and exposure to psychotropic drugs, occurrence at unspecified place, undetermined intent",1,,,
404481000006111,100,U6095,U609500,446471000000103,931241000000115,[X]Other antipsychotics and neuroleptics causing adverse effects in therapeutic use,1,Other psychoses,,
460272010,6000,ZV11,ZV11.00,161464003,251624012,[V]Personal history of mental disorder,1,,,
460273017,3000,ZV110,ZV11000,161464003,251624012,[V]Personal history of schizophrenia,1,Schizophrenia,,
460274011,1000,ZV111,ZV11100,429124005,2694582010,History of affective disorder,1,Bipolar disorder,,
345141000006111,1000,ZV111-1,ZV11111,429124005,2693532011,History of mood disorder,1,Bipolar disorder,,
1227584015,300,ZV111-2,ZV11112,429124005,2693532011,[V]Personal history of manic-depressive psychosis,1,Other psychoses,,
460275012,300,ZV112,ZV11200,161464003,251624012,[V]Personal history of neurosis,1,,,
460278014,200,ZV11y,ZV11y00,161464003,251624012,[V]Personal history of other specified mental disorder,1,,,
460279018,1000,ZV11z,ZV11z00,161464003,251624012,[V]Personal history of unspecified mental disorder,1,,,
420401000006115,500,ZVu6K,ZVu6K00,161464003,251624012,[X]Personal history/other mental and behavioural disorders,1,,,
3527206014,1,^ESCT1167527,,737225007,3527206014,Secondary psychotic syndrome with hallucinations and delusions,1,Other psychoses,,
3636410011,2,^ESCT1169011,,762325009,3636410011,Psychotic disorder caused by stimulant,1,Other psychoses,,
3515942013,40,^ESCT1170549,,60401000119104,3515942013,Postpartum psychosis in remission,1,Puerperal psychosis,,1
2729731000000113,1,^ESCT1171771,,1089501000000102,2729731000000113,Presenile dementia with psychosis,1,Other psychoses,,
2729751000000118,200,^ESCT1171772,,1089511000000100,2729751000000118,Recurrent depression with current severe episode and psychotic features,1,Depression with psychosis,,
2729991000000112,100,^ESCT1171782,,1089631000000109,2729991000000112,Recurrent depression with current severe episode without psychotic features,1,Depression with psychosis,,
2730051000000114,1,^ESCT1171784,,1089661000000104,2730051000000114,Mania with mood-congruent psychotic features,1,Bipolar disorder,,
2730071000000117,1,^ESCT1171785,,1089671000000106,2730071000000117,Mania with mood-incongruent psychotic features,1,Bipolar disorder,,
2730091000000118,600,^ESCT1171786,,1089681000000108,2730091000000118,Mania with psychotic features,1,Bipolar disorder,,
2730111000000111,60,^ESCT1171787,,1089691000000105,2730111000000111,Acute predominantly delusional psychotic disorder,1,Other psychoses,,
2736701000000113,6000,^ESCT1172084,,1092421000000100,2736701000000113,CPA - Care Programme Approach,1,general MH,,
2744711000000115,900,^ESCT1172086,,1092421000000100,2744711000000115,Care Programme Approach,1,general MH,,
11931271000006118,200,^ESCT1193127,,921631000000109,2365281000000114,Glasgow Antipsychotic Side-effect Scale,1,Other psychoses,,
12059201000006117,60,^ESCT1205920,,767631007,3673075018,"Bipolar disorder, most recent episode depression",1,Bipolar disorder,,
12059211000006119,100,^ESCT1205921,,767632000,3673076017,"Bipolar disorder, most recent episode manic",1,Bipolar disorder,,
12059221000006110,20,^ESCT1205922,,767633005,3673078016,"Bipolar affective disorder, most recent episode mixed",1,Bipolar disorder,,
12059241000006115,3,^ESCT1205924,,767635003,3673085017,"Bipolar I disorder, most recent episode manic",1,Bipolar disorder,,
12059251000006118,5,^ESCT1205925,,767636002,3673088015,"Bipolar I disorder, most recent episode depression",1,Bipolar disorder,,
12115591000006111,10,^ESCT1211559,,1097161000000100,2747581000000112,Referral for cognitive behavioural therapy for psychosis,1,Other psychoses,,
12115601000006115,1,^ESCT1211560,,1097161000000100,2747571000000110,Referral for CBTp (cognitive behavioural therapy for psychosis),1,Other psychoses,,
12480451000006112,100,^ESCT1248045,,417601000000102,939641000000117,"[X]Schizophrenia, schizotypal and delusional disorders",1,Schizophrenia,,
12736721000006110,2000,^ESCT1273672,,1127191000000108,1854701000000116,FEP - first episode psychosis,1,Other psychoses,,
13667221000006114,4,^ESCT1366722,,787768005,3776879017,Psychotic behaviour caused by ingestible alcohol,1,Other psychoses,,
13716031000006110,4,^ESCT1371603,,16238741000119105,3774679017,Bipolar disorder caused by drug,1,Bipolar disorder,,
13911951000006118,50,^ESCT1391195,,789061003,3786563015,Rapid cycling bipolar II disorder,1,Bipolar disorder,,
14333601000006113,1,^ESCT1433360,,1365951000000107,2889751000000112,Family intervention for psychosis and bipolar disorder,1,Bipolar disorder,,
14357491000006113,1,^ESCT1435749,,149591000000108,1825201000000111,Group cognitive and behavioural therapy for bipolar disorder,1,Bipolar disorder,,
14357511000006119,1,^ESCT1435751,,149591000000108,1825431000000116,Group CBT-BD (cognitive and behavioural therapy for bipolar disorder),1,Bipolar disorder,,
14413141000006118,10,^ESCT1441314,,737281000000106,1925111000000112,Discussion about antipsychotic drug therapy,1,Other psychoses,,
14440551000006110,7,^ESCT1444055,,1148689009,4551431011,Bipolar transurethral resection of prostate,1,Bipolar disorder,,
14472391000006111,800,^ESCT1447239,,65971000052100,4543635011,Acute psychosis,1,Other psychoses,,
14593921000006116,2,^ESCT1459392,,1362101000000103,2852641000000115,Assessment of risk of antipsychotic drug therapy,1,Other psychoses,,
14612951000006111,50,^ESCT1461295,,46975003,4670024012,Organic mental disorder caused by cocaine,1,,,
14798821000006115,10,^ESCT1479882,,1231846001,5075973019,Psychosis caused by ethanol,1,Other psychoses,,
14798841000006110,1,^ESCT1479884,,1231846001,5075978011,Alcohol-induced psychosis,1,Other psychoses,,
3894981000006119,1,^ESCTAC389498,,85821003,142268014,Acute non-psychotic brain syndrome,1,general MH,,
4763911000006114,1,^ESCTAC476391,,191571002,294777019,Acute exacerbation of subchronic schizoaffective schizophrenia,1,Other psychoses,,
4763921000006118,5,^ESCTAC476392,,191572009,294778012,Acute exacerbation of chronic schizoaffective schizophrenia,1,Other psychoses,,
5568191000006118,400,^ESCTAC556819,,274953007,410870014,Acute polymorphic psychotic disorder,1,Other psychoses,,
7696261000006113,2,^ESCTAC769626,,712850003,3286030013,Acute polymorphic psychotic disorder with symptoms of schizophrenia,1,Other psychoses,,
3182591000006114,1,^ESCTAL318259,,42344001,2951763010,Alcohol induced psychosis,1,Other psychoses,,
3630171000006111,40,^ESCTAL363017,,69482004,501300010,Alcoholic amnestic syndrome,1,,,
2551451000006119,6,^ESCTAM255145,,3298001,485380014,Amnesic syndrome,1,general MH,,
3630161000006116,30,^ESCTAM363016,,69482004,501299019,Amnesic syndrome due to alcohol,1,,,
6763071000006110,200,^ESCTAN676307,,408490001,2160040010,Antipsychotic drug therapy,1,Other psychoses,,
8466151000006114,2,^ESCTAN846615,,1087161000000101,2723271000000119,Antipsychotic drug therapy declined,1,Other psychoses,,
2875981000006116,4000,^ESCTAS287598,,23560001,39566014,Asperger's disorder,1,Autism,,
2876011000006119,20,^ESCTAS287601,,23560001,2841768012,Asperger disorder,1,Autism,,
2876021000006110,10,^ESCTAS287602,,23560001,2921027015,Aspergers disorder,1,Autism,,
5024421000006110,30,^ESCTAT502442,,231536004,2475878013,Atypical autistic syndrome,1,,,
2782051000006112,1,^ESCTBI278205,,17782008,30048015,"Bipolar I disorder, most recent episode manic with catatonic features",1,Bipolar disorder,,
3006671000006118,80,^ESCTBI300667,,31446002,52560014,"Bipolar I disorder, most recent episode hypomanic",1,Bipolar disorder,,
3854401000006113,20,^ESCTBI385440,,83225003,2951697012,Bipolar 2 disorder,1,Bipolar disorder,,
3886291000006119,1,^ESCTBI388629,,85248005,2951702015,"Bipolar disorder, in remission",1,Bipolar disorder,,1
4767311000006117,300,^ESCTBI476731,,192362008,1775490013,"Bipolar affective disorder, current episode mixed",1,Bipolar disorder,,
5387561000006118,80,^ESCTBI538756,,257797008,383750017,Bipolar diathermy,1,Bipolar disorder,,
5435901000006117,300,^ESCTBI543590,,260994008,388662014,Bipolar,1,Bipolar disorder,,
7849081000006116,2,^ESCTBI784908,,723903001,3427417019,Bipolar type I disorder currently in full remission,1,Bipolar disorder,,1
3527771000006116,2,^ESCTBO352777,,63204009,105064014,Bouffée délirante,1,Other psychoses,,
2586801000006115,10,^ESCTBR258680,,5464005,10123010,Brief psychotic disorder,1,,,
4766741000006119,1,^ESCTBR476674,,192041001,295480010,Brief situational non-psychotic disorder,1,general MH,,
3224371000006115,5,^ESCTCA322437,,44906001,74918018,Capgras' syndrome,1,Other psychoses,,
3224391000006119,10,^ESCTCA322439,,44906001,1230158013,Capgras syndrome,1,Other psychoses,,
7849381000006118,1,^ESCTCA784938,,723936000,3429891018,Cannabis-induced psychotic disorder,1,Other psychoses,,
2976051000006113,1,^ESCTCH297605,,29599000,49520019,Chronic undifferentiated schizophrenia,1,Schizophrenia,,
3656651000006111,1,^ESCTCH365665,,71103003,118080013,Chronic residual schizophrenia,1,Schizophrenia,,
3670581000006118,9,^ESCTCH367058,,71961003,119576018,Childhood disintegrative disorder,1,,,
3788101000006118,1,^ESCTCH378810,,79204003,131428011,Chronic undifferentiated schizophrenia with acute exacerbations,1,Schizophrenia,,
3862661000006112,200,^ESCTCH386266,,83746006,138883015,Chronic schizophrenia,1,Schizophrenia,,
3259291000006111,1,^ESCTCO325929,,46975003,78287018,Cocaine-related disorder,1,,,
6201561000006118,2,^ESCTCO620156,,357705009,473048014,Cotard's syndrome,1,Other psychoses,,
6899691000006116,9,^ESCTCO689969,,416943009,2579651011,Complaining of illusions seen,1,,,
7766271000006113,800,^ESCTCO776627,,718026005,3310566018,Cognitive behavioural therapy for psychosis,1,Other psychoses,,
7859641000006116,2,^ESCTCO785964,,724689006,3445157017,Cocaine-induced psychotic disorder,1,Other psychoses,,
2885581000006116,1,^ESCTCR288558,,24172008,2475923015,Crisis therapy,1,general MH,,
5128631000006110,10,^ESCTCU512863,,238972008,358137015,Cutaneous monosymptomatic delusional psychosis,1,Other psychoses,,
8367361000006119,70,^ESCTCU836736,,987361000000109,2510321000000113,Current View Provisional Problem Description item 12 score - delusional beliefs and hallucinations,1,Other psychoses,,
2531671000006114,80,^ESCTDE253167,,2073000,480835015,Delusional thoughts,1,,,
2531681000006112,40,^ESCTDE253168,,2073000,480836019,Delusional ideas,1,,,
3071791000006111,200,^ESCTDE307179,,35489007,486186018,Depressive illness,1,,,
3071801000006112,1000,^ESCTDE307180,,35489007,486187010,Depressed,1,,,
3224381000006117,6,^ESCTDE322438,,44906001,1230157015,Delusional misidentification syndrome,1,Other psychoses,,
3549101000006116,2,^ESCTDE354910,,64514005,107230017,Delusional perception,1,Other psychoses,,
3595611000006115,1,^ESCTDE359561,,67348001,111919014,Delusional conclusion,1,Other psychoses,,
5128691000006114,1,^ESCTDE512869,,238977002,358143018,Delusional hyperhidrosis,1,Other psychoses,,
5247211000006115,20,^ESCTDE524721,,247672006,369810010,Delusional mood,1,Other psychoses,,
5614141000006110,70,^ESCTDE561414,,278508007,415439012,Delusional dysmorphophobia,1,Other psychoses,,
5934531000006116,1,^ESCTDE593453,,304854005,447245011,Delusional transference,1,Other psychoses,,
7515091000006113,9,^ESCTDE751509,,698951002,2981941018,Delusional disorder in remission,1,Other psychoses,,1
3005591000006114,1,^ESCTDI300559,,31373002,484855012,Disorganised schizophrenia in remission,1,Schizophrenia,,1
3068121000006112,700,^ESCTDI306812,,35252006,486103011,Disorganised schizophrenia,1,Schizophrenia,,
3984641000006113,7,^ESCTDI398464,,91388009,509423012,Disorder due to psychoactive substance use,1,,,
8060711000006119,7000,^ESCTDI806071,,200961000000107,2155281000000110,Did not attend mental health review,1,general MH,,
4763211000006118,6000,^ESCTDR476321,,191483003,294677013,Drug-induced psychosis,1,Other psychoses,,
4763231000006112,40,^ESCTDR476323,,191483003,2951661015,Drug induced psychosis,1,Other psychoses,,
4763261000006115,1,^ESCTDR476326,,191485005,2951672013,Drug induced paranoia,1,,,
6515001000006117,90,^ESCTEA651500,,390815004,1484849011,Early intervention in psychosis,1,Other psychoses,,
6519921000006111,1,^ESCTEA651992,,391188004,1485210013,Early intervention in psychosis - 1-2 contacts/week,1,Other psychoses,,
6519941000006116,1,^ESCTEA651994,,391190003,1485212017,Early intervention in psychosis - <1 contact/month,1,Other psychoses,,
8028531000006112,100,^ESCTEA802853,,92191000000105,158321000000112,Early intervention in psychosis team,1,Other psychoses,,
7859971000006117,1,^ESCTEC785997,,724706006,3498209017,Ecstasy type drug-induced psychotic disorder,1,Other psychoses,,
5023531000006114,40,^ESCTEP502353,,231449007,346912014,Epileptic psychosis,1,Other psychoses,,
4529581000006119,40,^ESCTFA452958,,160328009,249859017,Family history of schizophrenia,1,,1,
4529591000006116,2,^ESCTFA452959,,160328009,2666004014,Family history: Schizophrenia,1,,1,
4529651000006111,1,^ESCTFA452965,,160331005,2666344012,Family history: Manic-depressive state,1,,1,
8365411000006116,10,^ESCTFA836541,,985451000000105,2505951000000114,Family intervention for psychosis,1,Other psychoses,,
8331071000006111,600,^ESCTGA833107,,921631000000109,2365311000000112,GASS - Glasgow Antipsychotic Side-effect Scale,1,Other psychoses,,
8331111000006115,2,^ESCTGA833111,,921661000000104,2365371000000119,GASS (Glasgow Antipsychotic Side-effect Scale) score,1,Other psychoses,,
4539841000006112,1,^ESCTHI453984,,161464003,2666299018,History of - psychiatric disorder,1,,,
4539851000006114,2,^ESCTHI453985,,161464003,2691991015,History of psychiatric disorder,1,,,
4539931000006112,2,^ESCTHI453993,,161468000,2923441013,History of schizophrenia,1,Schizophrenia,,
2789091000006111,1,^ESCTHY278909,,18193002,30731015,Hypochondria,1,Hypochondriasis,,
5649431000006118,20,^ESCTHY564943,,281257007,419232014,Hypomanic mood,1,Other psychoses,,
5688901000006116,50,^ESCTHY568890,,284512001,423215015,Hypomanic behaviour,1,Other psychoses,,
5688911000006118,10,^ESCTHY568891,,284512001,423214016,Hypomanic behavior,1,Other psychoses,,
7826381000006113,1,^ESCTHY782638,,722022003,3330203016,Hysteroscopic bipolar electrosurgical excision of uterine fibroid,1,Bipolar disorder,,
8302181000006114,2,^ESCTHY830218,,869241000000100,2246841000000112,Hysteroscopic bipolar electrosurgical excision of uterine polyp,1,Bipolar disorder,,
3116711000006110,50,^ESCTIN311671,,38295006,64093013,Involutional paraphrenia,1,Other psychoses,,
3504721000006117,10,^ESCTIN350472,,61831009,102769017,Induced psychotic disorder,1,Other psychoses,,
3504751000006114,200,^ESCTIN350475,,61831009,499132013,Induced psychosis,1,Other psychoses,,
3504791000006115,50,^ESCTIN350479,,61831009,499136011,Induced paranoid disorder,1,Other psychoses,,
5614121000006115,2,^ESCTIN561412,,278506006,415437014,Involutional paranoid state,1,Other psychoses,,
7241051000006118,1000,^ESCTIN724105,,440701009,2794529019,Injection of depot antipsychotic agent,1,Other psychoses,,
2773831000006113,80,^ESCTKO277383,,17262008,1221501016,Korsakov's syndrome - non-alcoholic,1,,,
3630121000006110,4,^ESCTKO363012,,69482004,501295013,Korsakoff psychosis,1,Other psychoses,,
3630141000006115,4,^ESCTKO363014,,69482004,501297017,Korsakov syndrome - alcoholic,1,,,
3630151000006118,2,^ESCTKO363015,,69482004,501298010,Korsakov psychosis,1,Other psychoses,,
6890801000006117,100,^ESCTLA689080,,416340002,2548849011,Late onset schizophrenia,1,Schizophrenia,,
5718641000006117,7,^ESCTLE571864,,286699000,426143010,Level of psychoticism,1,Other psychoses,,
5023961000006111,20,^ESCTMA502396,,231494001,346967010,Manic,1,Bipolar disorder,,
5688921000006114,30,^ESCTMA568892,,284513006,423216019,Manic behaviour,1,Other psychoses,,
5688931000006112,2,^ESCTMA568893,,284513006,423217011,Manic behavior,1,Other psychoses,,
7127661000006118,10,^ESCTMA712766,,430852001,2770929013,"Major depressive disorder, single episode, severe with psychotic features",1,Other psychoses,,
7860831000006112,4,^ESCTMA786083,,724758000,3447253011,Manic symptoms with primary psychotic disorder,1,Other psychoses,,
7882721000006118,3,^ESCTMA788272,,726772006,3498367016,Major depression with psychotic features,1,Other psychoses,,
8079901000006116,40000,^ESCTME807990,,248551000000108,1153491000000111,Mental health monitoring telephone invitation,1,general MH,,
3169541000006113,2,^ESCTMI316954,,41552001,69310015,"Mild bipolar I disorder, single manic episode",1,Bipolar disorder,,
4196201000006119,3,^ESCTMI419620,,111485001,178725011,Mixed bipolar I disorder in full remission,1,Bipolar disorder,,1
5106071000006112,7,^ESCTMI510607,,237351003,355730010,Mild postnatal psychosis,1,Puerperal psychosis,,
5517971000006118,3,^ESCTMI551797,,270901009,2646671010,Mixed schizophrenic and affective psychosis,1,Other psychoses,,
8235161000006110,10,^ESCTMI823516,,760721000000109,1683621000000116,"Mixed bipolar affective disorder, in partial remission",1,Bipolar disorder,,1
7860791000006117,1,^ESCTNE786079,,724756001,3447271016,Negative symptoms with primary psychotic disorder,1,Other psychoses,,
2773801000006117,7,^ESCTNO277380,,17262008,29185012,Non-alcoholic Korsakoff's psychosis,1,Other psychoses,,
3150801000006114,10,^ESCTNO315080,,40425004,492617018,Nonpsychotic post-traumatic brain syndrome,1,Other psychoses,,
3858511000006119,9,^ESCTNO385851,,83482000,1234833011,Nondelusional dysmorphophobia,1,Other psychoses,,
4196071000006119,6,^ESCTNO419607,,111475002,189574013,Nonpsychotic mental disorder,1,Other psychoses,,
8232541000006114,3000,^ESCTNO823254,,755311000000100,1662021000000116,Non-organic psychosis in remission,1,Other psychoses,,1
3447781000006113,5,^ESCTOR344778,,58329000,96935014,Organic mood disorder of manic type,1,Other psychoses,,
5023431000006110,4,^ESCTOR502343,,231442003,346901014,Organic catatonic disorder,1,,,
5023451000006115,2,^ESCTOR502345,,231444002,346903012,Organic bipolar disorder,1,Bipolar disorder,,
2501991000006111,6,^ESCTPA250199,,216004,1454010,Paranoid reaction,1,Other psychoses,,
2587491000006110,6,^ESCTPA258749,,5510009,1231416011,Paranoid organic state,1,,,
2787801000006118,50,^ESCTPA278780,,18117002,478491014,Paranoid character,1,Other psychoses,,
3527411000006119,1,^ESCTPA352741,,63181006,2951791019,"Paranoid schizophrenia, in remission",1,Schizophrenia,,1
4764391000006115,600,^ESCTPA476439,,191667009,3010350018,Paranoia,1,Other psychoses,,
4941461000006118,200,^ESCTPA494146,,225452001,338798013,Paranoid delusion,1,Other psychoses,,
8232521000006119,600,^ESCTPA823252,,755301000000102,1662001000000113,Paranoid state in remission,1,Other psychoses,,1
2502001000006113,20,^ESCTPE250200,,216004,481073012,Persecutory delusion,1,,,
3078471000006111,5,^ESCTPE307847,,35919005,59939011,Pervasive developmental disorder,1,,,
2790111000006113,1,^ESCTPO279011,,18260003,1222079014,Postnatal psychosis,1,,,
3150771000006112,5000,^ESCTPO315077,,40425004,67405010,Postconcussion syndrome,1,,,
3150821000006116,10,^ESCTPO315082,,40425004,492619015,Post-contusional syndrome,1,,,
5023901000006110,10,^ESCTPO502390,,231485007,346956014,Post-schizophrenic depression,1,Schizophrenia,,
5731271000006111,4,^ESCTPO573127,,288293001,2575914010,Poisoning by CNS drug,1,,,
7860771000006118,1,^ESCTPO786077,,724755002,3447310014,Positive symptoms with primary psychotic disorder,1,Other psychoses,,
5933701000006116,7,^ESCTPR593370,,304757008,447145016,"Profile of mood states, bipolar",1,Bipolar disorder,,
7822921000006111,100,^ESCTPR782292,,721775007,3326011018,Provision of information about psychosis,1,Other psychoses,,
3627341000006115,500,^ESCTPS362734,,69322001,115146013,Psychosis,1,Other psychoses,,
3700911000006115,60,^ESCTPS370091,,73867007,122673015,Psychotic depression,1,Other psychoses,,
3714651000006118,2000,^ESCTPS371465,,74732009,502797018,Psychiatric illness,1,,,
3714661000006116,40,^ESCTPS371466,,74732009,502798011,Psychiatric disorder,1,,,
3984651000006110,3,^ESCTPS398465,,91388009,509424018,Psychoactive substance misuse disorder,1,,,
4764511000006119,40,^ESCTPS476451,,191687005,2818494018,Psychosis with origin in childhood,1,Other psychoses,,
5023541000006116,3,^ESCTPS502354,,231450007,346913016,Psychosis associated with intensive care,1,Other psychoses,,
5624451000006114,100,^ESCTPS562445,,279315008,416535013,Psychotic symptom finding,1,Other psychoses,,
6648031000006115,7,^ESCTPS664803,,401061005,2536666018,Psychological review,1,general MH,,
7790241000006117,5,^ESCTPS779024,,719717006,3317570011,Psychosis co-occurrent and due to Parkinson's disease,1,Other psychoses,,
7859631000006114,1,^ESCTPS785963,,724689006,3445156014,Psychotic disorder caused by cocaine,1,Other psychoses,,
8342781000006115,2,^ESCTPS834278,,943121000000104,2412871000000114,Psychoactive substance-induced psychosis,1,Other psychoses,,
9326201000006116,4,^ESCTPS932620,,10760461000119107,3005693017,Psychosis in pregnancy,1,Other psychoses,,
8041781000006111,3,^ESCTRA804178,,133091000119105,2923614014,Rapid cycling bipolar I disorder,1,Bipolar disorder,,
5023391000006116,2,^ESCTRE502339,,231437006,2951776016,Reactive psychosis,1,Other psychoses,,
6891981000006111,90,^ESCTRE689198,,416422002,2548934016,Referral for bipolar disorder,1,Bipolar disorder,,
8089301000006110,50,^ESCTRE808930,,288751000119101,2955715019,"Reactive depressive psychosis, single episode",1,Other psychoses,,
8232591000006117,800,^ESCTRE823259,,755331000000108,1662061000000112,"Recurrent major depressive episodes, severe, with psychosis, psychosis in remission",1,Depression with psychosis,,1
8237821000006118,9,^ESCTRE823782,,764681000000107,1696361000000112,"Recurrent manic episodes, in remission",1,Bipolar disorder,,1
2875991000006118,1,^ESCTSC287599,,23560001,1223112016,Schizoid disorder of childhood,1,Other psychoses,,
3000261000006112,2,^ESCTSC300026,,31027006,484761015,Schizoptypal disorder,1,Other psychoses,,
3118041000006112,30,^ESCTSC311804,,38368003,63443014,"Schizoaffective disorder, bipolar type",1,Bipolar disorder,,
3946141000006118,60,^ESCTSC394614,,88975006,147527010,Schizophreniform disorder,1,Schizophrenia,,
4082931000006110,4,^ESCTSC408293,,102940002,166396013,Schizophrenic reaction,1,Schizophrenia,,
5248961000006113,20,^ESCTSC524896,,247804008,369986010,Schizophrenic prodrome,1,Schizophrenia,,
2821731000006115,2,^ESCTSE282173,,20250007,34058010,"Severe major depression, single episode, with psychotic features, mood-incongruent",1,Other psychoses,,
2957311000006113,1000,^ESCTSE295731,,28475009,47670016,Severe recurrent major depression with psychotic features,1,Other psychoses,,
2960491000006119,2,^ESCTSE296049,,28663008,47985013,Severe manic bipolar I disorder with psychotic features,1,Bipolar disorder,,
3042901000006110,1,^ESCTSE304290,,33736005,56329012,"Severe major depression with psychotic features, mood-congruent",1,Other psychoses,,
3087971000006112,300,^ESCTSE308797,,36474008,60885016,Severe recurrent major depression without psychotic features,1,Other psychoses,,
3174001000006110,1,^ESCTSE317400,,41832009,69788017,"Severe bipolar I disorder, single manic episode with psychotic features",1,Bipolar disorder,,
3468391000006115,1,^ESCTSE346839,,59617007,99036013,"Severe bipolar I disorder, most recent episode depressed with psychotic features",1,Bipolar disorder,,
3545241000006114,20,^ESCTSE354524,,64269007,1232543018,Seeing things,1,,,
3743451000006110,200,^ESCTSE374345,,76441001,126947013,"Severe major depression, single episode, without psychotic features",1,Depression,,
3767531000006119,60,^ESCTSE376753,,77911002,129301014,"Severe major depression, single episode, with psychotic features, mood-congruent",1,Other psychoses,,
5106081000006110,10,^ESCTSE510608,,237352005,355731014,Severe postnatal psychosis,1,Puerperal psychosis,,
6348061000006115,40,^ESCTSE634806,,371026009,1209737018,Senile dementia with psychosis,1,Other psychoses,,
7127651000006115,4,^ESCTSE712765,,430852001,2773661014,"Severe major depression, single episode, with psychotic features",1,Other psychoses,,
8232571000006118,1000,^ESCTSI823257,,755321000000106,1662041000000111,"Single major depressive episode, severe, with psychosis, psychosis in remission",1,Depression with psychosis,,1
8237871000006117,50,^ESCTSI823787,,764741000000107,1696481000000113,Single manic episode in remission,1,Bipolar disorder,,1
4766731000006112,1,^ESCTTR476673,,192041001,295479012,Transient situational disturbance,1,general MH,,
3137261000006111,6,^ESCTUN313726,,39610001,66427013,Undifferentiated schizophrenia in remission,1,Schizophrenia,,1
3630091000006111,9,^ESCTWE363009,,69482004,115435016,Wernicke-Korsakoff syndrome,1,,,
