--------------------------------------------------------------------------------------------------------------------------------------------------------------------------------
      name:  <unnamed>
       log:  C:\Users\rmjlton\GitHub\priority\codelists\stroke.log
  log type:  text
 opened on:  17 Feb 2025, 23:31:39

. 
. 
. //= CPRD LOOKUP LOCATION - would be good to get this in a shared location ======
. 
. //*Directory of medical dictionary*
. local browser_dir "C:/Users/rmjlton/OneDrive - University College London/PRIORITY/lookups/`aurum_build'_Lookups_CPRDAurum"

. 
. //*Directory of label lookups*
. local lookup_dir "C:/Users/rmjlton/OneDrive - University College London/PRIORITY/lookups/`aurum_build'_Lookups_CPRDAurum"

. 
. //==============================================================================
. 
. //Import latest medical browser; force medcodeid, SNOMED CT Description ID, and SNOMED CT Concept ID to be string
. //import delimited "`browser_dir'/CPRDAurumMedical.txt", stringcols(1 6 7) favorstrfixed
. import delimited "`browser_dir'/`aurum_build'_EMISMedicalDictionary.txt", stringcols(1 6 7) favorstrfixed
(encoding automatically selected: UTF-8)
(9 vars, 240,999 obs)

. 
. //Drop useless variables
. drop release emiscodecategoryid

. 
. order medcodeid observations originalreadcode cleansedreadcode ///
>         snomedctconceptid snomedctdescriptionid term

. 
. //Save medical code browser to a tempfile
. tempfile medical

. save `medical'
file C:\Users\rmjlton\AppData\Local\Temp\ST_3bf0_000003.tmp saved as .dta format

. 
. 
. // STEP 1. IDENTIFY SEARCH TERMS
. //===============================
. 
. //**Define search terms below. Use multiple local macros if categorising desired codes in to multiple categories make more sense**
. 
. local stroke " "*stroke*" "*cerebrovascular*accident*" "*cerebral*infarct*" "*infarct*cerebral*" "cva" "* cva *" "cva *" "* cva" "*/cva" "*/cva *" "*/cva" "*transient*ischaem
> ic*attack*" "*transient*ischemic*attack*" "tia" "* tia *" "tia *" "* tia" "*/tia" "*/tia *" "*/tia" "*cerebral*emorrhage*" "*emorrhage*cerebral*" "*cerebral*ischaemia*" "*cer
> ebral*ischemia*" "*occlusion*cerebral*artery*" "*lacunar*infarct*" "*lacunar*emorrhage*" "*thalamic*emorrhage*" "*basal*ganglia*emorrhage*" "*capsule*emorrhage*" "*cerebral*a
> rtery*syndrome*" "*ataxic*hemiparesis*" "*cerebral*arter*thrombosis*" "*thrombosis*cerebral*arter*" "*cerebellar*emorrhage*" "*cerebellar*infarct*" "*brain*stem*emorrhage*" "
> *cerebral*embolism*" "*cerebellar*arter*syndrome*" "*emorrhage*medulla*oblongata*" "*dysarthria*clumsy*hand*syndrome*" "*cortical*emorrhage*" "*intrapontine*emorrhage*" "*car
> otid*artery*stenosis*" "*embolus*cerebral*artery*" "*infarct*medulla*oblongata*" "*cerebral*arterial*occlusion*" "

. 
. 
. // STEP 2. SEARCH THE MEDICAL TERMINOLOGY DICTIONARY USING THE SEARCH TERMS
. //==========================================================================
. 
. //**Add any additional local macros if you have used more than 1**
. //For each specified local macro...
. foreach termgroup in /**/stroke/**/ {
  2.         
.         //Generate an empty binary indicator variable taking the name of the local macro
.         gen byte `termgroup' = .
  3.         
.         //For each SNOMED CT term description (converted to lower case)...
.         foreach codeterm in lower(term) {
  4.                 
.                 //For each individual search term in the local macro
.                 foreach searchterm in ``termgroup'' {
  5.                         
.                         //Set the indicator variable to 1 if the SNOMED CT term description matches the search term from the local macro
.                         replace `termgroup' = 1 if strmatch(`codeterm', "`searchterm'")
  6.                 }
  7.         }
  8. }
(240,999 missing values generated)
(195 real changes made)
(79 real changes made)
(39 real changes made)
(2 real changes made)
(0 real changes made)
(0 real changes made)
(4 real changes made)
(6 real changes made)
(0 real changes made)
(0 real changes made)
(0 real changes made)
(22 real changes made)
(9 real changes made)
(1 real change made)
(0 real changes made)
(1 real change made)
(3 real changes made)
(0 real changes made)
(0 real changes made)
(0 real changes made)
(48 real changes made)
(6 real changes made)
(12 real changes made)
(5 real changes made)
(9 real changes made)
(9 real changes made)
(1 real change made)
(2 real changes made)
(2 real changes made)
(3 real changes made)
(5 real changes made)
(5 real changes made)
(3 real changes made)
(3 real changes made)
(5 real changes made)
(1 real change made)
(3 real changes made)
(2 real changes made)
(2 real changes made)
(1 real change made)
(1 real change made)
(4 real changes made)
(1 real change made)
(6 real changes made)
(4 real changes made)
(1 real change made)
(3 real changes made)

. 
. keep if /**/stroke/**/ == 1
(240,491 observations deleted)

. compress
  variable medcodeid was str18 now str17
  variable originalreadcode was str19 now str14
  variable snomedctdescriptionid was str18 now str16
  variable term was str233 now str221
  (10,160 bytes saved)

. 
. gsort /**/stroke/**/ -observations snomedctconceptid snomedctdescriptionid originalreadcode

. 
. tab1 /**/stroke/**/

-> tabulation of stroke  

     stroke |      Freq.     Percent        Cum.
------------+-----------------------------------
          1 |        508      100.00      100.00
------------+-----------------------------------
      Total |        508      100.00

. 
. 
. // (OPTIONAL) STEP 3. PERFORM A SECONDARY SEARCH TO EXCLUDE BROAD UNDESIRED TERMS
. //================================================================================
. 
. //Comment out this section if not required.
. 
. // **Exclusion terms**
. 
. local exclude " "*family*history*" "*fh:*" "*sun*stroke*" "*heat*stroke*" "*score*" "*risk*" "*prevent*" "*no*h/o*" "*stroke-like*" "*tender*" "*juvenile*" "*white*matter*" "
> *dementia*" "

. 
. //Search for codes to exclude
. foreach excludeterm in exclude /**/ /*ADD ANY EXTRA TERMS HERE*/ /**/ {
  2. 
.         gen byte `excludeterm' = .
  3. 
.         foreach codeterm in lower(term) {
  4.                 
.                 foreach searchterm in ``excludeterm'' {         
  5.                         
.                         replace `excludeterm' = 1 if strmatch(`codeterm', "`searchterm'")
  6.                 }
  7.         }
  8. }
(508 missing values generated)
(9 real changes made)
(6 real changes made)
(4 real changes made)
(1 real change made)
(24 real changes made)
(5 real changes made)
(4 real changes made)
(2 real changes made)
(2 real changes made)
(1 real change made)
(1 real change made)
(1 real change made)
(0 real changes made)

. 
. //Check that nothing important is highlighted for exclusion before dropping
. list term if exclude == 1

     +-------------------------------------------------------------------------------------------------------------------------------------------------------------------------+
     | term                                                                                                                                                                    |
     |-------------------------------------------------------------------------------------------------------------------------------------------------------------------------|
  1. | No FH: Stroke/TIA                                                                                                                                                       |
  2. | Family history of cerebrovascular accident                                                                                                                              |
  3. | CHA2DS2-VASc (congestive heart failure, hypertension, age 2, diabetes mellitus, stroke 2, vascular disease, age, sex category) stroke risk score                        |
  4. | No FH: CVA/Stroke/TIA                                                                                                                                                   |
  8. | No H/O: CVA/stroke                                                                                                                                                      |
     |-------------------------------------------------------------------------------------------------------------------------------------------------------------------------|
  9. | CHADS2 (congestive heart failure, hypertension, age 75 years or older, diabetes mellitus and previous stroke or transient ischaemic attack) score                       |
 15. | QStroke risk calculator score                                                                                                                                           |
 16. | No family history of cardiovascular accident or stroke                                                                                                                  |
 18. | FH: CVA                                                                                                                                                                 |
 19. | Family history of stroke                                                                                                                                                |
     |-------------------------------------------------------------------------------------------------------------------------------------------------------------------------|
 20. | FH: Stroke                                                                                                                                                              |
 31. | No family history of stroke and/or transient ischaemic attack                                                                                                           |
 38. | Hypertension, abnormal renal/liver function, stroke, bleeding history or predisposition, labile international normalized ratio, elderly over 65, and drugs/alcohol co.. |
 42. | Family history of transient ischaemic attack                                                                                                                            |
 50. | HAS-BLED (hypertension, abnormal renal and/or liver function, stroke, bleeding history or predisposition, labile international normalised ratio, elderly over 65, and.. |
     |-------------------------------------------------------------------------------------------------------------------------------------------------------------------------|
 52. | Stroke prevention                                                                                                                                                       |
 53. | FH: TIA                                                                                                                                                                 |
 57. | No family history of stroke                                                                                                                                             |
 66. | Stroke risk                                                                                                                                                             |
 67. | [V]Family history of cerebrovascular accident (CVA)                                                                                                                     |
     |-------------------------------------------------------------------------------------------------------------------------------------------------------------------------|
 75. | No FH: CVA/stroke                                                                                                                                                       |
 85. | CVA prevention                                                                                                                                                          |
 86. | ABCD2 stroke risk score                                                                                                                                                 |
 91. | Sunstroke                                                                                                                                                               |
 95. | Heat stroke and sunstroke                                                                                                                                               |
     |-------------------------------------------------------------------------------------------------------------------------------------------------------------------------|
101. | Heat stroke                                                                                                                                                             |
103. | Hypertension, abnormal renal/liver function, stroke, bleeding history or predisposition, labile international normalised ratio, elderly over 65, and drugs/alcohol co.. |
104. | Assessment using CHADS2 (congestive heart failure, hypertension, age 75 years or older, diabetes mellitus and previous stroke or transient ischaemic attack) score      |
139. | MELAS - Mitochondrial encephalopathy, lactic acidosis and stroke-like episodes                                                                                          |
152. | ABCD2 (Age, Blood pressure, Clinical features, Duration, Diabetes) stroke risk score                                                                                    |
     |-------------------------------------------------------------------------------------------------------------------------------------------------------------------------|
153. | No H/O: TIA                                                                                                                                                             |
167. | Heat stroke or sunstroke NOS                                                                                                                                            |
172. | QStroke 10 year risk of stroke calculator                                                                                                                               |
179. | DNA - Diabetes, Heart disease & Stroke prevention pilot project                                                                                                         |
189. | CHA2DS2-VASc(CHF,hyp,age2,dia,stroke2,vas dis,age,sex)risk score                                                                                                        |
     |-------------------------------------------------------------------------------------------------------------------------------------------------------------------------|
196. | Family history of CVA                                                                                                                                                   |
207. | Diabetes, Heart disease and Stroke(DHDS)prevention pilot project                                                                                                        |
214. | Heat stroke/sunstroke                                                                                                                                                   |
238. | VTE risk assessment - acute stroke                                                                                                                                      |
269. | Mitoch myopath/encephalopath/lactic acidosis/stroke-like episode                                                                                                        |
     |-------------------------------------------------------------------------------------------------------------------------------------------------------------------------|
315. | Stroke impact scale version 3.0 score                                                                                                                                   |
333. | HAS-BLED (hypertension, abnormal renal and/or liver function, stroke, bleeding history or predisposition, labile INR (international normalised ratio), elderly over 6.. |
335. | PASS (Postural Assessment Scale for Stroke Patients) score                                                                                                              |
349. | Stroke TOM (Therapy Outcome Measure) activity score                                                                                                                     |
350. | Stroke TOM (Therapy Outcome Measure) impairment score                                                                                                                   |
     |-------------------------------------------------------------------------------------------------------------------------------------------------------------------------|
359. | High risk of transient ischaemic attack                                                                                                                                 |
368. | Juvenile myopathy, encephalopathy, lactic acidosis AND stroke                                                                                                           |
373. | No significant family history of cardiovascular accident or stroke                                                                                                      |
400. | CHA2DS2-VASc (congestive heart failure, hypertension, age 2, diabetes mellitus, stroke 2 - vascular disease, age, sex category) stroke risk score                       |
403. | CVA tenderness                                                                                                                                                          |
     |-------------------------------------------------------------------------------------------------------------------------------------------------------------------------|
416. | CHADS2 (congestive heart failure, hypertension, age 75 years or older, diabetes mellitus and previous stroke or transient ischemic attack) score                        |
424. | Stroke TOM (Therapy Outcome Measure) participation score                                                                                                                |
425. | Stroke TOM (Therapy Outcome Measure) wellbeing score                                                                                                                    |
446. | CHA2DS2-VASc (congestive heart failure, hypertension, age 2, diabetes mellitus, stroke 2, vascular disease, age, sex category) score                                    |
455. | CHADS2 (congestive heart failure, hypertension, age 75 years or older, diabetes mellitus and previous stroke or transient ischaemic attack) score                       |
     |-------------------------------------------------------------------------------------------------------------------------------------------------------------------------|
483. | Congestive heart failure, hypertension, age 75 years or older, diabetes, and previous stroke or transient ischaemic attack risk score                                   |
488. | Hypertension, abnormal renal/liver function, stroke, bleeding history or predisposition, labile international normalized ratio, elderly over 65, and drugs/alcohol co.. |
494. | White matter disorder co-occurrent and due to cerebral autosomal dominant arteriopathy with subcortical infarcts and leukoencephalopathy                                |
498. | Assessment using CHADS2 (congestive heart failure, hypertension, age 75 years or older, diabetes mellitus and previous stroke or transient ischemic attack) score       |
502. | At risk of stroke                                                                                                                                                       |
     +-------------------------------------------------------------------------------------------------------------------------------------------------------------------------+

. /**/ /*ADD ANY EXTRA TERMS HERE*/ /**/
. 
. drop if exclude == 1 ///
> /**/ /*ADD ANY EXTRA TERMS HERE*/ /**/
(60 observations deleted)

. 
. drop exclude /**/ /*ADD ANY EXTRA TERMS HERE*/ /**/

. count
  448

. compress
  variable term was str221 now str169
  (23,296 bytes saved)

. 
. 
. // STEP 4. MANUAL SCREEN OF CODELIST TO REMOVE UNDESIRED TERMS
. //=============================================================
. /* EVERYTHING LOOKS OK
> // **medcodeids to remove**
> local initial_remove "123"
> 
> gen byte remove = 0
> 
> foreach medcode of local initial_remove {
>         
>         replace remove = 1 if medcodeid == "`medcode'"
> }
> 
> list medcodeid snomedctdescriptionid snomedctconceptid originalreadcode term if remove == 1
> drop if remove == 1
> drop remove
> 
> compress
> tab1 /**/stroke/**/
> */
. 
. // STEP 5. USE THE SNOMED CT CONCEPT ID TO FIND ADDITIONAL SYNONYMOUS TERMS
. //==========================================================================
. 
. //Check for missing SNOMED CT Concepts
. codebook snomedctconceptid

--------------------------------------------------------------------------------------------------------------------------------------------------------------------------------
snomedctconceptid                                                                                                                                              SnomedCTConceptId
--------------------------------------------------------------------------------------------------------------------------------------------------------------------------------

                  Type: String (str18)

         Unique values: 329                       Missing "": 0/448

              Examples: "195217004"
                        "266257000"
                        "40076141000119107"
                        "722929005"

. assert !missing(snomedctconceptid)

. 
. count
  448

. 
. //Make a note of current list
. preserve

.         keep medcodeid /**/stroke/**/

.         gen byte original = 1

.         tempfile original

.         save `original'
file C:\Users\rmjlton\AppData\Local\Temp\ST_3bf0_000005.tmp saved as .dta format

. restore

. 
. //Merge SNOMED CT Concepts with medical dictionary
. keep snomedctconceptid /**/stroke/**/

. bysort snomedctconceptid: keep if _n == 1
(119 observations deleted)

. 
. //Merge with original search results
. merge 1:m snomedctconceptid using `medical', nogenerate keep(match)

    Result                      Number of obs
    -----------------------------------------
    Not matched                             0
    Matched                               514  
    -----------------------------------------

. compress
  variable medcodeid was str18 now str17
  variable originalreadcode was str19 now str14
  variable snomedctdescriptionid was str18 now str16
  variable term was str233 now str169
  (37,008 bytes saved)

. merge 1:1 medcodeid using `original', nogenerate

    Result                      Number of obs
    -----------------------------------------
    Not matched                            66
        from master                        66  
        from using                          0  

    Matched                               448  
    -----------------------------------------

. order snomedctconceptid, before(snomedctdescriptionid)

. order /**/stroke/**/, last

. gsort /**/stroke/**/ originalreadcode

. 
. //Label new codes
. gen new_snomedct_synonym = (original != 1)

. drop original

. 
. //Show new codes
. foreach category of varlist /**/stroke/**/ {
  2.         
.         display "New terms found for: `category'"
  3.         list snomedctconceptid originalreadcode term if new_snomedct_synonym == 1 & `category' == 1
  4. }
New terms found for: stroke

     +----------------------------------------------------------------------------------------------------------+
     | snomedctconce~d   originalrea~e                                                                     term |
     |----------------------------------------------------------------------------------------------------------|
  2. |       266995000             14A                                              H/O: cardiovascular disease |
  8. |       266995000            14AZ                                                     H/O: CVS disease NOS |
 67. |        21454007             G60                                                 Subarachnoid haemorrhage |
 69. |        21454007            G603              Subarachnoid haemorrhage from anterior communicating artery |
 70. |        21454007            G604             Subarachnoid haemorrhage from posterior communicating artery |
     |----------------------------------------------------------------------------------------------------------|
 71. |        21454007            G60X                 Subarachnoid haemorrh from intracranial artery, unspecif |
 72. |        21454007            G60z                                             Subarachnoid haemorrhage NOS |
 82. |         7713009            G614                                                      Pontine haemorrhage |
 83. |       732923001            G615                                                       Bulbar haemorrhage |
 95. |        64586002          G631-1                                                 Stenosis, carotid artery |
     |----------------------------------------------------------------------------------------------------------|
 98. |       266253001            G63y                                       Other precerebral artery occlusion |
101. |       266253001            G63z                                         Precerebral artery occlusion NOS |
108. |        75543006          G641-1                                                         Cerebral embolus |
111. |        95457000          G64z-1                                                 Brainstem infarction NOS |
113. |        95457000           G64z0                                                    Brain stem infarction |
     |----------------------------------------------------------------------------------------------------------|
114. |        78569004           G64z1                                                    Wallenberg's syndrome |
115. |        78569004         G64z1-1                                               Lateral medullary syndrome |
118. |       413102000           G64z4                                              Infarction of basal ganglia |
141. |       230699008            G665                                              Pure motor lacunar syndrome |
142. |       230700009            G666                                            Pure sensory lacunar syndrome |
     |----------------------------------------------------------------------------------------------------------|
152. |       195239002             G68                                  Late effects of cerebrovascular disease |
153. |       195239002          G68-99                                           Cerebrovasc. dis. late effects |
156. |       195239002            G68W                    Sequelae/other + unspecified cerebrovascular diseases |
159. |        20059004             G6X                Cerebrl infarctn due/unspcf occlusn or sten/cerebrl artrs |
160. |        21454007           Gyu60             [X]Subarachnoid haemorrhage from other intracranial arteries |
     |----------------------------------------------------------------------------------------------------------|
161. |        21454007           Gyu61                                        [X]Other subarachnoid haemorrhage |
163. |        20059004           Gyu63             [X]Cerebrl infarctn due/unspcf occlusn or sten/cerebrl artrs |
165. |       266253001           Gyu65                  [X]Occlusion and stenosis of other precerebral arteries |
166. |        20059004           Gyu66                                                Cerebral artery occlusion |
168. |       195239002           Gyu6D                 [X]Sequelae/other + unspecified cerebrovascular diseases |
     |----------------------------------------------------------------------------------------------------------|
169. |        21454007           Gyu6E                                                  Subarachnoid hemorrhage |
171. | 125081000119106           Gyu6G               [X]Cereb infarct due unsp occlus/stenos precerebr arteries |
182. |       240313004         Q2000-2                             Intracranial haemorrhage in fetus or newborn |
183. |       240312009           Q2001                    Subdural haemorrhage unspecified, due to birth trauma |
184. |       240312009           Q2004                                     Brain injury due to birth trauma NOS |
     |----------------------------------------------------------------------------------------------------------|
185. |       240312009         Q2004-1                                      Cerebral injury due to birth trauma |
189. |       240312009         Q200z-1                                                   Birth brain damage NOS |
190. |        70611002            Q411                                   Perinatal intraventricular haemorrhage |
194. |       206196005           Qyu20   [X]Other intracranial lacerations and haemorrhages due to birth injury |
199. |       450418003            S630              Other cerebral h'ge after injury no open intracranial wound |
     |----------------------------------------------------------------------------------------------------------|
200. |       450418003           S6300                 Oth cerebral h'ge inj no open intracran wnd+unspec consc |
201. |       450418003           S6301             Oth cerebral h'ge inj no open intracranial wnd+no loss consc |
202. |       450418003           S6304             Oth cereb h'ge inj no open intracran wnd+>24hr LOC +recovery |
203. |       450418003           S6306             Oth cereb h'ge inj no open intracran wnd+LOC unspec duration |
204. |       450418003           S630z               Oth cereb h'ge inj no open intracran wnd+concussion unspec |
     |----------------------------------------------------------------------------------------------------------|
205. |       450418003            S631               Other cerebral h'ge after injury + open intracranial wound |
206. |       450418003           S6313             Oth cerebral h'ge inj + open intracran wnd+1-24hr loss consc |
207. |       450418003           S631z                Oth cereb h'ge inj + open intracran wnd+concussion unspec |
209. |       266995000           ZV125                        [V]Personal history of circulatory system disease |
269. |        21454007    ^ESCT1276190                                                  Subarachnoid hemorrhage |
     |----------------------------------------------------------------------------------------------------------|
283. | 285201000119100    ^ESCT1409571                                         Stenosis of right carotid artery |
346. |       413102000   ^ESCTBA683706                                                   Basal ganglion infarct |
350. |        95457000   ^ESCTBR405703                                                       Brain stem infarct |
352. |        64586002   ^ESCTCA355051                                                 Carotid artery narrowing |
385. |        75038005   ^ESCTHA371986                                                  Haemorrhagic cerebellum |
     |----------------------------------------------------------------------------------------------------------|
391. |       266995000   ^ESCTHI549699                                        History of cardiovascular disease |
396. |        95457000   ^ESCTIN405705                                                 Infarction of brain stem |
414. |        78569004   ^ESCTLM377802                                         LMS - Lateral medullary syndrome |
420. |        70611002   ^ESCTNE364852                                    Neonatal intraventricular haemorrhage |
435. |         7713009   ^ESCTPO262265                                                       Pontine hemorrhage |
     |----------------------------------------------------------------------------------------------------------|
457. |        21454007   ^ESCTSA284114                                           SAH - Subarachnoid haemorrhage |
458. |        21454007   ^ESCTSA284115                                            SAH - Subarachnoid hemorrhage |
459. |       195239002   ^ESCTSE477831                                      Sequelae of cerebrovascular disease |
487. |        21454007   ^ESCTSU284117                                     Subarachnoid intracranial hemorrhage |
495. |       266257000   ^ESCTTE549218                                  Temporary cerebral vascular dysfunction |
     |----------------------------------------------------------------------------------------------------------|
499. |       427296003   ^ESCTTH707190                                                      Thalamic infarction |
     +----------------------------------------------------------------------------------------------------------+

. 
. //Check new codes in the context of originally included SNOMED CT Concept ID codes
. preserve

.         keep if new_snomedct_synonym == 1
(448 observations deleted)

.         keep snomedctconceptid

.         bysort snomedctconceptid: keep if _n == 1
(42 observations deleted)

. 
.         count
  24

.         local obs = r(N)

. 
.         forvalues i = 1/`obs' {
  2.                 
.                 if `i' == 1 {
  3.                         
.                         local expanded_ids = snomedctconceptid in `i'
  4.                 }
  5.                 else {
  6.                         
.                         local expanded_ids = "`expanded_ids' " + snomedctconceptid in `i'
  7.                 }
  8.         }

. restore

. 
. foreach expanded_id of local expanded_ids {
  2.         
.         display "SNOMED CT Concept ID for which additional terms where found: `expanded_id'"
  3.         
.         list medcodeid originalreadcode term new_snomedct_synonym ///
>                 if snomedctconceptid == "`expanded_id'"
  4. }
SNOMED CT Concept ID for which additional terms where found: 125081000119106

     +----------------------------------------------------------------------------------------------------+
     |       medcodeid   origin~e                                                         term   new_sn~m |
     |----------------------------------------------------------------------------------------------------|
158. | 542261000006114        G6W   Cerebral infarction due to occlusion of precerebral artery          0 |
171. | 370661000006114      Gyu6G   [X]Cereb infarct due unsp occlus/stenos precerebr arteries          1 |
     +----------------------------------------------------------------------------------------------------+
SNOMED CT Concept ID for which additional terms where found: 195239002

     +------------------------------------------------------------------------------------------------------------+
     |        medcodeid   originalrea~e                                                           term   new_sn~m |
     |------------------------------------------------------------------------------------------------------------|
152. |        300403014             G68                        Late effects of cerebrovascular disease          1 |
153. |  884561000006114          G68-99                                 Cerebrovasc. dis. late effects          1 |
156. |  149701000006118            G68W          Sequelae/other + unspecified cerebrovascular diseases          1 |
157. |  149571000006118            G68X      Sequelae of stroke,not specfd as h'morrhage or infarction          0 |
167. |  426321000006116           Gyu6C   [X]Sequelae of stroke,not specfd as h'morrhage or infarction          0 |
     |------------------------------------------------------------------------------------------------------------|
168. |  426481000006114           Gyu6D       [X]Sequelae/other + unspecified cerebrovascular diseases          1 |
459. | 4778311000006112   ^ESCTSE477831                            Sequelae of cerebrovascular disease          1 |
     +------------------------------------------------------------------------------------------------------------+
SNOMED CT Concept ID for which additional terms where found: 20059004

     +------------------------------------------------------------------------------------------------------+
     |       medcodeid   origin~e                                                           term   new_sn~m |
     |------------------------------------------------------------------------------------------------------|
102. |      1222398015        G64                                    Cerebral arterial occlusion          0 |
159. | 543141000006110        G6X      Cerebrl infarctn due/unspcf occlusn or sten/cerebrl artrs          1 |
163. | 370701000006118      Gyu63   [X]Cerebrl infarctn due/unspcf occlusn or sten/cerebrl artrs          1 |
166. |       300943012      Gyu66                                      Cerebral artery occlusion          1 |
     +------------------------------------------------------------------------------------------------------+
SNOMED CT Concept ID for which additional terms where found: 206196005

     +----------------------------------------------------------------------------------------------------------------+
     |       medcodeid   origin~e                                                                     term   new_sn~m |
     |----------------------------------------------------------------------------------------------------------------|
179. | 894091000006111    Q200-99                                             Cerebral haemorrhage - birth          0 |
186. |       316153011      Q2007                                 Cerebral haemorrhage due to birth injury          0 |
194. | 404771000006118      Qyu20   [X]Other intracranial lacerations and haemorrhages due to birth injury          1 |
     +----------------------------------------------------------------------------------------------------------------+
SNOMED CT Concept ID for which additional terms where found: 21454007

     +-------------------------------------------------------------------------------------------------------------+
     |         medcodeid   originalrea~e                                                           term   new_sn~m |
     |-------------------------------------------------------------------------------------------------------------|
 67. |         481028017             G60                                       Subarachnoid haemorrhage          1 |
 68. |   123511000006114            G602           Subarachnoid haemorrhage from middle cerebral artery          0 |
 69. |   123481000006118            G603    Subarachnoid haemorrhage from anterior communicating artery          1 |
 70. |   123521000006118            G604   Subarachnoid haemorrhage from posterior communicating artery          1 |
 71. |   123441000006112            G60X       Subarachnoid haemorrh from intracranial artery, unspecif          1 |
     |-------------------------------------------------------------------------------------------------------------|
 72. |         300257016            G60z                                   Subarachnoid haemorrhage NOS          1 |
160. |         300935019           Gyu60   [X]Subarachnoid haemorrhage from other intracranial arteries          1 |
161. |         300936018           Gyu61                              [X]Other subarachnoid haemorrhage          1 |
169. |   428181000006115           Gyu6E                                        Subarachnoid hemorrhage          1 |
269. | 12761901000006117    ^ESCT1276190                                        Subarachnoid hemorrhage          1 |
     |-------------------------------------------------------------------------------------------------------------|
457. |  2841141000006111   ^ESCTSA284114                                 SAH - Subarachnoid haemorrhage          1 |
458. |  2841151000006113   ^ESCTSA284115                                  SAH - Subarachnoid hemorrhage          1 |
487. |  2841171000006115   ^ESCTSU284117                           Subarachnoid intracranial hemorrhage          1 |
     +-------------------------------------------------------------------------------------------------------------+
SNOMED CT Concept ID for which additional terms where found: 230699008

     +-----------------------------------------------------------------------------+
     |        medcodeid   originalrea~e                            term   new_sn~m |
     |-----------------------------------------------------------------------------|
141. |        345655015            G665     Pure motor lacunar syndrome          1 |
446. | 5011191000006111   ^ESCTPU501119   Pure motor lacunar infarction          0 |
     +-----------------------------------------------------------------------------+
SNOMED CT Concept ID for which additional terms where found: 230700009

     +-------------------------------------------------------------------------------+
     |        medcodeid   originalrea~e                              term   new_sn~m |
     |-------------------------------------------------------------------------------|
142. |        345658018            G666     Pure sensory lacunar syndrome          1 |
447. | 5011211000006112   ^ESCTPU501121   Pure sensory lacunar infarction          0 |
     +-------------------------------------------------------------------------------+
SNOMED CT Concept ID for which additional terms where found: 240312009

     +--------------------------------------------------------------------------------------------------+
     |       medcodeid   origin~e                                                       term   new_sn~m |
     |--------------------------------------------------------------------------------------------------|
180. |       402206010      Q2000      Cerebral haemorrhage unspecified, due to birth trauma          0 |
183. |       316140013      Q2001      Subdural haemorrhage unspecified, due to birth trauma          1 |
184. |       402208011      Q2004                       Brain injury due to birth trauma NOS          1 |
185. |       359984010    Q2004-1                        Cerebral injury due to birth trauma          1 |
187. | 124261000006112      Q200y    Subdural or cerebral haemorrhage due to birth trauma OS          0 |
     |--------------------------------------------------------------------------------------------------|
188. |       402209015      Q200z   Subdural or cerebral haemorrhage due to birth trauma NOS          0 |
189. | 513921000006111    Q200z-1                                     Birth brain damage NOS          1 |
     +--------------------------------------------------------------------------------------------------+
SNOMED CT Concept ID for which additional terms where found: 240313004

     +----------------------------------------------------------------------------------------+
     |       medcodeid   origin~e                                             term   new_sn~m |
     |----------------------------------------------------------------------------------------|
181. |       359985011    Q2000-1   Intracerebral haemorrhage in foetus or newborn          0 |
182. | 769281000006119    Q2000-2     Intracranial haemorrhage in fetus or newborn          1 |
     +----------------------------------------------------------------------------------------+
SNOMED CT Concept ID for which additional terms where found: 266253001

     +-------------------------------------------------------------------------------------------+
     | medcodeid   origin~e                                                      term   new_sn~m |
     |-------------------------------------------------------------------------------------------|
 93. | 395777014        G63                            Precerebral arterial occlusion          0 |
 98. | 300311015       G63y                        Other precerebral artery occlusion          1 |
101. | 300314011       G63z                          Precerebral artery occlusion NOS          1 |
165. | 300942019      Gyu65   [X]Occlusion and stenosis of other precerebral arteries          1 |
     +-------------------------------------------------------------------------------------------+
SNOMED CT Concept ID for which additional terms where found: 266257000

     +----------------------------------------------------------------------------------------+
     |         medcodeid   originalrea~e                                      term   new_sn~m |
     |----------------------------------------------------------------------------------------|
 64. |   416991000006112           Fyu55               Transient cerebral ischemia          0 |
119. |         395788015             G65              Transient cerebral ischaemia          0 |
120. |         395783012           G65-2                Transient ischaemic attack          0 |
121. |   988951000006117          G65-99               Transient Ischaemic Attacks          0 |
124. |         300348012            G65y        Other transient cerebral ischaemia          0 |
     |----------------------------------------------------------------------------------------|
125. |    95931000006111            G65z          Transient cerebral ischaemia NOS          0 |
129. |         300349016           G65zz          Transient cerebral ischaemia NOS          0 |
262. | 11920121000006117    ^ESCT1192012               Transient cerebral ischemia          0 |
495. |  5492181000006110   ^ESCTTE549218   Temporary cerebral vascular dysfunction          1 |
502. |  5492171000006112   ^ESCTTI549217                                       TIA          0 |
     |----------------------------------------------------------------------------------------|
503. |  5492201000006111   ^ESCTTI549220          TIA - Transient ischaemic attack          0 |
507. |  5492221000006118   ^ESCTTR549222                 Transient ischemic attack          0 |
     +----------------------------------------------------------------------------------------+
SNOMED CT Concept ID for which additional terms where found: 266995000

     +-----------------------------------------------------------------------------------------------------+
     |        medcodeid   originalrea~e                                                    term   new_sn~m |
     |-----------------------------------------------------------------------------------------------------|
  2. |        397829016             14A                             H/O: cardiovascular disease          1 |
  8. |  809431000006118            14AZ                                    H/O: CVS disease NOS          1 |
209. |        460286014           ZV125       [V]Personal history of circulatory system disease          1 |
211. |       1227592012         ZV125-2   [V]Personal history of cerebrovascular accident (CVA)          0 |
391. | 5496991000006110   ^ESCTHI549699                       History of cardiovascular disease          1 |
     +-----------------------------------------------------------------------------------------------------+
SNOMED CT Concept ID for which additional terms where found: 285201000119100

     +---------------------------------------------------------------------------------+
     |         medcodeid   originalrea~e                               term   new_sn~m |
     |---------------------------------------------------------------------------------|
283. | 14095711000006110    ^ESCT1409571   Stenosis of right carotid artery          1 |
456. |  8087281000006115   ^ESCTRI808728      Right carotid artery stenosis          0 |
     +---------------------------------------------------------------------------------+
SNOMED CT Concept ID for which additional terms where found: 413102000

     +---------------------------------------------------------------------------+
     |        medcodeid   originalrea~e                          term   new_sn~m |
     |---------------------------------------------------------------------------|
118. |       2474651019           G64z4   Infarction of basal ganglia          1 |
345. | 6837051000006119   ^ESCTBA683705         Basal ganglion stroke          0 |
346. | 6837061000006117   ^ESCTBA683706        Basal ganglion infarct          1 |
     +---------------------------------------------------------------------------+
SNOMED CT Concept ID for which additional terms where found: 427296003

     +-------------------------------------------------------------------+
     |        medcodeid   originalrea~e                  term   new_sn~m |
     |-------------------------------------------------------------------|
499. | 7071901000006111   ^ESCTTH707190   Thalamic infarction          1 |
500. | 7071911000006114   ^ESCTTH707191       Thalamic stroke          0 |
     +-------------------------------------------------------------------+
SNOMED CT Concept ID for which additional terms where found: 450418003

     +------------------------------------------------------------------------------------------------------------+
     |        medcodeid   originalrea~e                                                           term   new_sn~m |
     |------------------------------------------------------------------------------------------------------------|
195. |        505322013             S62                          Cerebral haemorrhage following injury          0 |
196. |        505324014           S62-4                                 Traumatic cerebral haemorrhage          0 |
197. |        320852013            S62z                      Cerebral haemorrhage following injury NOS          0 |
198. |        320853015             S63                    Other cerebral haemorrhage following injury          0 |
199. |   35801000006116            S630    Other cerebral h'ge after injury no open intracranial wound          1 |
     |------------------------------------------------------------------------------------------------------------|
200. |   30981000006112           S6300       Oth cerebral h'ge inj no open intracran wnd+unspec consc          1 |
201. |   39831000006110           S6301   Oth cerebral h'ge inj no open intracranial wnd+no loss consc          1 |
202. |   39731000006119           S6304   Oth cereb h'ge inj no open intracran wnd+>24hr LOC +recovery          1 |
203. |   39761000006111           S6306   Oth cereb h'ge inj no open intracran wnd+LOC unspec duration          1 |
204. |   39751000006114           S630z     Oth cereb h'ge inj no open intracran wnd+concussion unspec          1 |
     |------------------------------------------------------------------------------------------------------------|
205. |   35791000006117            S631     Other cerebral h'ge after injury + open intracranial wound          1 |
206. |   39791000006115           S6313   Oth cerebral h'ge inj + open intracran wnd+1-24hr loss consc          1 |
207. |   39711000006113           S631z      Oth cereb h'ge inj + open intracran wnd+concussion unspec          1 |
208. |        320897016            S63z                Other cerebral haemorrhage following injury NOS          0 |
509. | 7378401000006111   ^ESCTTR737840                             Traumatic intracerebral hemorrhage          0 |
     |------------------------------------------------------------------------------------------------------------|
510. | 7378421000006118   ^ESCTTR737842                            Traumatic intracerebral haemorrhage          0 |
     +------------------------------------------------------------------------------------------------------------+
SNOMED CT Concept ID for which additional terms where found: 64586002

     +------------------------------------------------------------------------+
     |        medcodeid   originalrea~e                       term   new_sn~m |
     |------------------------------------------------------------------------|
 95. |  126531000006111          G631-1   Stenosis, carotid artery          1 |
 97. |        107332010            G634    Carotid artery stenosis          0 |
352. | 3550511000006115   ^ESCTCA355051   Carotid artery narrowing          1 |
     +------------------------------------------------------------------------+
SNOMED CT Concept ID for which additional terms where found: 70611002

     +--------------------------------------------------------------------------------------+
     |        medcodeid   originalrea~e                                     term   new_sn~m |
     |--------------------------------------------------------------------------------------|
190. |        501622012            Q411   Perinatal intraventricular haemorrhage          1 |
191. |  894331000006110         Q411-99               Fetal cerebral haemorrhage          0 |
420. | 3648521000006115   ^ESCTNE364852    Neonatal intraventricular haemorrhage          1 |
     +--------------------------------------------------------------------------------------+
SNOMED CT Concept ID for which additional terms where found: 732923001

     +--------------------------------------------------------------------------------+
     |        medcodeid   originalrea~e                               term   new_sn~m |
     |--------------------------------------------------------------------------------|
 83. |        483988011            G615                 Bulbar haemorrhage          1 |
387. | 7951271000006116   ^ESCTHA795127   Haemorrhage of medulla oblongata          0 |
     +--------------------------------------------------------------------------------+
SNOMED CT Concept ID for which additional terms where found: 75038005

     +-----------------------------------------------------------------------+
     |        medcodeid   originalrea~e                      term   new_sn~m |
     |-----------------------------------------------------------------------|
 81. |        502878012            G613    Cerebellar haemorrhage          0 |
355. | 3719851000006116   ^ESCTCE371985     Cerebellar hemorrhage          0 |
385. | 3719861000006119   ^ESCTHA371986   Haemorrhagic cerebellum          1 |
     +-----------------------------------------------------------------------+
SNOMED CT Concept ID for which additional terms where found: 75543006

     +--------------------------------------------------------------------------+
     |        medcodeid   originalrea~e                         term   new_sn~m |
     |--------------------------------------------------------------------------|
107. |        125470015            G641            Cerebral embolism          0 |
108. |  542831000006116          G641-1             Cerebral embolus          1 |
356. | 3728451000006116   ^ESCTCE372845   Cerebral arterial embolism          0 |
     +--------------------------------------------------------------------------+
SNOMED CT Concept ID for which additional terms where found: 7713009

     +------------------------------------------------------------------------+
     |        medcodeid   originalrea~e                       term   new_sn~m |
     |------------------------------------------------------------------------|
 82. |        503469016            G614        Pontine haemorrhage          1 |
394. | 2622631000006114   ^ESCTIN262263   Intrapontine haemorrhage          0 |
435. | 2622651000006119   ^ESCTPO262265         Pontine hemorrhage          1 |
     +------------------------------------------------------------------------+
SNOMED CT Concept ID for which additional terms where found: 78569004

     +---------------------------------------------------------------------------------------------+
     |        medcodeid   originalrea~e                                            term   new_sn~m |
     |---------------------------------------------------------------------------------------------|
114. |   57341000006119           G64z1                           Wallenberg's syndrome          1 |
115. |        130375018         G64z1-1                      Lateral medullary syndrome          1 |
414. | 3778021000006116   ^ESCTLM377802                LMS - Lateral medullary syndrome          1 |
436. | 3777981000006119   ^ESCTPO377798   Posterior inferior cerebellar artery syndrome          0 |
     +---------------------------------------------------------------------------------------------+
SNOMED CT Concept ID for which additional terms where found: 95457000

     +------------------------------------------------------------------------+
     |        medcodeid   originalrea~e                       term   new_sn~m |
     |------------------------------------------------------------------------|
111. |        345650013          G64z-1   Brainstem infarction NOS          1 |
113. |  524541000006117           G64z0      Brain stem infarction          1 |
350. | 4057031000006117   ^ESCTBR405703         Brain stem infarct          1 |
351. | 4057041000006110   ^ESCTBR405704          Brain stem stroke          0 |
396. | 4057051000006112   ^ESCTIN405705   Infarction of brain stem          1 |
     +------------------------------------------------------------------------+

. 
. 
. // (OPTIONAL) STEP 6. USE ANOTHER SEARCH TO AUTOMATE THE CATEGORISATION OF CODES
. //===============================================================================
. 
. //Comment out this section if not required.
. /*
> // **Search terms for each categorisation desired**
> local cat1 " "*cat1*" "
> local cat2 " "*cat2*" "
> 
> //Search for codes
> foreach categoryterm in /**/cat1 cat2/**/ {
>         
>         gen byte `categoryterm' = .
>         
>         foreach codeterm in lower(term) {
>                 
>                 foreach searchterm in ``categoryterm'' {                
>                         
>                         replace `categoryterm' = 1 if strmatch(`codeterm', "`searchterm'")
>                 }
>         }
> }
> 
> tab1 cat1 cat2
> */
. 
. // STEP 7. COMPARE LIST WITH PRE-EXISTING CODELIST(S)
. //====================================================
. 
. //Comment this section out if no previous codelist
. 
. //MedCodeID codelists (LSHTM Data Compass)
. 
. //Format pre-existing codelist(s) ready for merging
. preserve

.         import delimited https://datacompass.lshtm.ac.uk/id/eprint/2102/46/mace_aurum_jan20.txt, stringcols(1) clear
(encoding automatically selected: ISO-8859-1)
(9 vars, 303 obs)

.         
.         keep if stroke == 1 | tia == 1
(105 observations deleted)

.         keep medcodeid term

.         
.         local name "lshtm_2102"

.         
.         rename * *_`name'

.         rename medcodeid_`name' medcodeid

.         
.         generate byte `name' = 1

. 
.         tempfile `name'

.         compress
  (0 bytes saved)

.         save ``name''
file C:\Users\rmjlton\AppData\Local\Temp\ST_3bf0_000008.tmp saved as .dta format

. restore, preserve

.         import delimited https://datacompass.lshtm.ac.uk/id/eprint/2196/1/mace_aurum_jan20.csv, stringcols(1) clear
(encoding automatically selected: ISO-8859-1)
(9 vars, 303 obs)

.         
.         keep if stroke == 1 | tia == 1
(105 observations deleted)

.         keep medcodeid term

.         
.         local name "lshtm_2196"

.         
.         rename * *_`name'

.         rename medcodeid_`name' medcodeid

.         
.         generate byte `name' = 1

. 
.         tempfile `name'

.         compress
  (0 bytes saved)

.         save ``name''
file C:\Users\rmjlton\AppData\Local\Temp\ST_3bf0_000009.tmp saved as .dta format

. restore, preserve

.         import delimited https://datacompass.lshtm.ac.uk/id/eprint/2815/1/mace_aurum_mar20.txt, stringcols(1 5 6) clear
(encoding automatically selected: ISO-8859-1)
(13 vars, 256 obs)

.         
.         keep if stroke == 1
(173 observations deleted)

.         keep medcodeid term

.         
.         local name "lshtm_2815"

.         
.         rename * *_`name'

.         rename medcodeid_`name' medcodeid

.         
.         generate byte `name' = 1

. 
.         tempfile `name'

.         compress
  variable term_lshtm_2815 was str63 now str60
  (249 bytes saved)

.         save ``name''
file C:\Users\rmjlton\AppData\Local\Temp\ST_3bf0_00000a.tmp saved as .dta format

. restore, preserve

.         import delimited https://datacompass.lshtm.ac.uk/id/eprint/3265/1/aad_aurum_clincodes.txt, stringcols(1) clear favorstrfixed
(encoding automatically selected: ISO-8859-1)
(14 vars, 2,286 obs)

.         
.         keep if cerebrovascular_disease == 1 | carotid_artery_disease
(2,035 observations deleted)

.         drop if dementia == 1
(39 observations deleted)

.         keep medcodeid term

.         
.         local name "lshtm_3265"

.         
.         rename * *_`name'

.         rename medcodeid_`name' medcodeid

.         
.         generate byte `name' = 1

. 
.         tempfile `name'

.         compress
  variable term_lshtm_3265 was str135 now str90
  (9,540 bytes saved)

.         save ``name''
file C:\Users\rmjlton\AppData\Local\Temp\ST_3bf0_00000b.tmp saved as .dta format

. restore, preserve

.         import delimited https://datacompass.lshtm.ac.uk/id/eprint/3590/4/codelist_stroke_tia_se_aurum.txt, stringcols(1 5 6) clear favorstrfixed
(encoding automatically selected: ISO-8859-1)
(8 vars, 416 obs)

.         
.         keep medcodeid term

.         
.         local name "lshtm_3590"

.         
.         rename * *_`name'

.         rename medcodeid_`name' medcodeid

.         
.         generate byte `name' = 1

. 
.         tempfile `name'

.         compress
  (0 bytes saved)

.         save ``name''
file C:\Users\rmjlton\AppData\Local\Temp\ST_3bf0_00000c.tmp saved as .dta format

. restore, preserve

.         import delimited https://datacompass.lshtm.ac.uk/id/eprint/3590/4/codelist_stroke_tia_se_aurum.txt, stringcols(1 5 6) clear favorstrfixed
(encoding automatically selected: ISO-8859-1)
(8 vars, 416 obs)

.         
.         keep medcodeid term

.         
.         local name "lshtm_4214"

.         
.         rename * *_`name'

.         rename medcodeid_`name' medcodeid

.         
.         generate byte `name' = 1

. 
.         tempfile `name'

.         compress
  (0 bytes saved)

.         save ``name''
file C:\Users\rmjlton\AppData\Local\Temp\ST_3bf0_00000d.tmp saved as .dta format

. restore

. 
. foreach codelist in lshtm_2102 lshtm_2196 lshtm_2815 lshtm_3265 lshtm_3590 lshtm_4214 {
  2.         
.         //Merge previous codelist
.         merge 1:1 medcodeid using ``codelist''
  3. 
.         //Check for any differences
.         list term term_`codelist' if _merge == 3 ///
>                 & lower(term) != lower(term_`codelist')
  4. 
.         //Comment on result above: **No meaningful differences**
. 
.         display "Terms on pre-existing list only..."
  5.         list medcodeid term_`codelist' if _merge == 2
  6.         
.         //Put pre-existing codelist terms in current codelist term column
.         replace term = term_`codelist' if _merge == 2
  7.         replace /**/stroke/**/ = 1 if _merge == 2
  8. 
.         //Drop old terms and merge variable
.         drop *_`codelist' _merge
  9. }

    Result                      Number of obs
    -----------------------------------------
    Not matched                           450
        from master                       383  (_merge==1)
        from using                         67  (_merge==2)

    Matched                               131  (_merge==3)
    -----------------------------------------

     +------------------------------------------------------------------------------------------------------------------------------------+
     |                                                                term                                                term_lshtm_2102 |
     |------------------------------------------------------------------------------------------------------------------------------------|
 12. |                                                Cerebral haemorrhage                        stroke due to intracerebral haemorrhage |
156. |                                                  Lacunar infarction                                     [x]other lacunar syndromes |
187. |                                                Cerebral haemorrhage                             [x]other intracerebral haemorrhage |
190. |                                           Cerebral artery occlusion           [x]occlusion and stenosis of other cerebral arteries |
275. |                                                 Cerebral infarction                                        cerebral infarction nos |
     |------------------------------------------------------------------------------------------------------------------------------------|
289. |                                            Cerebrovascular accident                stroke and cerebrovascular accident unspecified |
305. |                                             Subarachnoid hemorrhage    [x]subarachnoid haemorrh from intracranial artery, unspecif |
363. |                                           Basal ganglia haemorrhage                                      basal nucleus haemorrhage |
369. |                                           Brainstem stroke syndrome                                     brain stem stroke syndrome |
370. |                                               Brain stem infarction                                           brainstem infarction |
     |------------------------------------------------------------------------------------------------------------------------------------|
371. | Cerebral infarction due to cerebral venous thrombosis, non-pyogenic      cereb infarct due cerebral venous thrombosis, nonpyogenic |
372. |          Cerebral infarction due to occlusion of precerebral artery        cereb infarct due unsp occlus/stenos precerebr arteries |
391. |                                               Wallenberg's syndrome                                            wallenberg syndrome |
400. |     CVA - cerebrovascular accident due to cerebral artery occlusion                                cva - cerebral artery occlusion |
401. |                                                 Cerebral hemorrhage   cva - cerebrovascular accid due to intracerebral haemorrhage |
     |------------------------------------------------------------------------------------------------------------------------------------|
403. |                                      CVA - Cerebrovascular accident                     cva - cerebrovascular accident unspecified |
429. |                                     Intracerebral haemorrhage (ICH)                                      intracerebral haemorrhage |
     +------------------------------------------------------------------------------------------------------------------------------------+
Terms on pre-existing list only...

     +----------------------------------------------------------------------------------+
     |         medcodeid                                                term_lshtm_2102 |
     |----------------------------------------------------------------------------------|
515. |   100771000006112                                     thrombosis, carotid artery |
516. |         106392017                                        basilar artery syndrome |
517. |         106394016                                  vertebrobasilar insufficiency |
518. | 11823201000006116                                    occlusion of carotid artery |
519. |         118689010                                            cerebral thrombosis |
     |----------------------------------------------------------------------------------|
520. | 11878511000006113   cerebrovascular accident due to occlusion of cerebral artery |
521. | 11903571000006110                        stroke due to intracerebral haemorrhage |
522. | 11919571000006110                             [x]other intracerebral haemorrhage |
523. | 12222971000006119                                occlusion of precerebral artery |
524. |   123491000006115                   subarachnoid haemorrhage from basilar artery |
     |----------------------------------------------------------------------------------|
525. | 12722481000006116             right sided intracerebral haemorrhage, unspecified |
526. | 12727431000006119                                        cerebral infarction nos |
527. | 12727691000006117                stroke and cerebrovascular accident unspecified |
528. | 12729181000006117                                   intracranial haemorrhage nos |
529. | 12733211000006119                               precerebral artery occlusion nos |
     |----------------------------------------------------------------------------------|
530. |  2520541000006112                                        intracranial hemorrhage |
531. |  2622641000006116                                        intrapontine hemorrhage |
532. |   267311000006118     occlusion+stenosis of multiple and bilat cerebral arteries |
533. |  2818821000006111                                   occlusion of cerebral artery |
534. |  2841161000006110                          subarachnoid intracranial haemorrhage |
     |----------------------------------------------------------------------------------|
535. |         300244012   subarachnoid haemorrhage from carotid siphon and bifurcation |
536. |         300253017                 subarachnoid haemorrhage from vertebral artery |
537. |         300290016                 other and unspecified intracranial haemorrhage |
538. |         300298011                                   intracranial haemorrhage nos |
539. |         300303013                                       basilar artery occlusion |
     |----------------------------------------------------------------------------------|
540. |         300309012                                     vertebral artery occlusion |
541. |         300380014                        acute cerebrovascular insufficiency nos |
542. |         300399017                  occlusion and stenosis of cerebellar arteries |
543. |  3071671000006117                               subdural intracranial hemorrhage |
544. |  3071681000006119                              subdural intracranial haemorrhage |
     |----------------------------------------------------------------------------------|
545. |  3299621000006119                                            cortical hemorrhage |
546. |  3540781000006117                         vertebrobasilar arterial insufficiency |
547. |  3662311000006113                                thrombosis of cerebral arteries |
548. |  3662321000006117                                   cerebral arterial thrombosis |
549. |  3662331000006119                                       ct - cerebral thrombosis |
     |----------------------------------------------------------------------------------|
550. |  3719871000006114                                         hemorrhagic cerebellum |
551. |  3778011000006112                            inferior cerebellar artery syndrome |
552. |  3850551000006115                              epidural intracranial haemorrhage |
553. |  3850561000006118                               epidural intracranial hemorrhage |
554. |         395778016                                       carotid artery occlusion |
     |----------------------------------------------------------------------------------|
555. |  4777721000006118    subarachnoid hemorrhage from carotid siphon and bifurcation |
556. |  4777741000006113                  subarachnoid hemorrhage from vertebral artery |
557. |  4777751000006110     intracranial subarachnoid hemorrhage from vertebral artery |
558. |  4777761000006112    intracranial subarachnoid haemorrhage from vertebral artery |
559. |  4777831000006111                                    external capsule hemorrhage |
     |----------------------------------------------------------------------------------|
560. |  4777851000006116                     intracerebral hemorrhage, intraventricular |
561. |  4777891000006110                   intracerebral hemorrhage, multiple localized |
562. |  4777941000006111                 non-traumatic intracranial subdural hemorrhage |
563. |  4777951000006113                non-traumatic intracranial subdural haemorrhage |
564. |  4777971000006115                                     basilar artery obstruction |
     |----------------------------------------------------------------------------------|
565. |  4777981000006117                                    occlusion of basilar artery |
566. |         499739014                                 insufficiency - basilar artery |
567. |  5011021000006113      cerebrovascular accident due to cerebral artery occlusion |
568. |  5011181000006113                                        li - lacunar infarction |
569. |  5011401000006110                                      lobar cerebral hemorrhage |
     |----------------------------------------------------------------------------------|
570. |  5011511000006114                    carotid territory transient ischemic attack |
571. |  5560161000006111                                 intracerebral hemorrhage (ich) |
572. |  5583101000006116          subarachnoid haemorrhage from basilar artery aneurysm |
573. |  5583111000006118           subarachnoid hemorrhage from basilar artery aneurysm |
574. |          58046010                                      vertebral artery syndrome |
     |----------------------------------------------------------------------------------|
575. |  6593141000006116                nontraumatic extradural intracranial hemorrhage |
576. |  6593151000006119               nontraumatic extradural intracranial haemorrhage |
577. |    67501000006115                               vertebro-basilar artery syndrome |
578. |    67511000006117                                 vertebro-basilar insufficiency |
579. |   884461000006113                                        basilar artery occluded |
     |----------------------------------------------------------------------------------|
580. |   884471000006118                                        carotid artery occluded |
581. |   884481000006115                                      vertebral artery occluded |
     +----------------------------------------------------------------------------------+
(67 real changes made)
(67 real changes made)

    Result                      Number of obs
    -----------------------------------------
    Not matched                           383
        from master                       383  (_merge==1)
        from using                          0  (_merge==2)

    Matched                               198  (_merge==3)
    -----------------------------------------

     +------------------------------------------------------------------------------------------------------------------------------------+
     |                                                                term                                                term_lshtm_2196 |
     |------------------------------------------------------------------------------------------------------------------------------------|
 21. |                                                Cerebral haemorrhage                        stroke due to intracerebral haemorrhage |
176. |                                                  Lacunar infarction                                     [x]other lacunar syndromes |
215. |                                                Cerebral haemorrhage                             [x]other intracerebral haemorrhage |
218. |                                           Cerebral artery occlusion           [x]occlusion and stenosis of other cerebral arteries |
315. |                                                 Cerebral infarction                                        cerebral infarction nos |
     |------------------------------------------------------------------------------------------------------------------------------------|
329. |                                            Cerebrovascular accident                stroke and cerebrovascular accident unspecified |
345. |                                             Subarachnoid hemorrhage    [x]subarachnoid haemorrh from intracranial artery, unspecif |
419. |                                           Basal ganglia haemorrhage                                      basal nucleus haemorrhage |
425. |                                           Brainstem stroke syndrome                                     brain stem stroke syndrome |
426. |                                               Brain stem infarction                                           brainstem infarction |
     |------------------------------------------------------------------------------------------------------------------------------------|
427. | Cerebral infarction due to cerebral venous thrombosis, non-pyogenic      cereb infarct due cerebral venous thrombosis, nonpyogenic |
428. |          Cerebral infarction due to occlusion of precerebral artery        cereb infarct due unsp occlus/stenos precerebr arteries |
450. |                                               Wallenberg's syndrome                                            wallenberg syndrome |
460. |     CVA - cerebrovascular accident due to cerebral artery occlusion                                cva - cerebral artery occlusion |
461. |                                                 Cerebral hemorrhage   cva - cerebrovascular accid due to intracerebral haemorrhage |
     |------------------------------------------------------------------------------------------------------------------------------------|
463. |                                      CVA - Cerebrovascular accident                     cva - cerebrovascular accident unspecified |
493. |                                     Intracerebral haemorrhage (ICH)                                      intracerebral haemorrhage |
     +------------------------------------------------------------------------------------------------------------------------------------+
Terms on pre-existing list only...
(0 real changes made)
(0 real changes made)

    Result                      Number of obs
    -----------------------------------------
    Not matched                           498
        from master                       498  (_merge==1)
        from using                          0  (_merge==2)

    Matched                                83  (_merge==3)
    -----------------------------------------

     +---------------------------------------------------------------------------------------------------------------------------------+
     |                                                                term                                             term_lshtm_2815 |
     |---------------------------------------------------------------------------------------------------------------------------------|
176. |                                                  Lacunar infarction                                  [x]other lacunar syndromes |
218. |                                           Cerebral artery occlusion        [x]occlusion and stenosis of other cerebral arteries |
315. |                                                 Cerebral infarction                                     cerebral infarction nos |
425. |                                           Brainstem stroke syndrome                                  brain stem stroke syndrome |
426. |                                               Brain stem infarction                                        brainstem infarction |
     |---------------------------------------------------------------------------------------------------------------------------------|
427. | Cerebral infarction due to cerebral venous thrombosis, non-pyogenic   cereb infarct due cerebral venous thrombosis, nonpyogenic |
428. |          Cerebral infarction due to occlusion of precerebral artery     cereb infarct due unsp occlus/stenos precerebr arteries |
450. |                                               Wallenberg's syndrome                                         wallenberg syndrome |
460. |     CVA - cerebrovascular accident due to cerebral artery occlusion                             cva - cerebral artery occlusion |
     +---------------------------------------------------------------------------------------------------------------------------------+
Terms on pre-existing list only...
(0 real changes made)
(0 real changes made)

    Result                      Number of obs
    -----------------------------------------
    Not matched                           537
        from master                       453  (_merge==1)
        from using                         84  (_merge==2)

    Matched                               128  (_merge==3)
    -----------------------------------------

     +--------------------------------------------------------------------+
     |                             term                   term_lshtm_3265 |
     |--------------------------------------------------------------------|
  1. |       thrombosis, carotid artery         Carotid artery thrombosis |
184. |     intracranial haemorrhage nos          Intracranial haemorrhage |
471. | vertebro-basilar artery syndrome   Vertebrobasilar artery syndrome |
     +--------------------------------------------------------------------+
Terms on pre-existing list only...

     +----------------------------------------------------------------------------------------+
     |        medcodeid                                                       term_lshtm_3265 |
     |----------------------------------------------------------------------------------------|
582. |  100691000006118                         Cerebral venous thrombosis of cavernous sinus |
583. |  100721000006111                                      Cerebral venous sinus thrombosis |
584. |        101523017                                   Aneurysm of external carotid artery |
585. |        104563015                                               Cerebrovascular disease |
586. | 1130181000000113                                  Small vessel cerebrovascular disease |
     |----------------------------------------------------------------------------------------|
587. |        114794013                                                      Moyamoya disease |
588. |       1228941010                                                Carotid artery disease |
589. |       1235913017                                              Cerebral vein thrombosis |
590. |       1476248016            Percutaneous coil embolisation of cerebral artery aneurysm |
591. | 1548281000006119      Percutaneous transluminal insertion of stent into carotid artery |
     |----------------------------------------------------------------------------------------|
592. | 1746621000006118                                                Carotid endarterectomy |
593. |       1780256012                                               Tortuous carotid artery |
594. | 2397671000000118                        QBleed 5 year risk of intracranial haemorrhage |
595. |       2475119012                                    Non-traumatic subdural haemorrhage |
596. |       2476647018                                 Vertebral artery compression syndrome |
     |----------------------------------------------------------------------------------------|
597. |       2534198011                                                  Subdural haemorrhage |
598. |        262236010                                     Carotid artery angiogram abnormal |
599. |        265692011                                 Evacuation of intracerebral haematoma |
600. | 2672991000006115                                     Aneurysm of common carotid artery |
601. |       2695715012                                 Endovascular repair of carotid artery |
     |----------------------------------------------------------------------------------------|
602. |        271527011                    Carotid, cerebral and subclavian artery operations |
603. |        271528018                                      Reconstruction of carotid artery |
604. |        271529014                             Replacement of carotid artery using graft |
605. |        271530016                                 Intracranial bypass to carotid artery |
606. |        271531017                                              Bypass of carotid artery |
     |----------------------------------------------------------------------------------------|
607. |        271533019                                      Carotid endarterectomy and patch |
608. |        271534013                                                Carotid endarterectomy |
609. |        271535014                      Other specified reconstruction of carotid artery |
610. |        271536010                                  Reconstruction of carotid artery NOS |
611. |        271538011                                          Repair of carotid artery NEC |
     |----------------------------------------------------------------------------------------|
612. |        271539015                                            Ligation of carotid artery |
613. |        271540018                                    Open embolectomy of carotid artery |
614. |        271542014                               Operation on aneurysm of carotid artery |
615. |        271546012               Percutaneous transluminal angioplasty of carotid artery |
616. |        271590019                                   Embolisation of cerebral artery NEC |
     |----------------------------------------------------------------------------------------|
617. |        294703019                    Acute confusional state, of cerebrovascular origin |
618. |        294711012                 Subacute confusional state, of cerebrovascular origin |
619. |        297013012                  Cerebral degeneration due to cerebrovascular disease |
620. |        300200014                           Cardiovascular arteriosclerosis unspecified |
621. |        300294013                                   Subdural haemorrhage - nontraumatic |
     |----------------------------------------------------------------------------------------|
622. |        300344014                                   Carotid artery syndrome hemispheric |
623. |        300374018                                         Other cerebrovascular disease |
624. |        300379011                     Generalised ischaemic cerebrovascular disease NOS |
625. |        300389010    Nonruptured cerebral aneurysm due to dissection of cerebral artery |
626. |        300401011                                      Other cerebrovascular disease OS |
     |----------------------------------------------------------------------------------------|
627. |        300402016                                     Other cerebrovascular disease NOS |
628. |        300418010                               Other specified cerebrovascular disease |
629. |        300419019                                           Cerebrovascular disease NOS |
630. |        313568013                                      Cerebrovascular system anomalies |
631. |  321061000006111                                                   [SO]Cerebral artery |
     |----------------------------------------------------------------------------------------|
632. |        324816018                      Mechanical complication of carotid artery bypass |
633. |        345709014                                 Dissection of internal carotid artery |
634. |        345710016                                           Vertebral artery dissection |
635. |        350804018                        Congenital cerebral arteriovenous malformation |
636. | 3634871000006114                                            Carotid artery obstruction |
     |----------------------------------------------------------------------------------------|
637. |  375781000000110                           Intracranial bypass from carotid artery NEC |
638. | 4056981000006115                                            Cerebral venous thrombosis |
639. |         41282012                                   Aneurysm of internal carotid artery |
640. |  417171000006111           [X]Other vascular syndroms/brain in cerebrovasculr diseases |
641. |        451368019                                          H/O: cerebrovascular disease |
     |----------------------------------------------------------------------------------------|
642. |         47484015                                                    Cerebral arteritis |
643. |  482451000006111                                        Aneurysm of common carotid art |
644. |  491461000006118                                      Arteriography of cerebral artery |
645. |        498516011                         Evacuation of intracranial subdural haematoma |
646. | 5011741000006115                                        Dissection of vertebral artery |
     |----------------------------------------------------------------------------------------|
647. | 5048771000006110                             Endarterectomy of internal carotid artery |
648. | 5058511000006110                                               Carotid artery aneurysm |
649. |        506344012                               Clipping of aneurysm of cerebral artery |
650. |  538651000006114                                           Imaging of carotid arteries |
651. |  542511000006113                                   Cerebral artery aneurysm operations |
     |----------------------------------------------------------------------------------------|
652. | 5886761000006114                                               Carotid artery atheroma |
653. | 6350071000006110                                                Carotid artery disease |
654. |  641561000006113   Endarterectomy of carotid artery and patch repair of carotid artery |
655. | 7459331000006112                                     Drug-eluting carotid artery stent |
656. |         75861010                                           Cerebrovascular amyloidosis |
     |----------------------------------------------------------------------------------------|
657. | 7806281000006113                                             Carotid artery dissection |
658. |  800691000006113                                       Diffuse cerebrovascular disease |
659. |  865981000006114                                                   Clipping - aneurysm |
660. |  884441000006114                                                  Subdural haemorrhage |
661. |  884541000006110                                             Cerebral arteriosclerosis |
     |----------------------------------------------------------------------------------------|
662. |   90011000006112        Transluminal operations on cerebral artery or circle of Willis |
663. |         92070010                                              Cerebral atherosclerosis |
664. |  938561000006115                                               Carotid atherosclerosis |
665. | 9843291000006119                                        Left carotid artery dissection |
     +----------------------------------------------------------------------------------------+
(84 real changes made)
(84 real changes made)

    Result                      Number of obs
    -----------------------------------------
    Not matched                           519
        from master                       384  (_merge==1)
        from using                        135  (_merge==2)

    Matched                               281  (_merge==3)
    -----------------------------------------

     +---------------------------------------------------------------------------------------------------------------------------+
  1. |                                                                                                                      term |
     |                                                                             Cerebral venous thrombosis of cavernous sinus |
     |---------------------------------------------------------------------------------------------------------------------------|
     |                                                                            term_lshtm_3590                                |
     |                                                                 thrombosis cavernous sinus                                |
     +---------------------------------------------------------------------------------------------------------------------------+

     +---------------------------------------------------------------------------------------------------------------------------+
  2. |                                                                                                                      term |
     |                                                                                          Cerebral venous sinus thrombosis |
     |---------------------------------------------------------------------------------------------------------------------------|
     |                                                                            term_lshtm_3590                                |
     |                                        thrombosis of central nervous system venous sinuses                                |
     +---------------------------------------------------------------------------------------------------------------------------+

     +---------------------------------------------------------------------------------------------------------------------------+
 27. |                                                                                                                      term |
     |                                                                                                      Cerebral haemorrhage |
     |---------------------------------------------------------------------------------------------------------------------------|
     |                                                                            term_lshtm_3590                                |
     |                                                    stroke due to intracerebral haemorrhage                                |
     +---------------------------------------------------------------------------------------------------------------------------+

     +---------------------------------------------------------------------------------------------------------------------------+
 55. |                                                                                                                      term |
     |                                                                           Exception reporting - stroke quality indicators |
     |---------------------------------------------------------------------------------------------------------------------------|
     |                                                                            term_lshtm_3590                                |
     |                                             exception reporting: stroke quality indicators                                |
     +---------------------------------------------------------------------------------------------------------------------------+

     +---------------------------------------------------------------------------------------------------------------------------+
 56. |                                                                                                                      term |
     |                                                              Excepted from stroke quality indicators - patient unsuitable |
     |---------------------------------------------------------------------------------------------------------------------------|
     |                                                                            term_lshtm_3590                                |
     |                                excepted from stroke quality indicators: patient unsuitable                                |
     +---------------------------------------------------------------------------------------------------------------------------+

     +---------------------------------------------------------------------------------------------------------------------------+
 57. |                                                                                                                      term |
     |                                                                Excepted from stroke quality indicators - informed dissent |
     |---------------------------------------------------------------------------------------------------------------------------|
     |                                                                            term_lshtm_3590                                |
     |                                  excepted from stroke quality indicators: informed dissent                                |
     +---------------------------------------------------------------------------------------------------------------------------+

     +---------------------------------------------------------------------------------------------------------------------------+
123. |                                                                                                                      term |
     |                                                         Stroke/transient ischaemic attack monitoring telephone invitation |
     |---------------------------------------------------------------------------------------------------------------------------|
     |                                                                            term_lshtm_3590                                |
     |                               stroke/transient ischaemic attack monitoring telephone invte                                |
     +---------------------------------------------------------------------------------------------------------------------------+

     +---------------------------------------------------------------------------------------------------------------------------+
139. |                                                                                                                      term |
     |                                                                                                         CVA annual review |
     |---------------------------------------------------------------------------------------------------------------------------|
     |                                                                            term_lshtm_3590                                |
     |                                                                   stroke/cva annual review                                |
     +---------------------------------------------------------------------------------------------------------------------------+

     +---------------------------------------------------------------------------------------------------------------------------+
140. |                                                                                                                      term |
     |                                                       Referral for multidisciplinary stroke function improvement declined |
     |---------------------------------------------------------------------------------------------------------------------------|
     |                                                                            term_lshtm_3590                                |
     |                                 ref multidisciplinary stroke function improvement declined                                |
     +---------------------------------------------------------------------------------------------------------------------------+

     +---------------------------------------------------------------------------------------------------------------------------+
147. |                                                                                                                      term |
     | Surveillance of Cerebral Palsy in Europe classification - predominant pattern C.3 - infarct of the middle cerebral artery |
     |---------------------------------------------------------------------------------------------------------------------------|
     |                                                                            term_lshtm_3590                                |
     |                               scpe class predom patt c.3 infarct of middle cerebral artery                                |
     +---------------------------------------------------------------------------------------------------------------------------+

     +---------------------------------------------------------------------------------------------------------------------------+
214. |                                                                                                                      term |
     |                                                                                                        Lacunar infarction |
     |---------------------------------------------------------------------------------------------------------------------------|
     |                                                                            term_lshtm_3590                                |
     |                                                                 [x]other lacunar syndromes                                |
     +---------------------------------------------------------------------------------------------------------------------------+

     +---------------------------------------------------------------------------------------------------------------------------+
263. |                                                                                                                      term |
     |                                                                                                      Cerebral haemorrhage |
     |---------------------------------------------------------------------------------------------------------------------------|
     |                                                                            term_lshtm_3590                                |
     |                                                         [x]other intracerebral haemorrhage                                |
     +---------------------------------------------------------------------------------------------------------------------------+

     +---------------------------------------------------------------------------------------------------------------------------+
266. |                                                                                                                      term |
     |                                                                                                 Cerebral artery occlusion |
     |---------------------------------------------------------------------------------------------------------------------------|
     |                                                                            term_lshtm_3590                                |
     |                                       [x]occlusion and stenosis of other cerebral arteries                                |
     +---------------------------------------------------------------------------------------------------------------------------+

     +---------------------------------------------------------------------------------------------------------------------------+
371. |                                                                                                                      term |
     |                                                                                                       Cerebral infarction |
     |---------------------------------------------------------------------------------------------------------------------------|
     |                                                                            term_lshtm_3590                                |
     |                                                                    cerebral infarction nos                                |
     +---------------------------------------------------------------------------------------------------------------------------+

     +---------------------------------------------------------------------------------------------------------------------------+
385. |                                                                                                                      term |
     |                                                                                                  Cerebrovascular accident |
     |---------------------------------------------------------------------------------------------------------------------------|
     |                                                                            term_lshtm_3590                                |
     |                                            stroke and cerebrovascular accident unspecified                                |
     +---------------------------------------------------------------------------------------------------------------------------+

     +---------------------------------------------------------------------------------------------------------------------------+
397. |                                                                                                                      term |
     |                                                                                               Transient cerebral ischemia |
     |---------------------------------------------------------------------------------------------------------------------------|
     |                                                                            term_lshtm_3590                                |
     |                               [x]other transnt cerebral ischaemic attacks+related syndroms                                |
     +---------------------------------------------------------------------------------------------------------------------------+

     +---------------------------------------------------------------------------------------------------------------------------+
404. |                                                                                                                      term |
     |                                                                                                   Subarachnoid hemorrhage |
     |---------------------------------------------------------------------------------------------------------------------------|
     |                                                                            term_lshtm_3590                                |
     |                                [x]subarachnoid haemorrh from intracranial artery, unspecif                                |
     +---------------------------------------------------------------------------------------------------------------------------+

     +---------------------------------------------------------------------------------------------------------------------------+
484. |                                                                                                                      term |
     |                                                                                                 Basal ganglia haemorrhage |
     |---------------------------------------------------------------------------------------------------------------------------|
     |                                                                            term_lshtm_3590                                |
     |                                                                  basal nucleus haemorrhage                                |
     +---------------------------------------------------------------------------------------------------------------------------+

     +---------------------------------------------------------------------------------------------------------------------------+
493. |                                                                                                                      term |
     |                                                                                                 Brainstem stroke syndrome |
     |---------------------------------------------------------------------------------------------------------------------------|
     |                                                                            term_lshtm_3590                                |
     |                                                                 brain stem stroke syndrome                                |
     +---------------------------------------------------------------------------------------------------------------------------+

     +---------------------------------------------------------------------------------------------------------------------------+
494. |                                                                                                                      term |
     |                                                                                                     Brain stem infarction |
     |---------------------------------------------------------------------------------------------------------------------------|
     |                                                                            term_lshtm_3590                                |
     |                                                                       brainstem infarction                                |
     +---------------------------------------------------------------------------------------------------------------------------+

     +---------------------------------------------------------------------------------------------------------------------------+
496. |                                                                                                                      term |
     |                                                       Cerebral infarction due to cerebral venous thrombosis, non-pyogenic |
     |---------------------------------------------------------------------------------------------------------------------------|
     |                                                                            term_lshtm_3590                                |
     |                                  cereb infarct due cerebral venous thrombosis, nonpyogenic                                |
     +---------------------------------------------------------------------------------------------------------------------------+

     +---------------------------------------------------------------------------------------------------------------------------+
497. |                                                                                                                      term |
     |                                                                Cerebral infarction due to occlusion of precerebral artery |
     |---------------------------------------------------------------------------------------------------------------------------|
     |                                                                            term_lshtm_3590                                |
     |                                    cereb infarct due unsp occlus/stenos precerebr arteries                                |
     +---------------------------------------------------------------------------------------------------------------------------+

     +---------------------------------------------------------------------------------------------------------------------------+
520. |                                                                                                                      term |
     |                                                                                                     Wallenberg's syndrome |
     |---------------------------------------------------------------------------------------------------------------------------|
     |                                                                            term_lshtm_3590                                |
     |                                                                        wallenberg syndrome                                |
     +---------------------------------------------------------------------------------------------------------------------------+

     +---------------------------------------------------------------------------------------------------------------------------+
531. |                                                                                                                      term |
     |                                                           CVA - cerebrovascular accident due to cerebral artery occlusion |
     |---------------------------------------------------------------------------------------------------------------------------|
     |                                                                            term_lshtm_3590                                |
     |                                                            cva - cerebral artery occlusion                                |
     +---------------------------------------------------------------------------------------------------------------------------+

     +---------------------------------------------------------------------------------------------------------------------------+
532. |                                                                                                                      term |
     |                                                                                                       Cerebral hemorrhage |
     |---------------------------------------------------------------------------------------------------------------------------|
     |                                                                            term_lshtm_3590                                |
     |                               cva - cerebrovascular accid due to intracerebral haemorrhage                                |
     +---------------------------------------------------------------------------------------------------------------------------+

     +---------------------------------------------------------------------------------------------------------------------------+
534. |                                                                                                                      term |
     |                                                                                            CVA - Cerebrovascular accident |
     |---------------------------------------------------------------------------------------------------------------------------|
     |                                                                            term_lshtm_3590                                |
     |                                                 cva - cerebrovascular accident unspecified                                |
     +---------------------------------------------------------------------------------------------------------------------------+

     +---------------------------------------------------------------------------------------------------------------------------+
566. |                                                                                                                      term |
     |                                                                                           Intracerebral haemorrhage (ICH) |
     |---------------------------------------------------------------------------------------------------------------------------|
     |                                                                            term_lshtm_3590                                |
     |                                                                  intracerebral haemorrhage                                |
     +---------------------------------------------------------------------------------------------------------------------------+

     +---------------------------------------------------------------------------------------------------------------------------+
613. |                                                                                                                      term |
     |                                                                                       History of cerebrovascular accident |
     |---------------------------------------------------------------------------------------------------------------------------|
     |                                                                            term_lshtm_3590                                |
     |                                                                            h/o: cva/stroke                                |
     +---------------------------------------------------------------------------------------------------------------------------+

     +---------------------------------------------------------------------------------------------------------------------------+
626. |                                                                                                                      term |
     |                                Cerebral autosomal dominant arteriopathy with subcortical infarcts and leukoencephalopathy |
     |---------------------------------------------------------------------------------------------------------------------------|
     |                                                                            term_lshtm_3590                                |
     |                               cereb autosom dominant arteriop subcort infarcts leukoenceph                                |
     +---------------------------------------------------------------------------------------------------------------------------+

     +---------------------------------------------------------------------------------------------------------------------------+
655. |                                                                                                                      term |
     |                                                         Referral to multidisciplinary stroke function improvement service |
     |---------------------------------------------------------------------------------------------------------------------------|
     |                                                                            term_lshtm_3590                                |
     |                               ref to multidisciplinary stroke function improvement service                                |
     +---------------------------------------------------------------------------------------------------------------------------+

     +---------------------------------------------------------------------------------------------------------------------------+
658. |                                                                                                                      term |
     |                                                            Stroke/transient ischaemic attack monitoring verbal invitation |
     |---------------------------------------------------------------------------------------------------------------------------|
     |                                                                            term_lshtm_3590                                |
     |                               stroke/transient ischaemic attack monitoring verbal invitati                                |
     +---------------------------------------------------------------------------------------------------------------------------+
Terms on pre-existing list only...

     +----------------------------------------------------------------------------------------------------------------------------------------------------+
     |         medcodeid                                                                                                                  term_lshtm_3590 |
     |----------------------------------------------------------------------------------------------------------------------------------------------------|
666. |   100701000006118                                                                                                         thrombosis lateral sinus |
667. | 11923791000006114                                                         subarachnoid hemorrhage following injury without open intracranial wound |
668. |   123301000006118                                                                       subarach h'ge inj + open intracran wnd+loc unspec duration |
669. |   123311000006115                                                                      subarach h'ge inj no open intracran wnd + concussion unspec |
670. |   123321000006111                                                                      subarach h'ge inj no open intracran wnd+>24hrs loc-restored |
     |----------------------------------------------------------------------------------------------------------------------------------------------------|
671. |   123331000006114                                                                      subarach h'ge inj no open intracran wnd+loc unspec duration |
672. |   123351000006119                                                                     subarachnoid h'ge inj + open intracran wnd+concussion unspec |
673. |   123361000006117                                                                      subarachnoid h'ge inj + open intracran wound + unspec consc |
674. |   123391000006113                                                                      subarachnoid h'ge inj no open intracran wnd+<1hr loss consc |
675. |   123401000006110                                                                     subarachnoid h'ge inj no open intracran wnd+>24 loc+recovery |
     |----------------------------------------------------------------------------------------------------------------------------------------------------|
676. |   123411000006113                                                                        subarachnoid h'ge inj no open intracran wnd+no loss consc |
677. |   123421000006117                                                                       subarachnoid h'ge inj no open intracran wound + 1-24hr loc |
678. |   123431000006119                                                                     subarachnoid h'ge inj no open intracran wound + unspec consc |
679. |   126301000006113                                                                                                 stenosis of precerebral arteries |
680. | 12733151000006114                                                                                  peripheral arterial embolism and thrombosis nos |
     |----------------------------------------------------------------------------------------------------------------------------------------------------|
681. | 12733161000006111                                                                                             arterial embolism and thrombosis nos |
682. | 12733221000006110                                                                                                 transient cerebral ischaemia nos |
683. |  1548051000006118                                                                      perc translum embolis major systemic pulmonary collater art |
684. |  1682791000006112                                                                 mitoch myopath/encephalopath/lactic acidosis/stroke-like episode |
685. |   216701000006116                                                                                  post radiological embolism of lower limb artery |
     |----------------------------------------------------------------------------------------------------------------------------------------------------|
686. |   216711000006118                                                                                  post radiological embolism of upper limb artery |
687. |   218541000000116                                                                                                            thrombosis - arterial |
688. |  2515171000006111                                                                                                  narrowing of precerebral artery |
689. |  2583451000006111                                                            subarachnoid hemorrhage following injury with open intracranial wound |
690. |          25897016                                                                                                        subclavian steal syndrome |
     |----------------------------------------------------------------------------------------------------------------------------------------------------|
691. |         271757017                                                                                           open embolectomy of coeliac artery nec |
692. |         271759019                                                                               open embolectomy of superior mesenteric artery nec |
693. |         271760012                                                                               open embolectomy of inferior mesenteric artery nec |
694. |         271761011                                                                                        open embolectomy of suprarenal artery nec |
695. |         271780013                                                                       open embolectomy of visceral branch of abdominal aorta nec |
     |----------------------------------------------------------------------------------------------------------------------------------------------------|
696. |         272097014                                                                                                   open embolectomy of artery nec |
697. |  2837981000006113                                                                                               thrombosis of lateral venous sinus |
698. |  2837991000006111                                                                                                   thrombosis of transverse sinus |
699. |  2838001000006118                                                                                      cerebral venous thrombosis of lateral sinus |
700. |         294656010                                                                                                    arteriosclerotic dementia nos |
     |----------------------------------------------------------------------------------------------------------------------------------------------------|
701. |  2950231000006111                                                        subarachnoid haemorrhage following injury without open intracranial wound |
702. |         296938014                                                                                        thrombosis of superior longitudinal sinus |
703. |         296939018                                                                                                      thrombosis transverse sinus |
704. |         296940016                                                                            thrombosis of central nervous system venous sinus nos |
705. |         300406018                                                                                             sequelae of subarachnoid haemorrhage |
     |----------------------------------------------------------------------------------------------------------------------------------------------------|
706. |         300533017                                                                                    embolism and thrombosis of the thoracic aorta |
707. |         300534011                                                                                  embolism and thrombosis of an arm or leg artery |
708. |         300535012                                                                                   embolism and thrombosis of the brachial artery |
709. |         300536013                                                                                     embolism and thrombosis of the radial artery |
710. |         300537016                                                                                      embolism and thrombosis of the ulnar artery |
     |----------------------------------------------------------------------------------------------------------------------------------------------------|
711. |         300538014                                                                                     embolism and thrombosis of an arm artery nos |
712. |         300539018                                                                                    embolism and thrombosis of the femoral artery |
713. |         300540016                                                                                  embolism and thrombosis of the popliteal artery |
714. |         300541017                                                                            embolism and thrombosis of the anterior tibial artery |
715. |         300542012                                                                             embolism and thrombosis of the dorsalis pedis artery |
     |----------------------------------------------------------------------------------------------------------------------------------------------------|
716. |         300543019                                                                           embolism and thrombosis of the posterior tibial artery |
717. |         300547018                                                                                      embolism and thrombosis of a leg artery nos |
718. |         300550015                                                                                  peripheral arterial embolism and thrombosis nos |
719. |         300552011                                                                                embolism and thrombosis of other specified artery |
720. |         300553018                                                                            embolism and/or thrombosis of the common iliac artery |
     |----------------------------------------------------------------------------------------------------------------------------------------------------|
721. |         300554012                                                                          embolism and/or thrombosis of the internal iliac artery |
722. |         300555013                                                                          embolism and/or thrombosis of the external iliac artery |
723. |         300556014                                                                          embolism and thrombosis of the iliac artery unspecified |
724. |         300557017                                                                                 embolism and thrombosis of the subclavian artery |
725. |         300558010                                                                                    embolism and thrombosis of the splenic artery |
     |----------------------------------------------------------------------------------------------------------------------------------------------------|
726. |         300559019                                                                                   embolism and thrombosis of the axillary artery |
727. |         300561011                                                                                    embolism and thrombosis of the coeliac artery |
728. |         300562016                                                                                    embolism and thrombosis of the hepatic artery |
729. |         300563014                                                                                    embolism and thrombosis of other arteries nos |
730. |         300564015                                                                                             arterial embolism and thrombosis nos |
     |----------------------------------------------------------------------------------------------------------------------------------------------------|
731. |         300964011                                                                                     [x]embolism and thrombosis of other arteries |
732. |         307780013                                                                                             obstetric cerebral venous thrombosis |
733. |         307781012                                                                                          cerebral venous thrombosis in pregnancy |
734. |         307782017                                                                                     cerebral venous thrombosis in the puerperium |
735. |         320735017                                                                                          open traumatic subarachnoid haemorrhage |
     |----------------------------------------------------------------------------------------------------------------------------------------------------|
736. |  3414231000006117                                                                                                     mid - multi-infarct dementia |
737. |  3414251000006112                                                                                                          vad - vascular dementia |
738. |  3414261000006114                                                                                                           multi infarct dementia |
739. |        3503835018                                                                                          thromboembolus of internal iliac artery |
740. |        3503839012                                                                                          thromboembolus of external iliac artery |
     |----------------------------------------------------------------------------------------------------------------------------------------------------|
741. |         350563016                                                                                                                   saddle embolus |
742. |   363791000006112                                                                                                     [x]arteriosclerotic dementia |
743. |         391042012                                                                                        subarachnoid haemorrhage following injury |
744. |         391043019                                                                                               traumatic subarachnoid haemorrhage |
745. |         394347014                                                                              percutaneous transluminal embolectomy of artery nec |
     |----------------------------------------------------------------------------------------------------------------------------------------------------|
746. |         395794011                                                                                        arterial embolic and thrombotic occlusion |
747. |         395795012                                                                                                  arterial embolus and thrombosis |
748. |         395796013                                                                                   embolism and thrombosis of the abdominal aorta |
749. |  3962581000006110                                                                                             thrombosis of cavernous venous sinus |
750. |    39691000006110                                                                     oth cereb h'ge inj + open intracran wnd+>24hr loc + recovery |
     |----------------------------------------------------------------------------------------------------------------------------------------------------|
751. |    39701000006110                                                                      oth cereb h'ge inj + open intracran wnd+>24hr loc -restored |
752. |    39721000006117                                                                      oth cereb h'ge inj + open intracran wnd+loc unspec duration |
753. |    39741000006112                                                                     oth cereb h'ge inj no open intracran wnd+>24hr loc -restored |
754. |    39771000006116                                                                        oth cerebral h'ge inj + open intracran wnd + unspec consc |
755. |    39781000006118                                                                       oth cerebral h'ge inj + open intracran wnd+<1hr loss consc |
     |----------------------------------------------------------------------------------------------------------------------------------------------------|
756. |    39801000006119                                                                      oth cerebral h'ge inj + open intracranial wnd+no loss consc |
757. |    39811000006116                                                                      oth cerebral h'ge inj no open intracran wnd+<1hr loss consc |
758. |    39821000006112                                                                           oth cerebral h'ge inj no open intracran wnd+1-24hr loc |
759. |   399031000006111                                                                                                        [x]multi-infarct dementia |
760. |         402929011                                                                                        closed traumatic subarachnoid haemorrhage |
     |----------------------------------------------------------------------------------------------------------------------------------------------------|
761. |  4056971000006118                                                                                                     thrombosis of cerebral veins |
762. |   423221000006117                                                                                               [x]predominantly cortical dementia |
763. |  4768491000006118                                                                                          thrombosis of intracranial venous sinus |
764. |  4778071000006118                                                                                                          carotid artery syndrome |
765. |  4778101000006111                                                                                                      impending cerebral ischemia |
     |----------------------------------------------------------------------------------------------------------------------------------------------------|
766. |  4778121000006118                                                                                                   intermittent cerebral ischemia |
767. |  4778331000006118                                                                                              sequelae of subarachnoid hemorrhage |
768. |  4778351000006113                                                                                             sequelae of intracerebral hemorrhage |
769. |  4778981000006116                                                                                     embolism and thrombosis of the celiac artery |
770. |  4778991000006118                                                                                        embolism and thrombosis of hepatic artery |
     |----------------------------------------------------------------------------------------------------------------------------------------------------|
771. |   491241000006118                                                                                                 arterial embolism and thrombosis |
772. |         497559016                                                                                                        arteriosclerotic dementia |
773. |  5112201000006111                                                                                                        adrenocortical hemorrhage |
774. |  5560171000006116                                                                                                           aortic thromboembolism |
775. |  5597041000006114                                                                                                  cpsp - central post-stroke pain |
     |----------------------------------------------------------------------------------------------------------------------------------------------------|
776. |   586241000006116                                                                                              nonpyogenic venous sinus thrombosis |
777. |  5974521000006116                                                                                                   history of stroke in last year |
778. |  6015561000006112                                                                                  post-radiological embolism of upper limb artery |
779. |  6015601000006112                                                                                  post-radiological embolism of lower limb artery |
780. |   638871000006114                                                                          embolism and thrombosis of other and unspec parts aorta |
     |----------------------------------------------------------------------------------------------------------------------------------------------------|
781. |  6580991000006118                                                                                                             arterial embolectomy |
782. |  6880441000006119                                                                         stroke/transient ischemic attack monitoring first letter |
783. |  6880461000006115                                                                        stroke/transient ischemic attack monitoring second letter |
784. |  6880501000006115                                                                         stroke/transient ischemic attack monitoring third letter |
785. |  6901471000006110                                                                    stroke/transient ischemic attack monitoring verbal invitation |
     |----------------------------------------------------------------------------------------------------------------------------------------------------|
786. |  6907881000006118                                                                                                    hemorrhagic stroke monitoring |
787. |   696161000006115                                                                                                           multi infarct dementia |
788. |  7377831000006117                                                                         traumatic hemorrhage into subarachnoid space of neuraxis |
789. |  7378411000006114                                                                                             cerebral hemorrhage following injury |
790. |  7378441000006113                                                                                                    traumatic cerebral hemorrhage |
     |----------------------------------------------------------------------------------------------------------------------------------------------------|
791. |  7951281000006118                                                                                                  hemorrhage of medulla oblongata |
792. |  8195421000006116                                                                                    cerebrovascular accident (cva) 6 month review |
793. |  8328591000006112   scpe (surveillance of cerebral palsy in europe) predominant pattern classification c.3 - infarct of the middle cerebral artery |
794. |   884501000006113                                                                                                        cerebral a. occlusion nos |
795. |   884631000006118                                                                                                     arterial embolism/thrombosis |
     |----------------------------------------------------------------------------------------------------------------------------------------------------|
796. |   884641000006111                                                                                                    embolus/thrombosis abd. aorta |
797. |   884651000006113                                                                                                     embolus/thrombosis aorta nos |
798. |   884661000006110                                                                                                     peripheral arterial embolism |
799. |   884671000006115                                                                                                      embolus/thrombus artery nos |
800. |   905541000006119                                                                                                 [rfc] arterial embolism of limbs |
     +----------------------------------------------------------------------------------------------------------------------------------------------------+
(135 real changes made)
(135 real changes made)

    Result                      Number of obs
    -----------------------------------------
    Not matched                           384
        from master                       384  (_merge==1)
        from using                          0  (_merge==2)

    Matched                               416  (_merge==3)
    -----------------------------------------

     +---------------------------------------------------------------------------------------------------------------------------+
  1. |                                                                                                                      term |
     |                                                                             Cerebral venous thrombosis of cavernous sinus |
     |---------------------------------------------------------------------------------------------------------------------------|
     |                                                                            term_lshtm_4214                                |
     |                                                                 thrombosis cavernous sinus                                |
     +---------------------------------------------------------------------------------------------------------------------------+

     +---------------------------------------------------------------------------------------------------------------------------+
  3. |                                                                                                                      term |
     |                                                                                          Cerebral venous sinus thrombosis |
     |---------------------------------------------------------------------------------------------------------------------------|
     |                                                                            term_lshtm_4214                                |
     |                                        thrombosis of central nervous system venous sinuses                                |
     +---------------------------------------------------------------------------------------------------------------------------+

     +---------------------------------------------------------------------------------------------------------------------------+
 29. |                                                                                                                      term |
     |                                                                                                      Cerebral haemorrhage |
     |---------------------------------------------------------------------------------------------------------------------------|
     |                                                                            term_lshtm_4214                                |
     |                                                    stroke due to intracerebral haemorrhage                                |
     +---------------------------------------------------------------------------------------------------------------------------+

     +---------------------------------------------------------------------------------------------------------------------------+
 72. |                                                                                                                      term |
     |                                                                           Exception reporting - stroke quality indicators |
     |---------------------------------------------------------------------------------------------------------------------------|
     |                                                                            term_lshtm_4214                                |
     |                                             exception reporting: stroke quality indicators                                |
     +---------------------------------------------------------------------------------------------------------------------------+

     +---------------------------------------------------------------------------------------------------------------------------+
 73. |                                                                                                                      term |
     |                                                              Excepted from stroke quality indicators - patient unsuitable |
     |---------------------------------------------------------------------------------------------------------------------------|
     |                                                                            term_lshtm_4214                                |
     |                                excepted from stroke quality indicators: patient unsuitable                                |
     +---------------------------------------------------------------------------------------------------------------------------+

     +---------------------------------------------------------------------------------------------------------------------------+
 74. |                                                                                                                      term |
     |                                                                Excepted from stroke quality indicators - informed dissent |
     |---------------------------------------------------------------------------------------------------------------------------|
     |                                                                            term_lshtm_4214                                |
     |                                  excepted from stroke quality indicators: informed dissent                                |
     +---------------------------------------------------------------------------------------------------------------------------+

     +---------------------------------------------------------------------------------------------------------------------------+
141. |                                                                                                                      term |
     |                                                         Stroke/transient ischaemic attack monitoring telephone invitation |
     |---------------------------------------------------------------------------------------------------------------------------|
     |                                                                            term_lshtm_4214                                |
     |                               stroke/transient ischaemic attack monitoring telephone invte                                |
     +---------------------------------------------------------------------------------------------------------------------------+

     +---------------------------------------------------------------------------------------------------------------------------+
158. |                                                                                                                      term |
     |                                                                                                         CVA annual review |
     |---------------------------------------------------------------------------------------------------------------------------|
     |                                                                            term_lshtm_4214                                |
     |                                                                   stroke/cva annual review                                |
     +---------------------------------------------------------------------------------------------------------------------------+

     +---------------------------------------------------------------------------------------------------------------------------+
159. |                                                                                                                      term |
     |                                                       Referral for multidisciplinary stroke function improvement declined |
     |---------------------------------------------------------------------------------------------------------------------------|
     |                                                                            term_lshtm_4214                                |
     |                                 ref multidisciplinary stroke function improvement declined                                |
     +---------------------------------------------------------------------------------------------------------------------------+

     +---------------------------------------------------------------------------------------------------------------------------+
166. |                                                                                                                      term |
     | Surveillance of Cerebral Palsy in Europe classification - predominant pattern C.3 - infarct of the middle cerebral artery |
     |---------------------------------------------------------------------------------------------------------------------------|
     |                                                                            term_lshtm_4214                                |
     |                               scpe class predom patt c.3 infarct of middle cerebral artery                                |
     +---------------------------------------------------------------------------------------------------------------------------+

     +---------------------------------------------------------------------------------------------------------------------------+
253. |                                                                                                                      term |
     |                                                                                                        Lacunar infarction |
     |---------------------------------------------------------------------------------------------------------------------------|
     |                                                                            term_lshtm_4214                                |
     |                                                                 [x]other lacunar syndromes                                |
     +---------------------------------------------------------------------------------------------------------------------------+

     +---------------------------------------------------------------------------------------------------------------------------+
328. |                                                                                                                      term |
     |                                                                                                      Cerebral haemorrhage |
     |---------------------------------------------------------------------------------------------------------------------------|
     |                                                                            term_lshtm_4214                                |
     |                                                         [x]other intracerebral haemorrhage                                |
     +---------------------------------------------------------------------------------------------------------------------------+

     +---------------------------------------------------------------------------------------------------------------------------+
331. |                                                                                                                      term |
     |                                                                                                 Cerebral artery occlusion |
     |---------------------------------------------------------------------------------------------------------------------------|
     |                                                                            term_lshtm_4214                                |
     |                                       [x]occlusion and stenosis of other cerebral arteries                                |
     +---------------------------------------------------------------------------------------------------------------------------+

     +---------------------------------------------------------------------------------------------------------------------------+
451. |                                                                                                                      term |
     |                                                                                                       Cerebral infarction |
     |---------------------------------------------------------------------------------------------------------------------------|
     |                                                                            term_lshtm_4214                                |
     |                                                                    cerebral infarction nos                                |
     +---------------------------------------------------------------------------------------------------------------------------+

     +---------------------------------------------------------------------------------------------------------------------------+
480. |                                                                                                                      term |
     |                                                                                                  Cerebrovascular accident |
     |---------------------------------------------------------------------------------------------------------------------------|
     |                                                                            term_lshtm_4214                                |
     |                                            stroke and cerebrovascular accident unspecified                                |
     +---------------------------------------------------------------------------------------------------------------------------+

     +---------------------------------------------------------------------------------------------------------------------------+
493. |                                                                                                                      term |
     |                                                                                               Transient cerebral ischemia |
     |---------------------------------------------------------------------------------------------------------------------------|
     |                                                                            term_lshtm_4214                                |
     |                               [x]other transnt cerebral ischaemic attacks+related syndroms                                |
     +---------------------------------------------------------------------------------------------------------------------------+

     +---------------------------------------------------------------------------------------------------------------------------+
501. |                                                                                                                      term |
     |                                                                                                   Subarachnoid hemorrhage |
     |---------------------------------------------------------------------------------------------------------------------------|
     |                                                                            term_lshtm_4214                                |
     |                                [x]subarachnoid haemorrh from intracranial artery, unspecif                                |
     +---------------------------------------------------------------------------------------------------------------------------+

     +---------------------------------------------------------------------------------------------------------------------------+
591. |                                                                                                                      term |
     |                                                                                                 Basal ganglia haemorrhage |
     |---------------------------------------------------------------------------------------------------------------------------|
     |                                                                            term_lshtm_4214                                |
     |                                                                  basal nucleus haemorrhage                                |
     +---------------------------------------------------------------------------------------------------------------------------+

     +---------------------------------------------------------------------------------------------------------------------------+
601. |                                                                                                                      term |
     |                                                                                                 Brainstem stroke syndrome |
     |---------------------------------------------------------------------------------------------------------------------------|
     |                                                                            term_lshtm_4214                                |
     |                                                                 brain stem stroke syndrome                                |
     +---------------------------------------------------------------------------------------------------------------------------+

     +---------------------------------------------------------------------------------------------------------------------------+
602. |                                                                                                                      term |
     |                                                                                                     Brain stem infarction |
     |---------------------------------------------------------------------------------------------------------------------------|
     |                                                                            term_lshtm_4214                                |
     |                                                                       brainstem infarction                                |
     +---------------------------------------------------------------------------------------------------------------------------+

     +---------------------------------------------------------------------------------------------------------------------------+
604. |                                                                                                                      term |
     |                                                       Cerebral infarction due to cerebral venous thrombosis, non-pyogenic |
     |---------------------------------------------------------------------------------------------------------------------------|
     |                                                                            term_lshtm_4214                                |
     |                                  cereb infarct due cerebral venous thrombosis, nonpyogenic                                |
     +---------------------------------------------------------------------------------------------------------------------------+

     +---------------------------------------------------------------------------------------------------------------------------+
605. |                                                                                                                      term |
     |                                                                Cerebral infarction due to occlusion of precerebral artery |
     |---------------------------------------------------------------------------------------------------------------------------|
     |                                                                            term_lshtm_4214                                |
     |                                    cereb infarct due unsp occlus/stenos precerebr arteries                                |
     +---------------------------------------------------------------------------------------------------------------------------+

     +---------------------------------------------------------------------------------------------------------------------------+
630. |                                                                                                                      term |
     |                                                                                                     Wallenberg's syndrome |
     |---------------------------------------------------------------------------------------------------------------------------|
     |                                                                            term_lshtm_4214                                |
     |                                                                        wallenberg syndrome                                |
     +---------------------------------------------------------------------------------------------------------------------------+

     +---------------------------------------------------------------------------------------------------------------------------+
645. |                                                                                                                      term |
     |                                                           CVA - cerebrovascular accident due to cerebral artery occlusion |
     |---------------------------------------------------------------------------------------------------------------------------|
     |                                                                            term_lshtm_4214                                |
     |                                                            cva - cerebral artery occlusion                                |
     +---------------------------------------------------------------------------------------------------------------------------+

     +---------------------------------------------------------------------------------------------------------------------------+
646. |                                                                                                                      term |
     |                                                                                                       Cerebral hemorrhage |
     |---------------------------------------------------------------------------------------------------------------------------|
     |                                                                            term_lshtm_4214                                |
     |                               cva - cerebrovascular accid due to intracerebral haemorrhage                                |
     +---------------------------------------------------------------------------------------------------------------------------+

     +---------------------------------------------------------------------------------------------------------------------------+
648. |                                                                                                                      term |
     |                                                                                            CVA - Cerebrovascular accident |
     |---------------------------------------------------------------------------------------------------------------------------|
     |                                                                            term_lshtm_4214                                |
     |                                                 cva - cerebrovascular accident unspecified                                |
     +---------------------------------------------------------------------------------------------------------------------------+

     +---------------------------------------------------------------------------------------------------------------------------+
691. |                                                                                                                      term |
     |                                                                                           Intracerebral haemorrhage (ICH) |
     |---------------------------------------------------------------------------------------------------------------------------|
     |                                                                            term_lshtm_4214                                |
     |                                                                  intracerebral haemorrhage                                |
     +---------------------------------------------------------------------------------------------------------------------------+

     +---------------------------------------------------------------------------------------------------------------------------+
739. |                                                                                                                      term |
     |                                                                                       History of cerebrovascular accident |
     |---------------------------------------------------------------------------------------------------------------------------|
     |                                                                            term_lshtm_4214                                |
     |                                                                            h/o: cva/stroke                                |
     +---------------------------------------------------------------------------------------------------------------------------+

     +---------------------------------------------------------------------------------------------------------------------------+
754. |                                                                                                                      term |
     |                                Cerebral autosomal dominant arteriopathy with subcortical infarcts and leukoencephalopathy |
     |---------------------------------------------------------------------------------------------------------------------------|
     |                                                                            term_lshtm_4214                                |
     |                               cereb autosom dominant arteriop subcort infarcts leukoenceph                                |
     +---------------------------------------------------------------------------------------------------------------------------+

     +---------------------------------------------------------------------------------------------------------------------------+
790. |                                                                                                                      term |
     |                                                         Referral to multidisciplinary stroke function improvement service |
     |---------------------------------------------------------------------------------------------------------------------------|
     |                                                                            term_lshtm_4214                                |
     |                               ref to multidisciplinary stroke function improvement service                                |
     +---------------------------------------------------------------------------------------------------------------------------+

     +---------------------------------------------------------------------------------------------------------------------------+
793. |                                                                                                                      term |
     |                                                            Stroke/transient ischaemic attack monitoring verbal invitation |
     |---------------------------------------------------------------------------------------------------------------------------|
     |                                                                            term_lshtm_4214                                |
     |                               stroke/transient ischaemic attack monitoring verbal invitati                                |
     +---------------------------------------------------------------------------------------------------------------------------+
Terms on pre-existing list only...
(0 real changes made)
(0 real changes made)

. 
. //Count number of codes that didn't match
. count if snomedctconceptid == ""
  286

. list medcodeid term if snomedctconceptid == ""

     +----------------------------------------------------------------------------------------------------------------------------------------------------+
     |         medcodeid                                                                                                                             term |
     |----------------------------------------------------------------------------------------------------------------------------------------------------|
  1. |   100691000006118                                                                                    Cerebral venous thrombosis of cavernous sinus |
  2. |   100701000006118                                                                                                         thrombosis lateral sinus |
  3. |   100721000006111                                                                                                 Cerebral venous sinus thrombosis |
  4. |   100771000006112                                                                                                       thrombosis, carotid artery |
  5. |         101523017                                                                                              Aneurysm of external carotid artery |
     |----------------------------------------------------------------------------------------------------------------------------------------------------|
  6. |         104563015                                                                                                          Cerebrovascular disease |
  7. |         106392017                                                                                                          basilar artery syndrome |
  8. |         106394016                                                                                                    vertebrobasilar insufficiency |
 10. |  1130181000000113                                                                                             Small vessel cerebrovascular disease |
 11. |         114794013                                                                                                                 Moyamoya disease |
     |----------------------------------------------------------------------------------------------------------------------------------------------------|
 14. | 11823201000006116                                                                                                      occlusion of carotid artery |
 15. |         118689010                                                                                                              cerebral thrombosis |
 16. | 11878511000006113                                                                     cerebrovascular accident due to occlusion of cerebral artery |
 17. | 11903571000006110                                                                                          stroke due to intracerebral haemorrhage |
 18. | 11919571000006110                                                                                               [x]other intracerebral haemorrhage |
     |----------------------------------------------------------------------------------------------------------------------------------------------------|
 20. | 11923791000006114                                                         subarachnoid hemorrhage following injury without open intracranial wound |
 22. | 12222971000006119                                                                                                  occlusion of precerebral artery |
 33. |        1228941010                                                                                                           Carotid artery disease |
 34. |   123301000006118                                                                       subarach h'ge inj + open intracran wnd+loc unspec duration |
 35. |   123311000006115                                                                      subarach h'ge inj no open intracran wnd + concussion unspec |
     |----------------------------------------------------------------------------------------------------------------------------------------------------|
 36. |   123321000006111                                                                      subarach h'ge inj no open intracran wnd+>24hrs loc-restored |
 37. |   123331000006114                                                                      subarach h'ge inj no open intracran wnd+loc unspec duration |
 38. |   123351000006119                                                                     subarachnoid h'ge inj + open intracran wnd+concussion unspec |
 39. |   123361000006117                                                                      subarachnoid h'ge inj + open intracran wound + unspec consc |
 40. |   123391000006113                                                                      subarachnoid h'ge inj no open intracran wnd+<1hr loss consc |
     |----------------------------------------------------------------------------------------------------------------------------------------------------|
 41. |   123401000006110                                                                     subarachnoid h'ge inj no open intracran wnd+>24 loc+recovery |
 42. |   123411000006113                                                                        subarachnoid h'ge inj no open intracran wnd+no loss consc |
 43. |   123421000006117                                                                       subarachnoid h'ge inj no open intracran wound + 1-24hr loc |
 44. |   123431000006119                                                                     subarachnoid h'ge inj no open intracran wound + unspec consc |
 47. |   123491000006115                                                                                     subarachnoid haemorrhage from basilar artery |
     |----------------------------------------------------------------------------------------------------------------------------------------------------|
 50. |        1235913017                                                                                                         Cerebral vein thrombosis |
 54. |   126301000006113                                                                                                 stenosis of precerebral arteries |
 56. | 12722481000006116                                                                               right sided intracerebral haemorrhage, unspecified |
 57. | 12727431000006119                                                                                                          cerebral infarction nos |
 58. | 12727691000006117                                                                                  stroke and cerebrovascular accident unspecified |
     |----------------------------------------------------------------------------------------------------------------------------------------------------|
 59. | 12729181000006117                                                                                                     intracranial haemorrhage nos |
 60. | 12733151000006114                                                                                  peripheral arterial embolism and thrombosis nos |
 61. | 12733161000006111                                                                                             arterial embolism and thrombosis nos |
 62. | 12733211000006119                                                                                                 precerebral artery occlusion nos |
 63. | 12733221000006110                                                                                                 transient cerebral ischaemia nos |
     |----------------------------------------------------------------------------------------------------------------------------------------------------|
134. |        1476248016                                                                       Percutaneous coil embolisation of cerebral artery aneurysm |
139. |  1548051000006118                                                                      perc translum embolis major systemic pulmonary collater art |
140. |  1548281000006119                                                                 Percutaneous transluminal insertion of stent into carotid artery |
148. |  1682791000006112                                                                 mitoch myopath/encephalopath/lactic acidosis/stroke-like episode |
153. |  1746621000006118                                                                                                           Carotid endarterectomy |
     |----------------------------------------------------------------------------------------------------------------------------------------------------|
157. |        1780256012                                                                                                          Tortuous carotid artery |
174. |   216701000006116                                                                                  post radiological embolism of lower limb artery |
175. |   216711000006118                                                                                  post radiological embolism of upper limb artery |
178. |   218541000000116                                                                                                            thrombosis - arterial |
180. |  2397671000000118                                                                                   QBleed 5 year risk of intracranial haemorrhage |
     |----------------------------------------------------------------------------------------------------------------------------------------------------|
186. |        2475119012                                                                                               Non-traumatic subdural haemorrhage |
188. |        2476647018                                                                                            Vertebral artery compression syndrome |
189. |  2515171000006111                                                                                                  narrowing of precerebral artery |
191. |  2520541000006112                                                                                                          intracranial hemorrhage |
193. |        2534198011                                                                                                             Subdural haemorrhage |
     |----------------------------------------------------------------------------------------------------------------------------------------------------|
198. |  2583451000006111                                                            subarachnoid hemorrhage following injury with open intracranial wound |
199. |          25897016                                                                                                        subclavian steal syndrome |
200. |         262236010                                                                                                Carotid artery angiogram abnormal |
202. |  2622641000006116                                                                                                          intrapontine hemorrhage |
205. |         265692011                                                                                            Evacuation of intracerebral haematoma |
     |----------------------------------------------------------------------------------------------------------------------------------------------------|
206. |  2672991000006115                                                                                                Aneurysm of common carotid artery |
207. |   267311000006118                                                                       occlusion+stenosis of multiple and bilat cerebral arteries |
209. |        2695715012                                                                                            Endovascular repair of carotid artery |
210. |         271527011                                                                               Carotid, cerebral and subclavian artery operations |
211. |         271528018                                                                                                 Reconstruction of carotid artery |
     |----------------------------------------------------------------------------------------------------------------------------------------------------|
212. |         271529014                                                                                        Replacement of carotid artery using graft |
213. |         271530016                                                                                            Intracranial bypass to carotid artery |
214. |         271531017                                                                                                         Bypass of carotid artery |
215. |         271533019                                                                                                 Carotid endarterectomy and patch |
216. |         271534013                                                                                                           Carotid endarterectomy |
     |----------------------------------------------------------------------------------------------------------------------------------------------------|
217. |         271535014                                                                                 Other specified reconstruction of carotid artery |
218. |         271536010                                                                                             Reconstruction of carotid artery NOS |
219. |         271538011                                                                                                     Repair of carotid artery NEC |
220. |         271539015                                                                                                       Ligation of carotid artery |
221. |         271540018                                                                                               Open embolectomy of carotid artery |
     |----------------------------------------------------------------------------------------------------------------------------------------------------|
222. |         271542014                                                                                          Operation on aneurysm of carotid artery |
223. |         271546012                                                                          Percutaneous transluminal angioplasty of carotid artery |
224. |         271590019                                                                                              Embolisation of cerebral artery NEC |
225. |         271757017                                                                                           open embolectomy of coeliac artery nec |
226. |         271759019                                                                               open embolectomy of superior mesenteric artery nec |
     |----------------------------------------------------------------------------------------------------------------------------------------------------|
227. |         271760012                                                                               open embolectomy of inferior mesenteric artery nec |
228. |         271761011                                                                                        open embolectomy of suprarenal artery nec |
229. |         271780013                                                                       open embolectomy of visceral branch of abdominal aorta nec |
230. |         272097014                                                                                                   open embolectomy of artery nec |
233. |  2818821000006111                                                                                                     occlusion of cerebral artery |
     |----------------------------------------------------------------------------------------------------------------------------------------------------|
236. |  2837981000006113                                                                                               thrombosis of lateral venous sinus |
237. |  2837991000006111                                                                                                   thrombosis of transverse sinus |
238. |  2838001000006118                                                                                      cerebral venous thrombosis of lateral sinus |
241. |  2841161000006110                                                                                            subarachnoid intracranial haemorrhage |
244. |         294656010                                                                                                    arteriosclerotic dementia nos |
     |----------------------------------------------------------------------------------------------------------------------------------------------------|
245. |         294703019                                                                               Acute confusional state, of cerebrovascular origin |
246. |         294711012                                                                            Subacute confusional state, of cerebrovascular origin |
247. |  2950231000006111                                                        subarachnoid haemorrhage following injury without open intracranial wound |
249. |         296938014                                                                                        thrombosis of superior longitudinal sinus |
250. |         296939018                                                                                                      thrombosis transverse sinus |
     |----------------------------------------------------------------------------------------------------------------------------------------------------|
251. |         296940016                                                                            thrombosis of central nervous system venous sinus nos |
252. |         297013012                                                                             Cerebral degeneration due to cerebrovascular disease |
254. |         300200014                                                                                      Cardiovascular arteriosclerosis unspecified |
255. |         300244012                                                                     subarachnoid haemorrhage from carotid siphon and bifurcation |
256. |         300253017                                                                                   subarachnoid haemorrhage from vertebral artery |
     |----------------------------------------------------------------------------------------------------------------------------------------------------|
261. |         300290016                                                                                   other and unspecified intracranial haemorrhage |
262. |         300294013                                                                                              Subdural haemorrhage - nontraumatic |
263. |         300298011                                                                                                     intracranial haemorrhage nos |
264. |         300303013                                                                                                         basilar artery occlusion |
265. |         300309012                                                                                                       vertebral artery occlusion |
     |----------------------------------------------------------------------------------------------------------------------------------------------------|
273. |         300344014                                                                                              Carotid artery syndrome hemispheric |
285. |         300374018                                                                                                    Other cerebrovascular disease |
286. |         300379011                                                                                Generalised ischaemic cerebrovascular disease NOS |
287. |         300380014                                                                                          acute cerebrovascular insufficiency nos |
288. |         300389010                                                               Nonruptured cerebral aneurysm due to dissection of cerebral artery |
     |----------------------------------------------------------------------------------------------------------------------------------------------------|
292. |         300399017                                                                                    occlusion and stenosis of cerebellar arteries |
293. |         300401011                                                                                                 Other cerebrovascular disease OS |
294. |         300402016                                                                                                Other cerebrovascular disease NOS |
296. |         300406018                                                                                             sequelae of subarachnoid haemorrhage |
299. |         300418010                                                                                          Other specified cerebrovascular disease |
     |----------------------------------------------------------------------------------------------------------------------------------------------------|
300. |         300419019                                                                                                      Cerebrovascular disease NOS |
301. |         300533017                                                                                    embolism and thrombosis of the thoracic aorta |
302. |         300534011                                                                                  embolism and thrombosis of an arm or leg artery |
303. |         300535012                                                                                   embolism and thrombosis of the brachial artery |
304. |         300536013                                                                                     embolism and thrombosis of the radial artery |
     |----------------------------------------------------------------------------------------------------------------------------------------------------|
305. |         300537016                                                                                      embolism and thrombosis of the ulnar artery |
306. |         300538014                                                                                     embolism and thrombosis of an arm artery nos |
307. |         300539018                                                                                    embolism and thrombosis of the femoral artery |
308. |         300540016                                                                                  embolism and thrombosis of the popliteal artery |
309. |         300541017                                                                            embolism and thrombosis of the anterior tibial artery |
     |----------------------------------------------------------------------------------------------------------------------------------------------------|
310. |         300542012                                                                             embolism and thrombosis of the dorsalis pedis artery |
311. |         300543019                                                                           embolism and thrombosis of the posterior tibial artery |
312. |         300547018                                                                                      embolism and thrombosis of a leg artery nos |
313. |         300550015                                                                                  peripheral arterial embolism and thrombosis nos |
314. |         300552011                                                                                embolism and thrombosis of other specified artery |
     |----------------------------------------------------------------------------------------------------------------------------------------------------|
315. |         300553018                                                                            embolism and/or thrombosis of the common iliac artery |
316. |         300554012                                                                          embolism and/or thrombosis of the internal iliac artery |
317. |         300555013                                                                          embolism and/or thrombosis of the external iliac artery |
318. |         300556014                                                                          embolism and thrombosis of the iliac artery unspecified |
319. |         300557017                                                                                 embolism and thrombosis of the subclavian artery |
     |----------------------------------------------------------------------------------------------------------------------------------------------------|
320. |         300558010                                                                                    embolism and thrombosis of the splenic artery |
321. |         300559019                                                                                   embolism and thrombosis of the axillary artery |
322. |         300561011                                                                                    embolism and thrombosis of the coeliac artery |
323. |         300562016                                                                                    embolism and thrombosis of the hepatic artery |
324. |         300563014                                                                                    embolism and thrombosis of other arteries nos |
     |----------------------------------------------------------------------------------------------------------------------------------------------------|
325. |         300564015                                                                                             arterial embolism and thrombosis nos |
333. |         300964011                                                                                     [x]embolism and thrombosis of other arteries |
335. |  3071671000006117                                                                                                 subdural intracranial hemorrhage |
336. |  3071681000006119                                                                                                subdural intracranial haemorrhage |
337. |         307780013                                                                                             obstetric cerebral venous thrombosis |
     |----------------------------------------------------------------------------------------------------------------------------------------------------|
338. |         307781012                                                                                          cerebral venous thrombosis in pregnancy |
339. |         307782017                                                                                     cerebral venous thrombosis in the puerperium |
341. |         313568013                                                                                                 Cerebrovascular system anomalies |
346. |         320735017                                                                                          open traumatic subarachnoid haemorrhage |
350. |   321061000006111                                                                                                              [SO]Cerebral artery |
     |----------------------------------------------------------------------------------------------------------------------------------------------------|
351. |         324816018                                                                                 Mechanical complication of carotid artery bypass |
352. |  3299621000006119                                                                                                              cortical hemorrhage |
354. |  3414231000006117                                                                                                     mid - multi-infarct dementia |
355. |  3414251000006112                                                                                                          vad - vascular dementia |
356. |  3414261000006114                                                                                                           multi infarct dementia |
     |----------------------------------------------------------------------------------------------------------------------------------------------------|
364. |         345709014                                                                                            Dissection of internal carotid artery |
365. |         345710016                                                                                                      Vertebral artery dissection |
366. |        3503835018                                                                                          thromboembolus of internal iliac artery |
367. |        3503839012                                                                                          thromboembolus of external iliac artery |
368. |         350563016                                                                                                                   saddle embolus |
     |----------------------------------------------------------------------------------------------------------------------------------------------------|
378. |         350804018                                                                                   Congenital cerebral arteriovenous malformation |
411. |  3540781000006117                                                                                           vertebrobasilar arterial insufficiency |
419. |  3634871000006114                                                                                                       Carotid artery obstruction |
426. |   363791000006112                                                                                                     [x]arteriosclerotic dementia |
428. |  3662311000006113                                                                                                  thrombosis of cerebral arteries |
     |----------------------------------------------------------------------------------------------------------------------------------------------------|
429. |  3662321000006117                                                                                                     cerebral arterial thrombosis |
430. |  3662331000006119                                                                                                         ct - cerebral thrombosis |
437. |  3719871000006114                                                                                                           hemorrhagic cerebellum |
439. |   375781000000110                                                                                      Intracranial bypass from carotid artery NEC |
441. |  3778011000006112                                                                                              inferior cerebellar artery syndrome |
     |----------------------------------------------------------------------------------------------------------------------------------------------------|
444. |  3850551000006115                                                                                                epidural intracranial haemorrhage |
445. |  3850561000006118                                                                                                 epidural intracranial hemorrhage |
446. |         391042012                                                                                        subarachnoid haemorrhage following injury |
447. |         391043019                                                                                               traumatic subarachnoid haemorrhage |
448. |         394347014                                                                              percutaneous transluminal embolectomy of artery nec |
     |----------------------------------------------------------------------------------------------------------------------------------------------------|
450. |         395778016                                                                                                         carotid artery occlusion |
454. |         395794011                                                                                        arterial embolic and thrombotic occlusion |
455. |         395795012                                                                                                  arterial embolus and thrombosis |
456. |         395796013                                                                                   embolism and thrombosis of the abdominal aorta |
457. |  3962581000006110                                                                                             thrombosis of cavernous venous sinus |
     |----------------------------------------------------------------------------------------------------------------------------------------------------|
458. |    39691000006110                                                                     oth cereb h'ge inj + open intracran wnd+>24hr loc + recovery |
459. |    39701000006110                                                                      oth cereb h'ge inj + open intracran wnd+>24hr loc -restored |
461. |    39721000006117                                                                      oth cereb h'ge inj + open intracran wnd+loc unspec duration |
463. |    39741000006112                                                                     oth cereb h'ge inj no open intracran wnd+>24hr loc -restored |
466. |    39771000006116                                                                        oth cerebral h'ge inj + open intracran wnd + unspec consc |
     |----------------------------------------------------------------------------------------------------------------------------------------------------|
467. |    39781000006118                                                                       oth cerebral h'ge inj + open intracran wnd+<1hr loss consc |
470. |    39801000006119                                                                      oth cerebral h'ge inj + open intracranial wnd+no loss consc |
471. |    39811000006116                                                                      oth cerebral h'ge inj no open intracran wnd+<1hr loss consc |
472. |    39821000006112                                                                           oth cerebral h'ge inj no open intracran wnd+1-24hr loc |
474. |   399031000006111                                                                                                        [x]multi-infarct dementia |
     |----------------------------------------------------------------------------------------------------------------------------------------------------|
478. |         402929011                                                                                        closed traumatic subarachnoid haemorrhage |
484. |  4056971000006118                                                                                                     thrombosis of cerebral veins |
485. |  4056981000006115                                                                                                       Cerebral venous thrombosis |
491. |          41282012                                                                                              Aneurysm of internal carotid artery |
494. |   417171000006111                                                                      [X]Other vascular syndroms/brain in cerebrovasculr diseases |
     |----------------------------------------------------------------------------------------------------------------------------------------------------|
497. |   423221000006117                                                                                               [x]predominantly cortical dementia |
505. |         451368019                                                                                                     H/O: cerebrovascular disease |
509. |          47484015                                                                                                               Cerebral arteritis |
510. |  4768491000006118                                                                                          thrombosis of intracranial venous sinus |
511. |  4777721000006118                                                                      subarachnoid hemorrhage from carotid siphon and bifurcation |
     |----------------------------------------------------------------------------------------------------------------------------------------------------|
512. |  4777741000006113                                                                                    subarachnoid hemorrhage from vertebral artery |
513. |  4777751000006110                                                                       intracranial subarachnoid hemorrhage from vertebral artery |
514. |  4777761000006112                                                                      intracranial subarachnoid haemorrhage from vertebral artery |
516. |  4777831000006111                                                                                                      external capsule hemorrhage |
517. |  4777851000006116                                                                                       intracerebral hemorrhage, intraventricular |
     |----------------------------------------------------------------------------------------------------------------------------------------------------|
521. |  4777891000006110                                                                                     intracerebral hemorrhage, multiple localized |
522. |  4777941000006111                                                                                   non-traumatic intracranial subdural hemorrhage |
523. |  4777951000006113                                                                                  non-traumatic intracranial subdural haemorrhage |
524. |  4777971000006115                                                                                                       basilar artery obstruction |
525. |  4777981000006117                                                                                                      occlusion of basilar artery |
     |----------------------------------------------------------------------------------------------------------------------------------------------------|
526. |  4778071000006118                                                                                                          carotid artery syndrome |
527. |  4778101000006111                                                                                                      impending cerebral ischemia |
528. |  4778121000006118                                                                                                   intermittent cerebral ischemia |
532. |  4778331000006118                                                                                              sequelae of subarachnoid hemorrhage |
533. |  4778351000006113                                                                                             sequelae of intracerebral hemorrhage |
     |----------------------------------------------------------------------------------------------------------------------------------------------------|
534. |  4778981000006116                                                                                     embolism and thrombosis of the celiac artery |
535. |  4778991000006118                                                                                        embolism and thrombosis of hepatic artery |
537. |   482451000006111                                                                                                   Aneurysm of common carotid art |
539. |   491241000006118                                                                                                 arterial embolism and thrombosis |
540. |   491461000006118                                                                                                 Arteriography of cerebral artery |
     |----------------------------------------------------------------------------------------------------------------------------------------------------|
543. |         497559016                                                                                                        arteriosclerotic dementia |
544. |         498516011                                                                                    Evacuation of intracranial subdural haematoma |
545. |         499739014                                                                                                   insufficiency - basilar artery |
547. |  5011021000006113                                                                        cerebrovascular accident due to cerebral artery occlusion |
561. |  5011181000006113                                                                                                          li - lacunar infarction |
     |----------------------------------------------------------------------------------------------------------------------------------------------------|
572. |  5011401000006110                                                                                                        lobar cerebral hemorrhage |
581. |  5011511000006114                                                                                      carotid territory transient ischemic attack |
586. |  5011741000006115                                                                                                   Dissection of vertebral artery |
592. |  5048771000006110                                                                                        Endarterectomy of internal carotid artery |
597. |  5058511000006110                                                                                                          Carotid artery aneurysm |
     |----------------------------------------------------------------------------------------------------------------------------------------------------|
598. |         506344012                                                                                          Clipping of aneurysm of cerebral artery |
599. |  5112201000006111                                                                                                        adrenocortical hemorrhage |
603. |   538651000006114                                                                                                      Imaging of carotid arteries |
607. |   542511000006113                                                                                              Cerebral artery aneurysm operations |
615. |  5560161000006111                                                                                                   intracerebral hemorrhage (ich) |
     |----------------------------------------------------------------------------------------------------------------------------------------------------|
616. |  5560171000006116                                                                                                           aortic thromboembolism |
620. |  5583101000006116                                                                            subarachnoid haemorrhage from basilar artery aneurysm |
621. |  5583111000006118                                                                             subarachnoid hemorrhage from basilar artery aneurysm |
625. |  5597041000006114                                                                                                  cpsp - central post-stroke pain |
631. |          58046010                                                                                                        vertebral artery syndrome |
     |----------------------------------------------------------------------------------------------------------------------------------------------------|
632. |   586241000006116                                                                                              nonpyogenic venous sinus thrombosis |
635. |  5886761000006114                                                                                                          Carotid artery atheroma |
640. |  5974521000006116                                                                                                   history of stroke in last year |
643. |  6015561000006112                                                                                  post-radiological embolism of upper limb artery |
644. |  6015601000006112                                                                                  post-radiological embolism of lower limb artery |
     |----------------------------------------------------------------------------------------------------------------------------------------------------|
653. |  6350071000006110                                                                                                           Carotid artery disease |
654. |   638871000006114                                                                          embolism and thrombosis of other and unspec parts aorta |
655. |   641561000006113                                                              Endarterectomy of carotid artery and patch repair of carotid artery |
657. |  6580991000006118                                                                                                             arterial embolectomy |
658. |  6593141000006116                                                                                  nontraumatic extradural intracranial hemorrhage |
     |----------------------------------------------------------------------------------------------------------------------------------------------------|
659. |  6593151000006119                                                                                 nontraumatic extradural intracranial haemorrhage |
660. |    67501000006115                                                                                                 vertebro-basilar artery syndrome |
661. |    67511000006117                                                                                                   vertebro-basilar insufficiency |
667. |  6880441000006119                                                                         stroke/transient ischemic attack monitoring first letter |
668. |  6880461000006115                                                                        stroke/transient ischemic attack monitoring second letter |
     |----------------------------------------------------------------------------------------------------------------------------------------------------|
670. |  6880501000006115                                                                         stroke/transient ischemic attack monitoring third letter |
671. |  6901471000006110                                                                    stroke/transient ischemic attack monitoring verbal invitation |
672. |  6907881000006118                                                                                                    hemorrhagic stroke monitoring |
674. |   696161000006115                                                                                                           multi infarct dementia |
685. |  7377831000006117                                                                         traumatic hemorrhage into subarachnoid space of neuraxis |
     |----------------------------------------------------------------------------------------------------------------------------------------------------|
687. |  7378411000006114                                                                                             cerebral hemorrhage following injury |
689. |  7378441000006113                                                                                                    traumatic cerebral hemorrhage |
693. |  7459331000006112                                                                                                Drug-eluting carotid artery stent |
701. |          75861010                                                                                                      Cerebrovascular amyloidosis |
712. |  7806281000006113                                                                                                        Carotid artery dissection |
     |----------------------------------------------------------------------------------------------------------------------------------------------------|
724. |  7951281000006118                                                                                                  hemorrhage of medulla oblongata |
727. |   800691000006113                                                                                                  Diffuse cerebrovascular disease |
741. |  8195421000006116                                                                                    cerebrovascular accident (cva) 6 month review |
753. |  8328591000006112   scpe (surveillance of cerebral palsy in europe) predominant pattern classification c.3 - infarct of the middle cerebral artery |
757. |   865981000006114                                                                                                              Clipping - aneurysm |
     |----------------------------------------------------------------------------------------------------------------------------------------------------|
759. |   884441000006114                                                                                                             Subdural haemorrhage |
761. |   884461000006113                                                                                                          basilar artery occluded |
762. |   884471000006118                                                                                                          carotid artery occluded |
763. |   884481000006115                                                                                                        vertebral artery occluded |
764. |   884501000006113                                                                                                        cerebral a. occlusion nos |
     |----------------------------------------------------------------------------------------------------------------------------------------------------|
768. |   884541000006110                                                                                                        Cerebral arteriosclerosis |
770. |   884631000006118                                                                                                     arterial embolism/thrombosis |
771. |   884641000006111                                                                                                    embolus/thrombosis abd. aorta |
772. |   884651000006113                                                                                                     embolus/thrombosis aorta nos |
773. |   884661000006110                                                                                                     peripheral arterial embolism |
     |----------------------------------------------------------------------------------------------------------------------------------------------------|
774. |   884671000006115                                                                                                      embolus/thrombus artery nos |
777. |    90011000006112                                                                   Transluminal operations on cerebral artery or circle of Willis |
778. |   905541000006119                                                                                                 [rfc] arterial embolism of limbs |
783. |          92070010                                                                                                         Cerebral atherosclerosis |
784. |   938561000006115                                                                                                          Carotid atherosclerosis |
     |----------------------------------------------------------------------------------------------------------------------------------------------------|
792. |  9843291000006119                                                                                                   Left carotid artery dissection |
     +----------------------------------------------------------------------------------------------------------------------------------------------------+

. 
. //Compare newly found MedCodeIDs against Aurum dictionary
. preserve

.         //Merge new MedCodeIDs with medical dictionary
.         keep medcodeid

.         merge 1:1 medcodeid using `medical'
(variable medcodeid was str17, now str18 to accommodate using data's values)

    Result                      Number of obs
    -----------------------------------------
    Not matched                       240,367
        from master                        84  (_merge==1)
        from using                    240,283  (_merge==2)

    Matched                               716  (_merge==3)
    -----------------------------------------

.         generate byte not_in_dictionary = 1 if _merge == 1
(240,999 missing values generated)

.         list medcodeid if not_in_dictionary == 1

        +-------------------+
        |         medcodeid |
        |-------------------|
    16. | 11878511000006113 |
    17. | 11903571000006110 |
    18. | 11919571000006110 |
    20. | 11923791000006114 |
    22. | 12222971000006119 |
        |-------------------|
    34. |   123301000006118 |
    36. |   123321000006111 |
    39. |   123361000006117 |
    41. |   123401000006110 |
    56. | 12722481000006116 |
        |-------------------|
    57. | 12727431000006119 |
    58. | 12727691000006117 |
    59. | 12729181000006117 |
    60. | 12733151000006114 |
    61. | 12733161000006111 |
        |-------------------|
    62. | 12733211000006119 |
    63. | 12733221000006110 |
   189. |  2515171000006111 |
   198. |  2583451000006111 |
   202. |  2622641000006116 |
        |-------------------|
   228. |         271761011 |
   233. |  2818821000006111 |
   237. |  2837991000006111 |
   241. |  2841161000006110 |
   247. |  2950231000006111 |
        |-------------------|
   335. |  3071671000006117 |
   336. |  3071681000006119 |
   352. |  3299621000006119 |
   411. |  3540781000006117 |
   428. |  3662311000006113 |
        |-------------------|
   429. |  3662321000006117 |
   430. |  3662331000006119 |
   437. |  3719871000006114 |
   441. |  3778011000006112 |
   444. |  3850551000006115 |
        |-------------------|
   445. |  3850561000006118 |
   458. |    39691000006110 |
   459. |    39701000006110 |
   461. |    39721000006117 |
   463. |    39741000006112 |
        |-------------------|
   466. |    39771000006116 |
   467. |    39781000006118 |
   470. |    39801000006119 |
   471. |    39811000006116 |
   472. |    39821000006112 |
        |-------------------|
   511. |  4777721000006118 |
   512. |  4777741000006113 |
   513. |  4777751000006110 |
   514. |  4777761000006112 |
   516. |  4777831000006111 |
        |-------------------|
   517. |  4777851000006116 |
   521. |  4777891000006110 |
   522. |  4777941000006111 |
   523. |  4777951000006113 |
   524. |  4777971000006115 |
        |-------------------|
   526. |  4778071000006118 |
   527. |  4778101000006111 |
   528. |  4778121000006118 |
   532. |  4778331000006118 |
   533. |  4778351000006113 |
        |-------------------|
   534. |  4778981000006116 |
   547. |  5011021000006113 |
   561. |  5011181000006113 |
   572. |  5011401000006110 |
   581. |  5011511000006114 |
        |-------------------|
   599. |  5112201000006111 |
   615. |  5560161000006111 |
   621. |  5583111000006118 |
   625. |  5597041000006114 |
   640. |  5974521000006116 |
        |-------------------|
   643. |  6015561000006112 |
   658. |  6593141000006116 |
   659. |  6593151000006119 |
   667. |  6880441000006119 |
   668. |  6880461000006115 |
        |-------------------|
   670. |  6880501000006115 |
   671. |  6901471000006110 |
   672. |  6907881000006118 |
   685. |  7377831000006117 |
   687. |  7378411000006114 |
        |-------------------|
   689. |  7378441000006113 |
   724. |  7951281000006118 |
   741. |  8195421000006116 |
   753. |  8328591000006112 |
        +-------------------+

.         keep if not_in_dictionary == 1
(240,999 observations deleted)

.         keep medcodeid not_in_dictionary

.         tempfile notindict

.         save `notindict'
file C:\Users\rmjlton\AppData\Local\Temp\ST_3bf0_00000f.tmp saved as .dta format

. restore

. 
. //Remove codes not in Aurum dictionary
. merge 1:1 medcodeid using `notindict'
(variable medcodeid was str17, now str18 to accommodate using data's values)

    Result                      Number of obs
    -----------------------------------------
    Not matched                           716
        from master                       716  (_merge==1)
        from using                          0  (_merge==2)

    Matched                                84  (_merge==3)
    -----------------------------------------

. list medcodeid term if not_in_dictionary == 1

     +----------------------------------------------------------------------------------------------------------------------------------------------------+
     |         medcodeid                                                                                                                             term |
     |----------------------------------------------------------------------------------------------------------------------------------------------------|
 16. | 11878511000006113                                                                     cerebrovascular accident due to occlusion of cerebral artery |
 17. | 11903571000006110                                                                                          stroke due to intracerebral haemorrhage |
 18. | 11919571000006110                                                                                               [x]other intracerebral haemorrhage |
 20. | 11923791000006114                                                         subarachnoid hemorrhage following injury without open intracranial wound |
 22. | 12222971000006119                                                                                                  occlusion of precerebral artery |
     |----------------------------------------------------------------------------------------------------------------------------------------------------|
 34. |   123301000006118                                                                       subarach h'ge inj + open intracran wnd+loc unspec duration |
 36. |   123321000006111                                                                      subarach h'ge inj no open intracran wnd+>24hrs loc-restored |
 39. |   123361000006117                                                                      subarachnoid h'ge inj + open intracran wound + unspec consc |
 41. |   123401000006110                                                                     subarachnoid h'ge inj no open intracran wnd+>24 loc+recovery |
 56. | 12722481000006116                                                                               right sided intracerebral haemorrhage, unspecified |
     |----------------------------------------------------------------------------------------------------------------------------------------------------|
 57. | 12727431000006119                                                                                                          cerebral infarction nos |
 58. | 12727691000006117                                                                                  stroke and cerebrovascular accident unspecified |
 59. | 12729181000006117                                                                                                     intracranial haemorrhage nos |
 60. | 12733151000006114                                                                                  peripheral arterial embolism and thrombosis nos |
 61. | 12733161000006111                                                                                             arterial embolism and thrombosis nos |
     |----------------------------------------------------------------------------------------------------------------------------------------------------|
 62. | 12733211000006119                                                                                                 precerebral artery occlusion nos |
 63. | 12733221000006110                                                                                                 transient cerebral ischaemia nos |
189. |  2515171000006111                                                                                                  narrowing of precerebral artery |
198. |  2583451000006111                                                            subarachnoid hemorrhage following injury with open intracranial wound |
202. |  2622641000006116                                                                                                          intrapontine hemorrhage |
     |----------------------------------------------------------------------------------------------------------------------------------------------------|
228. |         271761011                                                                                        open embolectomy of suprarenal artery nec |
233. |  2818821000006111                                                                                                     occlusion of cerebral artery |
237. |  2837991000006111                                                                                                   thrombosis of transverse sinus |
241. |  2841161000006110                                                                                            subarachnoid intracranial haemorrhage |
247. |  2950231000006111                                                        subarachnoid haemorrhage following injury without open intracranial wound |
     |----------------------------------------------------------------------------------------------------------------------------------------------------|
335. |  3071671000006117                                                                                                 subdural intracranial hemorrhage |
336. |  3071681000006119                                                                                                subdural intracranial haemorrhage |
352. |  3299621000006119                                                                                                              cortical hemorrhage |
411. |  3540781000006117                                                                                           vertebrobasilar arterial insufficiency |
428. |  3662311000006113                                                                                                  thrombosis of cerebral arteries |
     |----------------------------------------------------------------------------------------------------------------------------------------------------|
429. |  3662321000006117                                                                                                     cerebral arterial thrombosis |
430. |  3662331000006119                                                                                                         ct - cerebral thrombosis |
437. |  3719871000006114                                                                                                           hemorrhagic cerebellum |
441. |  3778011000006112                                                                                              inferior cerebellar artery syndrome |
444. |  3850551000006115                                                                                                epidural intracranial haemorrhage |
     |----------------------------------------------------------------------------------------------------------------------------------------------------|
445. |  3850561000006118                                                                                                 epidural intracranial hemorrhage |
458. |    39691000006110                                                                     oth cereb h'ge inj + open intracran wnd+>24hr loc + recovery |
459. |    39701000006110                                                                      oth cereb h'ge inj + open intracran wnd+>24hr loc -restored |
461. |    39721000006117                                                                      oth cereb h'ge inj + open intracran wnd+loc unspec duration |
463. |    39741000006112                                                                     oth cereb h'ge inj no open intracran wnd+>24hr loc -restored |
     |----------------------------------------------------------------------------------------------------------------------------------------------------|
466. |    39771000006116                                                                        oth cerebral h'ge inj + open intracran wnd + unspec consc |
467. |    39781000006118                                                                       oth cerebral h'ge inj + open intracran wnd+<1hr loss consc |
470. |    39801000006119                                                                      oth cerebral h'ge inj + open intracranial wnd+no loss consc |
471. |    39811000006116                                                                      oth cerebral h'ge inj no open intracran wnd+<1hr loss consc |
472. |    39821000006112                                                                           oth cerebral h'ge inj no open intracran wnd+1-24hr loc |
     |----------------------------------------------------------------------------------------------------------------------------------------------------|
511. |  4777721000006118                                                                      subarachnoid hemorrhage from carotid siphon and bifurcation |
512. |  4777741000006113                                                                                    subarachnoid hemorrhage from vertebral artery |
513. |  4777751000006110                                                                       intracranial subarachnoid hemorrhage from vertebral artery |
514. |  4777761000006112                                                                      intracranial subarachnoid haemorrhage from vertebral artery |
516. |  4777831000006111                                                                                                      external capsule hemorrhage |
     |----------------------------------------------------------------------------------------------------------------------------------------------------|
517. |  4777851000006116                                                                                       intracerebral hemorrhage, intraventricular |
521. |  4777891000006110                                                                                     intracerebral hemorrhage, multiple localized |
522. |  4777941000006111                                                                                   non-traumatic intracranial subdural hemorrhage |
523. |  4777951000006113                                                                                  non-traumatic intracranial subdural haemorrhage |
524. |  4777971000006115                                                                                                       basilar artery obstruction |
     |----------------------------------------------------------------------------------------------------------------------------------------------------|
526. |  4778071000006118                                                                                                          carotid artery syndrome |
527. |  4778101000006111                                                                                                      impending cerebral ischemia |
528. |  4778121000006118                                                                                                   intermittent cerebral ischemia |
532. |  4778331000006118                                                                                              sequelae of subarachnoid hemorrhage |
533. |  4778351000006113                                                                                             sequelae of intracerebral hemorrhage |
     |----------------------------------------------------------------------------------------------------------------------------------------------------|
534. |  4778981000006116                                                                                     embolism and thrombosis of the celiac artery |
547. |  5011021000006113                                                                        cerebrovascular accident due to cerebral artery occlusion |
561. |  5011181000006113                                                                                                          li - lacunar infarction |
572. |  5011401000006110                                                                                                        lobar cerebral hemorrhage |
581. |  5011511000006114                                                                                      carotid territory transient ischemic attack |
     |----------------------------------------------------------------------------------------------------------------------------------------------------|
599. |  5112201000006111                                                                                                        adrenocortical hemorrhage |
615. |  5560161000006111                                                                                                   intracerebral hemorrhage (ich) |
621. |  5583111000006118                                                                             subarachnoid hemorrhage from basilar artery aneurysm |
625. |  5597041000006114                                                                                                  cpsp - central post-stroke pain |
640. |  5974521000006116                                                                                                   history of stroke in last year |
     |----------------------------------------------------------------------------------------------------------------------------------------------------|
643. |  6015561000006112                                                                                  post-radiological embolism of upper limb artery |
658. |  6593141000006116                                                                                  nontraumatic extradural intracranial hemorrhage |
659. |  6593151000006119                                                                                 nontraumatic extradural intracranial haemorrhage |
667. |  6880441000006119                                                                         stroke/transient ischemic attack monitoring first letter |
668. |  6880461000006115                                                                        stroke/transient ischemic attack monitoring second letter |
     |----------------------------------------------------------------------------------------------------------------------------------------------------|
670. |  6880501000006115                                                                         stroke/transient ischemic attack monitoring third letter |
671. |  6901471000006110                                                                    stroke/transient ischemic attack monitoring verbal invitation |
672. |  6907881000006118                                                                                                    hemorrhagic stroke monitoring |
685. |  7377831000006117                                                                         traumatic hemorrhage into subarachnoid space of neuraxis |
687. |  7378411000006114                                                                                             cerebral hemorrhage following injury |
     |----------------------------------------------------------------------------------------------------------------------------------------------------|
689. |  7378441000006113                                                                                                    traumatic cerebral hemorrhage |
724. |  7951281000006118                                                                                                  hemorrhage of medulla oblongata |
741. |  8195421000006116                                                                                    cerebrovascular accident (cva) 6 month review |
753. |  8328591000006112   scpe (surveillance of cerebral palsy in europe) predominant pattern classification c.3 - infarct of the middle cerebral artery |
     +----------------------------------------------------------------------------------------------------------------------------------------------------+

. drop if not_in_dictionary == 1
(84 observations deleted)

. drop not_in_dictionary _merge

. 
. //Check for any additional new codes that haven't been accounted for
. list medcodeid term lshtm_* if snomedctconceptid == ""

     +-----------------------------------------------------------------------------------------------------------------------------------------------------------+
     |         medcodeid                                                                  term   lsh~2102   lsh~2196   lsh~2815   lsh~3265   lsh~3590   lsh~4214 |
     |-----------------------------------------------------------------------------------------------------------------------------------------------------------|
  1. |   100691000006118                         Cerebral venous thrombosis of cavernous sinus          .          .          .          1          1          1 |
  2. |   100701000006118                                              thrombosis lateral sinus          .          .          .          .          1          1 |
  3. |   100721000006111                                      Cerebral venous sinus thrombosis          .          .          .          1          1          1 |
  4. |   100771000006112                                            thrombosis, carotid artery          1          1          1          1          1          1 |
  5. |         101523017                                   Aneurysm of external carotid artery          .          .          .          1          .          . |
     |-----------------------------------------------------------------------------------------------------------------------------------------------------------|
  6. |         104563015                                               Cerebrovascular disease          .          .          .          1          .          . |
  7. |         106392017                                               basilar artery syndrome          1          1          1          1          1          1 |
  8. |         106394016                                         vertebrobasilar insufficiency          1          1          .          1          1          1 |
 10. |  1130181000000113                                  Small vessel cerebrovascular disease          .          .          .          1          .          . |
 11. |         114794013                                                      Moyamoya disease          .          .          .          1          .          . |
     |-----------------------------------------------------------------------------------------------------------------------------------------------------------|
 14. | 11823201000006116                                           occlusion of carotid artery          1          1          1          .          1          1 |
 15. |         118689010                                                   cerebral thrombosis          1          1          1          1          1          1 |
 28. |        1228941010                                                Carotid artery disease          .          .          .          1          .          . |
 29. |   123311000006115           subarach h'ge inj no open intracran wnd + concussion unspec          .          .          .          .          1          1 |
 30. |   123331000006114           subarach h'ge inj no open intracran wnd+loc unspec duration          .          .          .          .          1          1 |
     |-----------------------------------------------------------------------------------------------------------------------------------------------------------|
 31. |   123351000006119          subarachnoid h'ge inj + open intracran wnd+concussion unspec          .          .          .          .          1          1 |
 32. |   123391000006113           subarachnoid h'ge inj no open intracran wnd+<1hr loss consc          .          .          .          .          1          1 |
 33. |   123411000006113             subarachnoid h'ge inj no open intracran wnd+no loss consc          .          .          .          .          1          1 |
 34. |   123421000006117            subarachnoid h'ge inj no open intracran wound + 1-24hr loc          .          .          .          .          1          1 |
 35. |   123431000006119          subarachnoid h'ge inj no open intracran wound + unspec consc          .          .          .          .          1          1 |
     |-----------------------------------------------------------------------------------------------------------------------------------------------------------|
 38. |   123491000006115                          subarachnoid haemorrhage from basilar artery          1          1          .          1          1          1 |
 41. |        1235913017                                              Cerebral vein thrombosis          .          .          .          1          1          1 |
 45. |   126301000006113                                      stenosis of precerebral arteries          .          .          .          .          1          1 |
117. |        1476248016            Percutaneous coil embolisation of cerebral artery aneurysm          .          .          .          1          .          . |
122. |  1548051000006118           perc translum embolis major systemic pulmonary collater art          .          .          .          .          1          1 |
     |-----------------------------------------------------------------------------------------------------------------------------------------------------------|
123. |  1548281000006119      Percutaneous transluminal insertion of stent into carotid artery          .          .          .          1          .          . |
131. |  1682791000006112      mitoch myopath/encephalopath/lactic acidosis/stroke-like episode          .          .          .          .          1          1 |
136. |  1746621000006118                                                Carotid endarterectomy          .          .          .          1          .          . |
140. |        1780256012                                               Tortuous carotid artery          .          .          .          1          .          . |
157. |   216701000006116                       post radiological embolism of lower limb artery          .          .          .          .          1          1 |
     |-----------------------------------------------------------------------------------------------------------------------------------------------------------|
158. |   216711000006118                       post radiological embolism of upper limb artery          .          .          .          .          1          1 |
161. |   218541000000116                                                 thrombosis - arterial          .          .          .          .          1          1 |
163. |  2397671000000118                        QBleed 5 year risk of intracranial haemorrhage          .          .          .          1          .          . |
169. |        2475119012                                    Non-traumatic subdural haemorrhage          .          .          .          1          .          . |
171. |        2476647018                                 Vertebral artery compression syndrome          .          .          .          1          1          1 |
     |-----------------------------------------------------------------------------------------------------------------------------------------------------------|
173. |  2520541000006112                                               intracranial hemorrhage          1          1          .          .          1          1 |
175. |        2534198011                                                  Subdural haemorrhage          .          .          .          1          .          . |
180. |          25897016                                             subclavian steal syndrome          .          .          .          .          1          1 |
181. |         262236010                                     Carotid artery angiogram abnormal          .          .          .          1          .          . |
185. |         265692011                                 Evacuation of intracerebral haematoma          .          .          .          1          .          . |
     |-----------------------------------------------------------------------------------------------------------------------------------------------------------|
186. |  2672991000006115                                     Aneurysm of common carotid artery          .          .          .          1          .          . |
187. |   267311000006118            occlusion+stenosis of multiple and bilat cerebral arteries          1          1          1          .          1          1 |
189. |        2695715012                                 Endovascular repair of carotid artery          .          .          .          1          .          . |
190. |         271527011                    Carotid, cerebral and subclavian artery operations          .          .          .          1          .          . |
191. |         271528018                                      Reconstruction of carotid artery          .          .          .          1          .          . |
     |-----------------------------------------------------------------------------------------------------------------------------------------------------------|
192. |         271529014                             Replacement of carotid artery using graft          .          .          .          1          .          . |
193. |         271530016                                 Intracranial bypass to carotid artery          .          .          .          1          .          . |
194. |         271531017                                              Bypass of carotid artery          .          .          .          1          .          . |
195. |         271533019                                      Carotid endarterectomy and patch          .          .          .          1          .          . |
196. |         271534013                                                Carotid endarterectomy          .          .          .          1          .          . |
     |-----------------------------------------------------------------------------------------------------------------------------------------------------------|
197. |         271535014                      Other specified reconstruction of carotid artery          .          .          .          1          .          . |
198. |         271536010                                  Reconstruction of carotid artery NOS          .          .          .          1          .          . |
199. |         271538011                                          Repair of carotid artery NEC          .          .          .          1          .          . |
200. |         271539015                                            Ligation of carotid artery          .          .          .          1          .          . |
201. |         271540018                                    Open embolectomy of carotid artery          .          .          .          1          .          . |
     |-----------------------------------------------------------------------------------------------------------------------------------------------------------|
202. |         271542014                               Operation on aneurysm of carotid artery          .          .          .          1          .          . |
203. |         271546012               Percutaneous transluminal angioplasty of carotid artery          .          .          .          1          .          . |
204. |         271590019                                   Embolisation of cerebral artery NEC          .          .          .          1          .          . |
205. |         271757017                                open embolectomy of coeliac artery nec          .          .          .          .          1          1 |
206. |         271759019                    open embolectomy of superior mesenteric artery nec          .          .          .          .          1          1 |
     |-----------------------------------------------------------------------------------------------------------------------------------------------------------|
207. |         271760012                    open embolectomy of inferior mesenteric artery nec          .          .          .          .          1          1 |
208. |         271780013            open embolectomy of visceral branch of abdominal aorta nec          .          .          .          .          1          1 |
209. |         272097014                                        open embolectomy of artery nec          .          .          .          .          1          1 |
214. |  2837981000006113                                    thrombosis of lateral venous sinus          .          .          .          .          1          1 |
215. |  2838001000006118                           cerebral venous thrombosis of lateral sinus          .          .          .          .          1          1 |
     |-----------------------------------------------------------------------------------------------------------------------------------------------------------|
220. |         294656010                                         arteriosclerotic dementia nos          .          .          .          .          1          1 |
221. |         294703019                    Acute confusional state, of cerebrovascular origin          .          .          .          1          .          . |
222. |         294711012                 Subacute confusional state, of cerebrovascular origin          .          .          .          1          .          . |
224. |         296938014                             thrombosis of superior longitudinal sinus          .          .          .          .          1          1 |
225. |         296939018                                           thrombosis transverse sinus          .          .          .          .          1          1 |
     |-----------------------------------------------------------------------------------------------------------------------------------------------------------|
226. |         296940016                 thrombosis of central nervous system venous sinus nos          .          .          .          .          1          1 |
227. |         297013012                  Cerebral degeneration due to cerebrovascular disease          .          .          .          1          .          . |
229. |         300200014                           Cardiovascular arteriosclerosis unspecified          .          .          .          1          .          . |
230. |         300244012          subarachnoid haemorrhage from carotid siphon and bifurcation          1          1          .          1          1          1 |
231. |         300253017                        subarachnoid haemorrhage from vertebral artery          1          1          .          .          1          1 |
     |-----------------------------------------------------------------------------------------------------------------------------------------------------------|
236. |         300290016                        other and unspecified intracranial haemorrhage          1          1          .          1          1          1 |
237. |         300294013                                   Subdural haemorrhage - nontraumatic          .          .          .          1          .          . |
238. |         300298011                                          intracranial haemorrhage nos          1          1          .          1          1          1 |
239. |         300303013                                              basilar artery occlusion          1          1          1          1          1          1 |
240. |         300309012                                            vertebral artery occlusion          1          1          1          1          1          1 |
     |-----------------------------------------------------------------------------------------------------------------------------------------------------------|
248. |         300344014                                   Carotid artery syndrome hemispheric          .          .          .          1          1          1 |
260. |         300374018                                         Other cerebrovascular disease          .          .          .          1          .          . |
261. |         300379011                     Generalised ischaemic cerebrovascular disease NOS          .          .          .          1          .          . |
262. |         300380014                               acute cerebrovascular insufficiency nos          1          1          .          .          1          1 |
263. |         300389010    Nonruptured cerebral aneurysm due to dissection of cerebral artery          .          .          .          1          .          . |
     |-----------------------------------------------------------------------------------------------------------------------------------------------------------|
267. |         300399017                         occlusion and stenosis of cerebellar arteries          1          1          1          .          1          1 |
268. |         300401011                                      Other cerebrovascular disease OS          .          .          .          1          .          . |
269. |         300402016                                     Other cerebrovascular disease NOS          .          .          .          1          .          . |
271. |         300406018                                  sequelae of subarachnoid haemorrhage          .          .          .          .          1          1 |
274. |         300418010                               Other specified cerebrovascular disease          .          .          .          1          .          . |
     |-----------------------------------------------------------------------------------------------------------------------------------------------------------|
275. |         300419019                                           Cerebrovascular disease NOS          .          .          .          1          .          . |
276. |         300533017                         embolism and thrombosis of the thoracic aorta          .          .          .          .          1          1 |
277. |         300534011                       embolism and thrombosis of an arm or leg artery          .          .          .          .          1          1 |
278. |         300535012                        embolism and thrombosis of the brachial artery          .          .          .          .          1          1 |
279. |         300536013                          embolism and thrombosis of the radial artery          .          .          .          .          1          1 |
     |-----------------------------------------------------------------------------------------------------------------------------------------------------------|
280. |         300537016                           embolism and thrombosis of the ulnar artery          .          .          .          .          1          1 |
281. |         300538014                          embolism and thrombosis of an arm artery nos          .          .          .          .          1          1 |
282. |         300539018                         embolism and thrombosis of the femoral artery          .          .          .          .          1          1 |
283. |         300540016                       embolism and thrombosis of the popliteal artery          .          .          .          .          1          1 |
284. |         300541017                 embolism and thrombosis of the anterior tibial artery          .          .          .          .          1          1 |
     |-----------------------------------------------------------------------------------------------------------------------------------------------------------|
285. |         300542012                  embolism and thrombosis of the dorsalis pedis artery          .          .          .          .          1          1 |
286. |         300543019                embolism and thrombosis of the posterior tibial artery          .          .          .          .          1          1 |
287. |         300547018                           embolism and thrombosis of a leg artery nos          .          .          .          .          1          1 |
288. |         300550015                       peripheral arterial embolism and thrombosis nos          .          .          .          .          1          1 |
289. |         300552011                     embolism and thrombosis of other specified artery          .          .          .          .          1          1 |
     |-----------------------------------------------------------------------------------------------------------------------------------------------------------|
290. |         300553018                 embolism and/or thrombosis of the common iliac artery          .          .          .          .          1          1 |
291. |         300554012               embolism and/or thrombosis of the internal iliac artery          .          .          .          .          1          1 |
292. |         300555013               embolism and/or thrombosis of the external iliac artery          .          .          .          .          1          1 |
293. |         300556014               embolism and thrombosis of the iliac artery unspecified          .          .          .          .          1          1 |
294. |         300557017                      embolism and thrombosis of the subclavian artery          .          .          .          .          1          1 |
     |-----------------------------------------------------------------------------------------------------------------------------------------------------------|
295. |         300558010                         embolism and thrombosis of the splenic artery          .          .          .          .          1          1 |
296. |         300559019                        embolism and thrombosis of the axillary artery          .          .          .          .          1          1 |
297. |         300561011                         embolism and thrombosis of the coeliac artery          .          .          .          .          1          1 |
298. |         300562016                         embolism and thrombosis of the hepatic artery          .          .          .          .          1          1 |
299. |         300563014                         embolism and thrombosis of other arteries nos          .          .          .          .          1          1 |
     |-----------------------------------------------------------------------------------------------------------------------------------------------------------|
300. |         300564015                                  arterial embolism and thrombosis nos          .          .          .          .          1          1 |
308. |         300964011                          [x]embolism and thrombosis of other arteries          .          .          .          .          1          1 |
310. |         307780013                                  obstetric cerebral venous thrombosis          .          .          .          .          1          1 |
311. |         307781012                               cerebral venous thrombosis in pregnancy          .          .          .          .          1          1 |
312. |         307782017                          cerebral venous thrombosis in the puerperium          .          .          .          .          1          1 |
     |-----------------------------------------------------------------------------------------------------------------------------------------------------------|
314. |         313568013                                      Cerebrovascular system anomalies          .          .          .          1          .          . |
319. |         320735017                               open traumatic subarachnoid haemorrhage          .          .          .          .          1          1 |
323. |   321061000006111                                                   [SO]Cerebral artery          .          .          .          1          .          . |
324. |         324816018                      Mechanical complication of carotid artery bypass          .          .          .          1          .          . |
326. |  3414231000006117                                          mid - multi-infarct dementia          .          .          .          .          1          1 |
     |-----------------------------------------------------------------------------------------------------------------------------------------------------------|
327. |  3414251000006112                                               vad - vascular dementia          .          .          .          .          1          1 |
328. |  3414261000006114                                                multi infarct dementia          .          .          .          .          1          1 |
336. |         345709014                                 Dissection of internal carotid artery          .          .          .          1          .          . |
337. |         345710016                                           Vertebral artery dissection          .          .          .          1          .          . |
338. |        3503835018                               thromboembolus of internal iliac artery          .          .          .          .          1          1 |
     |-----------------------------------------------------------------------------------------------------------------------------------------------------------|
339. |        3503839012                               thromboembolus of external iliac artery          .          .          .          .          1          1 |
340. |         350563016                                                        saddle embolus          .          .          .          .          1          1 |
350. |         350804018                        Congenital cerebral arteriovenous malformation          .          .          .          1          .          . |
390. |  3634871000006114                                            Carotid artery obstruction          .          .          .          1          .          . |
397. |   363791000006112                                          [x]arteriosclerotic dementia          .          .          .          .          1          1 |
     |-----------------------------------------------------------------------------------------------------------------------------------------------------------|
406. |   375781000000110                           Intracranial bypass from carotid artery NEC          .          .          .          1          .          . |
410. |         391042012                             subarachnoid haemorrhage following injury          .          .          .          .          1          1 |
411. |         391043019                                    traumatic subarachnoid haemorrhage          .          .          .          .          1          1 |
412. |         394347014                   percutaneous transluminal embolectomy of artery nec          .          .          .          .          1          1 |
414. |         395778016                                              carotid artery occlusion          1          1          1          1          1          1 |
     |-----------------------------------------------------------------------------------------------------------------------------------------------------------|
418. |         395794011                             arterial embolic and thrombotic occlusion          .          .          .          .          1          1 |
419. |         395795012                                       arterial embolus and thrombosis          .          .          .          .          1          1 |
420. |         395796013                        embolism and thrombosis of the abdominal aorta          .          .          .          .          1          1 |
421. |  3962581000006110                                  thrombosis of cavernous venous sinus          .          .          .          .          1          1 |
429. |   399031000006111                                             [x]multi-infarct dementia          .          .          .          .          1          1 |
     |-----------------------------------------------------------------------------------------------------------------------------------------------------------|
433. |         402929011                             closed traumatic subarachnoid haemorrhage          .          .          .          .          1          1 |
439. |  4056971000006118                                          thrombosis of cerebral veins          .          .          .          .          1          1 |
440. |  4056981000006115                                            Cerebral venous thrombosis          .          .          .          1          1          1 |
446. |          41282012                                   Aneurysm of internal carotid artery          .          .          .          1          .          . |
449. |   417171000006111           [X]Other vascular syndroms/brain in cerebrovasculr diseases          .          .          .          1          .          . |
     |-----------------------------------------------------------------------------------------------------------------------------------------------------------|
452. |   423221000006117                                    [x]predominantly cortical dementia          .          .          .          .          1          1 |
460. |         451368019                                          H/O: cerebrovascular disease          .          .          .          1          .          . |
464. |          47484015                                                    Cerebral arteritis          .          .          .          1          .          . |
465. |  4768491000006118                               thrombosis of intracranial venous sinus          .          .          .          .          1          1 |
470. |  4777981000006117                                           occlusion of basilar artery          1          1          1          .          1          1 |
     |-----------------------------------------------------------------------------------------------------------------------------------------------------------|
474. |  4778991000006118                             embolism and thrombosis of hepatic artery          .          .          .          .          1          1 |
476. |   482451000006111                                        Aneurysm of common carotid art          .          .          .          1          .          . |
478. |   491241000006118                                      arterial embolism and thrombosis          .          .          .          .          1          1 |
479. |   491461000006118                                      Arteriography of cerebral artery          .          .          .          1          .          . |
482. |         497559016                                             arteriosclerotic dementia          .          .          .          .          1          1 |
     |-----------------------------------------------------------------------------------------------------------------------------------------------------------|
483. |         498516011                         Evacuation of intracranial subdural haematoma          .          .          .          1          .          . |
484. |         499739014                                        insufficiency - basilar artery          1          1          1          1          1          1 |
521. |  5011741000006115                                        Dissection of vertebral artery          .          .          .          1          .          . |
527. |  5048771000006110                             Endarterectomy of internal carotid artery          .          .          .          1          .          . |
532. |  5058511000006110                                               Carotid artery aneurysm          .          .          .          1          .          . |
     |-----------------------------------------------------------------------------------------------------------------------------------------------------------|
533. |         506344012                               Clipping of aneurysm of cerebral artery          .          .          .          1          .          . |
537. |   538651000006114                                           Imaging of carotid arteries          .          .          .          1          .          . |
541. |   542511000006113                                   Cerebral artery aneurysm operations          .          .          .          1          .          . |
549. |  5560171000006116                                                aortic thromboembolism          .          .          .          .          1          1 |
553. |  5583101000006116                 subarachnoid haemorrhage from basilar artery aneurysm          1          1          .          .          1          1 |
     |-----------------------------------------------------------------------------------------------------------------------------------------------------------|
562. |          58046010                                             vertebral artery syndrome          1          1          1          1          1          1 |
563. |   586241000006116                                   nonpyogenic venous sinus thrombosis          .          .          .          .          1          1 |
566. |  5886761000006114                                               Carotid artery atheroma          .          .          .          1          .          . |
573. |  6015601000006112                       post-radiological embolism of lower limb artery          .          .          .          .          1          1 |
582. |  6350071000006110                                                Carotid artery disease          .          .          .          1          .          . |
     |-----------------------------------------------------------------------------------------------------------------------------------------------------------|
583. |   638871000006114               embolism and thrombosis of other and unspec parts aorta          .          .          .          .          1          1 |
584. |   641561000006113   Endarterectomy of carotid artery and patch repair of carotid artery          .          .          .          1          .          . |
586. |  6580991000006118                                                  arterial embolectomy          .          .          .          .          1          1 |
587. |    67501000006115                                      vertebro-basilar artery syndrome          1          1          1          1          1          1 |
588. |    67511000006117                                        vertebro-basilar insufficiency          1          1          .          1          1          1 |
     |-----------------------------------------------------------------------------------------------------------------------------------------------------------|
596. |   696161000006115                                                multi infarct dementia          .          .          .          .          1          1 |
612. |  7459331000006112                                     Drug-eluting carotid artery stent          .          .          .          1          .          . |
620. |          75861010                                           Cerebrovascular amyloidosis          .          .          .          1          .          . |
631. |  7806281000006113                                             Carotid artery dissection          .          .          .          1          .          . |
645. |   800691000006113                                       Diffuse cerebrovascular disease          .          .          .          1          .          . |
     |-----------------------------------------------------------------------------------------------------------------------------------------------------------|
673. |   865981000006114                                                   Clipping - aneurysm          .          .          .          1          .          . |
675. |   884441000006114                                                  Subdural haemorrhage          .          .          .          1          .          . |
677. |   884461000006113                                               basilar artery occluded          1          1          1          .          1          1 |
678. |   884471000006118                                               carotid artery occluded          1          1          1          1          1          1 |
679. |   884481000006115                                             vertebral artery occluded          1          1          1          .          1          1 |
     |-----------------------------------------------------------------------------------------------------------------------------------------------------------|
680. |   884501000006113                                             cerebral a. occlusion nos          .          .          .          .          1          1 |
684. |   884541000006110                                             Cerebral arteriosclerosis          .          .          .          1          .          . |
686. |   884631000006118                                          arterial embolism/thrombosis          .          .          .          .          1          1 |
687. |   884641000006111                                         embolus/thrombosis abd. aorta          .          .          .          .          1          1 |
688. |   884651000006113                                          embolus/thrombosis aorta nos          .          .          .          .          1          1 |
     |-----------------------------------------------------------------------------------------------------------------------------------------------------------|
689. |   884661000006110                                          peripheral arterial embolism          .          .          .          .          1          1 |
690. |   884671000006115                                           embolus/thrombus artery nos          .          .          .          .          1          1 |
693. |    90011000006112        Transluminal operations on cerebral artery or circle of Willis          .          .          .          1          .          . |
694. |   905541000006119                                      [rfc] arterial embolism of limbs          .          .          .          .          1          1 |
699. |          92070010                                              Cerebral atherosclerosis          .          .          .          1          .          . |
     |-----------------------------------------------------------------------------------------------------------------------------------------------------------|
700. |   938561000006115                                               Carotid atherosclerosis          .          .          .          1          .          . |
708. |  9843291000006119                                        Left carotid artery dissection          .          .          .          1          .          . |
     +-----------------------------------------------------------------------------------------------------------------------------------------------------------+

. 
. //Add additional codes to list
. rename term term_old

. merge 1:1 medcodeid using `medical', update replace
(variable originalreadcode was str14, now str19 to accommodate using data's values)
(variable snomedctdescriptionid was str16, now str18 to accommodate using data's values)

    Result                      Number of obs
    -----------------------------------------
    Not matched                       240,283
        from master                         0  (_merge==1)
        from using                    240,283  (_merge==2)

    Matched                               716
        not updated                       514  (_merge==3)
        missing updated                   202  (_merge==4)
        nonmissing conflict                 0  (_merge==5)
    -----------------------------------------

. drop if _merge == 2
(240,283 observations deleted)

. compress
  variable new_snomedct_synonym was float now byte
  variable medcodeid was str18 now str17
  variable originalreadcode was str19 now str14
  variable snomedctdescriptionid was str18 now str16
  variable term was str233 now str169
  (53,700 bytes saved)

. order term, before(term_old)

. list term_old term if lower(term_old) != lower(term)

     +-------------------------------------------------------------------------------------------------------------------------------------------------------+
     |                                                    term_old                                                                                      term |
     |-------------------------------------------------------------------------------------------------------------------------------------------------------|
  4. |                                  thrombosis, carotid artery                                                                 Carotid artery thrombosis |
 45. |                            stenosis of precerebral arteries                                                            Stenosis of precerebral artery |
122. | perc translum embolis major systemic pulmonary collater art   Percutaneous transluminal embolisation of major systemic to pulmonary collateral artery |
161. |                                       thrombosis - arterial                                                                       Arterial thrombosis |
187. |  occlusion+stenosis of multiple and bilat cerebral arteries                        Occlusion and stenosis of multiple and bilateral cerebral arteries |
     |-------------------------------------------------------------------------------------------------------------------------------------------------------|
238. |                                intracranial haemorrhage nos                                                                  Intracranial haemorrhage |
262. |                     acute cerebrovascular insufficiency nos                                                       Acute cerebrovascular insufficiency |
319. |                     open traumatic subarachnoid haemorrhage                    Subarachnoid haemorrhage following injury with open intracranial wound |
411. |                          traumatic subarachnoid haemorrhage                                 Traumatic haemorrhage into subarachnoid space of neuraxis |
433. |                   closed traumatic subarachnoid haemorrhage                 Subarachnoid haemorrhage following injury without open intracranial wound |
     |-------------------------------------------------------------------------------------------------------------------------------------------------------|
563. |                         nonpyogenic venous sinus thrombosis                                                      Non-pyogenic venous sinus thrombosis |
587. |                            vertebro-basilar artery syndrome                                                           Vertebrobasilar artery syndrome |
596. |                                      multi infarct dementia                                                                    Multi-infarct dementia |
     +-------------------------------------------------------------------------------------------------------------------------------------------------------+

. list /*medcodeid*/ term observations lshtm_* if _merge == 4

     +----------------------------------------------------------------------------------------------------------------------------------------------------------------------+
     |                                                                                    term   observ~s   lsh~2102   lsh~2196   lsh~2815   lsh~3265   lsh~3590   lsh~4214 |
     |----------------------------------------------------------------------------------------------------------------------------------------------------------------------|
  1. |                                           Cerebral venous thrombosis of cavernous sinus       1000          .          .          .          1          1          1 |
  2. |                                                                Thrombosis lateral sinus        400          .          .          .          .          1          1 |
  3. |                                                        Cerebral venous sinus thrombosis       5000          .          .          .          1          1          1 |
  4. |                                                               Carotid artery thrombosis        400          1          1          1          1          1          1 |
  5. |                                                     Aneurysm of external carotid artery        300          .          .          .          1          .          . |
     |----------------------------------------------------------------------------------------------------------------------------------------------------------------------|
  6. |                                                                 Cerebrovascular disease     700000          .          .          .          1          .          . |
  7. |                                                                 Basilar artery syndrome       2000          1          1          1          1          1          1 |
  8. |                                                           Vertebrobasilar insufficiency       7000          1          1          .          1          1          1 |
 10. |                                                    Small vessel cerebrovascular disease      70000          .          .          .          1          .          . |
 11. |                                                                        Moyamoya disease       2000          .          .          .          1          .          . |
     |----------------------------------------------------------------------------------------------------------------------------------------------------------------------|
 14. |                                                             Occlusion of carotid artery          3          1          1          1          .          1          1 |
 15. |                                                                     Cerebral thrombosis      30000          1          1          1          1          1          1 |
 28. |                                                                  Carotid artery disease       4000          .          .          .          1          .          . |
 29. |                             Subarach h'ge inj no open intracran wnd + concussion unspec          2          .          .          .          .          1          1 |
 30. |                             Subarach h'ge inj no open intracran wnd+LOC unspec duration          1          .          .          .          .          1          1 |
     |----------------------------------------------------------------------------------------------------------------------------------------------------------------------|
 31. |                            Subarachnoid h'ge inj + open intracran wnd+concussion unspec          2          .          .          .          .          1          1 |
 32. |                             Subarachnoid h'ge inj no open intracran wnd+<1hr loss consc          5          .          .          .          .          1          1 |
 33. |                               Subarachnoid h'ge inj no open intracran wnd+no loss consc          6          .          .          .          .          1          1 |
 34. |                              Subarachnoid h'ge inj no open intracran wound + 1-24hr LOC          1          .          .          .          .          1          1 |
 35. |                            Subarachnoid h'ge inj no open intracran wound + unspec consc          2          .          .          .          .          1          1 |
     |----------------------------------------------------------------------------------------------------------------------------------------------------------------------|
 38. |                                            Subarachnoid haemorrhage from basilar artery        400          1          1          .          1          1          1 |
 41. |                                                                Cerebral vein thrombosis        800          .          .          .          1          1          1 |
 45. |                                                          Stenosis of precerebral artery         30          .          .          .          .          1          1 |
117. |                              Percutaneous coil embolisation of cerebral artery aneurysm       3000          .          .          .          1          .          . |
122. | Percutaneous transluminal embolisation of major systemic to pulmonary collateral artery          2          .          .          .          .          1          1 |
     |----------------------------------------------------------------------------------------------------------------------------------------------------------------------|
123. |                        Percutaneous transluminal insertion of stent into carotid artery       1000          .          .          .          1          .          . |
131. |                        Mitoch myopath/encephalopath/lactic acidosis/stroke-like episode         40          .          .          .          .          1          1 |
136. |                                                                  Carotid endarterectomy         90          .          .          .          1          .          . |
140. |                                                                 Tortuous carotid artery        600          .          .          .          1          .          . |
157. |                                         Post radiological embolism of lower limb artery          5          .          .          .          .          1          1 |
     |----------------------------------------------------------------------------------------------------------------------------------------------------------------------|
158. |                                         Post radiological embolism of upper limb artery          2          .          .          .          .          1          1 |
161. |                                                                     Arterial thrombosis       4000          .          .          .          .          1          1 |
163. |                                          QBleed 5 year risk of intracranial haemorrhage        500          .          .          .          1          .          . |
169. |                                                      Non-traumatic subdural haemorrhage      20000          .          .          .          1          .          . |
171. |                                                   Vertebral artery compression syndrome        300          .          .          .          1          1          1 |
     |----------------------------------------------------------------------------------------------------------------------------------------------------------------------|
173. |                                                                 Intracranial hemorrhage          4          1          1          .          .          1          1 |
175. |                                                                    Subdural haemorrhage      30000          .          .          .          1          .          . |
180. |                                                               Subclavian steal syndrome       3000          .          .          .          .          1          1 |
181. |                                                       Carotid artery angiogram abnormal       5000          .          .          .          1          .          . |
185. |                                                   Evacuation of intracerebral haematoma       1000          .          .          .          1          .          . |
     |----------------------------------------------------------------------------------------------------------------------------------------------------------------------|
186. |                                                       Aneurysm of common carotid artery        200          .          .          .          1          .          . |
187. |                      Occlusion and stenosis of multiple and bilateral cerebral arteries         40          1          1          1          .          1          1 |
189. |                                                   Endovascular repair of carotid artery        300          .          .          .          1          .          . |
190. |                                      Carotid, cerebral and subclavian artery operations        600          .          .          .          1          .          . |
191. |                                                        Reconstruction of carotid artery        200          .          .          .          1          .          . |
     |----------------------------------------------------------------------------------------------------------------------------------------------------------------------|
192. |                                               Replacement of carotid artery using graft         60          .          .          .          1          .          . |
193. |                                                   Intracranial bypass to carotid artery         40          .          .          .          1          .          . |
194. |                                                                Bypass of carotid artery        300          .          .          .          1          .          . |
195. |                                                        Carotid endarterectomy and patch       6000          .          .          .          1          .          . |
196. |                                                                  Carotid endarterectomy      50000          .          .          .          1          .          . |
     |----------------------------------------------------------------------------------------------------------------------------------------------------------------------|
197. |                                        Other specified reconstruction of carotid artery         30          .          .          .          1          .          . |
198. |                                                    Reconstruction of carotid artery NOS          6          .          .          .          1          .          . |
199. |                                                            Repair of carotid artery NEC        100          .          .          .          1          .          . |
200. |                                                              Ligation of carotid artery        300          .          .          .          1          .          . |
201. |                                                      Open embolectomy of carotid artery         40          .          .          .          1          .          . |
     |----------------------------------------------------------------------------------------------------------------------------------------------------------------------|
202. |                                                 Operation on aneurysm of carotid artery       1000          .          .          .          1          .          . |
203. |                                 Percutaneous transluminal angioplasty of carotid artery       2000          .          .          .          1          .          . |
204. |                                                     Embolisation of cerebral artery NEC       1000          .          .          .          1          .          . |
205. |                                                  Open embolectomy of coeliac artery NEC          4          .          .          .          .          1          1 |
206. |                                      Open embolectomy of superior mesenteric artery NEC         20          .          .          .          .          1          1 |
     |----------------------------------------------------------------------------------------------------------------------------------------------------------------------|
207. |                                      Open embolectomy of inferior mesenteric artery NEC          1          .          .          .          .          1          1 |
208. |                              Open embolectomy of visceral branch of abdominal aorta NEC          1          .          .          .          .          1          1 |
209. |                                                          Open embolectomy of artery NEC       4000          .          .          .          .          1          1 |
214. |                                                      Thrombosis of lateral venous sinus          6          .          .          .          .          1          1 |
215. |                                             Cerebral venous thrombosis of lateral sinus         30          .          .          .          .          1          1 |
     |----------------------------------------------------------------------------------------------------------------------------------------------------------------------|
220. |                                                           Arteriosclerotic dementia NOS       2000          .          .          .          .          1          1 |
221. |                                      Acute confusional state, of cerebrovascular origin        900          .          .          .          1          .          . |
222. |                                   Subacute confusional state, of cerebrovascular origin        700          .          .          .          1          .          . |
224. |                                               Thrombosis of superior longitudinal sinus         80          .          .          .          .          1          1 |
225. |                                                             Thrombosis transverse sinus       1000          .          .          .          .          1          1 |
     |----------------------------------------------------------------------------------------------------------------------------------------------------------------------|
226. |                                   Thrombosis of central nervous system venous sinus NOS       2000          .          .          .          .          1          1 |
227. |                                    Cerebral degeneration due to cerebrovascular disease        600          .          .          .          1          .          . |
229. |                                             Cardiovascular arteriosclerosis unspecified        500          .          .          .          1          .          . |
230. |                            Subarachnoid haemorrhage from carotid siphon and bifurcation         50          1          1          .          1          1          1 |
231. |                                          Subarachnoid haemorrhage from vertebral artery         70          1          1          .          .          1          1 |
     |----------------------------------------------------------------------------------------------------------------------------------------------------------------------|
236. |                                          Other and unspecified intracranial haemorrhage       1000          1          1          .          1          1          1 |
237. |                                                     Subdural haemorrhage - nontraumatic       8000          .          .          .          1          .          . |
238. |                                                                Intracranial haemorrhage      20000          1          1          .          1          1          1 |
239. |                                                                Basilar artery occlusion        900          1          1          1          1          1          1 |
240. |                                                              Vertebral artery occlusion       2000          1          1          1          1          1          1 |
     |----------------------------------------------------------------------------------------------------------------------------------------------------------------------|
248. |                                                     Carotid artery syndrome hemispheric        800          .          .          .          1          1          1 |
260. |                                                           Other cerebrovascular disease       3000          .          .          .          1          .          . |
261. |                                       Generalised ischaemic cerebrovascular disease NOS       1000          .          .          .          1          .          . |
262. |                                                     Acute cerebrovascular insufficiency        200          1          1          .          .          1          1 |
263. |                      Nonruptured cerebral aneurysm due to dissection of cerebral artery        700          .          .          .          1          .          . |
     |----------------------------------------------------------------------------------------------------------------------------------------------------------------------|
267. |                                           Occlusion and stenosis of cerebellar arteries        200          1          1          1          .          1          1 |
268. |                                                        Other cerebrovascular disease OS        200          .          .          .          1          .          . |
269. |                                                       Other cerebrovascular disease NOS        500          .          .          .          1          .          . |
271. |                                                    Sequelae of subarachnoid haemorrhage        300          .          .          .          .          1          1 |
274. |                                                 Other specified cerebrovascular disease        600          .          .          .          1          .          . |
     |----------------------------------------------------------------------------------------------------------------------------------------------------------------------|
275. |                                                             Cerebrovascular disease NOS      20000          .          .          .          1          .          . |
276. |                                           Embolism and thrombosis of the thoracic aorta        300          .          .          .          .          1          1 |
277. |                                         Embolism and thrombosis of an arm or leg artery        800          .          .          .          .          1          1 |
278. |                                          Embolism and thrombosis of the brachial artery       4000          .          .          .          .          1          1 |
279. |                                            Embolism and thrombosis of the radial artery        800          .          .          .          .          1          1 |
     |----------------------------------------------------------------------------------------------------------------------------------------------------------------------|
280. |                                             Embolism and thrombosis of the ulnar artery        400          .          .          .          .          1          1 |
281. |                                            Embolism and thrombosis of an arm artery NOS        600          .          .          .          .          1          1 |
282. |                                           Embolism and thrombosis of the femoral artery       4000          .          .          .          .          1          1 |
283. |                                         Embolism and thrombosis of the popliteal artery       3000          .          .          .          .          1          1 |
284. |                                   Embolism and thrombosis of the anterior tibial artery         40          .          .          .          .          1          1 |
     |----------------------------------------------------------------------------------------------------------------------------------------------------------------------|
285. |                                    Embolism and thrombosis of the dorsalis pedis artery        300          .          .          .          .          1          1 |
286. |                                  Embolism and thrombosis of the posterior tibial artery         30          .          .          .          .          1          1 |
287. |                                             Embolism and thrombosis of a leg artery NOS       1000          .          .          .          .          1          1 |
288. |                                         Peripheral arterial embolism and thrombosis NOS       5000          .          .          .          .          1          1 |
289. |                                       Embolism and thrombosis of other specified artery        800          .          .          .          .          1          1 |
     |----------------------------------------------------------------------------------------------------------------------------------------------------------------------|
290. |                                   Embolism and/or thrombosis of the common iliac artery        500          .          .          .          .          1          1 |
291. |                                 Embolism and/or thrombosis of the internal iliac artery        200          .          .          .          .          1          1 |
292. |                                 Embolism and/or thrombosis of the external iliac artery        100          .          .          .          .          1          1 |
293. |                                 Embolism and thrombosis of the iliac artery unspecified        300          .          .          .          .          1          1 |
294. |                                        Embolism and thrombosis of the subclavian artery       2000          .          .          .          .          1          1 |
     |----------------------------------------------------------------------------------------------------------------------------------------------------------------------|
295. |                                           Embolism and thrombosis of the splenic artery        600          .          .          .          .          1          1 |
296. |                                          Embolism and thrombosis of the axillary artery        800          .          .          .          .          1          1 |
297. |                                           Embolism and thrombosis of the coeliac artery         50          .          .          .          .          1          1 |
298. |                                           Embolism and thrombosis of the hepatic artery        200          .          .          .          .          1          1 |
299. |                                           Embolism and thrombosis of other arteries NOS        400          .          .          .          .          1          1 |
     |----------------------------------------------------------------------------------------------------------------------------------------------------------------------|
300. |                                                    Arterial embolism and thrombosis NOS       4000          .          .          .          .          1          1 |
308. |                                            [X]Embolism and thrombosis of other arteries        400          .          .          .          .          1          1 |
310. |                                                    Obstetric cerebral venous thrombosis         80          .          .          .          .          1          1 |
311. |                                                 Cerebral venous thrombosis in pregnancy        100          .          .          .          .          1          1 |
312. |                                            Cerebral venous thrombosis in the puerperium         70          .          .          .          .          1          1 |
     |----------------------------------------------------------------------------------------------------------------------------------------------------------------------|
314. |                                                        Cerebrovascular system anomalies        300          .          .          .          1          .          . |
319. |                  Subarachnoid haemorrhage following injury with open intracranial wound         40          .          .          .          .          1          1 |
323. |                                                                     [SO]Cerebral artery        500          .          .          .          1          .          . |
324. |                                        Mechanical complication of carotid artery bypass          8          .          .          .          1          .          . |
326. |                                                            MID - Multi-infarct dementia          1          .          .          .          .          1          1 |
     |----------------------------------------------------------------------------------------------------------------------------------------------------------------------|
327. |                                                                 VAD - Vascular dementia       9000          .          .          .          .          1          1 |
328. |                                                                  Multi infarct dementia          2          .          .          .          .          1          1 |
336. |                                                   Dissection of internal carotid artery       6000          .          .          .          1          .          . |
337. |                                                             Vertebral artery dissection       2000          .          .          .          1          .          . |
338. |                                                 Thromboembolus of internal iliac artery          6          .          .          .          .          1          1 |
     |----------------------------------------------------------------------------------------------------------------------------------------------------------------------|
339. |                                                 Thromboembolus of external iliac artery          2          .          .          .          .          1          1 |
340. |                                                                          Saddle embolus       1000          .          .          .          .          1          1 |
350. |                                          Congenital cerebral arteriovenous malformation       2000          .          .          .          1          .          . |
390. |                                                              Carotid artery obstruction          2          .          .          .          1          .          . |
397. |                                                            [X]Arteriosclerotic dementia       7000          .          .          .          .          1          1 |
     |----------------------------------------------------------------------------------------------------------------------------------------------------------------------|
406. |                                             Intracranial bypass from carotid artery NEC         20          .          .          .          1          .          . |
410. |                                               Subarachnoid haemorrhage following injury        500          .          .          .          .          1          1 |
411. |                               Traumatic haemorrhage into subarachnoid space of neuraxis       3000          .          .          .          .          1          1 |
412. |                                     Percutaneous transluminal embolectomy of artery NEC        600          .          .          .          .          1          1 |
414. |                                                                Carotid artery occlusion      20000          1          1          1          1          1          1 |
     |----------------------------------------------------------------------------------------------------------------------------------------------------------------------|
418. |                                               Arterial embolic and thrombotic occlusion       2000          .          .          .          .          1          1 |
419. |                                                         Arterial embolus and thrombosis       4000          .          .          .          .          1          1 |
420. |                                          Embolism and thrombosis of the abdominal aorta       1000          .          .          .          .          1          1 |
421. |                                                    Thrombosis of cavernous venous sinus          7          .          .          .          .          1          1 |
429. |                                                               [X]Multi-infarct dementia      10000          .          .          .          .          1          1 |
     |----------------------------------------------------------------------------------------------------------------------------------------------------------------------|
433. |               Subarachnoid haemorrhage following injury without open intracranial wound       2000          .          .          .          .          1          1 |
439. |                                                            Thrombosis of cerebral veins         80          .          .          .          .          1          1 |
440. |                                                              Cerebral venous thrombosis        900          .          .          .          1          1          1 |
446. |                                                     Aneurysm of internal carotid artery       4000          .          .          .          1          .          . |
449. |                             [X]Other vascular syndroms/brain in cerebrovasculr diseases        900          .          .          .          1          .          . |
     |----------------------------------------------------------------------------------------------------------------------------------------------------------------------|
452. |                                                      [X]Predominantly cortical dementia        400          .          .          .          .          1          1 |
460. |                                                            H/O: cerebrovascular disease       6000          .          .          .          1          .          . |
464. |                                                                      Cerebral arteritis        600          .          .          .          1          .          . |
465. |                                                 Thrombosis of intracranial venous sinus          2          .          .          .          .          1          1 |
470. |                                                             Occlusion of basilar artery          1          1          1          1          .          1          1 |
     |----------------------------------------------------------------------------------------------------------------------------------------------------------------------|
474. |                                               Embolism and thrombosis of hepatic artery          3          .          .          .          .          1          1 |
476. |                                                          Aneurysm of common carotid art       1000          .          .          .          1          .          . |
478. |                                                        Arterial embolism and thrombosis       8000          .          .          .          .          1          1 |
479. |                                                        Arteriography of cerebral artery        600          .          .          .          1          .          . |
482. |                                                               Arteriosclerotic dementia      60000          .          .          .          .          1          1 |
     |----------------------------------------------------------------------------------------------------------------------------------------------------------------------|
483. |                                           Evacuation of intracranial subdural haematoma      20000          .          .          .          1          .          . |
484. |                                                          Insufficiency - basilar artery       3000          1          1          1          1          1          1 |
521. |                                                          Dissection of vertebral artery        800          .          .          .          1          .          . |
527. |                                               Endarterectomy of internal carotid artery         10          .          .          .          1          .          . |
532. |                                                                 Carotid artery aneurysm         50          .          .          .          1          .          . |
     |----------------------------------------------------------------------------------------------------------------------------------------------------------------------|
533. |                                                 Clipping of aneurysm of cerebral artery       8000          .          .          .          1          .          . |
537. |                                                             Imaging of carotid arteries       5000          .          .          .          1          .          . |
541. |                                                     Cerebral artery aneurysm operations       3000          .          .          .          1          .          . |
549. |                                                                  Aortic thromboembolism          6          .          .          .          .          1          1 |
553. |                                   Subarachnoid haemorrhage from basilar artery aneurysm          4          1          1          .          .          1          1 |
     |----------------------------------------------------------------------------------------------------------------------------------------------------------------------|
562. |                                                               Vertebral artery syndrome       1000          1          1          1          1          1          1 |
563. |                                                    Non-pyogenic venous sinus thrombosis       3000          .          .          .          .          1          1 |
566. |                                                                 Carotid artery atheroma         70          .          .          .          1          .          . |
573. |                                         Post-radiological embolism of lower limb artery          1          .          .          .          .          1          1 |
582. |                                                                  Carotid artery disease        500          .          .          .          1          .          . |
     |----------------------------------------------------------------------------------------------------------------------------------------------------------------------|
583. |                                 Embolism and thrombosis of other and unspec parts aorta        200          .          .          .          .          1          1 |
584. |                     Endarterectomy of carotid artery and patch repair of carotid artery       2000          .          .          .          1          .          . |
586. |                                                                    Arterial embolectomy         10          .          .          .          .          1          1 |
587. |                                                         Vertebrobasilar artery syndrome       3000          1          1          1          1          1          1 |
588. |                                                          Vertebro-basilar insufficiency      20000          1          1          .          1          1          1 |
     |----------------------------------------------------------------------------------------------------------------------------------------------------------------------|
596. |                                                                  Multi-infarct dementia      40000          .          .          .          .          1          1 |
612. |                                                       Drug-eluting carotid artery stent          2          .          .          .          1          .          . |
620. |                                                             Cerebrovascular amyloidosis         60          .          .          .          1          .          . |
631. |                                                               Carotid artery dissection          8          .          .          .          1          .          . |
645. |                                                         Diffuse cerebrovascular disease       2000          .          .          .          1          .          . |
     |----------------------------------------------------------------------------------------------------------------------------------------------------------------------|
673. |                                                                     Clipping - aneurysm        200          .          .          .          1          .          . |
675. |                                                                    Subdural haemorrhage       1000          .          .          .          1          .          . |
677. |                                                                 Basilar artery occluded         50          1          1          1          .          1          1 |
678. |                                                                 Carotid artery occluded        700          1          1          1          1          1          1 |
679. |                                                               Vertebral artery occluded         80          1          1          1          .          1          1 |
     |----------------------------------------------------------------------------------------------------------------------------------------------------------------------|
680. |                                                               Cerebral A. occlusion NOS         30          .          .          .          .          1          1 |
684. |                                                               Cerebral arteriosclerosis        200          .          .          .          1          .          . |
686. |                                                            Arterial embolism/thrombosis        800          .          .          .          .          1          1 |
687. |                                                           Embolus/thrombosis abd. aorta          6          .          .          .          .          1          1 |
688. |                                                            Embolus/thrombosis aorta NOS          4          .          .          .          .          1          1 |
     |----------------------------------------------------------------------------------------------------------------------------------------------------------------------|
689. |                                                            Peripheral arterial embolism        600          .          .          .          .          1          1 |
690. |                                                             Embolus/thrombus artery NOS        200          .          .          .          .          1          1 |
693. |                          Transluminal operations on cerebral artery or circle of Willis         50          .          .          .          1          .          . |
694. |                                                        [RFC] Arterial embolism of limbs        300          .          .          .          .          1          1 |
699. |                                                                Cerebral atherosclerosis       5000          .          .          .          1          .          . |
     |----------------------------------------------------------------------------------------------------------------------------------------------------------------------|
700. |                                                                 Carotid atherosclerosis       3000          .          .          .          1          .          . |
708. |                                                          Left carotid artery dissection          3          .          .          .          1          .          . |
     +----------------------------------------------------------------------------------------------------------------------------------------------------------------------+

. generate byte maybe = 1 if _merge == 4  //label these with a maybe variable
(514 missing values generated)

. order maybe, after(stroke)

. drop term_old _merge

. 
. 
. //SNOMED CT codelists (HDR UK Phenotype Library and OpenCodelists)
. 
. //Format pre-existing codelist(s) ready for merging
. preserve

.         import delimited https://www.opencodelists.org/codelist/nhsd-primary-care-domain-refsets/strk_cod/20210127/download.csv, stringcols(1) favorstrfixed clear
(encoding automatically selected: ISO-8859-1)
(2 vars, 144 obs)

.         
.         local name "refset_strk"

.         
.         rename * *_`name'

.         rename code_`name' snomedctconceptid

.         
.         generate byte `name' = 1

. 
.         tempfile `name'

.         compress
  (0 bytes saved)

.         save ``name''
file C:\Users\rmjlton\AppData\Local\Temp\ST_3bf0_00000h.tmp saved as .dta format

. restore, preserve

.         import delimited https://www.opencodelists.org/codelist/qcovid/has_stroke_or_tia/69e5b712/download.csv, stringcols(1) favorstrfixed clear
(encoding automatically selected: ISO-8859-1)
(2 vars, 96 obs)

.         
.         local name "qcovid_stroke_tia"

.         
.         rename * *_`name'

.         rename code_`name' snomedctconceptid

.         
.         generate byte `name' = 1

. 
.         tempfile `name'

.         compress
  (0 bytes saved)

.         save ``name''
file C:\Users\rmjlton\AppData\Local\Temp\ST_3bf0_00000i.tmp saved as .dta format

. restore, preserve

.         import delimited https://phenotypes.healthdatagateway.org/phenotypes/PH983/version/2161/export/codes, stringcols(1) favorstrfixed clear
(encoding automatically selected: ISO-8859-1)
(10 vars, 195 obs)

.         
.         keep if strmatch(coding_system, "*SNOMED*")
(99 observations deleted)

.         keep code description

.         rename description term

.         
.         local name "ph983"

.         
.         rename * *_`name'

.         rename code_`name' snomedctconceptid

.         
.         generate byte `name' = 1

. 
.         tempfile `name'

.         compress
  variable term_ph983 was str255 now str83
  (16,512 bytes saved)

.         save ``name''
file C:\Users\rmjlton\AppData\Local\Temp\ST_3bf0_00000j.tmp saved as .dta format

. restore, preserve

.         import delimited https://phenotypes.healthdatagateway.org/phenotypes/PH948/version/2126/export/codes, stringcols(1) favorstrfixed clear
(encoding automatically selected: ISO-8859-1)
(10 vars, 123 obs)

.         
.         keep if strmatch(coding_system, "*SNOMED*")
(17 observations deleted)

.         keep code description

.         rename description term

.         
.         local name "ph948"

.         
.         rename * *_`name'

.         rename code_`name' snomedctconceptid

.         
.         gsort snomedctconceptid term

.         duplicates tag snomedctconceptid, generate(dup)

Duplicates in terms of snomedctconceptid

.         list if dup > 0

     +-----------------------------------------------------------------+
     | snomedc~d                                      term_ph948   dup |
     |-----------------------------------------------------------------|
 24. | 195209007                 Middle cerebral artery syndrome     1 |
 25. | 195209007      Middle cerebral artery syndrome (disorder)     1 |
 26. | 195210002               Anterior cerebral artery syndrome     1 |
 27. | 195210002    Anterior cerebral artery syndrome (disorder)     1 |
 28. | 195211003              Posterior cerebral artery syndrome     1 |
     |-----------------------------------------------------------------|
 29. | 195211003   Posterior cerebral artery syndrome (disorder)     1 |
 31. | 195213000                      Cerebellar stroke syndrome     1 |
 32. | 195213000           Cerebellar stroke syndrome (disorder)     1 |
     +-----------------------------------------------------------------+

.         duplicates drop snomedctconceptid, force

Duplicates in terms of snomedctconceptid

(4 observations deleted)

.         list if dup > 0

     +------------------------------------------------------+
     | snomedc~d                           term_ph948   dup |
     |------------------------------------------------------|
 24. | 195209007      Middle cerebral artery syndrome     1 |
 25. | 195210002    Anterior cerebral artery syndrome     1 |
 26. | 195211003   Posterior cerebral artery syndrome     1 |
 28. | 195213000           Cerebellar stroke syndrome     1 |
     +------------------------------------------------------+

.         drop dup

.         
.         generate byte `name' = 1

. 
.         tempfile `name'

.         compress
  variable term_ph948 was str84 now str83
  (102 bytes saved)

.         save ``name''
file C:\Users\rmjlton\AppData\Local\Temp\ST_3bf0_00000k.tmp saved as .dta format

. restore, preserve

.         import delimited https://phenotypes.healthdatagateway.org/phenotypes/PH1018/version/2196/export/codes, stringcols(1) favorstrfixed clear
(encoding automatically selected: ISO-8859-1)
(10 vars, 135 obs)

.         
.         keep if strmatch(coding_system, "*SNOMED*")
(24 observations deleted)

.         keep code description

.         rename description term

.         
.         local name "ph1018"

.         
.         rename * *_`name'

.         rename code_`name' snomedctconceptid

.         
.         gsort snomedctconceptid term

.         duplicates tag snomedctconceptid, generate(dup)

Duplicates in terms of snomedctconceptid

.         list if dup > 0

     +-----------------------------------------------------------------+
     | snomedc~d                                     term_ph1018   dup |
     |-----------------------------------------------------------------|
 29. | 195209007                 Middle cerebral artery syndrome     1 |
 30. | 195209007      Middle cerebral artery syndrome (disorder)     1 |
 31. | 195210002               Anterior cerebral artery syndrome     1 |
 32. | 195210002    Anterior cerebral artery syndrome (disorder)     1 |
 33. | 195211003              Posterior cerebral artery syndrome     1 |
     |-----------------------------------------------------------------|
 34. | 195211003   Posterior cerebral artery syndrome (disorder)     1 |
 36. | 195213000                      Cerebellar stroke syndrome     1 |
 37. | 195213000           Cerebellar stroke syndrome (disorder)     1 |
     +-----------------------------------------------------------------+

.         duplicates drop snomedctconceptid, force

Duplicates in terms of snomedctconceptid

(4 observations deleted)

.         list if dup > 0

     +------------------------------------------------------+
     | snomedc~d                          term_ph1018   dup |
     |------------------------------------------------------|
 29. | 195209007      Middle cerebral artery syndrome     1 |
 30. | 195210002    Anterior cerebral artery syndrome     1 |
 31. | 195211003   Posterior cerebral artery syndrome     1 |
 33. | 195213000           Cerebellar stroke syndrome     1 |
     +------------------------------------------------------+

.         drop dup

.         
.         generate byte `name' = 1

. 
.         tempfile `name'

.         compress
  variable term_ph1018 was str84 now str83
  (107 bytes saved)

.         save ``name''
file C:\Users\rmjlton\AppData\Local\Temp\ST_3bf0_00000l.tmp saved as .dta format

. restore

. 
. foreach codelist in refset_strk qcovid_stroke_tia ph983 ph948 ph1018 {
  2.         
.         display "Codelist: `codelist'"
  3.         
.         //Merge previous codelist
.         merge m:1 snomedctconceptid using ``codelist''
  4. 
.         //Check for any differences
.         list term term_`codelist' if _merge == 3 ///
>                 & lower(term) != lower(term_`codelist')
  5. 
.         //Comment on result above: **No meaningful differences**
. 
.         display "Terms on pre-existing list only..."
  6.         list snomedctconceptid term_`codelist' if _merge == 2
  7.         
.         //Put pre-existing codelist terms in current codelist term column
.         replace term = term_`codelist' if _merge == 2
  8.         replace /**/stroke/**/ = 1 if _merge == 2
  9. 
.         //Drop old terms and merge variable
.         drop *_`codelist' _merge
 10. }
Codelist: refset_strk

    Result                      Number of obs
    -----------------------------------------
    Not matched                           527
        from master                       507  (_merge==1)
        from using                         20  (_merge==2)

    Matched                               209  (_merge==3)
    -----------------------------------------

     +---------------------------------------------------------------------------------------------------------------------------------------------------------------+
     |                                                                         term                                                                 term_refset_strk |
     |---------------------------------------------------------------------------------------------------------------------------------------------------------------|
 21. |                   [X]Cereb infarct due unsp occlus/stenos precerebr arteries                       Cerebral infarction due to occlusion of precerebral artery |
 27. |                                                Ischaemic stroke without coma                                                     Ischemic stroke without coma |
 40. |                       Stroke due to thrombus of right middle cerebral artery         Cerebrovascular accident due to thrombus of right middle cerebral artery |
 41. |                        Stroke due to thrombus of left middle cerebral artery          Cerebrovascular accident due to thrombus of left middle cerebral artery |
 53. |                                                     Acute cerebral ischaemia                                                          Acute cerebral ischemia |
     |---------------------------------------------------------------------------------------------------------------------------------------------------------------|
 63. |                                                    History of embolic stroke                                      History of embolic cerebrovascular accident |
 64. |                         History of cerebrovascular accident due to ischaemia                              History of cerebrovascular accident due to ischemia |
 65. |                                                  History of ischaemic stroke                              History of cerebrovascular accident due to ischemia |
100. |                                                    Basal ganglia haemorrhage                                                         Basal ganglia hemorrhage |
102. |                                                 External capsule haemorrhage                                                      External capsule hemorrhage |
     |---------------------------------------------------------------------------------------------------------------------------------------------------------------|
103. |                                  Intracerebral haemorrhage, intraventricular                        Intracerebral hemorrhage with intraventricular hemorrhage |
105. |                  Intracerebral haemorrhage with intraventricular haemorrhage                        Intracerebral hemorrhage with intraventricular hemorrhage |
106. |                           Right sided intracerebral haemorrhage, unspecified                        Intracerebral hemorrhage with intraventricular hemorrhage |
107. |                                Intracerebral haemorrhage, multiple localised                                     Intracerebral hemorrhage, multiple localized |
108. |                                Intracerebral haemorrhage, multiple localized                                     Intracerebral hemorrhage, multiple localized |
     |---------------------------------------------------------------------------------------------------------------------------------------------------------------|
132. |                                                               Left sided CVA                          Left sided cerebral hemisphere cerebrovascular accident |
134. |                                                              Right sided CVA                         Right sided cerebral hemisphere cerebrovascular accident |
179. |                    Cerebrl infarctn due/unspcf occlusn or sten/cerebrl artrs                                                     Occlusion of cerebral artery |
180. |                                                    Cerebral artery occlusion                                                     Occlusion of cerebral artery |
181. |                                                  Cerebral arterial occlusion                                                     Occlusion of cerebral artery |
     |---------------------------------------------------------------------------------------------------------------------------------------------------------------|
182. |                 [X]Cerebrl infarctn due/unspcf occlusn or sten/cerebrl artrs                                                     Occlusion of cerebral artery |
193. |                                                      Subcortical haemorrhage                                                  Subcortical cerebral hemorrhage |
194. |                                                       Subcortical hemorrhage                                                  Subcortical cerebral hemorrhage |
213. |                                                           Stroke unspecified                                                         Cerebrovascular accident |
214. |                                               CVA - Cerebrovascular accident                                                         Cerebrovascular accident |
     |---------------------------------------------------------------------------------------------------------------------------------------------------------------|
215. |                                                                       Stroke                                                         Cerebrovascular accident |
217. |                                                              CVA unspecified                                                         Cerebrovascular accident |
218. |              CVA - cerebrovascular accident due to cerebral artery occlusion                     Cerebrovascular accident due to occlusion of cerebral artery |
219. |                                    Stroke due to cerebral arterial occlusion                     Cerebrovascular accident due to occlusion of cerebral artery |
223. |                            TACS - Total anterior cerebral circulation stroke                                   Total anterior cerebral circulation infarction |
     |---------------------------------------------------------------------------------------------------------------------------------------------------------------|
224. |                                   Total anterior cerebral circulation stroke                                   Total anterior cerebral circulation infarction |
225. |                        TACI - Total anterior cerebral circulation infarction                                   Total anterior cerebral circulation infarction |
226. |                      PACI - Partial anterior cerebral circulation infarction                                 Partial anterior cerebral circulation infarction |
227. |                          PACS - Partial anterior cerebral circulation stroke                                 Partial anterior cerebral circulation infarction |
229. |                                 Partial anterior cerebral circulation stroke                                 Partial anterior cerebral circulation infarction |
     |---------------------------------------------------------------------------------------------------------------------------------------------------------------|
231. |                                        Posterior cerebral circulation stroke                                        Posterior cerebral circulation infarction |
232. |                                                    LACI - Lacunar infarction                                                               Lacunar infarction |
234. |                                                               Lacunar stroke                                                               Lacunar infarction |
236. |                                                  Pure motor lacunar syndrome                                                    Pure motor lacunar infarction |
237. |                                                Pure sensory lacunar syndrome                                                  Pure sensory lacunar infarction |
     |---------------------------------------------------------------------------------------------------------------------------------------------------------------|
242. |                                             Haemorrhagic cerebral infarction                                                  Hemorrhagic cerebral infarction |
244. |                        Anterior cerebral circulation haemorrhagic infarction                             Anterior cerebral circulation hemorrhagic infarction |
245. |                       Posterior cerebral circulation haemorrhagic infarction                            Posterior cerebral circulation hemorrhagic infarction |
246. |                                  Massive supratentorial cerebral haemorrhage                                       Massive supratentorial cerebral hemorrhage |
247. |                                                   Lobar cerebral haemorrhage                                                        Lobar cerebral hemorrhage |
     |---------------------------------------------------------------------------------------------------------------------------------------------------------------|
248. |                                                         Thalamic haemorrhage                                                              Thalamic hemorrhage |
250. |                                                          Lacunar haemorrhage                                                               Lacunar hemorrhage |
328. |                                                         Cerebral haemorrhage                                                              Cerebral hemorrhage |
329. |                                                Intracerebral haemorrhage NOS                                                              Cerebral hemorrhage |
330. |                                                    Intracerebral haemorrhage                                                              Cerebral hemorrhage |
     |---------------------------------------------------------------------------------------------------------------------------------------------------------------|
331. |                                              ICH - intracerebral haemorrhage                                                              Cerebral hemorrhage |
332. |                                                     Intracerebral hemorrhage                                                              Cerebral hemorrhage |
333. |                                                         Cerebral haemorrhage                                                              Cerebral hemorrhage |
334. |                                                         Cerebral haemorrhage                                                              Cerebral hemorrhage |
335. |                         Intracerebral haemorrhage in hemisphere, unspecified                                                              Cerebral hemorrhage |
     |---------------------------------------------------------------------------------------------------------------------------------------------------------------|
336. |                                              Intracerebral haemorrhage (ICH)                                                              Cerebral hemorrhage |
337. |                            Left sided intracerebral haemorrhage, unspecified                                                              Cerebral hemorrhage |
338. |                                                     Cerebral haemorrhage NOS                                                              Cerebral hemorrhage |
340. |                                                         Cerebral haemorrhage                                                              Cerebral hemorrhage |
341. |                                               ICH - intracerebral hemorrhage                                                              Cerebral hemorrhage |
     |---------------------------------------------------------------------------------------------------------------------------------------------------------------|
342. |                      [X]Intracerebral haemorrhage in hemisphere, unspecified                                                              Cerebral hemorrhage |
346. |                             CVA - cerebrovascular accident in the puerperium                                                         Stroke in the puerperium |
357. |                              Intracerebellar and posterior fossa haemorrhage                                   Intracerebellar and posterior fossa hemorrhage |
377. |                          Spontaneous haemorrhage of deep cerebral hemisphere                               Spontaneous hemorrhage of deep cerebral hemisphere |
378. |                 Spontaneous haemorrhage of cortical intracerebral hemisphere                      Spontaneous hemorrhage of cortical intracerebral hemisphere |
     |---------------------------------------------------------------------------------------------------------------------------------------------------------------|
379. |                               Spontaneous haemorrhage of cerebral hemisphere                                    Spontaneous hemorrhage of cerebral hemisphere |
413. |                      Left hemispheric cerebellar artery embolism with stroke   Cerebrovascular accident due to occlusion of left cerebellar artery by embolus |
418. |                                        Stroke due to basilar artery thrombus                       Cerebrovascular accident due to thrombus of basilar artery |
450. |                                                        Basal ganglion stroke                                                      Infarction of basal ganglia |
451. |                                                       Basal ganglion infarct                                                      Infarction of basal ganglia |
     |---------------------------------------------------------------------------------------------------------------------------------------------------------------|
473. |                                                 [X]Other cerebral infarction                                                              Cerebral infarction |
474. |                                                        Infarction - cerebral                                                              Cerebral infarction |
505. |                                                         Cortical haemorrhage                                                              Cortical hemorrhage |
511. |                                                 Internal capsule haemorrhage                                                      Internal capsule hemorrhage |
519. |                                                Arteriosclerotic dementia NOS                                                           Multi-infarct dementia |
     |---------------------------------------------------------------------------------------------------------------------------------------------------------------|
520. |                                                      VAD - Vascular dementia                                                           Multi-infarct dementia |
521. |                                                       Multi infarct dementia                                                           Multi-infarct dementia |
522. |                                                 MID - Multi-infarct dementia                                                           Multi-infarct dementia |
523. |                                           [X]Predominantly cortical dementia                                                           Multi-infarct dementia |
524. |                                                 [X]Arteriosclerotic dementia                                                           Multi-infarct dementia |
     |---------------------------------------------------------------------------------------------------------------------------------------------------------------|
526. |                                                    [X]Multi-infarct dementia                                                           Multi-infarct dementia |
527. |                                                    Arteriosclerotic dementia                                                           Multi-infarct dementia |
589. |                                                          Cerebral thrombosis                                                     Cerebral arterial thrombosis |
601. |                      Cerebral ischaemic stroke due to small artery occlusion                           Cerebral ischemic stroke due to small artery occlusion |
603. |                                                          Stroke and migraine                                                Stroke co-occurrent with migraine |
     |---------------------------------------------------------------------------------------------------------------------------------------------------------------|
608. |                                             Haemorrhage of medulla oblongata                                                  Hemorrhage of medulla oblongata |
609. |                                                           Bulbar haemorrhage                                                  Hemorrhage of medulla oblongata |
615. |                                      Right middle cerebral artery thrombosis                                       Thrombosis of right middle cerebral artery |
626. |                                                       Cerebellar haemorrhage                                                            Cerebellar hemorrhage |
628. |                                                      Haemorrhagic cerebellum                                                            Cerebellar hemorrhage |
     |---------------------------------------------------------------------------------------------------------------------------------------------------------------|
632. |                                                             Cerebral embolus                                                                Cerebral embolism |
633. |                                                   Cerebral arterial embolism                                                                Cerebral embolism |
643. |                                                           Pontine hemorrhage                                                          Intrapontine hemorrhage |
644. |                                                     Intrapontine haemorrhage                                                          Intrapontine hemorrhage |
645. |                                                          Pontine haemorrhage                                                          Intrapontine hemorrhage |
     |---------------------------------------------------------------------------------------------------------------------------------------------------------------|
647. |                                             LMS - Lateral medullary syndrome                                    Posterior inferior cerebellar artery syndrome |
648. |                                                        Wallenberg's syndrome                                    Posterior inferior cerebellar artery syndrome |
649. |                                                   Lateral medullary syndrome                                    Posterior inferior cerebellar artery syndrome |
652. |                        Cerebral ischaemic stroke due to dissection of artery                             Cerebral ischemic stroke due to dissection of artery |
653. |                        Cerebral ischaemic stroke due to aortic arch embolism                             Cerebral ischemic stroke due to aortic arch embolism |
     |---------------------------------------------------------------------------------------------------------------------------------------------------------------|
654. | Cerebral ischaemic stroke due to global hypoperfusion with watershed infarct      Cerebral ischemic stroke due to global hypoperfusion with watershed infarct |
655. |                       Cerebral ischaemic stroke due to hypercoagulable state                            Cerebral ischemic stroke due to hypercoagulable state |
656. |         Cerebral ischaemic stroke co-occurrent with subarachnoid haemorrhage                          Cerebral ischemic stroke due to subarachnoid hemorrhage |
698. |                                                       Brain stem haemorrhage                                                            Brain stem hemorrhage |
699. |                                                        Brainstem haemorrhage                                                            Brain stem hemorrhage |
     |---------------------------------------------------------------------------------------------------------------------------------------------------------------|
704. |                                                     Brainstem infarction NOS                                                            Brain stem infarction |
705. |                                                           Brain stem infarct                                                            Brain stem infarction |
707. |                                                            Brain stem stroke                                                            Brain stem infarction |
708. |                                                     Infarction of brain stem                                                            Brain stem infarction |
     +---------------------------------------------------------------------------------------------------------------------------------------------------------------+
Terms on pre-existing list only...

     +-------------------------------------------------------------------------------------------------------------+
     | snomedctconceptid                                                                          term_refset_strk |
     |-------------------------------------------------------------------------------------------------------------|
717. |          14309005                                                        Anterior choroidal artery syndrome |
718. | 15978431000119106                                                      Thrombosis of right vertebral artery |
719. |         230704000                                                                       Multi-infarct state |
720. |          24654003                                                                     Weber-Gubler syndrome |
721. |         276220007                                                                          Foville syndrome |
     |-------------------------------------------------------------------------------------------------------------|
722. |         276221006                                                                   Millard-Gubler syndrome |
723. |         276222004                                                                   Top of basilar syndrome |
724. |   291541000119104                                                      Spontaneous hemorrhage of brain stem |
725. |         297138001                                                               Embolus of circle of Willis |
726. |         308128006                                         Right sided intracerebral hemorrhage, unspecified |
     |-------------------------------------------------------------------------------------------------------------|
727. |   329421000119107   Cerebrovascular accident due to occlusion of right posterior cerebral artery by embolus |
728. |   330421000119102                                      Lacunar ataxic hemiparesis of right nondominant side |
729. |         762630002                                       Occlusion of left middle cerebral artery by embolus |
730. |         762651004                                   Occlusion of right posterior cerebral artery by embolus |
731. |         762652006                                    Occlusion of left posterior cerebral artery by embolus |
     |-------------------------------------------------------------------------------------------------------------|
732. |         788455001                                                   Occlusion of bilateral pontine arteries |
733. |         870544005                                                        Occlusion of distal basilar artery |
734. |         870579007                                                     Occlusion of branch of basilar artery |
735. |          87555007                                                                         Claude's syndrome |
736. |          90099008                                                           Subcortical leukoencephalopathy |
     +-------------------------------------------------------------------------------------------------------------+
(20 real changes made)
(20 real changes made)
Codelist: qcovid_stroke_tia

    Result                      Number of obs
    -----------------------------------------
    Not matched                           549
        from master                       546  (_merge==1)
        from using                          3  (_merge==2)

    Matched                               190  (_merge==3)
    -----------------------------------------

     +------------------------------------------------------------------------------------------------------------------------------------------------------+
     |                                                                term                                                           term_qcovid_stroke_tia |
     |------------------------------------------------------------------------------------------------------------------------------------------------------|
 21. |          [X]Cereb infarct due unsp occlus/stenos precerebr arteries            Cerebral infarction due to occlusion of precerebral artery (disorder) |
 22. |          Cerebral infarction due to occlusion of precerebral artery            Cerebral infarction due to occlusion of precerebral artery (disorder) |
 27. |                                       Ischaemic stroke without coma                                          Ischemic stroke without coma (disorder) |
 32. |                                           Subclavian steal syndrome                                             Subclavian steal syndrome (disorder) |
 57. |                                                   Cerebellar stroke                                                     Cerebellar stroke (disorder) |
     |------------------------------------------------------------------------------------------------------------------------------------------------------|
102. |                                            Basal ganglia hemorrhage                                              Basal ganglia hemorrhage (disorder) |
103. |                                           Basal ganglia haemorrhage                                              Basal ganglia hemorrhage (disorder) |
104. |                                        External capsule haemorrhage                                           External capsule hemorrhage (disorder) |
105. |         Intracerebral haemorrhage with intraventricular haemorrhage             Intracerebral hemorrhage with intraventricular hemorrhage (disorder) |
106. |                  Right sided intracerebral haemorrhage, unspecified             Intracerebral hemorrhage with intraventricular hemorrhage (disorder) |
     |------------------------------------------------------------------------------------------------------------------------------------------------------|
107. |           Intracerebral hemorrhage with intraventricular hemorrhage             Intracerebral hemorrhage with intraventricular hemorrhage (disorder) |
108. |                         Intracerebral haemorrhage, intraventricular             Intracerebral hemorrhage with intraventricular hemorrhage (disorder) |
109. |                       Intracerebral haemorrhage, multiple localised                          Intracerebral hemorrhage, multiple localized (disorder) |
110. |                       Intracerebral haemorrhage, multiple localized                          Intracerebral hemorrhage, multiple localized (disorder) |
120. |          Cerebral infarct due to thrombosis of precerebral arteries            Cerebral infarct due to thrombosis of precerebral arteries (disorder) |
     |------------------------------------------------------------------------------------------------------------------------------------------------------|
121. |         Cerebral infarction due to embolism of precerebral arteries           Cerebral infarction due to embolism of precerebral arteries (disorder) |
122. |          Cerebral infarction due to thrombosis of cerebral arteries            Cerebral infarction due to thrombosis of cerebral arteries (disorder) |
123. |            Cerebral infarction due to embolism of cerebral arteries              Cerebral infarction due to embolism of cerebral arteries (disorder) |
124. |                                     Vertebrobasilar artery syndrome                                       Vertebrobasilar artery syndrome (disorder) |
125. |                                 Carotid artery syndrome hemispheric                                   Carotid artery syndrome hemispheric (disorder) |
     |------------------------------------------------------------------------------------------------------------------------------------------------------|
126. |                 Multiple and bilateral precerebral artery syndromes                   Multiple and bilateral precerebral artery syndromes (disorder) |
127. |                                        Impending cerebral ischaemia                                           Impending cerebral ischemia (disorder) |
128. |                                     Intermittent cerebral ischaemia                                        Intermittent cerebral ischemia (disorder) |
129. |                                     Middle cerebral artery syndrome                                       Middle cerebral artery syndrome (disorder) |
130. |                                   Anterior cerebral artery syndrome                                     Anterior cerebral artery syndrome (disorder) |
     |------------------------------------------------------------------------------------------------------------------------------------------------------|
131. |                                  Posterior cerebral artery syndrome                                    Posterior cerebral artery syndrome (disorder) |
132. |                                           Brainstem stroke syndrome                                             Brainstem stroke syndrome (disorder) |
133. |                                          Cerebellar stroke syndrome                                            Cerebellar stroke syndrome (disorder) |
134. |                                                      Left sided CVA               Left sided cerebral hemisphere cerebrovascular accident (disorder) |
135. |             Left sided cerebral hemisphere cerebrovascular accident               Left sided cerebral hemisphere cerebrovascular accident (disorder) |
     |------------------------------------------------------------------------------------------------------------------------------------------------------|
136. |                                                     Right sided CVA              Right sided cerebral hemisphere cerebrovascular accident (disorder) |
137. |            Right sided cerebral hemisphere cerebrovascular accident              Right sided cerebral hemisphere cerebrovascular accident (disorder) |
139. | Cerebral infarction due to cerebral venous thrombosis, non-pyogenic   Cerebral infarction due to cerebral venous thrombosis, non-pyogenic (disorder) |
181. |        [X]Cerebrl infarctn due/unspcf occlusn or sten/cerebrl artrs                                          Occlusion of cerebral artery (disorder) |
182. |           Cerebrl infarctn due/unspcf occlusn or sten/cerebrl artrs                                          Occlusion of cerebral artery (disorder) |
     |------------------------------------------------------------------------------------------------------------------------------------------------------|
183. |                                         Cerebral arterial occlusion                                          Occlusion of cerebral artery (disorder) |
184. |                                           Cerebral artery occlusion                                          Occlusion of cerebral artery (disorder) |
195. |                                             Subcortical haemorrhage                                       Subcortical cerebral hemorrhage (disorder) |
196. |                                              Subcortical hemorrhage                                       Subcortical cerebral hemorrhage (disorder) |
215. |                                      CVA - Cerebrovascular accident                                              Cerebrovascular accident (disorder) |
     |------------------------------------------------------------------------------------------------------------------------------------------------------|
216. |                                            Cerebrovascular accident                                              Cerebrovascular accident (disorder) |
217. |                                                  Stroke unspecified                                              Cerebrovascular accident (disorder) |
218. |                                                     CVA unspecified                                              Cerebrovascular accident (disorder) |
219. |                                                              Stroke                                              Cerebrovascular accident (disorder) |
220. |                           Stroke due to cerebral arterial occlusion          Cerebrovascular accident due to occlusion of cerebral artery (disorder) |
     |------------------------------------------------------------------------------------------------------------------------------------------------------|
221. |     CVA - cerebrovascular accident due to cerebral artery occlusion          Cerebrovascular accident due to occlusion of cerebral artery (disorder) |
222. |                                            Infarction - precerebral                                              Infarction - precerebral (disorder) |
223. |                            Anterior cerebral circulation infarction                              Anterior cerebral circulation infarction (disorder) |
224. |                   TACS - Total anterior cerebral circulation stroke                        Total anterior cerebral circulation infarction (disorder) |
225. |               TACI - Total anterior cerebral circulation infarction                        Total anterior cerebral circulation infarction (disorder) |
     |------------------------------------------------------------------------------------------------------------------------------------------------------|
226. |                          Total anterior cerebral circulation stroke                        Total anterior cerebral circulation infarction (disorder) |
227. |                      Total anterior cerebral circulation infarction                        Total anterior cerebral circulation infarction (disorder) |
228. |             PACI - Partial anterior cerebral circulation infarction                      Partial anterior cerebral circulation infarction (disorder) |
229. |                    Partial anterior cerebral circulation infarction                      Partial anterior cerebral circulation infarction (disorder) |
230. |                 PACS - Partial anterior cerebral circulation stroke                      Partial anterior cerebral circulation infarction (disorder) |
     |------------------------------------------------------------------------------------------------------------------------------------------------------|
231. |                        Partial anterior cerebral circulation stroke                      Partial anterior cerebral circulation infarction (disorder) |
234. |                                           LACI - Lacunar infarction                                                    Lacunar infarction (disorder) |
235. |                                                  Lacunar infarction                                                    Lacunar infarction (disorder) |
236. |                                                      Lacunar stroke                                                    Lacunar infarction (disorder) |
237. |                                       Pure motor lacunar infarction                                         Pure motor lacunar infarction (disorder) |
     |------------------------------------------------------------------------------------------------------------------------------------------------------|
238. |                                         Pure motor lacunar syndrome                                         Pure motor lacunar infarction (disorder) |
239. |                                     Pure sensory lacunar infarction                                       Pure sensory lacunar infarction (disorder) |
240. |                                       Pure sensory lacunar syndrome                                       Pure sensory lacunar infarction (disorder) |
241. |                                Pure sensorimotor lacunar infarction                                  Pure sensorimotor lacunar infarction (disorder) |
242. |                                          Lacunar ataxic hemiparesis                                            Lacunar ataxic hemiparesis (disorder) |
     |------------------------------------------------------------------------------------------------------------------------------------------------------|
243. |                                     Dysarthria-clumsy hand syndrome                                       Dysarthria-clumsy hand syndrome (disorder) |
244. |                                                 Multi-infarct state                                                   Multi-infarct state (disorder) |
245. |                                    Haemorrhagic cerebral infarction                                       Hemorrhagic cerebral infarction (disorder) |
246. |                                     Hemorrhagic cerebral infarction                                       Hemorrhagic cerebral infarction (disorder) |
247. |               Anterior cerebral circulation haemorrhagic infarction                  Anterior cerebral circulation hemorrhagic infarction (disorder) |
     |------------------------------------------------------------------------------------------------------------------------------------------------------|
248. |              Posterior cerebral circulation haemorrhagic infarction                 Posterior cerebral circulation hemorrhagic infarction (disorder) |
249. |                         Massive supratentorial cerebral haemorrhage                            Massive supratentorial cerebral hemorrhage (disorder) |
250. |                                          Lobar cerebral haemorrhage                                             Lobar cerebral hemorrhage (disorder) |
251. |                                                Thalamic haemorrhage                                                   Thalamic hemorrhage (disorder) |
252. |                                                 Thalamic hemorrhage                                                   Thalamic hemorrhage (disorder) |
     |------------------------------------------------------------------------------------------------------------------------------------------------------|
253. |                                                 Lacunar haemorrhage                                                    Lacunar hemorrhage (disorder) |
254. |                                       Stroke of uncertain pathology                                         Stroke of uncertain pathology (disorder) |
255. |                  Anterior circulation stroke of uncertain pathology                    Anterior circulation stroke of uncertain pathology (disorder) |
256. |                 Posterior circulation stroke of uncertain pathology                   Posterior circulation stroke of uncertain pathology (disorder) |
257. |                        Carotid territory transient ischaemic attack                           Carotid territory transient ischemic attack (disorder) |
     |------------------------------------------------------------------------------------------------------------------------------------------------------|
258. |                      Anterior circulation transient ischemic attack                           Carotid territory transient ischemic attack (disorder) |
259. |                     Anterior circulation transient ischaemic attack                           Carotid territory transient ischemic attack (disorder) |
260. |                    Posterior circulation transient ischaemic attack                   Vertebrobasilar territory transient ischemic attack (disorder) |
261. |                Vertebrobasilar territory transient ischaemic attack                   Vertebrobasilar territory transient ischemic attack (disorder) |
262. |                     Posterior circulation transient ischemic attack                   Vertebrobasilar territory transient ischemic attack (disorder) |
     |------------------------------------------------------------------------------------------------------------------------------------------------------|
263. |                 Vertebrobasilar territory transient ischemic attack                   Vertebrobasilar territory transient ischemic attack (disorder) |
288. |                                               Weber-Gubler syndrome                                                 Weber-Gubler syndrome (disorder) |
303. |                                                                 TIA                                             Transient ischemic attack (disorder) |
304. |                                          Transient ischaemic attack                                             Transient ischemic attack (disorder) |
305. |                                           Transient ischemic attack                                             Transient ischemic attack (disorder) |
     |------------------------------------------------------------------------------------------------------------------------------------------------------|
306. |                                         Transient Ischaemic Attacks                                             Transient ischemic attack (disorder) |
307. |                                    Transient cerebral ischaemia NOS                                             Transient ischemic attack (disorder) |
308. |                                    TIA - Transient ischaemic attack                                             Transient ischemic attack (disorder) |
309. |                                         Transient cerebral ischemia                                             Transient ischemic attack (disorder) |
310. |                                        Transient cerebral ischaemia                                             Transient ischemic attack (disorder) |
     |------------------------------------------------------------------------------------------------------------------------------------------------------|
311. |                                  Other transient cerebral ischaemia                                             Transient ischemic attack (disorder) |
312. |                             Temporary cerebral vascular dysfunction                                             Transient ischemic attack (disorder) |
313. |                                    Transient cerebral ischaemia NOS                                             Transient ischemic attack (disorder) |
314. |                                         Transient cerebral ischemia                                             Transient ischemic attack (disorder) |
332. |                                                Cerebral haemorrhage                                                   Cerebral hemorrhage (disorder) |
     |------------------------------------------------------------------------------------------------------------------------------------------------------|
333. |                                            Intracerebral hemorrhage                                                   Cerebral hemorrhage (disorder) |
334. |                                            Cerebral haemorrhage NOS                                                   Cerebral hemorrhage (disorder) |
335. |                   Left sided intracerebral haemorrhage, unspecified                                                   Cerebral hemorrhage (disorder) |
336. |                                                Cerebral haemorrhage                                                   Cerebral hemorrhage (disorder) |
337. |                                     Intracerebral haemorrhage (ICH)                                                   Cerebral hemorrhage (disorder) |
     |------------------------------------------------------------------------------------------------------------------------------------------------------|
338. |                                     ICH - intracerebral haemorrhage                                                   Cerebral hemorrhage (disorder) |
339. |                Intracerebral haemorrhage in hemisphere, unspecified                                                   Cerebral hemorrhage (disorder) |
340. |                                       Intracerebral haemorrhage NOS                                                   Cerebral hemorrhage (disorder) |
341. |                                      ICH - intracerebral hemorrhage                                                   Cerebral hemorrhage (disorder) |
342. |                                           Intracerebral haemorrhage                                                   Cerebral hemorrhage (disorder) |
     |------------------------------------------------------------------------------------------------------------------------------------------------------|
343. |                                                 Cerebral hemorrhage                                                   Cerebral hemorrhage (disorder) |
344. |                                                Cerebral haemorrhage                                                   Cerebral hemorrhage (disorder) |
345. |                                                Cerebral haemorrhage                                                   Cerebral hemorrhage (disorder) |
346. |             [X]Intracerebral haemorrhage in hemisphere, unspecified                                                   Cerebral hemorrhage (disorder) |
349. |                    CVA - cerebrovascular accident in the puerperium                                              Stroke in the puerperium (disorder) |
     |------------------------------------------------------------------------------------------------------------------------------------------------------|
350. |                                            Stroke in the puerperium                                              Stroke in the puerperium (disorder) |
355. |                                       Occipital cerebral infarction                                         Occipital cerebral infarction (disorder) |
356. |                                                    Foville syndrome                                                      Foville syndrome (disorder) |
357. |                                             Millard-Gubler syndrome                                               Millard-Gubler syndrome (disorder) |
358. |                                             Top of basilar syndrome                                               Top of basilar syndrome (disorder) |
     |------------------------------------------------------------------------------------------------------------------------------------------------------|
364. |                      Intracerebellar and posterior fossa hemorrhage                        Intracerebellar and posterior fossa hemorrhage (disorder) |
365. |                     Intracerebellar and posterior fossa haemorrhage                        Intracerebellar and posterior fossa hemorrhage (disorder) |
375. |                               Extension of cerebrovascular accident                                 Extension of cerebrovascular accident (disorder) |
393. |                                         Embolus of circle of Willis                                           Embolus of circle of Willis (disorder) |
406. |                                           Multiple lacunar infarcts                                             Multiple lacunar infarcts (disorder) |
     |------------------------------------------------------------------------------------------------------------------------------------------------------|
407. |                                      Left sided cerebral infarction                                        Left sided cerebral infarction (disorder) |
408. |                                     Right sided cerebral infarction                                       Right sided cerebral infarction (disorder) |
425. |                           Occlusion of right middle cerebral artery                             Occlusion of right middle cerebral artery (disorder) |
429. |          Cerebrovascular accident due to thrombus of basilar artery            Cerebrovascular accident due to thrombus of basilar artery (disorder) |
430. |                               Stroke due to basilar artery thrombus            Cerebrovascular accident due to thrombus of basilar artery (disorder) |
     |------------------------------------------------------------------------------------------------------------------------------------------------------|
436. |                               Vertebral artery compression syndrome                                             Vertebral artery syndrome (disorder) |
437. |                                           Vertebral artery syndrome                                             Vertebral artery syndrome (disorder) |
440. |                                                      Embolic stroke                                                        Embolic stroke (disorder) |
443. |                                                    Occlusive stroke                                                      Occlusive stroke (disorder) |
461. |                                              Basal ganglion infarct                                           Infarction of basal ganglia (disorder) |
     |------------------------------------------------------------------------------------------------------------------------------------------------------|
462. |                                         Infarction of basal ganglia                                           Infarction of basal ganglia (disorder) |
463. |                                               Basal ganglion stroke                                           Infarction of basal ganglia (disorder) |
468. |                                                Cardioembolic stroke                                                  Cardioembolic stroke (disorder) |
479. |                                            Acute lacunar infarction                                              Acute lacunar infarction (disorder) |
485. |                                                 Cerebral infarction                                                   Cerebral infarction (disorder) |
     |------------------------------------------------------------------------------------------------------------------------------------------------------|
486. |                                               Infarction - cerebral                                                   Cerebral infarction (disorder) |
487. |                                        [X]Other cerebral infarction                                                   Cerebral infarction (disorder) |
517. |                                                Cortical haemorrhage                                                   Cortical hemorrhage (disorder) |
523. |                                         Internal capsule hemorrhage                                           Internal capsule hemorrhage (disorder) |
524. |                                        Internal capsule haemorrhage                                           Internal capsule hemorrhage (disorder) |
     |------------------------------------------------------------------------------------------------------------------------------------------------------|
531. |                                       Arteriosclerotic dementia NOS                                                Multi-infarct dementia (disorder) |
532. |                                        [X]Arteriosclerotic dementia                                                Multi-infarct dementia (disorder) |
533. |                                        MID - Multi-infarct dementia                                                Multi-infarct dementia (disorder) |
534. |                                           [X]Multi-infarct dementia                                                Multi-infarct dementia (disorder) |
535. |                                             VAD - Vascular dementia                                                Multi-infarct dementia (disorder) |
     |------------------------------------------------------------------------------------------------------------------------------------------------------|
536. |                                           Arteriosclerotic dementia                                                Multi-infarct dementia (disorder) |
537. |                                              Multi-infarct dementia                                                Multi-infarct dementia (disorder) |
538. |                                  [X]Predominantly cortical dementia                                                Multi-infarct dementia (disorder) |
539. |                                              Multi infarct dementia                                                Multi-infarct dementia (disorder) |
559. |                                       Vertebrobasilar insufficiency                                               Basilar artery syndrome (disorder) |
     |------------------------------------------------------------------------------------------------------------------------------------------------------|
560. |                                      Vertebro-basilar insufficiency                                               Basilar artery syndrome (disorder) |
561. |                                      Insufficiency - basilar artery                                               Basilar artery syndrome (disorder) |
562. |                                             Basilar artery syndrome                                               Basilar artery syndrome (disorder) |
601. |                                                 Cerebral thrombosis                                          Cerebral arterial thrombosis (disorder) |
620. |                                    Haemorrhage of medulla oblongata                                       Hemorrhage of medulla oblongata (disorder) |
     |------------------------------------------------------------------------------------------------------------------------------------------------------|
621. |                                                  Bulbar haemorrhage                                       Hemorrhage of medulla oblongata (disorder) |
626. |                           Thrombosis of left middle cerebral artery                             Thrombosis of left middle cerebral artery (disorder) |
627. |                          Thrombosis of right middle cerebral artery                            Thrombosis of right middle cerebral artery (disorder) |
628. |                             Right middle cerebral artery thrombosis                            Thrombosis of right middle cerebral artery (disorder) |
638. |                                               Cerebellar hemorrhage                                                 Cerebellar hemorrhage (disorder) |
     |------------------------------------------------------------------------------------------------------------------------------------------------------|
639. |                                             Haemorrhagic cerebellum                                                 Cerebellar hemorrhage (disorder) |
640. |                                              Cerebellar haemorrhage                                                 Cerebellar hemorrhage (disorder) |
641. |                      Personal history of transient ischaemic attack                       Personal history of transient ischaemic attack (situation) |
642. |                   [V]Personal history of transient ischaemic attack                       Personal history of transient ischaemic attack (situation) |
643. |                                                   Cerebral embolism                                                     Cerebral embolism (disorder) |
     |------------------------------------------------------------------------------------------------------------------------------------------------------|
644. |                                          Cerebral arterial embolism                                                     Cerebral embolism (disorder) |
645. |                                                    Cerebral embolus                                                     Cerebral embolism (disorder) |
658. |                                                 Pontine haemorrhage                                               Intrapontine hemorrhage (disorder) |
659. |                                            Intrapontine haemorrhage                                               Intrapontine hemorrhage (disorder) |
660. |                                                  Pontine hemorrhage                                               Intrapontine hemorrhage (disorder) |
     |------------------------------------------------------------------------------------------------------------------------------------------------------|
662. |                                               Wallenberg's syndrome                         Posterior inferior cerebellar artery syndrome (disorder) |
663. |                       Posterior inferior cerebellar artery syndrome                         Posterior inferior cerebellar artery syndrome (disorder) |
664. |                                    LMS - Lateral medullary syndrome                         Posterior inferior cerebellar artery syndrome (disorder) |
665. |                                          Lateral medullary syndrome                         Posterior inferior cerebellar artery syndrome (disorder) |
691. |                                                   Claude's syndrome                                                     Claude's syndrome (disorder) |
     |------------------------------------------------------------------------------------------------------------------------------------------------------|
700. |                                     Subcortical leukoencephalopathy                                       Subcortical leukoencephalopathy (disorder) |
718. |                                               Brainstem haemorrhage                                                 Brain stem hemorrhage (disorder) |
719. |                                              Brain stem haemorrhage                                                 Brain stem hemorrhage (disorder) |
720. |                                               Brain stem hemorrhage                                                 Brain stem hemorrhage (disorder) |
724. |                                            Infarction of brain stem                                                 Brain stem infarction (disorder) |
     |------------------------------------------------------------------------------------------------------------------------------------------------------|
725. |                                                  Brain stem infarct                                                 Brain stem infarction (disorder) |
726. |                                            Brainstem infarction NOS                                                 Brain stem infarction (disorder) |
727. |                                                   Brain stem stroke                                                 Brain stem infarction (disorder) |
728. |                                               Brain stem infarction                                                 Brain stem infarction (disorder) |
729. |                                               Cerebellar infarction                                                 Cerebellar infarction (disorder) |
     +------------------------------------------------------------------------------------------------------------------------------------------------------+
Terms on pre-existing list only...

     +-------------------------------------------------------------------------+
     | snome~tid                                        term_qcovid_stroke_tia |
     |-------------------------------------------------------------------------|
737. |  10349009               Multi-infarct dementia with delirium (disorder) |
738. | 230285003                   Vascular dementia of acute onset (disorder) |
739. | 230287006   Mixed cortical and subcortical vascular dementia (disorder) |
     +-------------------------------------------------------------------------+
(3 real changes made)
(3 real changes made)
Codelist: ph983

    Result                      Number of obs
    -----------------------------------------
    Not matched                           554
        from master                       554  (_merge==1)
        from using                          0  (_merge==2)

    Matched                               185  (_merge==3)
    -----------------------------------------

     +----------------------------------------------------------------------------------------------------------------------------------------------------------------+
     |                                                                     term                                                                            term_ph983 |
     |----------------------------------------------------------------------------------------------------------------------------------------------------------------|
  4. |                                                      Haemorrhagic stroke                                                        Haemorrhagic stroke (disorder) |
  8. |                  Cerebral infarction due to occlusion of cerebral artery                    Cerebral infarction due to occlusion of cerebral artery (disorder) |
  9. |                   Cerebral infarction due to stenosis of cerebral artery                     Cerebral infarction due to stenosis of cerebral artery (disorder) |
 23. |               [X]Cereb infarct due unsp occlus/stenos precerebr arteries                            Cerebral infarction due to occlusion of precerebral artery |
 41. | Cerebrovascular accident due to occlusion of left middle cerebral artery   Cerebrovascular accident due to occlusion of left middle cerebral artery (disorder) |
     |----------------------------------------------------------------------------------------------------------------------------------------------------------------|
 42. |                   Stroke due to thrombus of right middle cerebral artery   Cerebrovascular accident due to thrombus of right middle cerebral artery (disorder) |
 43. | Cerebrovascular accident due to thrombus of right middle cerebral artery   Cerebrovascular accident due to thrombus of right middle cerebral artery (disorder) |
 44. |                    Stroke due to thrombus of left middle cerebral artery    Cerebrovascular accident due to thrombus of left middle cerebral artery (disorder) |
 45. |  Cerebrovascular accident due to thrombus of left middle cerebral artery    Cerebrovascular accident due to thrombus of left middle cerebral artery (disorder) |
 58. |                                                        Cerebellar stroke                                                          Cerebellar stroke (disorder) |
     |----------------------------------------------------------------------------------------------------------------------------------------------------------------|
103. |                                                Basal ganglia haemorrhage                                                              Basal ganglia hemorrhage |
105. |                                             External capsule haemorrhage                                                           External capsule hemorrhage |
106. |                Intracerebral hemorrhage with intraventricular hemorrhage                                           Intracerebral haemorrhage, intraventricular |
108. |                       Right sided intracerebral haemorrhage, unspecified                                           Intracerebral haemorrhage, intraventricular |
109. |              Intracerebral haemorrhage with intraventricular haemorrhage                                           Intracerebral haemorrhage, intraventricular |
     |----------------------------------------------------------------------------------------------------------------------------------------------------------------|
110. |                            Intracerebral haemorrhage, multiple localized                                          Intracerebral hemorrhage, multiple localized |
111. |                            Intracerebral haemorrhage, multiple localised                                          Intracerebral hemorrhage, multiple localized |
134. |                                               Cerebellar stroke syndrome                                                 Cerebellar stroke syndrome (disorder) |
135. |                                                           Left sided CVA                               Left sided cerebral hemisphere cerebrovascular accident |
137. |                 Right sided cerebral hemisphere cerebrovascular accident                                                                       Right sided CVA |
     |----------------------------------------------------------------------------------------------------------------------------------------------------------------|
140. |      Cerebral infarction due to cerebral venous thrombosis, non-pyogenic        Cerebral infarction due to cerebral venous thrombosis, non-pyogenic (disorder) |
182. |                                                Cerebral artery occlusion                                               Occlusion of cerebral artery (disorder) |
183. |                                              Cerebral arterial occlusion                                               Occlusion of cerebral artery (disorder) |
184. |                Cerebrl infarctn due/unspcf occlusn or sten/cerebrl artrs                                               Occlusion of cerebral artery (disorder) |
185. |             [X]Cerebrl infarctn due/unspcf occlusn or sten/cerebrl artrs                                               Occlusion of cerebral artery (disorder) |
     |----------------------------------------------------------------------------------------------------------------------------------------------------------------|
196. |                                                   Subcortical hemorrhage                                            Subcortical cerebral hemorrhage (disorder) |
197. |                                                  Subcortical haemorrhage                                            Subcortical cerebral hemorrhage (disorder) |
218. |                                                 Cerebrovascular accident                                                        CVA - Cerebrovascular accident |
219. |                                                          CVA unspecified                                                        CVA - Cerebrovascular accident |
221. |                                                       Stroke unspecified                                                        CVA - Cerebrovascular accident |
     |----------------------------------------------------------------------------------------------------------------------------------------------------------------|
222. |                                                                   Stroke                                                        CVA - Cerebrovascular accident |
224. |                                Stroke due to cerebral arterial occlusion                       CVA - cerebrovascular accident due to cerebral artery occlusion |
226. |                                 Anterior cerebral circulation infarction                                   Anterior cerebral circulation infarction (disorder) |
227. |                           Total anterior cerebral circulation infarction                             Total anterior cerebral circulation infarction (disorder) |
228. |                        TACS - Total anterior cerebral circulation stroke                             Total anterior cerebral circulation infarction (disorder) |
     |----------------------------------------------------------------------------------------------------------------------------------------------------------------|
229. |                               Total anterior cerebral circulation stroke                             Total anterior cerebral circulation infarction (disorder) |
230. |                    TACI - Total anterior cerebral circulation infarction                             Total anterior cerebral circulation infarction (disorder) |
231. |                  PACI - Partial anterior cerebral circulation infarction                           Partial anterior cerebral circulation infarction (disorder) |
232. |                             Partial anterior cerebral circulation stroke                           Partial anterior cerebral circulation infarction (disorder) |
233. |                         Partial anterior cerebral circulation infarction                           Partial anterior cerebral circulation infarction (disorder) |
     |----------------------------------------------------------------------------------------------------------------------------------------------------------------|
234. |                      PACS - Partial anterior cerebral circulation stroke                           Partial anterior cerebral circulation infarction (disorder) |
235. |                                Posterior cerebral circulation infarction                                  Posterior cerebral circulation infarction (disorder) |
236. |                                    Posterior cerebral circulation stroke                                  Posterior cerebral circulation infarction (disorder) |
237. |                                                           Lacunar stroke                                                                    Lacunar infarction |
238. |                                                LACI - Lacunar infarction                                                                    Lacunar infarction |
     |----------------------------------------------------------------------------------------------------------------------------------------------------------------|
241. |                                            Pure motor lacunar infarction                                                           Pure motor lacunar syndrome |
242. |                                            Pure sensory lacunar syndrome                                                       Pure sensory lacunar infarction |
244. |                                     Pure sensorimotor lacunar infarction                                       Pure sensorimotor lacunar infarction (disorder) |
245. |                                               Lacunar ataxic hemiparesis                                                 Lacunar ataxic hemiparesis (disorder) |
246. |                                          Dysarthria-clumsy hand syndrome                                            Dysarthria-clumsy hand syndrome (disorder) |
     |----------------------------------------------------------------------------------------------------------------------------------------------------------------|
247. |                                                      Multi-infarct state                                                        Multi-infarct state (disorder) |
248. |                                          Hemorrhagic cerebral infarction                                            Hemorrhagic cerebral infarction (disorder) |
249. |                                         Haemorrhagic cerebral infarction                                            Hemorrhagic cerebral infarction (disorder) |
250. |                    Anterior cerebral circulation haemorrhagic infarction                       Anterior cerebral circulation hemorrhagic infarction (disorder) |
251. |                   Posterior cerebral circulation haemorrhagic infarction                      Posterior cerebral circulation hemorrhagic infarction (disorder) |
     |----------------------------------------------------------------------------------------------------------------------------------------------------------------|
252. |                              Massive supratentorial cerebral haemorrhage                                 Massive supratentorial cerebral hemorrhage (disorder) |
253. |                                               Lobar cerebral haemorrhage                                                             Lobar cerebral hemorrhage |
254. |                                                     Thalamic haemorrhage                                                        Thalamic hemorrhage (disorder) |
255. |                                                      Thalamic hemorrhage                                                        Thalamic hemorrhage (disorder) |
256. |                                                      Lacunar haemorrhage                                                         Lacunar hemorrhage (disorder) |
     |----------------------------------------------------------------------------------------------------------------------------------------------------------------|
257. |                                            Stroke of uncertain pathology                                              Stroke of uncertain pathology (disorder) |
258. |                       Anterior circulation stroke of uncertain pathology                         Anterior circulation stroke of uncertain pathology (disorder) |
259. |                      Posterior circulation stroke of uncertain pathology                        Posterior circulation stroke of uncertain pathology (disorder) |
260. |                           Anterior circulation transient ischemic attack                                       Anterior circulation transient ischaemic attack |
261. |                             Carotid territory transient ischaemic attack                                       Anterior circulation transient ischaemic attack |
     |----------------------------------------------------------------------------------------------------------------------------------------------------------------|
263. |                          Posterior circulation transient ischemic attack                                  Vertebrobasilar territory transient ischaemic attack |
264. |                         Posterior circulation transient ischaemic attack                                  Vertebrobasilar territory transient ischaemic attack |
265. |                      Vertebrobasilar territory transient ischemic attack                                  Vertebrobasilar territory transient ischaemic attack |
291. |                                                    Weber-Gubler syndrome                                                      Weber-Gubler syndrome (disorder) |
292. |                                                         Completed stroke                                                           Completed stroke (disorder) |
     |----------------------------------------------------------------------------------------------------------------------------------------------------------------|
306. |                                              Transient cerebral ischemia                                                                                   TIA |
307. |                                  Temporary cerebral vascular dysfunction                                                                                   TIA |
308. |                                         Transient cerebral ischaemia NOS                                                                                   TIA |
309. |                                       Other transient cerebral ischaemia                                                                                   TIA |
310. |                                                Transient ischemic attack                                                                                   TIA |
     |----------------------------------------------------------------------------------------------------------------------------------------------------------------|
312. |                                             Transient cerebral ischaemia                                                                                   TIA |
313. |                                              Transient cerebral ischemia                                                                                   TIA |
314. |                                         TIA - Transient ischaemic attack                                                                                   TIA |
315. |                                               Transient ischaemic attack                                                                                   TIA |
316. |                                         Transient cerebral ischaemia NOS                                                                                   TIA |
     |----------------------------------------------------------------------------------------------------------------------------------------------------------------|
317. |                                              Transient Ischaemic Attacks                                                                                   TIA |
335. |                                                 Cerebral haemorrhage NOS                                                                   Cerebral hemorrhage |
336. |                                                     Cerebral haemorrhage                                                                   Cerebral hemorrhage |
337. |                                           ICH - intracerebral hemorrhage                                                                   Cerebral hemorrhage |
338. |                        Left sided intracerebral haemorrhage, unspecified                                                                   Cerebral hemorrhage |
     |----------------------------------------------------------------------------------------------------------------------------------------------------------------|
339. |                                                 Intracerebral hemorrhage                                                                   Cerebral hemorrhage |
340. |                                                     Cerebral haemorrhage                                                                   Cerebral hemorrhage |
341. |                                            Intracerebral haemorrhage NOS                                                                   Cerebral hemorrhage |
342. |                                          ICH - intracerebral haemorrhage                                                                   Cerebral hemorrhage |
343. |                                                     Cerebral haemorrhage                                                                   Cerebral hemorrhage |
     |----------------------------------------------------------------------------------------------------------------------------------------------------------------|
345. |                                                     Cerebral haemorrhage                                                                   Cerebral hemorrhage |
346. |                                          Intracerebral haemorrhage (ICH)                                                                   Cerebral hemorrhage |
347. |                                                Intracerebral haemorrhage                                                                   Cerebral hemorrhage |
348. |                  [X]Intracerebral haemorrhage in hemisphere, unspecified                                                                   Cerebral hemorrhage |
349. |                     Intracerebral haemorrhage in hemisphere, unspecified                                                                   Cerebral hemorrhage |
     |----------------------------------------------------------------------------------------------------------------------------------------------------------------|
353. |                         CVA - cerebrovascular accident in the puerperium                                                              Stroke in the puerperium |
358. |                                            Occipital cerebral infarction                                              Occipital cerebral infarction (disorder) |
359. |                                                         Foville syndrome                                                           Foville syndrome (disorder) |
360. |                                                  Millard-Gubler syndrome                                                    Millard-Gubler syndrome (disorder) |
361. |                                                  Top of basilar syndrome                                                    Top of basilar syndrome (disorder) |
     |----------------------------------------------------------------------------------------------------------------------------------------------------------------|
367. |                          Intracerebellar and posterior fossa haemorrhage                             Intracerebellar and posterior fossa hemorrhage (disorder) |
368. |                           Intracerebellar and posterior fossa hemorrhage                             Intracerebellar and posterior fossa hemorrhage (disorder) |
378. |                                    Extension of cerebrovascular accident                                      Extension of cerebrovascular accident (disorder) |
396. |                                              Embolus of circle of Willis                                                Embolus of circle of Willis (disorder) |
409. |                                                Multiple lacunar infarcts                                                  Multiple lacunar infarcts (disorder) |
     |----------------------------------------------------------------------------------------------------------------------------------------------------------------|
432. |                                    Stroke due to basilar artery thrombus                 Cerebrovascular accident due to thrombus of basilar artery (disorder) |
433. |               Cerebrovascular accident due to thrombus of basilar artery                 Cerebrovascular accident due to thrombus of basilar artery (disorder) |
443. |                                                           Embolic stroke                                                             Embolic stroke (disorder) |
446. |                                                         Occlusive stroke                                                           Occlusive stroke (disorder) |
464. |                                              Infarction of basal ganglia                                                Infarction of basal ganglia (disorder) |
     |----------------------------------------------------------------------------------------------------------------------------------------------------------------|
465. |                                                   Basal ganglion infarct                                                Infarction of basal ganglia (disorder) |
466. |                                                    Basal ganglion stroke                                                Infarction of basal ganglia (disorder) |
471. |                                                     Cardioembolic stroke                                                       Cardioembolic stroke (disorder) |
482. |                                                 Acute lacunar infarction                                                   Acute lacunar infarction (disorder) |
488. |                                                    Infarction - cerebral                                                        Cerebral infarction (disorder) |
     |----------------------------------------------------------------------------------------------------------------------------------------------------------------|
489. |                                                      Cerebral infarction                                                        Cerebral infarction (disorder) |
490. |                                             [X]Other cerebral infarction                                                        Cerebral infarction (disorder) |
492. |                             Recurrent transient cerebral ischemic attack                               Recurrent transient cerebral ischemic attack (disorder) |
493. |                            Recurrent transient cerebral ischaemic attack                               Recurrent transient cerebral ischemic attack (disorder) |
520. |                                                     Cortical haemorrhage                                                                   Cortical hemorrhage |
     |----------------------------------------------------------------------------------------------------------------------------------------------------------------|
526. |                                             Internal capsule haemorrhage                                                           Internal capsule hemorrhage |
616. |                   Cerebral ischemic stroke due to small artery occlusion                     Cerebral ischemic stroke due to small artery occlusion (disorder) |
617. |                  Cerebral ischaemic stroke due to small artery occlusion                     Cerebral ischemic stroke due to small artery occlusion (disorder) |
623. |                                                       Bulbar haemorrhage                                            Hemorrhage of medulla oblongata (disorder) |
624. |                                         Haemorrhage of medulla oblongata                                            Hemorrhage of medulla oblongata (disorder) |
     |----------------------------------------------------------------------------------------------------------------------------------------------------------------|
629. |                                Thrombosis of left middle cerebral artery                                  Thrombosis of left middle cerebral artery (disorder) |
630. |                                  Right middle cerebral artery thrombosis                                 Thrombosis of right middle cerebral artery (disorder) |
631. |                               Thrombosis of right middle cerebral artery                                 Thrombosis of right middle cerebral artery (disorder) |
642. |                                                   Cerebellar haemorrhage                                                                 Cerebellar hemorrhage |
643. |                                                  Haemorrhagic cerebellum                                                                 Cerebellar hemorrhage |
     |----------------------------------------------------------------------------------------------------------------------------------------------------------------|
646. |                                                         Cerebral embolus                                                                     Cerebral embolism |
647. |                                               Cerebral arterial embolism                                                                     Cerebral embolism |
661. |                                                 Intrapontine haemorrhage                                                               Intrapontine hemorrhage |
662. |                                                       Pontine hemorrhage                                                               Intrapontine hemorrhage |
663. |                                                      Pontine haemorrhage                                                               Intrapontine hemorrhage |
     |----------------------------------------------------------------------------------------------------------------------------------------------------------------|
665. |                                                    Wallenberg's syndrome                                         Posterior inferior cerebellar artery syndrome |
667. |                                         LMS - Lateral medullary syndrome                                         Posterior inferior cerebellar artery syndrome |
668. |                                               Lateral medullary syndrome                                         Posterior inferior cerebellar artery syndrome |
694. |                                                        Claude's syndrome                                                          Claude's syndrome (disorder) |
703. |                                          Subcortical leukoencephalopathy                                            Subcortical leukoencephalopathy (disorder) |
     |----------------------------------------------------------------------------------------------------------------------------------------------------------------|
721. |                                                    Brain stem hemorrhage                                                      Brain stem hemorrhage (disorder) |
722. |                                                   Brain stem haemorrhage                                                      Brain stem hemorrhage (disorder) |
723. |                                                    Brainstem haemorrhage                                                      Brain stem hemorrhage (disorder) |
727. |                                                       Brain stem infarct                                                                 Brain stem infarction |
728. |                                                 Infarction of brain stem                                                                 Brain stem infarction |
     |----------------------------------------------------------------------------------------------------------------------------------------------------------------|
729. |                                                        Brain stem stroke                                                                 Brain stem infarction |
731. |                                                 Brainstem infarction NOS                                                                 Brain stem infarction |
     +----------------------------------------------------------------------------------------------------------------------------------------------------------------+
Terms on pre-existing list only...
(0 real changes made)
(0 real changes made)
Codelist: ph948

    Result                      Number of obs
    -----------------------------------------
    Not matched                           543
        from master                       543  (_merge==1)
        from using                          0  (_merge==2)

    Matched                               196  (_merge==3)
    -----------------------------------------

     +----------------------------------------------------------------------------------------------------------------------------------------------------------------+
     |                                                                     term                                                                            term_ph948 |
     |----------------------------------------------------------------------------------------------------------------------------------------------------------------|
  4. |                                                      Haemorrhagic stroke                                                        Haemorrhagic stroke (disorder) |
  8. |                  Cerebral infarction due to occlusion of cerebral artery                    Cerebral infarction due to occlusion of cerebral artery (disorder) |
  9. |                   Cerebral infarction due to stenosis of cerebral artery                     Cerebral infarction due to stenosis of cerebral artery (disorder) |
 23. |               [X]Cereb infarct due unsp occlus/stenos precerebr arteries                            Cerebral infarction due to occlusion of precerebral artery |
 33. |                                                Subclavian steal syndrome                                                  Subclavian steal syndrome (disorder) |
     |----------------------------------------------------------------------------------------------------------------------------------------------------------------|
 41. | Cerebrovascular accident due to occlusion of left middle cerebral artery   Cerebrovascular accident due to occlusion of left middle cerebral artery (disorder) |
 42. |                   Stroke due to thrombus of right middle cerebral artery   Cerebrovascular accident due to thrombus of right middle cerebral artery (disorder) |
 43. | Cerebrovascular accident due to thrombus of right middle cerebral artery   Cerebrovascular accident due to thrombus of right middle cerebral artery (disorder) |
 44. |                    Stroke due to thrombus of left middle cerebral artery    Cerebrovascular accident due to thrombus of left middle cerebral artery (disorder) |
 45. |  Cerebrovascular accident due to thrombus of left middle cerebral artery    Cerebrovascular accident due to thrombus of left middle cerebral artery (disorder) |
     |----------------------------------------------------------------------------------------------------------------------------------------------------------------|
 58. |                                                        Cerebellar stroke                                                          Cerebellar stroke (disorder) |
103. |                                                Basal ganglia haemorrhage                                                              Basal ganglia hemorrhage |
105. |                                             External capsule haemorrhage                                                           External capsule hemorrhage |
106. |                Intracerebral hemorrhage with intraventricular hemorrhage                                           Intracerebral haemorrhage, intraventricular |
108. |                       Right sided intracerebral haemorrhage, unspecified                                           Intracerebral haemorrhage, intraventricular |
     |----------------------------------------------------------------------------------------------------------------------------------------------------------------|
109. |              Intracerebral haemorrhage with intraventricular haemorrhage                                           Intracerebral haemorrhage, intraventricular |
110. |                            Intracerebral haemorrhage, multiple localized                                          Intracerebral hemorrhage, multiple localized |
111. |                            Intracerebral haemorrhage, multiple localised                                          Intracerebral hemorrhage, multiple localized |
125. |                                          Vertebrobasilar artery syndrome                                            Vertebrobasilar artery syndrome (disorder) |
128. |                                             Impending cerebral ischaemia                                                Impending cerebral ischemia (disorder) |
     |----------------------------------------------------------------------------------------------------------------------------------------------------------------|
135. |                                                           Left sided CVA                               Left sided cerebral hemisphere cerebrovascular accident |
137. |                 Right sided cerebral hemisphere cerebrovascular accident                                                                       Right sided CVA |
140. |      Cerebral infarction due to cerebral venous thrombosis, non-pyogenic        Cerebral infarction due to cerebral venous thrombosis, non-pyogenic (disorder) |
182. |                                                Cerebral artery occlusion                                               Occlusion of cerebral artery (disorder) |
183. |                                              Cerebral arterial occlusion                                               Occlusion of cerebral artery (disorder) |
     |----------------------------------------------------------------------------------------------------------------------------------------------------------------|
184. |                Cerebrl infarctn due/unspcf occlusn or sten/cerebrl artrs                                               Occlusion of cerebral artery (disorder) |
185. |             [X]Cerebrl infarctn due/unspcf occlusn or sten/cerebrl artrs                                               Occlusion of cerebral artery (disorder) |
196. |                                                   Subcortical hemorrhage                                            Subcortical cerebral hemorrhage (disorder) |
197. |                                                  Subcortical haemorrhage                                            Subcortical cerebral hemorrhage (disorder) |
218. |                                                 Cerebrovascular accident                                                        CVA - Cerebrovascular accident |
     |----------------------------------------------------------------------------------------------------------------------------------------------------------------|
219. |                                                          CVA unspecified                                                        CVA - Cerebrovascular accident |
221. |                                                       Stroke unspecified                                                        CVA - Cerebrovascular accident |
222. |                                                                   Stroke                                                        CVA - Cerebrovascular accident |
224. |                                Stroke due to cerebral arterial occlusion                       CVA - cerebrovascular accident due to cerebral artery occlusion |
226. |                                 Anterior cerebral circulation infarction                                   Anterior cerebral circulation infarction (disorder) |
     |----------------------------------------------------------------------------------------------------------------------------------------------------------------|
227. |                           Total anterior cerebral circulation infarction                             Total anterior cerebral circulation infarction (disorder) |
228. |                        TACS - Total anterior cerebral circulation stroke                             Total anterior cerebral circulation infarction (disorder) |
229. |                               Total anterior cerebral circulation stroke                             Total anterior cerebral circulation infarction (disorder) |
230. |                    TACI - Total anterior cerebral circulation infarction                             Total anterior cerebral circulation infarction (disorder) |
231. |                  PACI - Partial anterior cerebral circulation infarction                           Partial anterior cerebral circulation infarction (disorder) |
     |----------------------------------------------------------------------------------------------------------------------------------------------------------------|
232. |                             Partial anterior cerebral circulation stroke                           Partial anterior cerebral circulation infarction (disorder) |
233. |                         Partial anterior cerebral circulation infarction                           Partial anterior cerebral circulation infarction (disorder) |
234. |                      PACS - Partial anterior cerebral circulation stroke                           Partial anterior cerebral circulation infarction (disorder) |
235. |                                Posterior cerebral circulation infarction                                  Posterior cerebral circulation infarction (disorder) |
236. |                                    Posterior cerebral circulation stroke                                  Posterior cerebral circulation infarction (disorder) |
     |----------------------------------------------------------------------------------------------------------------------------------------------------------------|
237. |                                                           Lacunar stroke                                                                    Lacunar infarction |
238. |                                                LACI - Lacunar infarction                                                                    Lacunar infarction |
241. |                                            Pure motor lacunar infarction                                                           Pure motor lacunar syndrome |
242. |                                            Pure sensory lacunar syndrome                                                       Pure sensory lacunar infarction |
244. |                                     Pure sensorimotor lacunar infarction                                       Pure sensorimotor lacunar infarction (disorder) |
     |----------------------------------------------------------------------------------------------------------------------------------------------------------------|
245. |                                               Lacunar ataxic hemiparesis                                                 Lacunar ataxic hemiparesis (disorder) |
246. |                                          Dysarthria-clumsy hand syndrome                                            Dysarthria-clumsy hand syndrome (disorder) |
247. |                                                      Multi-infarct state                                                        Multi-infarct state (disorder) |
248. |                                          Hemorrhagic cerebral infarction                                            Hemorrhagic cerebral infarction (disorder) |
249. |                                         Haemorrhagic cerebral infarction                                            Hemorrhagic cerebral infarction (disorder) |
     |----------------------------------------------------------------------------------------------------------------------------------------------------------------|
250. |                    Anterior cerebral circulation haemorrhagic infarction                       Anterior cerebral circulation hemorrhagic infarction (disorder) |
251. |                   Posterior cerebral circulation haemorrhagic infarction                      Posterior cerebral circulation hemorrhagic infarction (disorder) |
252. |                              Massive supratentorial cerebral haemorrhage                                 Massive supratentorial cerebral hemorrhage (disorder) |
253. |                                               Lobar cerebral haemorrhage                                                             Lobar cerebral hemorrhage |
254. |                                                     Thalamic haemorrhage                                                        Thalamic hemorrhage (disorder) |
     |----------------------------------------------------------------------------------------------------------------------------------------------------------------|
255. |                                                      Thalamic hemorrhage                                                        Thalamic hemorrhage (disorder) |
256. |                                                      Lacunar haemorrhage                                                         Lacunar hemorrhage (disorder) |
257. |                                            Stroke of uncertain pathology                                              Stroke of uncertain pathology (disorder) |
258. |                       Anterior circulation stroke of uncertain pathology                         Anterior circulation stroke of uncertain pathology (disorder) |
259. |                      Posterior circulation stroke of uncertain pathology                        Posterior circulation stroke of uncertain pathology (disorder) |
     |----------------------------------------------------------------------------------------------------------------------------------------------------------------|
260. |                           Anterior circulation transient ischemic attack                                       Anterior circulation transient ischaemic attack |
261. |                             Carotid territory transient ischaemic attack                                       Anterior circulation transient ischaemic attack |
263. |                          Posterior circulation transient ischemic attack                        Vertebrobasilar territory transient ischemic attack (disorder) |
264. |                         Posterior circulation transient ischaemic attack                        Vertebrobasilar territory transient ischemic attack (disorder) |
265. |                      Vertebrobasilar territory transient ischemic attack                        Vertebrobasilar territory transient ischemic attack (disorder) |
     |----------------------------------------------------------------------------------------------------------------------------------------------------------------|
266. |                     Vertebrobasilar territory transient ischaemic attack                        Vertebrobasilar territory transient ischemic attack (disorder) |
291. |                                                    Weber-Gubler syndrome                                                      Weber-Gubler syndrome (disorder) |
292. |                                                         Completed stroke                                                           Completed stroke (disorder) |
306. |                                              Transient cerebral ischemia                                                                                   TIA |
307. |                                  Temporary cerebral vascular dysfunction                                                                                   TIA |
     |----------------------------------------------------------------------------------------------------------------------------------------------------------------|
308. |                                         Transient cerebral ischaemia NOS                                                                                   TIA |
309. |                                       Other transient cerebral ischaemia                                                                                   TIA |
310. |                                                Transient ischemic attack                                                                                   TIA |
312. |                                             Transient cerebral ischaemia                                                                                   TIA |
313. |                                              Transient cerebral ischemia                                                                                   TIA |
     |----------------------------------------------------------------------------------------------------------------------------------------------------------------|
314. |                                         TIA - Transient ischaemic attack                                                                                   TIA |
315. |                                               Transient ischaemic attack                                                                                   TIA |
316. |                                         Transient cerebral ischaemia NOS                                                                                   TIA |
317. |                                              Transient Ischaemic Attacks                                                                                   TIA |
335. |                                                 Cerebral haemorrhage NOS                                                                   Cerebral hemorrhage |
     |----------------------------------------------------------------------------------------------------------------------------------------------------------------|
336. |                                                     Cerebral haemorrhage                                                                   Cerebral hemorrhage |
337. |                                           ICH - intracerebral hemorrhage                                                                   Cerebral hemorrhage |
338. |                        Left sided intracerebral haemorrhage, unspecified                                                                   Cerebral hemorrhage |
339. |                                                 Intracerebral hemorrhage                                                                   Cerebral hemorrhage |
340. |                                                     Cerebral haemorrhage                                                                   Cerebral hemorrhage |
     |----------------------------------------------------------------------------------------------------------------------------------------------------------------|
341. |                                            Intracerebral haemorrhage NOS                                                                   Cerebral hemorrhage |
342. |                                          ICH - intracerebral haemorrhage                                                                   Cerebral hemorrhage |
343. |                                                     Cerebral haemorrhage                                                                   Cerebral hemorrhage |
345. |                                                     Cerebral haemorrhage                                                                   Cerebral hemorrhage |
346. |                                          Intracerebral haemorrhage (ICH)                                                                   Cerebral hemorrhage |
     |----------------------------------------------------------------------------------------------------------------------------------------------------------------|
347. |                                                Intracerebral haemorrhage                                                                   Cerebral hemorrhage |
348. |                  [X]Intracerebral haemorrhage in hemisphere, unspecified                                                                   Cerebral hemorrhage |
349. |                     Intracerebral haemorrhage in hemisphere, unspecified                                                                   Cerebral hemorrhage |
353. |                         CVA - cerebrovascular accident in the puerperium                                                              Stroke in the puerperium |
358. |                                            Occipital cerebral infarction                                              Occipital cerebral infarction (disorder) |
     |----------------------------------------------------------------------------------------------------------------------------------------------------------------|
359. |                                                         Foville syndrome                                                           Foville syndrome (disorder) |
360. |                                                  Millard-Gubler syndrome                                                    Millard-Gubler syndrome (disorder) |
361. |                                                  Top of basilar syndrome                                                    Top of basilar syndrome (disorder) |
367. |                          Intracerebellar and posterior fossa haemorrhage                             Intracerebellar and posterior fossa hemorrhage (disorder) |
368. |                           Intracerebellar and posterior fossa hemorrhage                             Intracerebellar and posterior fossa hemorrhage (disorder) |
     |----------------------------------------------------------------------------------------------------------------------------------------------------------------|
378. |                                    Extension of cerebrovascular accident                                      Extension of cerebrovascular accident (disorder) |
396. |                                              Embolus of circle of Willis                                                Embolus of circle of Willis (disorder) |
409. |                                                Multiple lacunar infarcts                                                  Multiple lacunar infarcts (disorder) |
432. |                                    Stroke due to basilar artery thrombus                 Cerebrovascular accident due to thrombus of basilar artery (disorder) |
433. |               Cerebrovascular accident due to thrombus of basilar artery                 Cerebrovascular accident due to thrombus of basilar artery (disorder) |
     |----------------------------------------------------------------------------------------------------------------------------------------------------------------|
439. |                                                Vertebral artery syndrome                                                  Vertebral artery syndrome (disorder) |
440. |                                    Vertebral artery compression syndrome                                                  Vertebral artery syndrome (disorder) |
443. |                                                           Embolic stroke                                                             Embolic stroke (disorder) |
446. |                                                         Occlusive stroke                                                           Occlusive stroke (disorder) |
464. |                                              Infarction of basal ganglia                                                Infarction of basal ganglia (disorder) |
     |----------------------------------------------------------------------------------------------------------------------------------------------------------------|
465. |                                                   Basal ganglion infarct                                                Infarction of basal ganglia (disorder) |
466. |                                                    Basal ganglion stroke                                                Infarction of basal ganglia (disorder) |
471. |                                                     Cardioembolic stroke                                                       Cardioembolic stroke (disorder) |
482. |                                                 Acute lacunar infarction                                                   Acute lacunar infarction (disorder) |
488. |                                                    Infarction - cerebral                                                        Cerebral infarction (disorder) |
     |----------------------------------------------------------------------------------------------------------------------------------------------------------------|
489. |                                                      Cerebral infarction                                                        Cerebral infarction (disorder) |
490. |                                             [X]Other cerebral infarction                                                        Cerebral infarction (disorder) |
492. |                             Recurrent transient cerebral ischemic attack                               Recurrent transient cerebral ischemic attack (disorder) |
493. |                            Recurrent transient cerebral ischaemic attack                               Recurrent transient cerebral ischemic attack (disorder) |
520. |                                                     Cortical haemorrhage                                                                   Cortical hemorrhage |
     |----------------------------------------------------------------------------------------------------------------------------------------------------------------|
526. |                                             Internal capsule haemorrhage                                                           Internal capsule hemorrhage |
562. |                                            Vertebrobasilar insufficiency                                                    Basilar artery syndrome (disorder) |
563. |                                           Vertebro-basilar insufficiency                                                    Basilar artery syndrome (disorder) |
564. |                                                  Basilar artery syndrome                                                    Basilar artery syndrome (disorder) |
565. |                                           Insufficiency - basilar artery                                                    Basilar artery syndrome (disorder) |
     |----------------------------------------------------------------------------------------------------------------------------------------------------------------|
616. |                   Cerebral ischemic stroke due to small artery occlusion                     Cerebral ischemic stroke due to small artery occlusion (disorder) |
617. |                  Cerebral ischaemic stroke due to small artery occlusion                     Cerebral ischemic stroke due to small artery occlusion (disorder) |
623. |                                                       Bulbar haemorrhage                                            Hemorrhage of medulla oblongata (disorder) |
624. |                                         Haemorrhage of medulla oblongata                                            Hemorrhage of medulla oblongata (disorder) |
629. |                                Thrombosis of left middle cerebral artery                                  Thrombosis of left middle cerebral artery (disorder) |
     |----------------------------------------------------------------------------------------------------------------------------------------------------------------|
630. |                                  Right middle cerebral artery thrombosis                                 Thrombosis of right middle cerebral artery (disorder) |
631. |                               Thrombosis of right middle cerebral artery                                 Thrombosis of right middle cerebral artery (disorder) |
642. |                                                   Cerebellar haemorrhage                                                                 Cerebellar hemorrhage |
643. |                                                  Haemorrhagic cerebellum                                                                 Cerebellar hemorrhage |
644. |                           Personal history of transient ischaemic attack                            Personal history of transient ischaemic attack (situation) |
     |----------------------------------------------------------------------------------------------------------------------------------------------------------------|
645. |                        [V]Personal history of transient ischaemic attack                            Personal history of transient ischaemic attack (situation) |
646. |                                                         Cerebral embolus                                                                     Cerebral embolism |
647. |                                               Cerebral arterial embolism                                                                     Cerebral embolism |
661. |                                                 Intrapontine haemorrhage                                                               Intrapontine hemorrhage |
662. |                                                       Pontine hemorrhage                                                               Intrapontine hemorrhage |
     |----------------------------------------------------------------------------------------------------------------------------------------------------------------|
663. |                                                      Pontine haemorrhage                                                               Intrapontine hemorrhage |
665. |                                                    Wallenberg's syndrome                                         Posterior inferior cerebellar artery syndrome |
667. |                                         LMS - Lateral medullary syndrome                                         Posterior inferior cerebellar artery syndrome |
668. |                                               Lateral medullary syndrome                                         Posterior inferior cerebellar artery syndrome |
694. |                                                        Claude's syndrome                                                          Claude's syndrome (disorder) |
     |----------------------------------------------------------------------------------------------------------------------------------------------------------------|
703. |                                          Subcortical leukoencephalopathy                                            Subcortical leukoencephalopathy (disorder) |
721. |                                                    Brain stem hemorrhage                                                      Brain stem hemorrhage (disorder) |
722. |                                                   Brain stem haemorrhage                                                      Brain stem hemorrhage (disorder) |
723. |                                                    Brainstem haemorrhage                                                      Brain stem hemorrhage (disorder) |
727. |                                                       Brain stem infarct                                                                 Brain stem infarction |
     |----------------------------------------------------------------------------------------------------------------------------------------------------------------|
728. |                                                 Infarction of brain stem                                                                 Brain stem infarction |
729. |                                                        Brain stem stroke                                                                 Brain stem infarction |
731. |                                                 Brainstem infarction NOS                                                                 Brain stem infarction |
     +----------------------------------------------------------------------------------------------------------------------------------------------------------------+
Terms on pre-existing list only...
(0 real changes made)
(0 real changes made)
Codelist: ph1018

    Result                      Number of obs
    -----------------------------------------
    Not matched                           548
        from master                       543  (_merge==1)
        from using                          5  (_merge==2)

    Matched                               196  (_merge==3)
    -----------------------------------------

     +----------------------------------------------------------------------------------------------------------------------------------------------------------------+
     |                                                                     term                                                                           term_ph1018 |
     |----------------------------------------------------------------------------------------------------------------------------------------------------------------|
  4. |                                                      Haemorrhagic stroke                                                        Haemorrhagic stroke (disorder) |
  8. |                  Cerebral infarction due to occlusion of cerebral artery                    Cerebral infarction due to occlusion of cerebral artery (disorder) |
  9. |                   Cerebral infarction due to stenosis of cerebral artery                     Cerebral infarction due to stenosis of cerebral artery (disorder) |
 23. |               [X]Cereb infarct due unsp occlus/stenos precerebr arteries                            Cerebral infarction due to occlusion of precerebral artery |
 33. |                                                Subclavian steal syndrome                                                  Subclavian steal syndrome (disorder) |
     |----------------------------------------------------------------------------------------------------------------------------------------------------------------|
 41. | Cerebrovascular accident due to occlusion of left middle cerebral artery   Cerebrovascular accident due to occlusion of left middle cerebral artery (disorder) |
 42. |                   Stroke due to thrombus of right middle cerebral artery   Cerebrovascular accident due to thrombus of right middle cerebral artery (disorder) |
 43. | Cerebrovascular accident due to thrombus of right middle cerebral artery   Cerebrovascular accident due to thrombus of right middle cerebral artery (disorder) |
 44. |                    Stroke due to thrombus of left middle cerebral artery    Cerebrovascular accident due to thrombus of left middle cerebral artery (disorder) |
 45. |  Cerebrovascular accident due to thrombus of left middle cerebral artery    Cerebrovascular accident due to thrombus of left middle cerebral artery (disorder) |
     |----------------------------------------------------------------------------------------------------------------------------------------------------------------|
 58. |                                                        Cerebellar stroke                                                          Cerebellar stroke (disorder) |
103. |                                                Basal ganglia haemorrhage                                                              Basal ganglia hemorrhage |
105. |                                             External capsule haemorrhage                                                           External capsule hemorrhage |
106. |                Intracerebral hemorrhage with intraventricular hemorrhage                                           Intracerebral haemorrhage, intraventricular |
108. |                       Right sided intracerebral haemorrhage, unspecified                                           Intracerebral haemorrhage, intraventricular |
     |----------------------------------------------------------------------------------------------------------------------------------------------------------------|
109. |              Intracerebral haemorrhage with intraventricular haemorrhage                                           Intracerebral haemorrhage, intraventricular |
110. |                            Intracerebral haemorrhage, multiple localized                                          Intracerebral hemorrhage, multiple localized |
111. |                            Intracerebral haemorrhage, multiple localised                                          Intracerebral hemorrhage, multiple localized |
125. |                                          Vertebrobasilar artery syndrome                                            Vertebrobasilar artery syndrome (disorder) |
128. |                                             Impending cerebral ischaemia                                                Impending cerebral ischemia (disorder) |
     |----------------------------------------------------------------------------------------------------------------------------------------------------------------|
135. |                                                           Left sided CVA                               Left sided cerebral hemisphere cerebrovascular accident |
137. |                 Right sided cerebral hemisphere cerebrovascular accident                                                                       Right sided CVA |
140. |      Cerebral infarction due to cerebral venous thrombosis, non-pyogenic        Cerebral infarction due to cerebral venous thrombosis, non-pyogenic (disorder) |
182. |                                                Cerebral artery occlusion                                               Occlusion of cerebral artery (disorder) |
183. |                                              Cerebral arterial occlusion                                               Occlusion of cerebral artery (disorder) |
     |----------------------------------------------------------------------------------------------------------------------------------------------------------------|
184. |                Cerebrl infarctn due/unspcf occlusn or sten/cerebrl artrs                                               Occlusion of cerebral artery (disorder) |
185. |             [X]Cerebrl infarctn due/unspcf occlusn or sten/cerebrl artrs                                               Occlusion of cerebral artery (disorder) |
196. |                                                   Subcortical hemorrhage                                            Subcortical cerebral hemorrhage (disorder) |
197. |                                                  Subcortical haemorrhage                                            Subcortical cerebral hemorrhage (disorder) |
218. |                                                 Cerebrovascular accident                                                        CVA - Cerebrovascular accident |
     |----------------------------------------------------------------------------------------------------------------------------------------------------------------|
219. |                                                          CVA unspecified                                                        CVA - Cerebrovascular accident |
221. |                                                       Stroke unspecified                                                        CVA - Cerebrovascular accident |
222. |                                                                   Stroke                                                        CVA - Cerebrovascular accident |
224. |                                Stroke due to cerebral arterial occlusion                       CVA - cerebrovascular accident due to cerebral artery occlusion |
226. |                                 Anterior cerebral circulation infarction                                   Anterior cerebral circulation infarction (disorder) |
     |----------------------------------------------------------------------------------------------------------------------------------------------------------------|
227. |                           Total anterior cerebral circulation infarction                             Total anterior cerebral circulation infarction (disorder) |
228. |                        TACS - Total anterior cerebral circulation stroke                             Total anterior cerebral circulation infarction (disorder) |
229. |                               Total anterior cerebral circulation stroke                             Total anterior cerebral circulation infarction (disorder) |
230. |                    TACI - Total anterior cerebral circulation infarction                             Total anterior cerebral circulation infarction (disorder) |
231. |                  PACI - Partial anterior cerebral circulation infarction                           Partial anterior cerebral circulation infarction (disorder) |
     |----------------------------------------------------------------------------------------------------------------------------------------------------------------|
232. |                             Partial anterior cerebral circulation stroke                           Partial anterior cerebral circulation infarction (disorder) |
233. |                         Partial anterior cerebral circulation infarction                           Partial anterior cerebral circulation infarction (disorder) |
234. |                      PACS - Partial anterior cerebral circulation stroke                           Partial anterior cerebral circulation infarction (disorder) |
235. |                                Posterior cerebral circulation infarction                                  Posterior cerebral circulation infarction (disorder) |
236. |                                    Posterior cerebral circulation stroke                                  Posterior cerebral circulation infarction (disorder) |
     |----------------------------------------------------------------------------------------------------------------------------------------------------------------|
237. |                                                           Lacunar stroke                                                                    Lacunar infarction |
238. |                                                LACI - Lacunar infarction                                                                    Lacunar infarction |
241. |                                            Pure motor lacunar infarction                                                           Pure motor lacunar syndrome |
242. |                                            Pure sensory lacunar syndrome                                                       Pure sensory lacunar infarction |
244. |                                     Pure sensorimotor lacunar infarction                                       Pure sensorimotor lacunar infarction (disorder) |
     |----------------------------------------------------------------------------------------------------------------------------------------------------------------|
245. |                                               Lacunar ataxic hemiparesis                                                 Lacunar ataxic hemiparesis (disorder) |
246. |                                          Dysarthria-clumsy hand syndrome                                            Dysarthria-clumsy hand syndrome (disorder) |
247. |                                                      Multi-infarct state                                                        Multi-infarct state (disorder) |
248. |                                          Hemorrhagic cerebral infarction                                            Hemorrhagic cerebral infarction (disorder) |
249. |                                         Haemorrhagic cerebral infarction                                            Hemorrhagic cerebral infarction (disorder) |
     |----------------------------------------------------------------------------------------------------------------------------------------------------------------|
250. |                    Anterior cerebral circulation haemorrhagic infarction                       Anterior cerebral circulation hemorrhagic infarction (disorder) |
251. |                   Posterior cerebral circulation haemorrhagic infarction                      Posterior cerebral circulation hemorrhagic infarction (disorder) |
252. |                              Massive supratentorial cerebral haemorrhage                                 Massive supratentorial cerebral hemorrhage (disorder) |
253. |                                               Lobar cerebral haemorrhage                                                             Lobar cerebral hemorrhage |
254. |                                                     Thalamic haemorrhage                                                        Thalamic hemorrhage (disorder) |
     |----------------------------------------------------------------------------------------------------------------------------------------------------------------|
255. |                                                      Thalamic hemorrhage                                                        Thalamic hemorrhage (disorder) |
256. |                                                      Lacunar haemorrhage                                                         Lacunar hemorrhage (disorder) |
257. |                                            Stroke of uncertain pathology                                              Stroke of uncertain pathology (disorder) |
258. |                       Anterior circulation stroke of uncertain pathology                         Anterior circulation stroke of uncertain pathology (disorder) |
259. |                      Posterior circulation stroke of uncertain pathology                        Posterior circulation stroke of uncertain pathology (disorder) |
     |----------------------------------------------------------------------------------------------------------------------------------------------------------------|
260. |                           Anterior circulation transient ischemic attack                                       Anterior circulation transient ischaemic attack |
261. |                             Carotid territory transient ischaemic attack                                       Anterior circulation transient ischaemic attack |
263. |                          Posterior circulation transient ischemic attack                        Vertebrobasilar territory transient ischemic attack (disorder) |
264. |                         Posterior circulation transient ischaemic attack                        Vertebrobasilar territory transient ischemic attack (disorder) |
265. |                      Vertebrobasilar territory transient ischemic attack                        Vertebrobasilar territory transient ischemic attack (disorder) |
     |----------------------------------------------------------------------------------------------------------------------------------------------------------------|
266. |                     Vertebrobasilar territory transient ischaemic attack                        Vertebrobasilar territory transient ischemic attack (disorder) |
291. |                                                    Weber-Gubler syndrome                                                      Weber-Gubler syndrome (disorder) |
292. |                                                         Completed stroke                                                           Completed stroke (disorder) |
306. |                                              Transient cerebral ischemia                                                                                   TIA |
307. |                                  Temporary cerebral vascular dysfunction                                                                                   TIA |
     |----------------------------------------------------------------------------------------------------------------------------------------------------------------|
308. |                                         Transient cerebral ischaemia NOS                                                                                   TIA |
309. |                                       Other transient cerebral ischaemia                                                                                   TIA |
310. |                                                Transient ischemic attack                                                                                   TIA |
312. |                                             Transient cerebral ischaemia                                                                                   TIA |
313. |                                              Transient cerebral ischemia                                                                                   TIA |
     |----------------------------------------------------------------------------------------------------------------------------------------------------------------|
314. |                                         TIA - Transient ischaemic attack                                                                                   TIA |
315. |                                               Transient ischaemic attack                                                                                   TIA |
316. |                                         Transient cerebral ischaemia NOS                                                                                   TIA |
317. |                                              Transient Ischaemic Attacks                                                                                   TIA |
335. |                                                 Cerebral haemorrhage NOS                                                                   Cerebral hemorrhage |
     |----------------------------------------------------------------------------------------------------------------------------------------------------------------|
336. |                                                     Cerebral haemorrhage                                                                   Cerebral hemorrhage |
337. |                                           ICH - intracerebral hemorrhage                                                                   Cerebral hemorrhage |
338. |                        Left sided intracerebral haemorrhage, unspecified                                                                   Cerebral hemorrhage |
339. |                                                 Intracerebral hemorrhage                                                                   Cerebral hemorrhage |
340. |                                                     Cerebral haemorrhage                                                                   Cerebral hemorrhage |
     |----------------------------------------------------------------------------------------------------------------------------------------------------------------|
341. |                                            Intracerebral haemorrhage NOS                                                                   Cerebral hemorrhage |
342. |                                          ICH - intracerebral haemorrhage                                                                   Cerebral hemorrhage |
343. |                                                     Cerebral haemorrhage                                                                   Cerebral hemorrhage |
345. |                                                     Cerebral haemorrhage                                                                   Cerebral hemorrhage |
346. |                                          Intracerebral haemorrhage (ICH)                                                                   Cerebral hemorrhage |
     |----------------------------------------------------------------------------------------------------------------------------------------------------------------|
347. |                                                Intracerebral haemorrhage                                                                   Cerebral hemorrhage |
348. |                  [X]Intracerebral haemorrhage in hemisphere, unspecified                                                                   Cerebral hemorrhage |
349. |                     Intracerebral haemorrhage in hemisphere, unspecified                                                                   Cerebral hemorrhage |
353. |                         CVA - cerebrovascular accident in the puerperium                                                              Stroke in the puerperium |
358. |                                            Occipital cerebral infarction                                              Occipital cerebral infarction (disorder) |
     |----------------------------------------------------------------------------------------------------------------------------------------------------------------|
359. |                                                         Foville syndrome                                                           Foville syndrome (disorder) |
360. |                                                  Millard-Gubler syndrome                                                    Millard-Gubler syndrome (disorder) |
361. |                                                  Top of basilar syndrome                                                    Top of basilar syndrome (disorder) |
367. |                          Intracerebellar and posterior fossa haemorrhage                             Intracerebellar and posterior fossa hemorrhage (disorder) |
368. |                           Intracerebellar and posterior fossa hemorrhage                             Intracerebellar and posterior fossa hemorrhage (disorder) |
     |----------------------------------------------------------------------------------------------------------------------------------------------------------------|
378. |                                    Extension of cerebrovascular accident                                      Extension of cerebrovascular accident (disorder) |
396. |                                              Embolus of circle of Willis                                                Embolus of circle of Willis (disorder) |
409. |                                                Multiple lacunar infarcts                                                  Multiple lacunar infarcts (disorder) |
432. |                                    Stroke due to basilar artery thrombus                 Cerebrovascular accident due to thrombus of basilar artery (disorder) |
433. |               Cerebrovascular accident due to thrombus of basilar artery                 Cerebrovascular accident due to thrombus of basilar artery (disorder) |
     |----------------------------------------------------------------------------------------------------------------------------------------------------------------|
439. |                                                Vertebral artery syndrome                                                  Vertebral artery syndrome (disorder) |
440. |                                    Vertebral artery compression syndrome                                                  Vertebral artery syndrome (disorder) |
443. |                                                           Embolic stroke                                                             Embolic stroke (disorder) |
446. |                                                         Occlusive stroke                                                           Occlusive stroke (disorder) |
464. |                                              Infarction of basal ganglia                                                Infarction of basal ganglia (disorder) |
     |----------------------------------------------------------------------------------------------------------------------------------------------------------------|
465. |                                                   Basal ganglion infarct                                                Infarction of basal ganglia (disorder) |
466. |                                                    Basal ganglion stroke                                                Infarction of basal ganglia (disorder) |
471. |                                                     Cardioembolic stroke                                                       Cardioembolic stroke (disorder) |
482. |                                                 Acute lacunar infarction                                                   Acute lacunar infarction (disorder) |
488. |                                                    Infarction - cerebral                                                        Cerebral infarction (disorder) |
     |----------------------------------------------------------------------------------------------------------------------------------------------------------------|
489. |                                                      Cerebral infarction                                                        Cerebral infarction (disorder) |
490. |                                             [X]Other cerebral infarction                                                        Cerebral infarction (disorder) |
492. |                             Recurrent transient cerebral ischemic attack                               Recurrent transient cerebral ischemic attack (disorder) |
493. |                            Recurrent transient cerebral ischaemic attack                               Recurrent transient cerebral ischemic attack (disorder) |
520. |                                                     Cortical haemorrhage                                                                   Cortical hemorrhage |
     |----------------------------------------------------------------------------------------------------------------------------------------------------------------|
526. |                                             Internal capsule haemorrhage                                                           Internal capsule hemorrhage |
562. |                                            Vertebrobasilar insufficiency                                                    Basilar artery syndrome (disorder) |
563. |                                           Vertebro-basilar insufficiency                                                    Basilar artery syndrome (disorder) |
564. |                                                  Basilar artery syndrome                                                    Basilar artery syndrome (disorder) |
565. |                                           Insufficiency - basilar artery                                                    Basilar artery syndrome (disorder) |
     |----------------------------------------------------------------------------------------------------------------------------------------------------------------|
616. |                   Cerebral ischemic stroke due to small artery occlusion                     Cerebral ischemic stroke due to small artery occlusion (disorder) |
617. |                  Cerebral ischaemic stroke due to small artery occlusion                     Cerebral ischemic stroke due to small artery occlusion (disorder) |
623. |                                                       Bulbar haemorrhage                                            Hemorrhage of medulla oblongata (disorder) |
624. |                                         Haemorrhage of medulla oblongata                                            Hemorrhage of medulla oblongata (disorder) |
629. |                                Thrombosis of left middle cerebral artery                                  Thrombosis of left middle cerebral artery (disorder) |
     |----------------------------------------------------------------------------------------------------------------------------------------------------------------|
630. |                                  Right middle cerebral artery thrombosis                                 Thrombosis of right middle cerebral artery (disorder) |
631. |                               Thrombosis of right middle cerebral artery                                 Thrombosis of right middle cerebral artery (disorder) |
642. |                                                   Cerebellar haemorrhage                                                                 Cerebellar hemorrhage |
643. |                                                  Haemorrhagic cerebellum                                                                 Cerebellar hemorrhage |
644. |                           Personal history of transient ischaemic attack                            Personal history of transient ischaemic attack (situation) |
     |----------------------------------------------------------------------------------------------------------------------------------------------------------------|
645. |                        [V]Personal history of transient ischaemic attack                            Personal history of transient ischaemic attack (situation) |
646. |                                                         Cerebral embolus                                                                     Cerebral embolism |
647. |                                               Cerebral arterial embolism                                                                     Cerebral embolism |
661. |                                                 Intrapontine haemorrhage                                                               Intrapontine hemorrhage |
662. |                                                       Pontine hemorrhage                                                               Intrapontine hemorrhage |
     |----------------------------------------------------------------------------------------------------------------------------------------------------------------|
663. |                                                      Pontine haemorrhage                                                               Intrapontine hemorrhage |
665. |                                                    Wallenberg's syndrome                                         Posterior inferior cerebellar artery syndrome |
667. |                                         LMS - Lateral medullary syndrome                                         Posterior inferior cerebellar artery syndrome |
668. |                                               Lateral medullary syndrome                                         Posterior inferior cerebellar artery syndrome |
694. |                                                        Claude's syndrome                                                          Claude's syndrome (disorder) |
     |----------------------------------------------------------------------------------------------------------------------------------------------------------------|
703. |                                          Subcortical leukoencephalopathy                                            Subcortical leukoencephalopathy (disorder) |
721. |                                                    Brain stem hemorrhage                                                      Brain stem hemorrhage (disorder) |
722. |                                                   Brain stem haemorrhage                                                      Brain stem hemorrhage (disorder) |
723. |                                                    Brainstem haemorrhage                                                      Brain stem hemorrhage (disorder) |
727. |                                                       Brain stem infarct                                                                 Brain stem infarction |
     |----------------------------------------------------------------------------------------------------------------------------------------------------------------|
728. |                                                 Infarction of brain stem                                                                 Brain stem infarction |
729. |                                                        Brain stem stroke                                                                 Brain stem infarction |
731. |                                                 Brainstem infarction NOS                                                                 Brain stem infarction |
     +----------------------------------------------------------------------------------------------------------------------------------------------------------------+
Terms on pre-existing list only...

     +---------------------------------------------------------------------------------------------------------+
     | snomedctconceptid                                                                           term_ph1018 |
     |---------------------------------------------------------------------------------------------------------|
740. |  1089411000000100                    Cerebral infarction due to occlusion of cerebral artery (disorder) |
741. |  1089421000000100                     Cerebral infarction due to stenosis of cerebral artery (disorder) |
742. | 16000511000119100   Cerebrovascular accident due to occlusion of left middle cerebral artery (disorder) |
743. | 16002031000119100   Cerebrovascular accident due to thrombus of right middle cerebral artery (disorder) |
744. | 16002111000119100    Cerebrovascular accident due to thrombus of left middle cerebral artery (disorder) |
     +---------------------------------------------------------------------------------------------------------+
(5 real changes made)
(5 real changes made)

. 
. //Count number of codes that didn't match
. count if medcodeid == ""
  28

. list snomedctconceptid term if medcodeid == ""

     +-------------------------------------------------------------------------------------------------------------+
     | snomedctconceptid                                                                                      term |
     |-------------------------------------------------------------------------------------------------------------|
  1. |          10349009                                           Multi-infarct dementia with delirium (disorder) |
 30. |          14309005                                                        Anterior choroidal artery syndrome |
 37. | 15978431000119106                                                      Thrombosis of right vertebral artery |
216. |         230285003                                               Vascular dementia of acute onset (disorder) |
217. |         230287006                               Mixed cortical and subcortical vascular dementia (disorder) |
     |-------------------------------------------------------------------------------------------------------------|
247. |         230704000                                                                       Multi-infarct state |
291. |          24654003                                                                     Weber-Gubler syndrome |
359. |         276220007                                                                          Foville syndrome |
360. |         276221006                                                                   Millard-Gubler syndrome |
361. |         276222004                                                                   Top of basilar syndrome |
     |-------------------------------------------------------------------------------------------------------------|
390. |   291541000119104                                                      Spontaneous hemorrhage of brain stem |
396. |         297138001                                                               Embolus of circle of Willis |
414. |         308128006                                         Right sided intracerebral hemorrhage, unspecified |
423. |   329421000119107   Cerebrovascular accident due to occlusion of right posterior cerebral artery by embolus |
436. |   330421000119102                                      Lacunar ataxic hemiparesis of right nondominant side |
     |-------------------------------------------------------------------------------------------------------------|
653. |         762630002                                       Occlusion of left middle cerebral artery by embolus |
654. |         762651004                                   Occlusion of right posterior cerebral artery by embolus |
655. |         762652006                                    Occlusion of left posterior cerebral artery by embolus |
670. |         788455001                                                   Occlusion of bilateral pontine arteries |
692. |         870544005                                                        Occlusion of distal basilar artery |
     |-------------------------------------------------------------------------------------------------------------|
693. |         870579007                                                     Occlusion of branch of basilar artery |
694. |          87555007                                                                         Claude's syndrome |
703. |          90099008                                                           Subcortical leukoencephalopathy |
740. |  1089411000000100                        Cerebral infarction due to occlusion of cerebral artery (disorder) |
741. |  1089421000000100                         Cerebral infarction due to stenosis of cerebral artery (disorder) |
     |-------------------------------------------------------------------------------------------------------------|
742. | 16000511000119100       Cerebrovascular accident due to occlusion of left middle cerebral artery (disorder) |
743. | 16002031000119100       Cerebrovascular accident due to thrombus of right middle cerebral artery (disorder) |
744. | 16002111000119100        Cerebrovascular accident due to thrombus of left middle cerebral artery (disorder) |
     +-------------------------------------------------------------------------------------------------------------+

. 
. //Compare newly found Concept IDs against Aurum dictionary
. preserve

.         //Merge SNOMED CT Concepts with medical dictionary
.         keep snomedctconceptid

.         bysort snomedctconceptid: keep if _n == 1
(264 observations deleted)

.         merge 1:m snomedctconceptid using `medical'

    Result                      Number of obs
    -----------------------------------------
    Not matched                       240,195
        from master                        14  (_merge==1)
        from using                    240,181  (_merge==2)

    Matched                               818  (_merge==3)
    -----------------------------------------

.         generate byte not_in_dictionary = 1 if _merge == 1
(240,999 missing values generated)

.         list snomedctconceptid if not_in_dictionary == 1

        +-------------------+
        | snomedctconceptid |
        |-------------------|
     7. |  1089411000000100 |
     9. |  1089421000000100 |
    39. | 16000511000119100 |
    41. | 16002031000119100 |
    43. | 16002111000119100 |
        |-------------------|
   223. |         276221006 |
   249. |         297138001 |
   264. |         308128006 |
   272. |   329421000119107 |
   283. |   330421000119102 |
        |-------------------|
   416. |         762630002 |
   417. |         762651004 |
   418. |         762652006 |
   447. |          87555007 |
        +-------------------+

.         keep if not_in_dictionary == 1
(240,999 observations deleted)

.         keep snomedctconceptid not_in_dictionary

.         tempfile notindict

.         save `notindict'
file C:\Users\rmjlton\AppData\Local\Temp\ST_3bf0_00000n.tmp saved as .dta format

. restore

. 
. //Remove codes not in Aurum dictionary
. merge m:1 snomedctconceptid using `notindict'

    Result                      Number of obs
    -----------------------------------------
    Not matched                           730
        from master                       730  (_merge==1)
        from using                          0  (_merge==2)

    Matched                                14  (_merge==3)
    -----------------------------------------

. list snomedctconceptid term if not_in_dictionary == 1

     +-------------------------------------------------------------------------------------------------------------+
     | snomedctconceptid                                                                                      term |
     |-------------------------------------------------------------------------------------------------------------|
  8. |  1089411000000100                        Cerebral infarction due to occlusion of cerebral artery (disorder) |
 10. |  1089421000000100                         Cerebral infarction due to stenosis of cerebral artery (disorder) |
 43. | 16000511000119100       Cerebrovascular accident due to occlusion of left middle cerebral artery (disorder) |
 45. | 16002031000119100       Cerebrovascular accident due to thrombus of right middle cerebral artery (disorder) |
 48. | 16002111000119100        Cerebrovascular accident due to thrombus of left middle cerebral artery (disorder) |
     |-------------------------------------------------------------------------------------------------------------|
365. |         276221006                                                                   Millard-Gubler syndrome |
401. |         297138001                                                               Embolus of circle of Willis |
419. |         308128006                                         Right sided intracerebral hemorrhage, unspecified |
428. |   329421000119107   Cerebrovascular accident due to occlusion of right posterior cerebral artery by embolus |
441. |   330421000119102                                      Lacunar ataxic hemiparesis of right nondominant side |
     |-------------------------------------------------------------------------------------------------------------|
658. |         762630002                                       Occlusion of left middle cerebral artery by embolus |
659. |         762651004                                   Occlusion of right posterior cerebral artery by embolus |
660. |         762652006                                    Occlusion of left posterior cerebral artery by embolus |
699. |          87555007                                                                         Claude's syndrome |
     +-------------------------------------------------------------------------------------------------------------+

. drop if not_in_dictionary == 1
(14 observations deleted)

. drop not_in_dictionary _merge

. 
. //Check for any additional new codes that haven't been accounted for
. list snomedctconceptid term /**/refset_strk qcovid_stroke_tia ph*/**/ if medcode == ""

     +--------------------------------------------------------------------------------------------------------------------------------+
     | snomedctconceptid                                                          term   refset~k   qcovid~a   ph983   ph948   ph1018 |
     |--------------------------------------------------------------------------------------------------------------------------------|
  1. |          10349009               Multi-infarct dementia with delirium (disorder)          .          1       .       .        . |
 30. |          14309005                            Anterior choroidal artery syndrome          1          .       .       .        . |
 37. | 15978431000119106                          Thrombosis of right vertebral artery          1          .       .       .        . |
216. |         230285003                   Vascular dementia of acute onset (disorder)          .          1       .       .        . |
217. |         230287006   Mixed cortical and subcortical vascular dementia (disorder)          .          1       .       .        . |
     |--------------------------------------------------------------------------------------------------------------------------------|
247. |         230704000                                           Multi-infarct state          1          1       1       1        1 |
291. |          24654003                                         Weber-Gubler syndrome          1          1       1       1        1 |
359. |         276220007                                              Foville syndrome          1          1       1       1        1 |
360. |         276222004                                       Top of basilar syndrome          1          1       1       1        1 |
389. |   291541000119104                          Spontaneous hemorrhage of brain stem          1          .       .       .        . |
     |--------------------------------------------------------------------------------------------------------------------------------|
662. |         788455001                       Occlusion of bilateral pontine arteries          1          .       .       .        . |
684. |         870544005                            Occlusion of distal basilar artery          1          .       .       .        . |
685. |         870579007                         Occlusion of branch of basilar artery          1          .       .       .        . |
694. |          90099008                               Subcortical leukoencephalopathy          1          1       1       1        1 |
     +--------------------------------------------------------------------------------------------------------------------------------+

. 
. //Add additional codes to list
. preserve

.         keep if medcodeid == ""
(716 observations deleted)

.         rename term term_old

.         merge 1:m snomedctconceptid using `medical', update replace
(variable medcodeid was str17, now str18 to accommodate using data's values)
(variable originalreadcode was str14, now str19 to accommodate using data's values)
(variable snomedctdescriptionid was str16, now str18 to accommodate using data's values)

    Result                      Number of obs
    -----------------------------------------
    Not matched                       240,978
        from master                         0  (_merge==1)
        from using                    240,978  (_merge==2)

    Matched                                21
        not updated                         0  (_merge==3)
        missing updated                    21  (_merge==4)
        nonmissing conflict                 0  (_merge==5)
    -----------------------------------------

.         drop if _merge == 2
(240,978 observations deleted)

.         compress
  variable observations was long now int
  variable medcodeid was str18 now str17
  variable originalreadcode was str19 now str13
  variable snomedctconceptid was str18 now str17
  variable snomedctdescriptionid was str18 now str10
  variable term_old was str169 now str59
  variable term was str233 now str48
  (6,573 bytes saved)

.         order term, before(term_old)

.         list term_old term if lower(term_old) != lower(term)

     +----------------------------------------------------------------------------------------------------------------+
     |                                                    term_old                                               term |
     |----------------------------------------------------------------------------------------------------------------|
  1. |             Multi-infarct dementia with delirium (disorder)                   Vascular dementia, with delirium |
  4. |                 Vascular dementia of acute onset (disorder)                   Vascular dementia of acute onset |
  5. | Mixed cortical and subcortical vascular dementia (disorder)   Mixed cortical and subcortical vascular dementia |
  7. |                                       Weber-Gubler syndrome                                     Weber syndrome |
 10. |                        Spontaneous hemorrhage of brain stem              Spontaneous haemorrhage of brain stem |
     |----------------------------------------------------------------------------------------------------------------|
 11. |                     Occlusion of bilateral pontine arteries            Bilateral occlusion of pontine arteries |
 14. |                             Subcortical leukoencephalopathy               Subcortical atherosclerotic dementia |
 15. |             Multi-infarct dementia with delirium (disorder)               Multi-infarct dementia with delirium |
 17. |                             Subcortical leukoencephalopathy                        Binswanger's encephalopathy |
 18. |                             Subcortical leukoencephalopathy        Subcortical arteriosclerotic encephalopathy |
     |----------------------------------------------------------------------------------------------------------------|
 19. |                             Subcortical leukoencephalopathy     Chronic progressive subcortical encephalopathy |
 20. |                             Subcortical leukoencephalopathy                               Binswanger's disease |
 21. |                             Subcortical leukoencephalopathy                    Subcortical leucoencephalopathy |
     +----------------------------------------------------------------------------------------------------------------+

.         drop term_old _merge

.         tempfile extra_from_codelists

.         save `extra_from_codelists'
file C:\Users\rmjlton\AppData\Local\Temp\ST_3bf0_00000p.tmp saved as .dta format

.         list medcodeid snomedctconceptid term observations /**/refset_strk qcovid_stroke_tia ph*/**/

     +----------------------------------------------------------------------------------------------------------------------------------------------------+
     |         medcodeid   snomedctconceptid                                               term   observ~s   refset~k   qcovid~a   ph983   ph948   ph1018 |
     |----------------------------------------------------------------------------------------------------------------------------------------------------|
  1. |  2664611000006117            10349009                   Vascular dementia, with delirium          2          .          1       .       .        . |
  2. |  2726591000006119            14309005                 Anterior choroidal artery syndrome          7          1          .       .       .        . |
  3. |        3511086012   15978431000119106               Thrombosis of right vertebral artery         20          1          .       .       .        . |
  4. |   431691000006119           230285003                   Vascular dementia of acute onset       1000          .          1       .       .        . |
  5. |   398571000006112           230287006   Mixed cortical and subcortical vascular dementia      10000          .          1       .       .        . |
     |----------------------------------------------------------------------------------------------------------------------------------------------------|
  6. |  5011261000006110           230704000                                Multi-infarct state          9          1          1       1       1        1 |
  7. |  2893551000006110            24654003                                     Weber syndrome          1          1          1       1       1        1 |
  8. |  5582321000006119           276220007                                   Foville syndrome          2          1          1       1       1        1 |
  9. |  5582351000006111           276222004                            Top of basilar syndrome          4          1          1       1       1        1 |
 10. |        3507359016     291541000119104              Spontaneous haemorrhage of brain stem          3          1          .       .       .        . |
     |----------------------------------------------------------------------------------------------------------------------------------------------------|
 11. | 13905301000006116           788455001            Bilateral occlusion of pontine arteries          3          1          .       .       .        . |
 12. | 13966821000006114           870544005                 Occlusion of distal basilar artery          5          1          .       .       .        . |
 13. | 13967201000006117           870579007              Occlusion of branch of basilar artery         10          1          .       .       .        . |
 14. |  3964661000006114            90099008               Subcortical atherosclerotic dementia          2          1          1       1       1        1 |
 15. |  2664601000006115            10349009               Multi-infarct dementia with delirium          2          .          1       .       .        . |
     |----------------------------------------------------------------------------------------------------------------------------------------------------|
 16. |  2893541000006113            24654003                              Weber-Gubler syndrome          2          1          1       1       1        1 |
 17. |        1235534016            90099008                        Binswanger's encephalopathy         40          1          1       1       1        1 |
 18. |  3964651000006112            90099008        Subcortical arteriosclerotic encephalopathy          1          1          1       1       1        1 |
 19. |  3964671000006119            90099008     Chronic progressive subcortical encephalopathy         40          1          1       1       1        1 |
 20. |         149347010            90099008                               Binswanger's disease        600          1          1       1       1        1 |
     |----------------------------------------------------------------------------------------------------------------------------------------------------|
 21. |  3964591000006117            90099008                    Subcortical leucoencephalopathy          2          1          1       1       1        1 |
     +----------------------------------------------------------------------------------------------------------------------------------------------------+

. restore

. drop if medcodeid == ""
(14 observations deleted)

. merge 1:1 medcodeid using `extra_from_codelists', update replace  //should be no matches

    Result                      Number of obs
    -----------------------------------------
    Not matched                           737
        from master                       716  (_merge==1)
        from using                         21  (_merge==2)

    Matched                                 0
        not updated                         0  (_merge==3)
        missing updated                     0  (_merge==4)
        nonmissing conflict                 0  (_merge==5)
    -----------------------------------------

. replace maybe = 1 if _merge == 2
(21 real changes made)

. drop _merge

. 
. 
. // STEP 8. EXPORT CODELIST FOR REVIEW BY A PRIMARY CARE CLINICIAN
. //================================================================
. 
. gsort -observations snomedctconceptid snomedctdescriptionid

. compress
  (0 bytes saved)

. save `filename', replace
file stroke.dta saved

. export excel `filename'_raw.xlsx, firstrow(variables) replace
file stroke_raw.xlsx saved

. 
. //Format Excel file using Python
. python:
----------------------------------------------- python (type end to exit) ------------------------------------------------------------------------------------------------------
>>> from openpyxl import load_workbook, Workbook
>>> 
>>> excel_file = "`filename'_raw.xlsx"
>>> 
>>> wb = load_workbook(excel_file)
>>> ws = wb.active
>>> 
>>> # Freeze top row
... ws.freeze_panes = 'A2'
>>> 
>>> # Auto-size column widths
... for column in ws.columns:
...         max_length = 0
...         column_letter = column[0].column_letter
... 
...         for cell in column:
...                 try:
...                         if len(str(cell.value)) > max_length:
...                                 max_length = len(cell.value)
...                 except:
...                         pass
... 
...         adjusted_width = (max_length + 2) * 0.92   # this is a bit arbitrary
...         ws.column_dimensions[column_letter].width = adjusted_width
... 
>>> wb.save(excel_file)
>>> end
--------------------------------------------------------------------------------------------------------------------------------------------------------------------------------

. /*
> Make sure that reviewing clinician's initials are appended to the end of the file name after reviewing.
> 
> e.g. codelist_raw_ABC.xlsx
> */
. 
. 
. // STEP 9. RESTRICT YOUR CODELIST TO CODES APPROVED BY A PRIMARY CARE CLINICIAN AND SAVE
. //=======================================================================================
. 
. //Load clinician classifications
. local clinician "CA"  //Christina Avgerinou

. 
. import excel `filename'_raw_`clinician', describe

                    Sheet | Range
  ------------------------+------------------------
           Stroke or TIA  | A1:G400
  Stroke (prevalent only) | A1:G63
                  Exclude | A1:H277

. 
. foreach sheet in `"Stroke or TIA "' `"Stroke (prevalent only)"' {
  2.         
.         import excel `filename'_raw_`clinician', firstrow clear sheet("`sheet'")
  3.         
.         generate byte `clinician' = 1
  4.         generate byte prevalent = 1
  5.         generate byte incident = 0
  6.         local tmpname "prevalent"
  7.         
.         if "`sheet'" == `"Stroke or TIA "' {
  8.                 
.                 replace incident = 1
  9.                 local tmpname "incident"
 10.         }
 11.         
.         //Remerge with original in case of any formatting issues with Excel spreadsheet
.         keep medcodeid `clinician' prevalent incident
 12. 
.         tempfile `tmpname'_tmp
 13.         save ``tmpname'_tmp'
 14.         display "`tmpname'"
 15. }
(7 vars, 399 obs)
(399 real changes made)
file C:\Users\rmjlton\AppData\Local\Temp\ST_3bf0_00000q.tmp saved as .dta format
incident
(7 vars, 62 obs)
file C:\Users\rmjlton\AppData\Local\Temp\ST_3bf0_00000r.tmp saved as .dta format
prevalent

. 
. use `filename', clear

. 
. merge 1:1 medcodeid using `incident_tmp', nogenerate update replace

    Result                      Number of obs
    -----------------------------------------
    Not matched                           338
        from master                       338  
        from using                          0  

    Matched                               399
        not updated                       399  
        missing updated                     0  
        nonmissing conflict                 0  
    -----------------------------------------

. merge 1:1 medcodeid using `prevalent_tmp', nogenerate update replace

    Result                      Number of obs
    -----------------------------------------
    Not matched                           675
        from master                       675  
        from using                          0  

    Matched                                62
        not updated                         0  
        missing updated                    62  
        nonmissing conflict                 0  
    -----------------------------------------

. 
. //Remove codes marked for exclusion by clinician
. display "Terms excluded by clinician..."
Terms excluded by clinician...

. list medcodeid snomedctconceptid term if `clinician' != 1

     +-------------------------------------------------------------------------------------------------------------------------------------------------------------------------+
  5. |                                         medcodeid                                  |                                 snomedctconceptid                                  |
     |                                         101523017                                  |                                          61091005                                  |
     |-------------------------------------------------------------------------------------------------------------------------------------------------------------------------|
     | term                                                                                                                                                                    |
     | Aneurysm of external carotid artery                                                                                                                                     |
     +-------------------------------------------------------------------------------------------------------------------------------------------------------------------------+

     +-------------------------------------------------------------------------------------------------------------------------------------------------------------------------+
  7. |                                         medcodeid                                  |                                 snomedctconceptid                                  |
     |                                         106392017                                  |                                          64009001                                  |
     |-------------------------------------------------------------------------------------------------------------------------------------------------------------------------|
     | term                                                                                                                                                                    |
     | Basilar artery syndrome                                                                                                                                                 |
     +-------------------------------------------------------------------------------------------------------------------------------------------------------------------------+

     +-------------------------------------------------------------------------------------------------------------------------------------------------------------------------+
  8. |                                         medcodeid                                  |                                 snomedctconceptid                                  |
     |                                         106394016                                  |                                          64009001                                  |
     |-------------------------------------------------------------------------------------------------------------------------------------------------------------------------|
     | term                                                                                                                                                                    |
     | Vertebrobasilar insufficiency                                                                                                                                           |
     +-------------------------------------------------------------------------------------------------------------------------------------------------------------------------+

     +-------------------------------------------------------------------------------------------------------------------------------------------------------------------------+
  9. |                                         medcodeid                                  |                                 snomedctconceptid                                  |
     |                                         107332010                                  |                                          64586002                                  |
     |-------------------------------------------------------------------------------------------------------------------------------------------------------------------------|
     | term                                                                                                                                                                    |
     | Carotid artery stenosis                                                                                                                                                 |
     +-------------------------------------------------------------------------------------------------------------------------------------------------------------------------+

     +-------------------------------------------------------------------------------------------------------------------------------------------------------------------------+
 10. |                                         medcodeid                                  |                                 snomedctconceptid                                  |
     |                                  1130181000000113                                  |                                         443929000                                  |
     |-------------------------------------------------------------------------------------------------------------------------------------------------------------------------|
     | term                                                                                                                                                                    |
     | Small vessel cerebrovascular disease                                                                                                                                    |
     +-------------------------------------------------------------------------------------------------------------------------------------------------------------------------+

     +-------------------------------------------------------------------------------------------------------------------------------------------------------------------------+
 11. |                                         medcodeid                                  |                                 snomedctconceptid                                  |
     |                                         114794013                                  |                                          69116000                                  |
     |-------------------------------------------------------------------------------------------------------------------------------------------------------------------------|
     | term                                                                                                                                                                    |
     | Moyamoya disease                                                                                                                                                        |
     +-------------------------------------------------------------------------------------------------------------------------------------------------------------------------+

     +-------------------------------------------------------------------------------------------------------------------------------------------------------------------------+
 28. |                                         medcodeid                                  |                                 snomedctconceptid                                  |
     |                                        1228941010                                  |                                         300920004                                  |
     |-------------------------------------------------------------------------------------------------------------------------------------------------------------------------|
     | term                                                                                                                                                                    |
     | Carotid artery disease                                                                                                                                                  |
     +-------------------------------------------------------------------------------------------------------------------------------------------------------------------------+

     +-------------------------------------------------------------------------------------------------------------------------------------------------------------------------+
 29. |                                         medcodeid                                  |                                 snomedctconceptid                                  |
     |                                   123311000006115                                  |                                          28048009                                  |
     |-------------------------------------------------------------------------------------------------------------------------------------------------------------------------|
     | term                                                                                                                                                                    |
     | Subarach h'ge inj no open intracran wnd + concussion unspec                                                                                                             |
     +-------------------------------------------------------------------------------------------------------------------------------------------------------------------------+

     +-------------------------------------------------------------------------------------------------------------------------------------------------------------------------+
 30. |                                         medcodeid                                  |                                 snomedctconceptid                                  |
     |                                   123331000006114                                  |                                          28048009                                  |
     |-------------------------------------------------------------------------------------------------------------------------------------------------------------------------|
     | term                                                                                                                                                                    |
     | Subarach h'ge inj no open intracran wnd+LOC unspec duration                                                                                                             |
     +-------------------------------------------------------------------------------------------------------------------------------------------------------------------------+

     +-------------------------------------------------------------------------------------------------------------------------------------------------------------------------+
 31. |                                         medcodeid                                  |                                 snomedctconceptid                                  |
     |                                   123351000006119                                  |                                           5251007                                  |
     |-------------------------------------------------------------------------------------------------------------------------------------------------------------------------|
     | term                                                                                                                                                                    |
     | Subarachnoid h'ge inj + open intracran wnd+concussion unspec                                                                                                            |
     +-------------------------------------------------------------------------------------------------------------------------------------------------------------------------+

     +-------------------------------------------------------------------------------------------------------------------------------------------------------------------------+
 32. |                                         medcodeid                                  |                                 snomedctconceptid                                  |
     |                                   123391000006113                                  |                                          28048009                                  |
     |-------------------------------------------------------------------------------------------------------------------------------------------------------------------------|
     | term                                                                                                                                                                    |
     | Subarachnoid h'ge inj no open intracran wnd+<1hr loss consc                                                                                                             |
     +-------------------------------------------------------------------------------------------------------------------------------------------------------------------------+

     +-------------------------------------------------------------------------------------------------------------------------------------------------------------------------+
 33. |                                         medcodeid                                  |                                 snomedctconceptid                                  |
     |                                   123411000006113                                  |                                          28048009                                  |
     |-------------------------------------------------------------------------------------------------------------------------------------------------------------------------|
     | term                                                                                                                                                                    |
     | Subarachnoid h'ge inj no open intracran wnd+no loss consc                                                                                                               |
     +-------------------------------------------------------------------------------------------------------------------------------------------------------------------------+

     +-------------------------------------------------------------------------------------------------------------------------------------------------------------------------+
 34. |                                         medcodeid                                  |                                 snomedctconceptid                                  |
     |                                   123421000006117                                  |                                          28048009                                  |
     |-------------------------------------------------------------------------------------------------------------------------------------------------------------------------|
     | term                                                                                                                                                                    |
     | Subarachnoid h'ge inj no open intracran wound + 1-24hr LOC                                                                                                              |
     +-------------------------------------------------------------------------------------------------------------------------------------------------------------------------+

     +-------------------------------------------------------------------------------------------------------------------------------------------------------------------------+
 35. |                                         medcodeid                                  |                                 snomedctconceptid                                  |
     |                                   123431000006119                                  |                                          28048009                                  |
     |-------------------------------------------------------------------------------------------------------------------------------------------------------------------------|
     | term                                                                                                                                                                    |
     | Subarachnoid h'ge inj no open intracran wound + unspec consc                                                                                                            |
     +-------------------------------------------------------------------------------------------------------------------------------------------------------------------------+

     +-------------------------------------------------------------------------------------------------------------------------------------------------------------------------+
 41. |                                         medcodeid                                  |                                 snomedctconceptid                                  |
     |                                        1235534016                                  |                                          90099008                                  |
     |-------------------------------------------------------------------------------------------------------------------------------------------------------------------------|
     | term                                                                                                                                                                    |
     | Binswanger's encephalopathy                                                                                                                                             |
     +-------------------------------------------------------------------------------------------------------------------------------------------------------------------------+

     +-------------------------------------------------------------------------------------------------------------------------------------------------------------------------+
 43. |                                         medcodeid                                  |                                 snomedctconceptid                                  |
     |                                   124261000006112                                  |                                         240312009                                  |
     |-------------------------------------------------------------------------------------------------------------------------------------------------------------------------|
     | term                                                                                                                                                                    |
     | Subdural or cerebral haemorrhage due to birth trauma OS                                                                                                                 |
     +-------------------------------------------------------------------------------------------------------------------------------------------------------------------------+

     +-------------------------------------------------------------------------------------------------------------------------------------------------------------------------+
 46. |                                         medcodeid                                  |                                 snomedctconceptid                                  |
     |                                   126301000006113                                  |                                           1055001                                  |
     |-------------------------------------------------------------------------------------------------------------------------------------------------------------------------|
     | term                                                                                                                                                                    |
     | Stenosis of precerebral artery                                                                                                                                          |
     +-------------------------------------------------------------------------------------------------------------------------------------------------------------------------+

     +-------------------------------------------------------------------------------------------------------------------------------------------------------------------------+
 47. |                                         medcodeid                                  |                                 snomedctconceptid                                  |
     |                                   126531000006111                                  |                                          64586002                                  |
     |-------------------------------------------------------------------------------------------------------------------------------------------------------------------------|
     | term                                                                                                                                                                    |
     | Stenosis, carotid artery                                                                                                                                                |
     +-------------------------------------------------------------------------------------------------------------------------------------------------------------------------+

     +-------------------------------------------------------------------------------------------------------------------------------------------------------------------------+
 50. |                                         medcodeid                                  |                                 snomedctconceptid                                  |
     |                                         130375018                                  |                                          78569004                                  |
     |-------------------------------------------------------------------------------------------------------------------------------------------------------------------------|
     | term                                                                                                                                                                    |
     | Lateral medullary syndrome                                                                                                                                              |
     +-------------------------------------------------------------------------------------------------------------------------------------------------------------------------+

     +-------------------------------------------------------------------------------------------------------------------------------------------------------------------------+
 52. |                                         medcodeid                                  |                                 snomedctconceptid                                  |
     |                                 13718601000006110                                  |                                 16896851000119101                                  |
     |-------------------------------------------------------------------------------------------------------------------------------------------------------------------------|
     | term                                                                                                                                                                    |
     | History of embolic cerebrovascular accident                                                                                                                             |
     +-------------------------------------------------------------------------------------------------------------------------------------------------------------------------+

     +-------------------------------------------------------------------------------------------------------------------------------------------------------------------------+
 60. |                                         medcodeid                                  |                                 snomedctconceptid                                  |
     |                                 13909861000006114                                  |                                         788880006                                  |
     |-------------------------------------------------------------------------------------------------------------------------------------------------------------------------|
     | term                                                                                                                                                                    |
     | Cerebral ischaemic stroke due to dissection of artery                                                                                                                   |
     +-------------------------------------------------------------------------------------------------------------------------------------------------------------------------+

     +-------------------------------------------------------------------------------------------------------------------------------------------------------------------------+
 70. |                                         medcodeid                                  |                                 snomedctconceptid                                  |
     |                                 14095711000006110                                  |                                   285201000119100                                  |
     |-------------------------------------------------------------------------------------------------------------------------------------------------------------------------|
     | term                                                                                                                                                                    |
     | Stenosis of right carotid artery                                                                                                                                        |
     +-------------------------------------------------------------------------------------------------------------------------------------------------------------------------+

     +-------------------------------------------------------------------------------------------------------------------------------------------------------------------------+
120. |                                         medcodeid                                  |                                 snomedctconceptid                                  |
     |                                 14726301000006113                                  |                                        1179547007                                  |
     |-------------------------------------------------------------------------------------------------------------------------------------------------------------------------|
     | term                                                                                                                                                                    |
     | Neonatal epilepsy due to perinatal stroke                                                                                                                               |
     +-------------------------------------------------------------------------------------------------------------------------------------------------------------------------+

     +-------------------------------------------------------------------------------------------------------------------------------------------------------------------------+
121. |                                         medcodeid                                  |                                 snomedctconceptid                                  |
     |                                        1476248016                                  |                                         390935004                                  |
     |-------------------------------------------------------------------------------------------------------------------------------------------------------------------------|
     | term                                                                                                                                                                    |
     | Percutaneous coil embolisation of cerebral artery aneurysm                                                                                                              |
     +-------------------------------------------------------------------------------------------------------------------------------------------------------------------------+

     +-------------------------------------------------------------------------------------------------------------------------------------------------------------------------+
124. |                                         medcodeid                                  |                                 snomedctconceptid                                  |
     |                                         149347010                                  |                                          90099008                                  |
     |-------------------------------------------------------------------------------------------------------------------------------------------------------------------------|
     | term                                                                                                                                                                    |
     | Binswanger's disease                                                                                                                                                    |
     +-------------------------------------------------------------------------------------------------------------------------------------------------------------------------+

     +-------------------------------------------------------------------------------------------------------------------------------------------------------------------------+
126. |                                         medcodeid                                  |                                 snomedctconceptid                                  |
     |                                   149701000006118                                  |                                         195239002                                  |
     |-------------------------------------------------------------------------------------------------------------------------------------------------------------------------|
     | term                                                                                                                                                                    |
     | Sequelae/other + unspecified cerebrovascular diseases                                                                                                                   |
     +-------------------------------------------------------------------------------------------------------------------------------------------------------------------------+

     +-------------------------------------------------------------------------------------------------------------------------------------------------------------------------+
127. |                                         medcodeid                                  |                                 snomedctconceptid                                  |
     |                                  1548051000006118                                  |                                   223501000000102                                  |
     |-------------------------------------------------------------------------------------------------------------------------------------------------------------------------|
     | term                                                                                                                                                                    |
     | Percutaneous transluminal embolisation of major systemic to pulmonary collateral artery                                                                                 |
     +-------------------------------------------------------------------------------------------------------------------------------------------------------------------------+

     +-------------------------------------------------------------------------------------------------------------------------------------------------------------------------+
128. |                                         medcodeid                                  |                                 snomedctconceptid                                  |
     |                                  1548281000006119                                  |                                         425611003                                  |
     |-------------------------------------------------------------------------------------------------------------------------------------------------------------------------|
     | term                                                                                                                                                                    |
     | Percutaneous transluminal insertion of stent into carotid artery                                                                                                        |
     +-------------------------------------------------------------------------------------------------------------------------------------------------------------------------+

     +-------------------------------------------------------------------------------------------------------------------------------------------------------------------------+
133. |                                         medcodeid                                  |                                 snomedctconceptid                                  |
     |                                   162111000000112                                  |                                    88601000000107                                  |
     |-------------------------------------------------------------------------------------------------------------------------------------------------------------------------|
     | term                                                                                                                                                                    |
     | Did not attend stroke clinic                                                                                                                                            |
     +-------------------------------------------------------------------------------------------------------------------------------------------------------------------------+

     +-------------------------------------------------------------------------------------------------------------------------------------------------------------------------+
136. |                                         medcodeid                                  |                                 snomedctconceptid                                  |
     |                                  1682791000006112                                  |                                  1682791000006108                                  |
     |-------------------------------------------------------------------------------------------------------------------------------------------------------------------------|
     | term                                                                                                                                                                    |
     | Mitoch myopath/encephalopath/lactic acidosis/stroke-like episode                                                                                                        |
     +-------------------------------------------------------------------------------------------------------------------------------------------------------------------------+

     +-------------------------------------------------------------------------------------------------------------------------------------------------------------------------+
137. |                                         medcodeid                                  |                                 snomedctconceptid                                  |
     |                                  1704681000000110                                  |                                         473129008                                  |
     |-------------------------------------------------------------------------------------------------------------------------------------------------------------------------|
     | term                                                                                                                                                                    |
     | Suspected transient ischaemic attack                                                                                                                                    |
     +-------------------------------------------------------------------------------------------------------------------------------------------------------------------------+

     +-------------------------------------------------------------------------------------------------------------------------------------------------------------------------+
138. |                                         medcodeid                                  |                                 snomedctconceptid                                  |
     |                                  1716621000000117                                  |                                   769211000000103                                  |
     |-------------------------------------------------------------------------------------------------------------------------------------------------------------------------|
     | term                                                                                                                                                                    |
     | Suspected cerebrovascular accident                                                                                                                                      |
     +-------------------------------------------------------------------------------------------------------------------------------------------------------------------------+

     +-------------------------------------------------------------------------------------------------------------------------------------------------------------------------+
139. |                                         medcodeid                                  |                                 snomedctconceptid                                  |
     |                                  1716631000000115                                  |                                   769211000000103                                  |
     |-------------------------------------------------------------------------------------------------------------------------------------------------------------------------|
     | term                                                                                                                                                                    |
     | Suspected stroke                                                                                                                                                        |
     +-------------------------------------------------------------------------------------------------------------------------------------------------------------------------+

     +-------------------------------------------------------------------------------------------------------------------------------------------------------------------------+
141. |                                         medcodeid                                  |                                 snomedctconceptid                                  |
     |                                  1746621000006118                                  |                                  1746621000006102                                  |
     |-------------------------------------------------------------------------------------------------------------------------------------------------------------------------|
     | term                                                                                                                                                                    |
     | Carotid endarterectomy                                                                                                                                                  |
     +-------------------------------------------------------------------------------------------------------------------------------------------------------------------------+

     +-------------------------------------------------------------------------------------------------------------------------------------------------------------------------+
142. |                                         medcodeid                                  |                                 snomedctconceptid                                  |
     |                                  1757201000006113                                  |                                  1757201000006109                                  |
     |-------------------------------------------------------------------------------------------------------------------------------------------------------------------------|
     | term                                                                                                                                                                    |
     | Suspected transient ischaemic attack                                                                                                                                    |
     +-------------------------------------------------------------------------------------------------------------------------------------------------------------------------+

     +-------------------------------------------------------------------------------------------------------------------------------------------------------------------------+
143. |                                         medcodeid                                  |                                 snomedctconceptid                                  |
     |                                  1757281000006116                                  |                                  1757281000006100                                  |
     |-------------------------------------------------------------------------------------------------------------------------------------------------------------------------|
     | term                                                                                                                                                                    |
     | Suspected stroke                                                                                                                                                        |
     +-------------------------------------------------------------------------------------------------------------------------------------------------------------------------+

     +-------------------------------------------------------------------------------------------------------------------------------------------------------------------------+
145. |                                         medcodeid                                  |                                 snomedctconceptid                                  |
     |                                        1780256012                                  |                                         401051003                                  |
     |-------------------------------------------------------------------------------------------------------------------------------------------------------------------------|
     | term                                                                                                                                                                    |
     | Tortuous carotid artery                                                                                                                                                 |
     +-------------------------------------------------------------------------------------------------------------------------------------------------------------------------+

     +-------------------------------------------------------------------------------------------------------------------------------------------------------------------------+
149. |                                         medcodeid                                  |                                 snomedctconceptid                                  |
     |                                  1842021000006111                                  |                                         261808007                                  |
     |-------------------------------------------------------------------------------------------------------------------------------------------------------------------------|
     | term                                                                                                                                                                    |
     | Neonatal cerebral haemorrhage                                                                                                                                           |
     +-------------------------------------------------------------------------------------------------------------------------------------------------------------------------+

     +-------------------------------------------------------------------------------------------------------------------------------------------------------------------------+
150. |                                         medcodeid                                  |                                 snomedctconceptid                                  |
     |                                  1863321000006113                                  |                                  1863321000006109                                  |
     |-------------------------------------------------------------------------------------------------------------------------------------------------------------------------|
     | term                                                                                                                                                                    |
     | Referral by stroke nurse specialist                                                                                                                                     |
     +-------------------------------------------------------------------------------------------------------------------------------------------------------------------------+

     +-------------------------------------------------------------------------------------------------------------------------------------------------------------------------+
152. |                                         medcodeid                                  |                                 snomedctconceptid                                  |
     |                                  1900601000006111                                  |                                   914891000000100                                  |
     |-------------------------------------------------------------------------------------------------------------------------------------------------------------------------|
     | term                                                                                                                                                                    |
     | Surveillance of Cerebral Palsy in Europe classification - predominant pattern B.2 - sequelae of intraventricular haemorrhage or periventricular infarction              |
     +-------------------------------------------------------------------------------------------------------------------------------------------------------------------------+

     +-------------------------------------------------------------------------------------------------------------------------------------------------------------------------+
153. |                                         medcodeid                                  |                                 snomedctconceptid                                  |
     |                                  1900611000006114                                  |                                   914911000000102                                  |
     |-------------------------------------------------------------------------------------------------------------------------------------------------------------------------|
     | term                                                                                                                                                                    |
     | Surveillance of Cerebral Palsy in Europe classification - predominant pattern B.3 - combination of periventricular leucomalacia and intraventricular haemorrhage sequ.. |
     +-------------------------------------------------------------------------------------------------------------------------------------------------------------------------+

     +-------------------------------------------------------------------------------------------------------------------------------------------------------------------------+
154. |                                         medcodeid                                  |                                 snomedctconceptid                                  |
     |                                  1900651000006110                                  |                                   914991000000106                                  |
     |-------------------------------------------------------------------------------------------------------------------------------------------------------------------------|
     | term                                                                                                                                                                    |
     | Surveillance of Cerebral Palsy in Europe classification - predominant pattern C.3 - infarct of the middle cerebral artery                                               |
     +-------------------------------------------------------------------------------------------------------------------------------------------------------------------------+

     +-------------------------------------------------------------------------------------------------------------------------------------------------------------------------+
155. |                                         medcodeid                                  |                                 snomedctconceptid                                  |
     |                                  1994761000006112                                  |                                  1994761000006108                                  |
     |-------------------------------------------------------------------------------------------------------------------------------------------------------------------------|
     | term                                                                                                                                                                    |
     | Referral to stroke rehabilitation service                                                                                                                               |
     +-------------------------------------------------------------------------------------------------------------------------------------------------------------------------+

     +-------------------------------------------------------------------------------------------------------------------------------------------------------------------------+
156. |                                         medcodeid                                  |                                 snomedctconceptid                                  |
     |                                  2008521000006110                                  |                                  2008521000006106                                  |
     |-------------------------------------------------------------------------------------------------------------------------------------------------------------------------|
     | term                                                                                                                                                                    |
     | Referral to community stroke service                                                                                                                                    |
     +-------------------------------------------------------------------------------------------------------------------------------------------------------------------------+

     +-------------------------------------------------------------------------------------------------------------------------------------------------------------------------+
162. |                                         medcodeid                                  |                                 snomedctconceptid                                  |
     |                                   216701000006116                                  |                                         312380005                                  |
     |-------------------------------------------------------------------------------------------------------------------------------------------------------------------------|
     | term                                                                                                                                                                    |
     | Post radiological embolism of lower limb artery                                                                                                                         |
     +-------------------------------------------------------------------------------------------------------------------------------------------------------------------------+

     +-------------------------------------------------------------------------------------------------------------------------------------------------------------------------+
163. |                                         medcodeid                                  |                                 snomedctconceptid                                  |
     |                                   216711000006118                                  |                                         312377009                                  |
     |-------------------------------------------------------------------------------------------------------------------------------------------------------------------------|
     | term                                                                                                                                                                    |
     | Post radiological embolism of upper limb artery                                                                                                                         |
     +-------------------------------------------------------------------------------------------------------------------------------------------------------------------------+

     +-------------------------------------------------------------------------------------------------------------------------------------------------------------------------+
165. |                                         medcodeid                                  |                                 snomedctconceptid                                  |
     |                                  2185361000000119                                  |                                   842441000000104                                  |
     |-------------------------------------------------------------------------------------------------------------------------------------------------------------------------|
     | term                                                                                                                                                                    |
     | Provision of written information about stroke                                                                                                                           |
     +-------------------------------------------------------------------------------------------------------------------------------------------------------------------------+

     +-------------------------------------------------------------------------------------------------------------------------------------------------------------------------+
166. |                                         medcodeid                                  |                                 snomedctconceptid                                  |
     |                                   218541000000116                                  |                                          65198009                                  |
     |-------------------------------------------------------------------------------------------------------------------------------------------------------------------------|
     | term                                                                                                                                                                    |
     | Arterial thrombosis                                                                                                                                                     |
     +-------------------------------------------------------------------------------------------------------------------------------------------------------------------------+

     +-------------------------------------------------------------------------------------------------------------------------------------------------------------------------+
168. |                                         medcodeid                                  |                                 snomedctconceptid                                  |
     |                                  2397671000000118                                  |                                   936161000000100                                  |
     |-------------------------------------------------------------------------------------------------------------------------------------------------------------------------|
     | term                                                                                                                                                                    |
     | QBleed 5 year risk of intracranial haemorrhage                                                                                                                          |
     +-------------------------------------------------------------------------------------------------------------------------------------------------------------------------+

     +-------------------------------------------------------------------------------------------------------------------------------------------------------------------------+
170. |                                         medcodeid                                  |                                 snomedctconceptid                                  |
     |                                        2469365010                                  |                                         413124000                                  |
     |-------------------------------------------------------------------------------------------------------------------------------------------------------------------------|
     | term                                                                                                                                                                    |
     | Stroke / transient ischaemic attack referral                                                                                                                            |
     +-------------------------------------------------------------------------------------------------------------------------------------------------------------------------+

     +-------------------------------------------------------------------------------------------------------------------------------------------------------------------------+
171. |                                         medcodeid                                  |                                 snomedctconceptid                                  |
     |                                        2474330011                                  |                                         412773009                                  |
     |-------------------------------------------------------------------------------------------------------------------------------------------------------------------------|
     | term                                                                                                                                                                    |
     | Referral to stroke clinic                                                                                                                                               |
     +-------------------------------------------------------------------------------------------------------------------------------------------------------------------------+

     +-------------------------------------------------------------------------------------------------------------------------------------------------------------------------+
173. |                                         medcodeid                                  |                                 snomedctconceptid                                  |
     |                                        2474668015                                  |                                         413119003                                  |
     |-------------------------------------------------------------------------------------------------------------------------------------------------------------------------|
     | term                                                                                                                                                                    |
     | Stroke group member                                                                                                                                                     |
     +-------------------------------------------------------------------------------------------------------------------------------------------------------------------------+

     +-------------------------------------------------------------------------------------------------------------------------------------------------------------------------+
176. |                                         medcodeid                                  |                                 snomedctconceptid                                  |
     |                                        2476647018                                  |                                          34781003                                  |
     |-------------------------------------------------------------------------------------------------------------------------------------------------------------------------|
     | term                                                                                                                                                                    |
     | Vertebral artery compression syndrome                                                                                                                                   |
     +-------------------------------------------------------------------------------------------------------------------------------------------------------------------------+

     +-------------------------------------------------------------------------------------------------------------------------------------------------------------------------+
185. |                                         medcodeid                                  |                                 snomedctconceptid                                  |
     |                                          25897016                                  |                                          15258001                                  |
     |-------------------------------------------------------------------------------------------------------------------------------------------------------------------------|
     | term                                                                                                                                                                    |
     | Subclavian steal syndrome                                                                                                                                               |
     +-------------------------------------------------------------------------------------------------------------------------------------------------------------------------+

     +-------------------------------------------------------------------------------------------------------------------------------------------------------------------------+
186. |                                         medcodeid                                  |                                 snomedctconceptid                                  |
     |                                         262236010                                  |                                         168929008                                  |
     |-------------------------------------------------------------------------------------------------------------------------------------------------------------------------|
     | term                                                                                                                                                                    |
     | Carotid artery angiogram abnormal                                                                                                                                       |
     +-------------------------------------------------------------------------------------------------------------------------------------------------------------------------+

     +-------------------------------------------------------------------------------------------------------------------------------------------------------------------------+
190. |                                         medcodeid                                  |                                 snomedctconceptid                                  |
     |                                         265692011                                  |                                          10458001                                  |
     |-------------------------------------------------------------------------------------------------------------------------------------------------------------------------|
     | term                                                                                                                                                                    |
     | Evacuation of intracerebral haematoma                                                                                                                                   |
     +-------------------------------------------------------------------------------------------------------------------------------------------------------------------------+

     +-------------------------------------------------------------------------------------------------------------------------------------------------------------------------+
191. |                                         medcodeid                                  |                                 snomedctconceptid                                  |
     |                                  2664601000006115                                  |                                          10349009                                  |
     |-------------------------------------------------------------------------------------------------------------------------------------------------------------------------|
     | term                                                                                                                                                                    |
     | Multi-infarct dementia with delirium                                                                                                                                    |
     +-------------------------------------------------------------------------------------------------------------------------------------------------------------------------+

     +-------------------------------------------------------------------------------------------------------------------------------------------------------------------------+
192. |                                         medcodeid                                  |                                 snomedctconceptid                                  |
     |                                  2664611000006117                                  |                                          10349009                                  |
     |-------------------------------------------------------------------------------------------------------------------------------------------------------------------------|
     | term                                                                                                                                                                    |
     | Vascular dementia, with delirium                                                                                                                                        |
     +-------------------------------------------------------------------------------------------------------------------------------------------------------------------------+

     +-------------------------------------------------------------------------------------------------------------------------------------------------------------------------+
193. |                                         medcodeid                                  |                                 snomedctconceptid                                  |
     |                                  2672991000006115                                  |                                          10878002                                  |
     |-------------------------------------------------------------------------------------------------------------------------------------------------------------------------|
     | term                                                                                                                                                                    |
     | Aneurysm of common carotid artery                                                                                                                                       |
     +-------------------------------------------------------------------------------------------------------------------------------------------------------------------------+

     +-------------------------------------------------------------------------------------------------------------------------------------------------------------------------+
195. |                                         medcodeid                                  |                                 snomedctconceptid                                  |
     |                                   267321000006114                                  |                                         195231004                                  |
     |-------------------------------------------------------------------------------------------------------------------------------------------------------------------------|
     | term                                                                                                                                                                    |
     | Occlusion and stenosis of cerebral arteries, not resulting in cerebral infarction                                                                                       |
     +-------------------------------------------------------------------------------------------------------------------------------------------------------------------------+

     +-------------------------------------------------------------------------------------------------------------------------------------------------------------------------+
196. |                                         medcodeid                                  |                                 snomedctconceptid                                  |
     |                                        2695715012                                  |                                         428802000                                  |
     |-------------------------------------------------------------------------------------------------------------------------------------------------------------------------|
     | term                                                                                                                                                                    |
     | Endovascular repair of carotid artery                                                                                                                                   |
     +-------------------------------------------------------------------------------------------------------------------------------------------------------------------------+

     +-------------------------------------------------------------------------------------------------------------------------------------------------------------------------+
197. |                                         medcodeid                                  |                                 snomedctconceptid                                  |
     |                                         271527011                                  |                                         175362007                                  |
     |-------------------------------------------------------------------------------------------------------------------------------------------------------------------------|
     | term                                                                                                                                                                    |
     | Carotid, cerebral and subclavian artery operations                                                                                                                      |
     +-------------------------------------------------------------------------------------------------------------------------------------------------------------------------+

     +-------------------------------------------------------------------------------------------------------------------------------------------------------------------------+
198. |                                         medcodeid                                  |                                 snomedctconceptid                                  |
     |                                         271528018                                  |                                         175363002                                  |
     |-------------------------------------------------------------------------------------------------------------------------------------------------------------------------|
     | term                                                                                                                                                                    |
     | Reconstruction of carotid artery                                                                                                                                        |
     +-------------------------------------------------------------------------------------------------------------------------------------------------------------------------+

     +-------------------------------------------------------------------------------------------------------------------------------------------------------------------------+
199. |                                         medcodeid                                  |                                 snomedctconceptid                                  |
     |                                         271529014                                  |                                         175364008                                  |
     |-------------------------------------------------------------------------------------------------------------------------------------------------------------------------|
     | term                                                                                                                                                                    |
     | Replacement of carotid artery using graft                                                                                                                               |
     +-------------------------------------------------------------------------------------------------------------------------------------------------------------------------+

     +-------------------------------------------------------------------------------------------------------------------------------------------------------------------------+
200. |                                         medcodeid                                  |                                 snomedctconceptid                                  |
     |                                         271530016                                  |                                         175365009                                  |
     |-------------------------------------------------------------------------------------------------------------------------------------------------------------------------|
     | term                                                                                                                                                                    |
     | Intracranial bypass to carotid artery                                                                                                                                   |
     +-------------------------------------------------------------------------------------------------------------------------------------------------------------------------+

     +-------------------------------------------------------------------------------------------------------------------------------------------------------------------------+
201. |                                         medcodeid                                  |                                 snomedctconceptid                                  |
     |                                         271531017                                  |                                         450690002                                  |
     |-------------------------------------------------------------------------------------------------------------------------------------------------------------------------|
     | term                                                                                                                                                                    |
     | Bypass of carotid artery                                                                                                                                                |
     +-------------------------------------------------------------------------------------------------------------------------------------------------------------------------+

     +-------------------------------------------------------------------------------------------------------------------------------------------------------------------------+
202. |                                         medcodeid                                  |                                 snomedctconceptid                                  |
     |                                         271533019                                  |                                         175367001                                  |
     |-------------------------------------------------------------------------------------------------------------------------------------------------------------------------|
     | term                                                                                                                                                                    |
     | Carotid endarterectomy and patch                                                                                                                                        |
     +-------------------------------------------------------------------------------------------------------------------------------------------------------------------------+

     +-------------------------------------------------------------------------------------------------------------------------------------------------------------------------+
203. |                                         medcodeid                                  |                                 snomedctconceptid                                  |
     |                                         271534013                                  |                                          66951008                                  |
     |-------------------------------------------------------------------------------------------------------------------------------------------------------------------------|
     | term                                                                                                                                                                    |
     | Carotid endarterectomy                                                                                                                                                  |
     +-------------------------------------------------------------------------------------------------------------------------------------------------------------------------+

     +-------------------------------------------------------------------------------------------------------------------------------------------------------------------------+
204. |                                         medcodeid                                  |                                 snomedctconceptid                                  |
     |                                         271535014                                  |                                         175363002                                  |
     |-------------------------------------------------------------------------------------------------------------------------------------------------------------------------|
     | term                                                                                                                                                                    |
     | Other specified reconstruction of carotid artery                                                                                                                        |
     +-------------------------------------------------------------------------------------------------------------------------------------------------------------------------+

     +-------------------------------------------------------------------------------------------------------------------------------------------------------------------------+
205. |                                         medcodeid                                  |                                 snomedctconceptid                                  |
     |                                         271536010                                  |                                         175363002                                  |
     |-------------------------------------------------------------------------------------------------------------------------------------------------------------------------|
     | term                                                                                                                                                                    |
     | Reconstruction of carotid artery NOS                                                                                                                                    |
     +-------------------------------------------------------------------------------------------------------------------------------------------------------------------------+

     +-------------------------------------------------------------------------------------------------------------------------------------------------------------------------+
206. |                                         medcodeid                                  |                                 snomedctconceptid                                  |
     |                                         271538011                                  |                                         175363002                                  |
     |-------------------------------------------------------------------------------------------------------------------------------------------------------------------------|
     | term                                                                                                                                                                    |
     | Repair of carotid artery NEC                                                                                                                                            |
     +-------------------------------------------------------------------------------------------------------------------------------------------------------------------------+

     +-------------------------------------------------------------------------------------------------------------------------------------------------------------------------+
207. |                                         medcodeid                                  |                                 snomedctconceptid                                  |
     |                                         271539015                                  |                                         175373000                                  |
     |-------------------------------------------------------------------------------------------------------------------------------------------------------------------------|
     | term                                                                                                                                                                    |
     | Ligation of carotid artery                                                                                                                                              |
     +-------------------------------------------------------------------------------------------------------------------------------------------------------------------------+

     +-------------------------------------------------------------------------------------------------------------------------------------------------------------------------+
208. |                                         medcodeid                                  |                                 snomedctconceptid                                  |
     |                                         271540018                                  |                                         175374006                                  |
     |-------------------------------------------------------------------------------------------------------------------------------------------------------------------------|
     | term                                                                                                                                                                    |
     | Open embolectomy of carotid artery                                                                                                                                      |
     +-------------------------------------------------------------------------------------------------------------------------------------------------------------------------+

     +-------------------------------------------------------------------------------------------------------------------------------------------------------------------------+
209. |                                         medcodeid                                  |                                 snomedctconceptid                                  |
     |                                         271542014                                  |                                         175376008                                  |
     |-------------------------------------------------------------------------------------------------------------------------------------------------------------------------|
     | term                                                                                                                                                                    |
     | Operation on aneurysm of carotid artery                                                                                                                                 |
     +-------------------------------------------------------------------------------------------------------------------------------------------------------------------------+

     +-------------------------------------------------------------------------------------------------------------------------------------------------------------------------+
210. |                                         medcodeid                                  |                                 snomedctconceptid                                  |
     |                                         271546012                                  |                                         175380003                                  |
     |-------------------------------------------------------------------------------------------------------------------------------------------------------------------------|
     | term                                                                                                                                                                    |
     | Percutaneous transluminal angioplasty of carotid artery                                                                                                                 |
     +-------------------------------------------------------------------------------------------------------------------------------------------------------------------------+

     +-------------------------------------------------------------------------------------------------------------------------------------------------------------------------+
211. |                                         medcodeid                                  |                                 snomedctconceptid                                  |
     |                                         271590019                                  |                                         233317001                                  |
     |-------------------------------------------------------------------------------------------------------------------------------------------------------------------------|
     | term                                                                                                                                                                    |
     | Embolisation of cerebral artery NEC                                                                                                                                     |
     +-------------------------------------------------------------------------------------------------------------------------------------------------------------------------+

     +-------------------------------------------------------------------------------------------------------------------------------------------------------------------------+
212. |                                         medcodeid                                  |                                 snomedctconceptid                                  |
     |                                         271757017                                  |                                         397045002                                  |
     |-------------------------------------------------------------------------------------------------------------------------------------------------------------------------|
     | term                                                                                                                                                                    |
     | Open embolectomy of coeliac artery NEC                                                                                                                                  |
     +-------------------------------------------------------------------------------------------------------------------------------------------------------------------------+

     +-------------------------------------------------------------------------------------------------------------------------------------------------------------------------+
213. |                                         medcodeid                                  |                                 snomedctconceptid                                  |
     |                                         271759019                                  |                                         397045002                                  |
     |-------------------------------------------------------------------------------------------------------------------------------------------------------------------------|
     | term                                                                                                                                                                    |
     | Open embolectomy of superior mesenteric artery NEC                                                                                                                      |
     +-------------------------------------------------------------------------------------------------------------------------------------------------------------------------+

     +-------------------------------------------------------------------------------------------------------------------------------------------------------------------------+
214. |                                         medcodeid                                  |                                 snomedctconceptid                                  |
     |                                         271760012                                  |                                         397045002                                  |
     |-------------------------------------------------------------------------------------------------------------------------------------------------------------------------|
     | term                                                                                                                                                                    |
     | Open embolectomy of inferior mesenteric artery NEC                                                                                                                      |
     +-------------------------------------------------------------------------------------------------------------------------------------------------------------------------+

     +-------------------------------------------------------------------------------------------------------------------------------------------------------------------------+
215. |                                         medcodeid                                  |                                 snomedctconceptid                                  |
     |                                         271780013                                  |                                         397045002                                  |
     |-------------------------------------------------------------------------------------------------------------------------------------------------------------------------|
     | term                                                                                                                                                                    |
     | Open embolectomy of visceral branch of abdominal aorta NEC                                                                                                              |
     +-------------------------------------------------------------------------------------------------------------------------------------------------------------------------+

     +-------------------------------------------------------------------------------------------------------------------------------------------------------------------------+
216. |                                         medcodeid                                  |                                 snomedctconceptid                                  |
     |                                         272097014                                  |                                         397045002                                  |
     |-------------------------------------------------------------------------------------------------------------------------------------------------------------------------|
     | term                                                                                                                                                                    |
     | Open embolectomy of artery NEC                                                                                                                                          |
     +-------------------------------------------------------------------------------------------------------------------------------------------------------------------------+

     +-------------------------------------------------------------------------------------------------------------------------------------------------------------------------+
230. |                                         medcodeid                                  |                                 snomedctconceptid                                  |
     |                                         294656010                                  |                                          56267009                                  |
     |-------------------------------------------------------------------------------------------------------------------------------------------------------------------------|
     | term                                                                                                                                                                    |
     | Arteriosclerotic dementia NOS                                                                                                                                           |
     +-------------------------------------------------------------------------------------------------------------------------------------------------------------------------+

     +-------------------------------------------------------------------------------------------------------------------------------------------------------------------------+
231. |                                         medcodeid                                  |                                 snomedctconceptid                                  |
     |                                         294703019                                  |                                         191505005                                  |
     |-------------------------------------------------------------------------------------------------------------------------------------------------------------------------|
     | term                                                                                                                                                                    |
     | Acute confusional state, of cerebrovascular origin                                                                                                                      |
     +-------------------------------------------------------------------------------------------------------------------------------------------------------------------------+

     +-------------------------------------------------------------------------------------------------------------------------------------------------------------------------+
232. |                                         medcodeid                                  |                                 snomedctconceptid                                  |
     |                                         294711012                                  |                                         191512001                                  |
     |-------------------------------------------------------------------------------------------------------------------------------------------------------------------------|
     | term                                                                                                                                                                    |
     | Subacute confusional state, of cerebrovascular origin                                                                                                                   |
     +-------------------------------------------------------------------------------------------------------------------------------------------------------------------------+

     +-------------------------------------------------------------------------------------------------------------------------------------------------------------------------+
233. |                                         medcodeid                                  |                                 snomedctconceptid                                  |
     |                                  2961121000006115                                  |                                          28690004                                  |
     |-------------------------------------------------------------------------------------------------------------------------------------------------------------------------|
     | term                                                                                                                                                                    |
     | Stroke test                                                                                                                                                             |
     +-------------------------------------------------------------------------------------------------------------------------------------------------------------------------+

     +-------------------------------------------------------------------------------------------------------------------------------------------------------------------------+
237. |                                         medcodeid                                  |                                 snomedctconceptid                                  |
     |                                         297013012                                  |                                         192813004                                  |
     |-------------------------------------------------------------------------------------------------------------------------------------------------------------------------|
     | term                                                                                                                                                                    |
     | Cerebral degeneration due to cerebrovascular disease                                                                                                                    |
     +-------------------------------------------------------------------------------------------------------------------------------------------------------------------------+

     +-------------------------------------------------------------------------------------------------------------------------------------------------------------------------+
239. |                                         medcodeid                                  |                                 snomedctconceptid                                  |
     |                                         300200014                                  |                                          72092001                                  |
     |-------------------------------------------------------------------------------------------------------------------------------------------------------------------------|
     | term                                                                                                                                                                    |
     | Cardiovascular arteriosclerosis unspecified                                                                                                                             |
     +-------------------------------------------------------------------------------------------------------------------------------------------------------------------------+

     +-------------------------------------------------------------------------------------------------------------------------------------------------------------------------+
258. |                                         medcodeid                                  |                                 snomedctconceptid                                  |
     |                                         300344014                                  |                                         195200006                                  |
     |-------------------------------------------------------------------------------------------------------------------------------------------------------------------------|
     | term                                                                                                                                                                    |
     | Carotid artery syndrome hemispheric                                                                                                                                     |
     +-------------------------------------------------------------------------------------------------------------------------------------------------------------------------+

     +-------------------------------------------------------------------------------------------------------------------------------------------------------------------------+
259. |                                         medcodeid                                  |                                 snomedctconceptid                                  |
     |                                         300345010                                  |                                         195201005                                  |
     |-------------------------------------------------------------------------------------------------------------------------------------------------------------------------|
     | term                                                                                                                                                                    |
     | Multiple and bilateral precerebral artery syndromes                                                                                                                     |
     +-------------------------------------------------------------------------------------------------------------------------------------------------------------------------+

     +-------------------------------------------------------------------------------------------------------------------------------------------------------------------------+
263. |                                         medcodeid                                  |                                 snomedctconceptid                                  |
     |                                         300353019                                  |                                         195206000                                  |
     |-------------------------------------------------------------------------------------------------------------------------------------------------------------------------|
     | term                                                                                                                                                                    |
     | Intermittent cerebral ischaemia                                                                                                                                         |
     +-------------------------------------------------------------------------------------------------------------------------------------------------------------------------+

     +-------------------------------------------------------------------------------------------------------------------------------------------------------------------------+
266. |                                         medcodeid                                  |                                 snomedctconceptid                                  |
     |                                         300364016                                  |                                         195211003                                  |
     |-------------------------------------------------------------------------------------------------------------------------------------------------------------------------|
     | term                                                                                                                                                                    |
     | Posterior cerebral artery syndrome                                                                                                                                      |
     +-------------------------------------------------------------------------------------------------------------------------------------------------------------------------+

     +-------------------------------------------------------------------------------------------------------------------------------------------------------------------------+
270. |                                         medcodeid                                  |                                 snomedctconceptid                                  |
     |                                         300374018                                  |                                          62914000                                  |
     |-------------------------------------------------------------------------------------------------------------------------------------------------------------------------|
     | term                                                                                                                                                                    |
     | Other cerebrovascular disease                                                                                                                                           |
     +-------------------------------------------------------------------------------------------------------------------------------------------------------------------------+

     +-------------------------------------------------------------------------------------------------------------------------------------------------------------------------+
271. |                                         medcodeid                                  |                                 snomedctconceptid                                  |
     |                                         300379011                                  |                                         302909007                                  |
     |-------------------------------------------------------------------------------------------------------------------------------------------------------------------------|
     | term                                                                                                                                                                    |
     | Generalised ischaemic cerebrovascular disease NOS                                                                                                                       |
     +-------------------------------------------------------------------------------------------------------------------------------------------------------------------------+

     +-------------------------------------------------------------------------------------------------------------------------------------------------------------------------+
273. |                                         medcodeid                                  |                                 snomedctconceptid                                  |
     |                                         300389010                                  |                                         713082007                                  |
     |-------------------------------------------------------------------------------------------------------------------------------------------------------------------------|
     | term                                                                                                                                                                    |
     | Nonruptured cerebral aneurysm due to dissection of cerebral artery                                                                                                      |
     +-------------------------------------------------------------------------------------------------------------------------------------------------------------------------+

     +-------------------------------------------------------------------------------------------------------------------------------------------------------------------------+
278. |                                         medcodeid                                  |                                 snomedctconceptid                                  |
     |                                         300401011                                  |                                          62914000                                  |
     |-------------------------------------------------------------------------------------------------------------------------------------------------------------------------|
     | term                                                                                                                                                                    |
     | Other cerebrovascular disease OS                                                                                                                                        |
     +-------------------------------------------------------------------------------------------------------------------------------------------------------------------------+

     +-------------------------------------------------------------------------------------------------------------------------------------------------------------------------+
279. |                                         medcodeid                                  |                                 snomedctconceptid                                  |
     |                                         300402016                                  |                                          62914000                                  |
     |-------------------------------------------------------------------------------------------------------------------------------------------------------------------------|
     | term                                                                                                                                                                    |
     | Other cerebrovascular disease NOS                                                                                                                                       |
     +-------------------------------------------------------------------------------------------------------------------------------------------------------------------------+

     +-------------------------------------------------------------------------------------------------------------------------------------------------------------------------+
280. |                                         medcodeid                                  |                                 snomedctconceptid                                  |
     |                                         300403014                                  |                                         195239002                                  |
     |-------------------------------------------------------------------------------------------------------------------------------------------------------------------------|
     | term                                                                                                                                                                    |
     | Late effects of cerebrovascular disease                                                                                                                                 |
     +-------------------------------------------------------------------------------------------------------------------------------------------------------------------------+

     +-------------------------------------------------------------------------------------------------------------------------------------------------------------------------+
284. |                                         medcodeid                                  |                                 snomedctconceptid                                  |
     |                                         300418010                                  |                                          62914000                                  |
     |-------------------------------------------------------------------------------------------------------------------------------------------------------------------------|
     | term                                                                                                                                                                    |
     | Other specified cerebrovascular disease                                                                                                                                 |
     +-------------------------------------------------------------------------------------------------------------------------------------------------------------------------+

     +-------------------------------------------------------------------------------------------------------------------------------------------------------------------------+
285. |                                         medcodeid                                  |                                 snomedctconceptid                                  |
     |                                         300419019                                  |                                          62914000                                  |
     |-------------------------------------------------------------------------------------------------------------------------------------------------------------------------|
     | term                                                                                                                                                                    |
     | Cerebrovascular disease NOS                                                                                                                                             |
     +-------------------------------------------------------------------------------------------------------------------------------------------------------------------------+

     +-------------------------------------------------------------------------------------------------------------------------------------------------------------------------+
286. |                                         medcodeid                                  |                                 snomedctconceptid                                  |
     |                                         300533017                                  |                                         195317001                                  |
     |-------------------------------------------------------------------------------------------------------------------------------------------------------------------------|
     | term                                                                                                                                                                    |
     | Embolism and thrombosis of the thoracic aorta                                                                                                                           |
     +-------------------------------------------------------------------------------------------------------------------------------------------------------------------------+

     +-------------------------------------------------------------------------------------------------------------------------------------------------------------------------+
287. |                                         medcodeid                                  |                                 snomedctconceptid                                  |
     |                                         300534011                                  |                                         195318006                                  |
     |-------------------------------------------------------------------------------------------------------------------------------------------------------------------------|
     | term                                                                                                                                                                    |
     | Embolism and thrombosis of an arm or leg artery                                                                                                                         |
     +-------------------------------------------------------------------------------------------------------------------------------------------------------------------------+

     +-------------------------------------------------------------------------------------------------------------------------------------------------------------------------+
288. |                                         medcodeid                                  |                                 snomedctconceptid                                  |
     |                                         300535012                                  |                                         195319003                                  |
     |-------------------------------------------------------------------------------------------------------------------------------------------------------------------------|
     | term                                                                                                                                                                    |
     | Embolism and thrombosis of the brachial artery                                                                                                                          |
     +-------------------------------------------------------------------------------------------------------------------------------------------------------------------------+

     +-------------------------------------------------------------------------------------------------------------------------------------------------------------------------+
289. |                                         medcodeid                                  |                                 snomedctconceptid                                  |
     |                                         300536013                                  |                                         195320009                                  |
     |-------------------------------------------------------------------------------------------------------------------------------------------------------------------------|
     | term                                                                                                                                                                    |
     | Embolism and thrombosis of the radial artery                                                                                                                            |
     +-------------------------------------------------------------------------------------------------------------------------------------------------------------------------+

     +-------------------------------------------------------------------------------------------------------------------------------------------------------------------------+
290. |                                         medcodeid                                  |                                 snomedctconceptid                                  |
     |                                         300537016                                  |                                         195321008                                  |
     |-------------------------------------------------------------------------------------------------------------------------------------------------------------------------|
     | term                                                                                                                                                                    |
     | Embolism and thrombosis of the ulnar artery                                                                                                                             |
     +-------------------------------------------------------------------------------------------------------------------------------------------------------------------------+

     +-------------------------------------------------------------------------------------------------------------------------------------------------------------------------+
291. |                                         medcodeid                                  |                                 snomedctconceptid                                  |
     |                                         300538014                                  |                                         195318006                                  |
     |-------------------------------------------------------------------------------------------------------------------------------------------------------------------------|
     | term                                                                                                                                                                    |
     | Embolism and thrombosis of an arm artery NOS                                                                                                                            |
     +-------------------------------------------------------------------------------------------------------------------------------------------------------------------------+

     +-------------------------------------------------------------------------------------------------------------------------------------------------------------------------+
292. |                                         medcodeid                                  |                                 snomedctconceptid                                  |
     |                                         300539018                                  |                                         195323006                                  |
     |-------------------------------------------------------------------------------------------------------------------------------------------------------------------------|
     | term                                                                                                                                                                    |
     | Embolism and thrombosis of the femoral artery                                                                                                                           |
     +-------------------------------------------------------------------------------------------------------------------------------------------------------------------------+

     +-------------------------------------------------------------------------------------------------------------------------------------------------------------------------+
293. |                                         medcodeid                                  |                                 snomedctconceptid                                  |
     |                                         300540016                                  |                                         195324000                                  |
     |-------------------------------------------------------------------------------------------------------------------------------------------------------------------------|
     | term                                                                                                                                                                    |
     | Embolism and thrombosis of the popliteal artery                                                                                                                         |
     +-------------------------------------------------------------------------------------------------------------------------------------------------------------------------+

     +-------------------------------------------------------------------------------------------------------------------------------------------------------------------------+
294. |                                         medcodeid                                  |                                 snomedctconceptid                                  |
     |                                         300541017                                  |                                         195325004                                  |
     |-------------------------------------------------------------------------------------------------------------------------------------------------------------------------|
     | term                                                                                                                                                                    |
     | Embolism and thrombosis of the anterior tibial artery                                                                                                                   |
     +-------------------------------------------------------------------------------------------------------------------------------------------------------------------------+

     +-------------------------------------------------------------------------------------------------------------------------------------------------------------------------+
295. |                                         medcodeid                                  |                                 snomedctconceptid                                  |
     |                                         300542012                                  |                                         195326003                                  |
     |-------------------------------------------------------------------------------------------------------------------------------------------------------------------------|
     | term                                                                                                                                                                    |
     | Embolism and thrombosis of the dorsalis pedis artery                                                                                                                    |
     +-------------------------------------------------------------------------------------------------------------------------------------------------------------------------+

     +-------------------------------------------------------------------------------------------------------------------------------------------------------------------------+
296. |                                         medcodeid                                  |                                 snomedctconceptid                                  |
     |                                         300543019                                  |                                         195327007                                  |
     |-------------------------------------------------------------------------------------------------------------------------------------------------------------------------|
     | term                                                                                                                                                                    |
     | Embolism and thrombosis of the posterior tibial artery                                                                                                                  |
     +-------------------------------------------------------------------------------------------------------------------------------------------------------------------------+

     +-------------------------------------------------------------------------------------------------------------------------------------------------------------------------+
297. |                                         medcodeid                                  |                                 snomedctconceptid                                  |
     |                                         300547018                                  |                                         195318006                                  |
     |-------------------------------------------------------------------------------------------------------------------------------------------------------------------------|
     | term                                                                                                                                                                    |
     | Embolism and thrombosis of a leg artery NOS                                                                                                                             |
     +-------------------------------------------------------------------------------------------------------------------------------------------------------------------------+

     +-------------------------------------------------------------------------------------------------------------------------------------------------------------------------+
298. |                                         medcodeid                                  |                                 snomedctconceptid                                  |
     |                                         300550015                                  |                                         195318006                                  |
     |-------------------------------------------------------------------------------------------------------------------------------------------------------------------------|
     | term                                                                                                                                                                    |
     | Peripheral arterial embolism and thrombosis NOS                                                                                                                         |
     +-------------------------------------------------------------------------------------------------------------------------------------------------------------------------+

     +-------------------------------------------------------------------------------------------------------------------------------------------------------------------------+
299. |                                         medcodeid                                  |                                 snomedctconceptid                                  |
     |                                         300552011                                  |                                         266262004                                  |
     |-------------------------------------------------------------------------------------------------------------------------------------------------------------------------|
     | term                                                                                                                                                                    |
     | Embolism and thrombosis of other specified artery                                                                                                                       |
     +-------------------------------------------------------------------------------------------------------------------------------------------------------------------------+

     +-------------------------------------------------------------------------------------------------------------------------------------------------------------------------+
300. |                                         medcodeid                                  |                                 snomedctconceptid                                  |
     |                                         300553018                                  |                                         195335005                                  |
     |-------------------------------------------------------------------------------------------------------------------------------------------------------------------------|
     | term                                                                                                                                                                    |
     | Embolism and/or thrombosis of the common iliac artery                                                                                                                   |
     +-------------------------------------------------------------------------------------------------------------------------------------------------------------------------+

     +-------------------------------------------------------------------------------------------------------------------------------------------------------------------------+
301. |                                         medcodeid                                  |                                 snomedctconceptid                                  |
     |                                         300554012                                  |                                         734298005                                  |
     |-------------------------------------------------------------------------------------------------------------------------------------------------------------------------|
     | term                                                                                                                                                                    |
     | Embolism and/or thrombosis of the internal iliac artery                                                                                                                 |
     +-------------------------------------------------------------------------------------------------------------------------------------------------------------------------+

     +-------------------------------------------------------------------------------------------------------------------------------------------------------------------------+
302. |                                         medcodeid                                  |                                 snomedctconceptid                                  |
     |                                         300555013                                  |                                         734299002                                  |
     |-------------------------------------------------------------------------------------------------------------------------------------------------------------------------|
     | term                                                                                                                                                                    |
     | Embolism and/or thrombosis of the external iliac artery                                                                                                                 |
     +-------------------------------------------------------------------------------------------------------------------------------------------------------------------------+

     +-------------------------------------------------------------------------------------------------------------------------------------------------------------------------+
303. |                                         medcodeid                                  |                                 snomedctconceptid                                  |
     |                                         300556014                                  |                                         266262004                                  |
     |-------------------------------------------------------------------------------------------------------------------------------------------------------------------------|
     | term                                                                                                                                                                    |
     | Embolism and thrombosis of the iliac artery unspecified                                                                                                                 |
     +-------------------------------------------------------------------------------------------------------------------------------------------------------------------------+

     +-------------------------------------------------------------------------------------------------------------------------------------------------------------------------+
305. |                                         medcodeid                                  |                                 snomedctconceptid                                  |
     |                                         300558010                                  |                                         195340002                                  |
     |-------------------------------------------------------------------------------------------------------------------------------------------------------------------------|
     | term                                                                                                                                                                    |
     | Embolism and thrombosis of the splenic artery                                                                                                                           |
     +-------------------------------------------------------------------------------------------------------------------------------------------------------------------------+

     +-------------------------------------------------------------------------------------------------------------------------------------------------------------------------+
306. |                                         medcodeid                                  |                                 snomedctconceptid                                  |
     |                                         300559019                                  |                                         195341003                                  |
     |-------------------------------------------------------------------------------------------------------------------------------------------------------------------------|
     | term                                                                                                                                                                    |
     | Embolism and thrombosis of the axillary artery                                                                                                                          |
     +-------------------------------------------------------------------------------------------------------------------------------------------------------------------------+

     +-------------------------------------------------------------------------------------------------------------------------------------------------------------------------+
307. |                                         medcodeid                                  |                                 snomedctconceptid                                  |
     |                                         300561011                                  |                                         195342005                                  |
     |-------------------------------------------------------------------------------------------------------------------------------------------------------------------------|
     | term                                                                                                                                                                    |
     | Embolism and thrombosis of the coeliac artery                                                                                                                           |
     +-------------------------------------------------------------------------------------------------------------------------------------------------------------------------+

     +-------------------------------------------------------------------------------------------------------------------------------------------------------------------------+
308. |                                         medcodeid                                  |                                 snomedctconceptid                                  |
     |                                         300562016                                  |                                         195343000                                  |
     |-------------------------------------------------------------------------------------------------------------------------------------------------------------------------|
     | term                                                                                                                                                                    |
     | Embolism and thrombosis of the hepatic artery                                                                                                                           |
     +-------------------------------------------------------------------------------------------------------------------------------------------------------------------------+

     +-------------------------------------------------------------------------------------------------------------------------------------------------------------------------+
309. |                                         medcodeid                                  |                                 snomedctconceptid                                  |
     |                                         300563014                                  |                                         266262004                                  |
     |-------------------------------------------------------------------------------------------------------------------------------------------------------------------------|
     | term                                                                                                                                                                    |
     | Embolism and thrombosis of other arteries NOS                                                                                                                           |
     +-------------------------------------------------------------------------------------------------------------------------------------------------------------------------+

     +-------------------------------------------------------------------------------------------------------------------------------------------------------------------------+
310. |                                         medcodeid                                  |                                 snomedctconceptid                                  |
     |                                         300564015                                  |                                         266262004                                  |
     |-------------------------------------------------------------------------------------------------------------------------------------------------------------------------|
     | term                                                                                                                                                                    |
     | Arterial embolism and thrombosis NOS                                                                                                                                    |
     +-------------------------------------------------------------------------------------------------------------------------------------------------------------------------+

     +-------------------------------------------------------------------------------------------------------------------------------------------------------------------------+
318. |                                         medcodeid                                  |                                 snomedctconceptid                                  |
     |                                         300964011                                  |                                         266262004                                  |
     |-------------------------------------------------------------------------------------------------------------------------------------------------------------------------|
     | term                                                                                                                                                                    |
     | [X]Embolism and thrombosis of other arteries                                                                                                                            |
     +-------------------------------------------------------------------------------------------------------------------------------------------------------------------------+

     +-------------------------------------------------------------------------------------------------------------------------------------------------------------------------+
319. |                                         medcodeid                                  |                                 snomedctconceptid                                  |
     |                                   306621000000116                                  |                                   201501000000108                                  |
     |-------------------------------------------------------------------------------------------------------------------------------------------------------------------------|
     | term                                                                                                                                                                    |
     | Seen in stroke clinic                                                                                                                                                   |
     +-------------------------------------------------------------------------------------------------------------------------------------------------------------------------+

     +-------------------------------------------------------------------------------------------------------------------------------------------------------------------------+
323. |                                         medcodeid                                  |                                 snomedctconceptid                                  |
     |                                    30981000006112                                  |                                         450418003                                  |
     |-------------------------------------------------------------------------------------------------------------------------------------------------------------------------|
     | term                                                                                                                                                                    |
     | Oth cerebral h'ge inj no open intracran wnd+unspec consc                                                                                                                |
     +-------------------------------------------------------------------------------------------------------------------------------------------------------------------------+

     +-------------------------------------------------------------------------------------------------------------------------------------------------------------------------+
324. |                                         medcodeid                                  |                                 snomedctconceptid                                  |
     |                                         313568013                                  |                                         204497008                                  |
     |-------------------------------------------------------------------------------------------------------------------------------------------------------------------------|
     | term                                                                                                                                                                    |
     | Cerebrovascular system anomalies                                                                                                                                        |
     +-------------------------------------------------------------------------------------------------------------------------------------------------------------------------+

     +-------------------------------------------------------------------------------------------------------------------------------------------------------------------------+
325. |                                         medcodeid                                  |                                 snomedctconceptid                                  |
     |                                         316130010                                  |                                         206188000                                  |
     |-------------------------------------------------------------------------------------------------------------------------------------------------------------------------|
     | term                                                                                                                                                                    |
     | Subdural and cerebral haemorrhage due to birth trauma                                                                                                                   |
     +-------------------------------------------------------------------------------------------------------------------------------------------------------------------------+

     +-------------------------------------------------------------------------------------------------------------------------------------------------------------------------+
326. |                                         medcodeid                                  |                                 snomedctconceptid                                  |
     |                                         316140013                                  |                                         240312009                                  |
     |-------------------------------------------------------------------------------------------------------------------------------------------------------------------------|
     | term                                                                                                                                                                    |
     | Subdural haemorrhage unspecified, due to birth trauma                                                                                                                   |
     +-------------------------------------------------------------------------------------------------------------------------------------------------------------------------+

     +-------------------------------------------------------------------------------------------------------------------------------------------------------------------------+
327. |                                         medcodeid                                  |                                 snomedctconceptid                                  |
     |                                         316153011                                  |                                         206196005                                  |
     |-------------------------------------------------------------------------------------------------------------------------------------------------------------------------|
     | term                                                                                                                                                                    |
     | Cerebral haemorrhage due to birth injury                                                                                                                                |
     +-------------------------------------------------------------------------------------------------------------------------------------------------------------------------+

     +-------------------------------------------------------------------------------------------------------------------------------------------------------------------------+
328. |                                         medcodeid                                  |                                 snomedctconceptid                                  |
     |                                         316818019                                  |                                         206576006                                  |
     |-------------------------------------------------------------------------------------------------------------------------------------------------------------------------|
     | term                                                                                                                                                                    |
     | Neonatal cerebral ischaemia                                                                                                                                             |
     +-------------------------------------------------------------------------------------------------------------------------------------------------------------------------+

     +-------------------------------------------------------------------------------------------------------------------------------------------------------------------------+
329. |                                         medcodeid                                  |                                 snomedctconceptid                                  |
     |                                         320735017                                  |                                           5251007                                  |
     |-------------------------------------------------------------------------------------------------------------------------------------------------------------------------|
     | term                                                                                                                                                                    |
     | Subarachnoid haemorrhage following injury with open intracranial wound                                                                                                  |
     +-------------------------------------------------------------------------------------------------------------------------------------------------------------------------+

     +-------------------------------------------------------------------------------------------------------------------------------------------------------------------------+
330. |                                         medcodeid                                  |                                 snomedctconceptid                                  |
     |                                         320852013                                  |                                         450418003                                  |
     |-------------------------------------------------------------------------------------------------------------------------------------------------------------------------|
     | term                                                                                                                                                                    |
     | Cerebral haemorrhage following injury NOS                                                                                                                               |
     +-------------------------------------------------------------------------------------------------------------------------------------------------------------------------+

     +-------------------------------------------------------------------------------------------------------------------------------------------------------------------------+
331. |                                         medcodeid                                  |                                 snomedctconceptid                                  |
     |                                         320853015                                  |                                         450418003                                  |
     |-------------------------------------------------------------------------------------------------------------------------------------------------------------------------|
     | term                                                                                                                                                                    |
     | Other cerebral haemorrhage following injury                                                                                                                             |
     +-------------------------------------------------------------------------------------------------------------------------------------------------------------------------+

     +-------------------------------------------------------------------------------------------------------------------------------------------------------------------------+
332. |                                         medcodeid                                  |                                 snomedctconceptid                                  |
     |                                         320897016                                  |                                         450418003                                  |
     |-------------------------------------------------------------------------------------------------------------------------------------------------------------------------|
     | term                                                                                                                                                                    |
     | Other cerebral haemorrhage following injury NOS                                                                                                                         |
     +-------------------------------------------------------------------------------------------------------------------------------------------------------------------------+

     +-------------------------------------------------------------------------------------------------------------------------------------------------------------------------+
333. |                                         medcodeid                                  |                                 snomedctconceptid                                  |
     |                                   321061000006111                                  |                                          88556005                                  |
     |-------------------------------------------------------------------------------------------------------------------------------------------------------------------------|
     | term                                                                                                                                                                    |
     | [SO]Cerebral artery                                                                                                                                                     |
     +-------------------------------------------------------------------------------------------------------------------------------------------------------------------------+

     +-------------------------------------------------------------------------------------------------------------------------------------------------------------------------+
334. |                                         medcodeid                                  |                                 snomedctconceptid                                  |
     |                                         324816018                                  |                                         213044006                                  |
     |-------------------------------------------------------------------------------------------------------------------------------------------------------------------------|
     | term                                                                                                                                                                    |
     | Mechanical complication of carotid artery bypass                                                                                                                        |
     +-------------------------------------------------------------------------------------------------------------------------------------------------------------------------+

     +-------------------------------------------------------------------------------------------------------------------------------------------------------------------------+
336. |                                         medcodeid                                  |                                 snomedctconceptid                                  |
     |                                  3414231000006117                                  |                                          56267009                                  |
     |-------------------------------------------------------------------------------------------------------------------------------------------------------------------------|
     | term                                                                                                                                                                    |
     | MID - Multi-infarct dementia                                                                                                                                            |
     +-------------------------------------------------------------------------------------------------------------------------------------------------------------------------+

     +-------------------------------------------------------------------------------------------------------------------------------------------------------------------------+
337. |                                         medcodeid                                  |                                 snomedctconceptid                                  |
     |                                  3414251000006112                                  |                                          56267009                                  |
     |-------------------------------------------------------------------------------------------------------------------------------------------------------------------------|
     | term                                                                                                                                                                    |
     | VAD - Vascular dementia                                                                                                                                                 |
     +-------------------------------------------------------------------------------------------------------------------------------------------------------------------------+

     +-------------------------------------------------------------------------------------------------------------------------------------------------------------------------+
338. |                                         medcodeid                                  |                                 snomedctconceptid                                  |
     |                                  3414261000006114                                  |                                          56267009                                  |
     |-------------------------------------------------------------------------------------------------------------------------------------------------------------------------|
     | term                                                                                                                                                                    |
     | Multi infarct dementia                                                                                                                                                  |
     +-------------------------------------------------------------------------------------------------------------------------------------------------------------------------+

     +-------------------------------------------------------------------------------------------------------------------------------------------------------------------------+
346. |                                         medcodeid                                  |                                 snomedctconceptid                                  |
     |                                         345709014                                  |                                         705066004                                  |
     |-------------------------------------------------------------------------------------------------------------------------------------------------------------------------|
     | term                                                                                                                                                                    |
     | Dissection of internal carotid artery                                                                                                                                   |
     +-------------------------------------------------------------------------------------------------------------------------------------------------------------------------+

     +-------------------------------------------------------------------------------------------------------------------------------------------------------------------------+
347. |                                         medcodeid                                  |                                 snomedctconceptid                                  |
     |                                         345710016                                  |                                         230730001                                  |
     |-------------------------------------------------------------------------------------------------------------------------------------------------------------------------|
     | term                                                                                                                                                                    |
     | Vertebral artery dissection                                                                                                                                             |
     +-------------------------------------------------------------------------------------------------------------------------------------------------------------------------+

     +-------------------------------------------------------------------------------------------------------------------------------------------------------------------------+
348. |                                         medcodeid                                  |                                 snomedctconceptid                                  |
     |                                        3503835018                                  |                                         734298005                                  |
     |-------------------------------------------------------------------------------------------------------------------------------------------------------------------------|
     | term                                                                                                                                                                    |
     | Thromboembolus of internal iliac artery                                                                                                                                 |
     +-------------------------------------------------------------------------------------------------------------------------------------------------------------------------+

     +-------------------------------------------------------------------------------------------------------------------------------------------------------------------------+
349. |                                         medcodeid                                  |                                 snomedctconceptid                                  |
     |                                        3503839012                                  |                                         734299002                                  |
     |-------------------------------------------------------------------------------------------------------------------------------------------------------------------------|
     | term                                                                                                                                                                    |
     | Thromboembolus of external iliac artery                                                                                                                                 |
     +-------------------------------------------------------------------------------------------------------------------------------------------------------------------------+

     +-------------------------------------------------------------------------------------------------------------------------------------------------------------------------+
350. |                                         medcodeid                                  |                                 snomedctconceptid                                  |
     |                                         350563016                                  |                                         233972005                                  |
     |-------------------------------------------------------------------------------------------------------------------------------------------------------------------------|
     | term                                                                                                                                                                    |
     | Saddle embolus                                                                                                                                                          |
     +-------------------------------------------------------------------------------------------------------------------------------------------------------------------------+

     +-------------------------------------------------------------------------------------------------------------------------------------------------------------------------+
361. |                                         medcodeid                                  |                                 snomedctconceptid                                  |
     |                                         350804018                                  |                                         234142008                                  |
     |-------------------------------------------------------------------------------------------------------------------------------------------------------------------------|
     | term                                                                                                                                                                    |
     | Congenital cerebral arteriovenous malformation                                                                                                                          |
     +-------------------------------------------------------------------------------------------------------------------------------------------------------------------------+

     +-------------------------------------------------------------------------------------------------------------------------------------------------------------------------+
395. |                                         medcodeid                                  |                                 snomedctconceptid                                  |
     |                                  3550511000006115                                  |                                          64586002                                  |
     |-------------------------------------------------------------------------------------------------------------------------------------------------------------------------|
     | term                                                                                                                                                                    |
     | Carotid artery narrowing                                                                                                                                                |
     +-------------------------------------------------------------------------------------------------------------------------------------------------------------------------+

     +-------------------------------------------------------------------------------------------------------------------------------------------------------------------------+
396. |                                         medcodeid                                  |                                 snomedctconceptid                                  |
     |                                         356328018                                  |                                         237766002                                  |
     |-------------------------------------------------------------------------------------------------------------------------------------------------------------------------|
     | term                                                                                                                                                                    |
     | Adrenocortical haemorrhage                                                                                                                                              |
     +-------------------------------------------------------------------------------------------------------------------------------------------------------------------------+

     +-------------------------------------------------------------------------------------------------------------------------------------------------------------------------+
397. |                                         medcodeid                                  |                                 snomedctconceptid                                  |
     |                                    35791000006117                                  |                                         450418003                                  |
     |-------------------------------------------------------------------------------------------------------------------------------------------------------------------------|
     | term                                                                                                                                                                    |
     | Other cerebral h'ge after injury + open intracranial wound                                                                                                              |
     +-------------------------------------------------------------------------------------------------------------------------------------------------------------------------+

     +-------------------------------------------------------------------------------------------------------------------------------------------------------------------------+
398. |                                         medcodeid                                  |                                 snomedctconceptid                                  |
     |                                    35801000006116                                  |                                         450418003                                  |
     |-------------------------------------------------------------------------------------------------------------------------------------------------------------------------|
     | term                                                                                                                                                                    |
     | Other cerebral h'ge after injury no open intracranial wound                                                                                                             |
     +-------------------------------------------------------------------------------------------------------------------------------------------------------------------------+

     +-------------------------------------------------------------------------------------------------------------------------------------------------------------------------+
399. |                                         medcodeid                                  |                                 snomedctconceptid                                  |
     |                                         359984010                                  |                                         240312009                                  |
     |-------------------------------------------------------------------------------------------------------------------------------------------------------------------------|
     | term                                                                                                                                                                    |
     | Cerebral injury due to birth trauma                                                                                                                                     |
     +-------------------------------------------------------------------------------------------------------------------------------------------------------------------------+

     +-------------------------------------------------------------------------------------------------------------------------------------------------------------------------+
400. |                                         medcodeid                                  |                                 snomedctconceptid                                  |
     |                                         359985011                                  |                                         240313004                                  |
     |-------------------------------------------------------------------------------------------------------------------------------------------------------------------------|
     | term                                                                                                                                                                    |
     | Intracerebral haemorrhage in foetus or newborn                                                                                                                          |
     +-------------------------------------------------------------------------------------------------------------------------------------------------------------------------+

     +-------------------------------------------------------------------------------------------------------------------------------------------------------------------------+
401. |                                         medcodeid                                  |                                 snomedctconceptid                                  |
     |                                         360778011                                  |                                         111298007                                  |
     |-------------------------------------------------------------------------------------------------------------------------------------------------------------------------|
     | term                                                                                                                                                                    |
     | Chronic cerebral ischaemia                                                                                                                                              |
     +-------------------------------------------------------------------------------------------------------------------------------------------------------------------------+

     +-------------------------------------------------------------------------------------------------------------------------------------------------------------------------+
409. |                                         medcodeid                                  |                                 snomedctconceptid                                  |
     |                                   363791000006112                                  |                                          56267009                                  |
     |-------------------------------------------------------------------------------------------------------------------------------------------------------------------------|
     | term                                                                                                                                                                    |
     | [X]Arteriosclerotic dementia                                                                                                                                            |
     +-------------------------------------------------------------------------------------------------------------------------------------------------------------------------+

     +-------------------------------------------------------------------------------------------------------------------------------------------------------------------------+
410. |                                         medcodeid                                  |                                 snomedctconceptid                                  |
     |                                  3648521000006115                                  |                                          70611002                                  |
     |-------------------------------------------------------------------------------------------------------------------------------------------------------------------------|
     | term                                                                                                                                                                    |
     | Neonatal intraventricular haemorrhage                                                                                                                                   |
     +-------------------------------------------------------------------------------------------------------------------------------------------------------------------------+

     +-------------------------------------------------------------------------------------------------------------------------------------------------------------------------+
418. |                                         medcodeid                                  |                                 snomedctconceptid                                  |
     |                                   375781000000110                                  |                                         175365009                                  |
     |-------------------------------------------------------------------------------------------------------------------------------------------------------------------------|
     | term                                                                                                                                                                    |
     | Intracranial bypass from carotid artery NEC                                                                                                                             |
     +-------------------------------------------------------------------------------------------------------------------------------------------------------------------------+

     +-------------------------------------------------------------------------------------------------------------------------------------------------------------------------+
422. |                                         medcodeid                                  |                                 snomedctconceptid                                  |
     |                                         391042012                                  |                                         450375008                                  |
     |-------------------------------------------------------------------------------------------------------------------------------------------------------------------------|
     | term                                                                                                                                                                    |
     | Subarachnoid haemorrhage following injury                                                                                                                               |
     +-------------------------------------------------------------------------------------------------------------------------------------------------------------------------+

     +-------------------------------------------------------------------------------------------------------------------------------------------------------------------------+
423. |                                         medcodeid                                  |                                 snomedctconceptid                                  |
     |                                         391043019                                  |                                         450375008                                  |
     |-------------------------------------------------------------------------------------------------------------------------------------------------------------------------|
     | term                                                                                                                                                                    |
     | Traumatic haemorrhage into subarachnoid space of neuraxis                                                                                                               |
     +-------------------------------------------------------------------------------------------------------------------------------------------------------------------------+

     +-------------------------------------------------------------------------------------------------------------------------------------------------------------------------+
424. |                                         medcodeid                                  |                                 snomedctconceptid                                  |
     |                                         394347014                                  |                                         397045002                                  |
     |-------------------------------------------------------------------------------------------------------------------------------------------------------------------------|
     | term                                                                                                                                                                    |
     | Percutaneous transluminal embolectomy of artery NEC                                                                                                                     |
     +-------------------------------------------------------------------------------------------------------------------------------------------------------------------------+

     +-------------------------------------------------------------------------------------------------------------------------------------------------------------------------+
430. |                                         medcodeid                                  |                                 snomedctconceptid                                  |
     |                                         395794011                                  |                                         266262004                                  |
     |-------------------------------------------------------------------------------------------------------------------------------------------------------------------------|
     | term                                                                                                                                                                    |
     | Arterial embolic and thrombotic occlusion                                                                                                                               |
     +-------------------------------------------------------------------------------------------------------------------------------------------------------------------------+

     +-------------------------------------------------------------------------------------------------------------------------------------------------------------------------+
431. |                                         medcodeid                                  |                                 snomedctconceptid                                  |
     |                                         395795012                                  |                                         266262004                                  |
     |-------------------------------------------------------------------------------------------------------------------------------------------------------------------------|
     | term                                                                                                                                                                    |
     | Arterial embolus and thrombosis                                                                                                                                         |
     +-------------------------------------------------------------------------------------------------------------------------------------------------------------------------+

     +-------------------------------------------------------------------------------------------------------------------------------------------------------------------------+
432. |                                         medcodeid                                  |                                 snomedctconceptid                                  |
     |                                         395796013                                  |                                         266263009                                  |
     |-------------------------------------------------------------------------------------------------------------------------------------------------------------------------|
     | term                                                                                                                                                                    |
     | Embolism and thrombosis of the abdominal aorta                                                                                                                          |
     +-------------------------------------------------------------------------------------------------------------------------------------------------------------------------+

     +-------------------------------------------------------------------------------------------------------------------------------------------------------------------------+
434. |                                         medcodeid                                  |                                 snomedctconceptid                                  |
     |                                  3964591000006117                                  |                                          90099008                                  |
     |-------------------------------------------------------------------------------------------------------------------------------------------------------------------------|
     | term                                                                                                                                                                    |
     | Subcortical leucoencephalopathy                                                                                                                                         |
     +-------------------------------------------------------------------------------------------------------------------------------------------------------------------------+

     +-------------------------------------------------------------------------------------------------------------------------------------------------------------------------+
435. |                                         medcodeid                                  |                                 snomedctconceptid                                  |
     |                                  3964651000006112                                  |                                          90099008                                  |
     |-------------------------------------------------------------------------------------------------------------------------------------------------------------------------|
     | term                                                                                                                                                                    |
     | Subcortical arteriosclerotic encephalopathy                                                                                                                             |
     +-------------------------------------------------------------------------------------------------------------------------------------------------------------------------+

     +-------------------------------------------------------------------------------------------------------------------------------------------------------------------------+
436. |                                         medcodeid                                  |                                 snomedctconceptid                                  |
     |                                  3964661000006114                                  |                                          90099008                                  |
     |-------------------------------------------------------------------------------------------------------------------------------------------------------------------------|
     | term                                                                                                                                                                    |
     | Subcortical atherosclerotic dementia                                                                                                                                    |
     +-------------------------------------------------------------------------------------------------------------------------------------------------------------------------+

     +-------------------------------------------------------------------------------------------------------------------------------------------------------------------------+
437. |                                         medcodeid                                  |                                 snomedctconceptid                                  |
     |                                  3964671000006119                                  |                                          90099008                                  |
     |-------------------------------------------------------------------------------------------------------------------------------------------------------------------------|
     | term                                                                                                                                                                    |
     | Chronic progressive subcortical encephalopathy                                                                                                                          |
     +-------------------------------------------------------------------------------------------------------------------------------------------------------------------------+

     +-------------------------------------------------------------------------------------------------------------------------------------------------------------------------+
438. |                                         medcodeid                                  |                                 snomedctconceptid                                  |
     |                                    39711000006113                                  |                                         450418003                                  |
     |-------------------------------------------------------------------------------------------------------------------------------------------------------------------------|
     | term                                                                                                                                                                    |
     | Oth cereb h'ge inj + open intracran wnd+concussion unspec                                                                                                               |
     +-------------------------------------------------------------------------------------------------------------------------------------------------------------------------+

     +-------------------------------------------------------------------------------------------------------------------------------------------------------------------------+
439. |                                         medcodeid                                  |                                 snomedctconceptid                                  |
     |                                    39731000006119                                  |                                         450418003                                  |
     |-------------------------------------------------------------------------------------------------------------------------------------------------------------------------|
     | term                                                                                                                                                                    |
     | Oth cereb h'ge inj no open intracran wnd+>24hr LOC +recovery                                                                                                            |
     +-------------------------------------------------------------------------------------------------------------------------------------------------------------------------+

     +-------------------------------------------------------------------------------------------------------------------------------------------------------------------------+
440. |                                         medcodeid                                  |                                 snomedctconceptid                                  |
     |                                    39751000006114                                  |                                         450418003                                  |
     |-------------------------------------------------------------------------------------------------------------------------------------------------------------------------|
     | term                                                                                                                                                                    |
     | Oth cereb h'ge inj no open intracran wnd+concussion unspec                                                                                                              |
     +-------------------------------------------------------------------------------------------------------------------------------------------------------------------------+

     +-------------------------------------------------------------------------------------------------------------------------------------------------------------------------+
441. |                                         medcodeid                                  |                                 snomedctconceptid                                  |
     |                                    39761000006111                                  |                                         450418003                                  |
     |-------------------------------------------------------------------------------------------------------------------------------------------------------------------------|
     | term                                                                                                                                                                    |
     | Oth cereb h'ge inj no open intracran wnd+LOC unspec duration                                                                                                            |
     +-------------------------------------------------------------------------------------------------------------------------------------------------------------------------+

     +-------------------------------------------------------------------------------------------------------------------------------------------------------------------------+
442. |                                         medcodeid                                  |                                 snomedctconceptid                                  |
     |                                         397829016                                  |                                         266995000                                  |
     |-------------------------------------------------------------------------------------------------------------------------------------------------------------------------|
     | term                                                                                                                                                                    |
     | H/O: cardiovascular disease                                                                                                                                             |
     +-------------------------------------------------------------------------------------------------------------------------------------------------------------------------+

     +-------------------------------------------------------------------------------------------------------------------------------------------------------------------------+
443. |                                         medcodeid                                  |                                 snomedctconceptid                                  |
     |                                    39791000006115                                  |                                         450418003                                  |
     |-------------------------------------------------------------------------------------------------------------------------------------------------------------------------|
     | term                                                                                                                                                                    |
     | Oth cerebral h'ge inj + open intracran wnd+1-24hr loss consc                                                                                                            |
     +-------------------------------------------------------------------------------------------------------------------------------------------------------------------------+

     +-------------------------------------------------------------------------------------------------------------------------------------------------------------------------+
444. |                                         medcodeid                                  |                                 snomedctconceptid                                  |
     |                                    39831000006110                                  |                                         450418003                                  |
     |-------------------------------------------------------------------------------------------------------------------------------------------------------------------------|
     | term                                                                                                                                                                    |
     | Oth cerebral h'ge inj no open intracranial wnd+no loss consc                                                                                                            |
     +-------------------------------------------------------------------------------------------------------------------------------------------------------------------------+

     +-------------------------------------------------------------------------------------------------------------------------------------------------------------------------+
445. |                                         medcodeid                                  |                                 snomedctconceptid                                  |
     |                                   398571000006112                                  |                                         230287006                                  |
     |-------------------------------------------------------------------------------------------------------------------------------------------------------------------------|
     | term                                                                                                                                                                    |
     | Mixed cortical and subcortical vascular dementia                                                                                                                        |
     +-------------------------------------------------------------------------------------------------------------------------------------------------------------------------+

     +-------------------------------------------------------------------------------------------------------------------------------------------------------------------------+
446. |                                         medcodeid                                  |                                 snomedctconceptid                                  |
     |                                   399031000006111                                  |                                          56267009                                  |
     |-------------------------------------------------------------------------------------------------------------------------------------------------------------------------|
     | term                                                                                                                                                                    |
     | [X]Multi-infarct dementia                                                                                                                                               |
     +-------------------------------------------------------------------------------------------------------------------------------------------------------------------------+

     +-------------------------------------------------------------------------------------------------------------------------------------------------------------------------+
447. |                                         medcodeid                                  |                                 snomedctconceptid                                  |
     |                                         402206010                                  |                                         240312009                                  |
     |-------------------------------------------------------------------------------------------------------------------------------------------------------------------------|
     | term                                                                                                                                                                    |
     | Cerebral haemorrhage unspecified, due to birth trauma                                                                                                                   |
     +-------------------------------------------------------------------------------------------------------------------------------------------------------------------------+

     +-------------------------------------------------------------------------------------------------------------------------------------------------------------------------+
448. |                                         medcodeid                                  |                                 snomedctconceptid                                  |
     |                                         402208011                                  |                                         240312009                                  |
     |-------------------------------------------------------------------------------------------------------------------------------------------------------------------------|
     | term                                                                                                                                                                    |
     | Brain injury due to birth trauma NOS                                                                                                                                    |
     +-------------------------------------------------------------------------------------------------------------------------------------------------------------------------+

     +-------------------------------------------------------------------------------------------------------------------------------------------------------------------------+
449. |                                         medcodeid                                  |                                 snomedctconceptid                                  |
     |                                         402209015                                  |                                         240312009                                  |
     |-------------------------------------------------------------------------------------------------------------------------------------------------------------------------|
     | term                                                                                                                                                                    |
     | Subdural or cerebral haemorrhage due to birth trauma NOS                                                                                                                |
     +-------------------------------------------------------------------------------------------------------------------------------------------------------------------------+

     +-------------------------------------------------------------------------------------------------------------------------------------------------------------------------+
450. |                                         medcodeid                                  |                                 snomedctconceptid                                  |
     |                                         402929011                                  |                                          28048009                                  |
     |-------------------------------------------------------------------------------------------------------------------------------------------------------------------------|
     | term                                                                                                                                                                    |
     | Subarachnoid haemorrhage following injury without open intracranial wound                                                                                               |
     +-------------------------------------------------------------------------------------------------------------------------------------------------------------------------+

     +-------------------------------------------------------------------------------------------------------------------------------------------------------------------------+
451. |                                         medcodeid                                  |                                 snomedctconceptid                                  |
     |                                   404771000006118                                  |                                         206196005                                  |
     |-------------------------------------------------------------------------------------------------------------------------------------------------------------------------|
     | term                                                                                                                                                                    |
     | [X]Other intracranial lacerations and haemorrhages due to birth injury                                                                                                  |
     +-------------------------------------------------------------------------------------------------------------------------------------------------------------------------+

     +-------------------------------------------------------------------------------------------------------------------------------------------------------------------------+
463. |                                         medcodeid                                  |                                 snomedctconceptid                                  |
     |                                          41282012                                  |                                          24624008                                  |
     |-------------------------------------------------------------------------------------------------------------------------------------------------------------------------|
     | term                                                                                                                                                                    |
     | Aneurysm of internal carotid artery                                                                                                                                     |
     +-------------------------------------------------------------------------------------------------------------------------------------------------------------------------+

     +-------------------------------------------------------------------------------------------------------------------------------------------------------------------------+
466. |                                         medcodeid                                  |                                 snomedctconceptid                                  |
     |                                   417171000006111                                  |                                          62914000                                  |
     |-------------------------------------------------------------------------------------------------------------------------------------------------------------------------|
     | term                                                                                                                                                                    |
     | [X]Other vascular syndroms/brain in cerebrovasculr diseases                                                                                                             |
     +-------------------------------------------------------------------------------------------------------------------------------------------------------------------------+

     +-------------------------------------------------------------------------------------------------------------------------------------------------------------------------+
468. |                                         medcodeid                                  |                                 snomedctconceptid                                  |
     |                                  4193661000006110                                  |                                         111298007                                  |
     |-------------------------------------------------------------------------------------------------------------------------------------------------------------------------|
     | term                                                                                                                                                                    |
     | Chronic cerebral ischemia                                                                                                                                               |
     +-------------------------------------------------------------------------------------------------------------------------------------------------------------------------+

     +-------------------------------------------------------------------------------------------------------------------------------------------------------------------------+
469. |                                         medcodeid                                  |                                 snomedctconceptid                                  |
     |                                   423221000006117                                  |                                          56267009                                  |
     |-------------------------------------------------------------------------------------------------------------------------------------------------------------------------|
     | term                                                                                                                                                                    |
     | [X]Predominantly cortical dementia                                                                                                                                      |
     +-------------------------------------------------------------------------------------------------------------------------------------------------------------------------+

     +-------------------------------------------------------------------------------------------------------------------------------------------------------------------------+
471. |                                         medcodeid                                  |                                 snomedctconceptid                                  |
     |                                   426481000006114                                  |                                         195239002                                  |
     |-------------------------------------------------------------------------------------------------------------------------------------------------------------------------|
     | term                                                                                                                                                                    |
     | [X]Sequelae/other + unspecified cerebrovascular diseases                                                                                                                |
     +-------------------------------------------------------------------------------------------------------------------------------------------------------------------------+

     +-------------------------------------------------------------------------------------------------------------------------------------------------------------------------+
474. |                                         medcodeid                                  |                                 snomedctconceptid                                  |
     |                                   431691000006119                                  |                                         230285003                                  |
     |-------------------------------------------------------------------------------------------------------------------------------------------------------------------------|
     | term                                                                                                                                                                    |
     | Vascular dementia of acute onset                                                                                                                                        |
     +-------------------------------------------------------------------------------------------------------------------------------------------------------------------------+

     +-------------------------------------------------------------------------------------------------------------------------------------------------------------------------+
482. |                                         medcodeid                                  |                                 snomedctconceptid                                  |
     |                                          47484015                                  |                                          28366008                                  |
     |-------------------------------------------------------------------------------------------------------------------------------------------------------------------------|
     | term                                                                                                                                                                    |
     | Cerebral arteritis                                                                                                                                                      |
     +-------------------------------------------------------------------------------------------------------------------------------------------------------------------------+

     +-------------------------------------------------------------------------------------------------------------------------------------------------------------------------+
491. |                                         medcodeid                                  |                                 snomedctconceptid                                  |
     |                                  4778311000006112                                  |                                         195239002                                  |
     |-------------------------------------------------------------------------------------------------------------------------------------------------------------------------|
     | term                                                                                                                                                                    |
     | Sequelae of cerebrovascular disease                                                                                                                                     |
     +-------------------------------------------------------------------------------------------------------------------------------------------------------------------------+

     +-------------------------------------------------------------------------------------------------------------------------------------------------------------------------+
492. |                                         medcodeid                                  |                                 snomedctconceptid                                  |
     |                                  4778991000006118                                  |                                         195343000                                  |
     |-------------------------------------------------------------------------------------------------------------------------------------------------------------------------|
     | term                                                                                                                                                                    |
     | Embolism and thrombosis of hepatic artery                                                                                                                               |
     +-------------------------------------------------------------------------------------------------------------------------------------------------------------------------+

     +-------------------------------------------------------------------------------------------------------------------------------------------------------------------------+
494. |                                         medcodeid                                  |                                 snomedctconceptid                                  |
     |                                   482451000006111                                  |                                          10878002                                  |
     |-------------------------------------------------------------------------------------------------------------------------------------------------------------------------|
     | term                                                                                                                                                                    |
     | Aneurysm of common carotid art                                                                                                                                          |
     +-------------------------------------------------------------------------------------------------------------------------------------------------------------------------+

     +-------------------------------------------------------------------------------------------------------------------------------------------------------------------------+
496. |                                         medcodeid                                  |                                 snomedctconceptid                                  |
     |                                   491241000006118                                  |                                         266262004                                  |
     |-------------------------------------------------------------------------------------------------------------------------------------------------------------------------|
     | term                                                                                                                                                                    |
     | Arterial embolism and thrombosis                                                                                                                                        |
     +-------------------------------------------------------------------------------------------------------------------------------------------------------------------------+

     +-------------------------------------------------------------------------------------------------------------------------------------------------------------------------+
497. |                                         medcodeid                                  |                                 snomedctconceptid                                  |
     |                                   491461000006118                                  |                                           3258003                                  |
     |-------------------------------------------------------------------------------------------------------------------------------------------------------------------------|
     | term                                                                                                                                                                    |
     | Arteriography of cerebral artery                                                                                                                                        |
     +-------------------------------------------------------------------------------------------------------------------------------------------------------------------------+

     +-------------------------------------------------------------------------------------------------------------------------------------------------------------------------+
500. |                                         medcodeid                                  |                                 snomedctconceptid                                  |
     |                                         497559016                                  |                                          56267009                                  |
     |-------------------------------------------------------------------------------------------------------------------------------------------------------------------------|
     | term                                                                                                                                                                    |
     | Arteriosclerotic dementia                                                                                                                                               |
     +-------------------------------------------------------------------------------------------------------------------------------------------------------------------------+

     +-------------------------------------------------------------------------------------------------------------------------------------------------------------------------+
501. |                                         medcodeid                                  |                                 snomedctconceptid                                  |
     |                                         498516011                                  |                                          59712006                                  |
     |-------------------------------------------------------------------------------------------------------------------------------------------------------------------------|
     | term                                                                                                                                                                    |
     | Evacuation of intracranial subdural haematoma                                                                                                                           |
     +-------------------------------------------------------------------------------------------------------------------------------------------------------------------------+

     +-------------------------------------------------------------------------------------------------------------------------------------------------------------------------+
502. |                                         medcodeid                                  |                                 snomedctconceptid                                  |
     |                                         499739014                                  |                                          64009001                                  |
     |-------------------------------------------------------------------------------------------------------------------------------------------------------------------------|
     | term                                                                                                                                                                    |
     | Insufficiency - basilar artery                                                                                                                                          |
     +-------------------------------------------------------------------------------------------------------------------------------------------------------------------------+

     +-------------------------------------------------------------------------------------------------------------------------------------------------------------------------+
522. |                                         medcodeid                                  |                                 snomedctconceptid                                  |
     |                                  5011261000006110                                  |                                         230704000                                  |
     |-------------------------------------------------------------------------------------------------------------------------------------------------------------------------|
     | term                                                                                                                                                                    |
     | Multi-infarct state                                                                                                                                                     |
     +-------------------------------------------------------------------------------------------------------------------------------------------------------------------------+

     +-------------------------------------------------------------------------------------------------------------------------------------------------------------------------+
540. |                                         medcodeid                                  |                                 snomedctconceptid                                  |
     |                                  5011741000006115                                  |                                         230730001                                  |
     |-------------------------------------------------------------------------------------------------------------------------------------------------------------------------|
     | term                                                                                                                                                                    |
     | Dissection of vertebral artery                                                                                                                                          |
     +-------------------------------------------------------------------------------------------------------------------------------------------------------------------------+

     +-------------------------------------------------------------------------------------------------------------------------------------------------------------------------+
541. |                                         medcodeid                                  |                                 snomedctconceptid                                  |
     |                                  5011871000006119                                  |                                         230739000                                  |
     |-------------------------------------------------------------------------------------------------------------------------------------------------------------------------|
     | term                                                                                                                                                                    |
     | Spinal cord stroke                                                                                                                                                      |
     +-------------------------------------------------------------------------------------------------------------------------------------------------------------------------+

     +-------------------------------------------------------------------------------------------------------------------------------------------------------------------------+
542. |                                         medcodeid                                  |                                 snomedctconceptid                                  |
     |                                         501622012                                  |                                          70611002                                  |
     |-------------------------------------------------------------------------------------------------------------------------------------------------------------------------|
     | term                                                                                                                                                                    |
     | Perinatal intraventricular haemorrhage                                                                                                                                  |
     +-------------------------------------------------------------------------------------------------------------------------------------------------------------------------+

     +-------------------------------------------------------------------------------------------------------------------------------------------------------------------------+
546. |                                         medcodeid                                  |                                 snomedctconceptid                                  |
     |                                  5048771000006110                                  |                                         233296007                                  |
     |-------------------------------------------------------------------------------------------------------------------------------------------------------------------------|
     | term                                                                                                                                                                    |
     | Endarterectomy of internal carotid artery                                                                                                                               |
     +-------------------------------------------------------------------------------------------------------------------------------------------------------------------------+

     +-------------------------------------------------------------------------------------------------------------------------------------------------------------------------+
547. |                                         medcodeid                                  |                                 snomedctconceptid                                  |
     |                                         505322013                                  |                                         450418003                                  |
     |-------------------------------------------------------------------------------------------------------------------------------------------------------------------------|
     | term                                                                                                                                                                    |
     | Cerebral haemorrhage following injury                                                                                                                                   |
     +-------------------------------------------------------------------------------------------------------------------------------------------------------------------------+

     +-------------------------------------------------------------------------------------------------------------------------------------------------------------------------+
548. |                                         medcodeid                                  |                                 snomedctconceptid                                  |
     |                                         505324014                                  |                                         450418003                                  |
     |-------------------------------------------------------------------------------------------------------------------------------------------------------------------------|
     | term                                                                                                                                                                    |
     | Traumatic cerebral haemorrhage                                                                                                                                          |
     +-------------------------------------------------------------------------------------------------------------------------------------------------------------------------+

     +-------------------------------------------------------------------------------------------------------------------------------------------------------------------------+
549. |                                         medcodeid                                  |                                 snomedctconceptid                                  |
     |                                  5058131000006113                                  |                                         233964008                                  |
     |-------------------------------------------------------------------------------------------------------------------------------------------------------------------------|
     | term                                                                                                                                                                    |
     | Internal carotid artery stenosis                                                                                                                                        |
     +-------------------------------------------------------------------------------------------------------------------------------------------------------------------------+

     +-------------------------------------------------------------------------------------------------------------------------------------------------------------------------+
550. |                                         medcodeid                                  |                                 snomedctconceptid                                  |
     |                                  5058141000006115                                  |                                         233964008                                  |
     |-------------------------------------------------------------------------------------------------------------------------------------------------------------------------|
     | term                                                                                                                                                                    |
     | ICA - Internal carotid artery stenosis                                                                                                                                  |
     +-------------------------------------------------------------------------------------------------------------------------------------------------------------------------+

     +-------------------------------------------------------------------------------------------------------------------------------------------------------------------------+
551. |                                         medcodeid                                  |                                 snomedctconceptid                                  |
     |                                  5058511000006110                                  |                                         233988005                                  |
     |-------------------------------------------------------------------------------------------------------------------------------------------------------------------------|
     | term                                                                                                                                                                    |
     | Carotid artery aneurysm                                                                                                                                                 |
     +-------------------------------------------------------------------------------------------------------------------------------------------------------------------------+

     +-------------------------------------------------------------------------------------------------------------------------------------------------------------------------+
552. |                                         medcodeid                                  |                                 snomedctconceptid                                  |
     |                                         506344012                                  |                                          85028008                                  |
     |-------------------------------------------------------------------------------------------------------------------------------------------------------------------------|
     | term                                                                                                                                                                    |
     | Clipping of aneurysm of cerebral artery                                                                                                                                 |
     +-------------------------------------------------------------------------------------------------------------------------------------------------------------------------+

     +-------------------------------------------------------------------------------------------------------------------------------------------------------------------------+
553. |                                         medcodeid                                  |                                 snomedctconceptid                                  |
     |                                   513921000006111                                  |                                         240312009                                  |
     |-------------------------------------------------------------------------------------------------------------------------------------------------------------------------|
     | term                                                                                                                                                                    |
     | Birth brain damage NOS                                                                                                                                                  |
     +-------------------------------------------------------------------------------------------------------------------------------------------------------------------------+

     +-------------------------------------------------------------------------------------------------------------------------------------------------------------------------+
556. |                                         medcodeid                                  |                                 snomedctconceptid                                  |
     |                                   538651000006114                                  |                                          58920005                                  |
     |-------------------------------------------------------------------------------------------------------------------------------------------------------------------------|
     | term                                                                                                                                                                    |
     | Imaging of carotid arteries                                                                                                                                             |
     +-------------------------------------------------------------------------------------------------------------------------------------------------------------------------+

     +-------------------------------------------------------------------------------------------------------------------------------------------------------------------------+
559. |                                         medcodeid                                  |                                 snomedctconceptid                                  |
     |                                   542271000006119                                  |                                         206419007                                  |
     |-------------------------------------------------------------------------------------------------------------------------------------------------------------------------|
     | term                                                                                                                                                                    |
     | Cerebellar (nontraumatic) and posterior fossa haemorrhage of foetus and newborn                                                                                         |
     +-------------------------------------------------------------------------------------------------------------------------------------------------------------------------+

     +-------------------------------------------------------------------------------------------------------------------------------------------------------------------------+
560. |                                         medcodeid                                  |                                 snomedctconceptid                                  |
     |                                   542511000006113                                  |                                         265500000                                  |
     |-------------------------------------------------------------------------------------------------------------------------------------------------------------------------|
     | term                                                                                                                                                                    |
     | Cerebral artery aneurysm operations                                                                                                                                     |
     +-------------------------------------------------------------------------------------------------------------------------------------------------------------------------+

     +-------------------------------------------------------------------------------------------------------------------------------------------------------------------------+
568. |                                         medcodeid                                  |                                 snomedctconceptid                                  |
     |                                  5560171000006116                                  |                                         274101000                                  |
     |-------------------------------------------------------------------------------------------------------------------------------------------------------------------------|
     | term                                                                                                                                                                    |
     | Aortic thromboembolism                                                                                                                                                  |
     +-------------------------------------------------------------------------------------------------------------------------------------------------------------------------+

     +-------------------------------------------------------------------------------------------------------------------------------------------------------------------------+
575. |                                         medcodeid                                  |                                 snomedctconceptid                                  |
     |                                  5589431000006117                                  |                                         276706004                                  |
     |-------------------------------------------------------------------------------------------------------------------------------------------------------------------------|
     | term                                                                                                                                                                    |
     | Perinatal cerebral ischaemia                                                                                                                                            |
     +-------------------------------------------------------------------------------------------------------------------------------------------------------------------------+

     +-------------------------------------------------------------------------------------------------------------------------------------------------------------------------+
578. |                                         medcodeid                                  |                                 snomedctconceptid                                  |
     |                                  5598341000006110                                  |                                         277380003                                  |
     |-------------------------------------------------------------------------------------------------------------------------------------------------------------------------|
     | term                                                                                                                                                                    |
     | Right ventricular stroke work index                                                                                                                                     |
     +-------------------------------------------------------------------------------------------------------------------------------------------------------------------------+

     +-------------------------------------------------------------------------------------------------------------------------------------------------------------------------+
583. |                                         medcodeid                                  |                                 snomedctconceptid                                  |
     |                                          58046010                                  |                                          34781003                                  |
     |-------------------------------------------------------------------------------------------------------------------------------------------------------------------------|
     | term                                                                                                                                                                    |
     | Vertebral artery syndrome                                                                                                                                               |
     +-------------------------------------------------------------------------------------------------------------------------------------------------------------------------+

     +-------------------------------------------------------------------------------------------------------------------------------------------------------------------------+
586. |                                         medcodeid                                  |                                 snomedctconceptid                                  |
     |                                  5866401000006117                                  |                                         299404008                                  |
     |-------------------------------------------------------------------------------------------------------------------------------------------------------------------------|
     | term                                                                                                                                                                    |
     | Stroke test negative                                                                                                                                                    |
     +-------------------------------------------------------------------------------------------------------------------------------------------------------------------------+

     +-------------------------------------------------------------------------------------------------------------------------------------------------------------------------+
587. |                                         medcodeid                                  |                                 snomedctconceptid                                  |
     |                                  5886761000006114                                  |                                         300920004                                  |
     |-------------------------------------------------------------------------------------------------------------------------------------------------------------------------|
     | term                                                                                                                                                                    |
     | Carotid artery atheroma                                                                                                                                                 |
     +-------------------------------------------------------------------------------------------------------------------------------------------------------------------------+

     +-------------------------------------------------------------------------------------------------------------------------------------------------------------------------+
588. |                                         medcodeid                                  |                                 snomedctconceptid                                  |
     |                                  5960821000006117                                  |                                         306802002                                  |
     |-------------------------------------------------------------------------------------------------------------------------------------------------------------------------|
     | term                                                                                                                                                                    |
     | Referral to stroke service                                                                                                                                              |
     +-------------------------------------------------------------------------------------------------------------------------------------------------------------------------+

     +-------------------------------------------------------------------------------------------------------------------------------------------------------------------------+
589. |                                         medcodeid                                  |                                 snomedctconceptid                                  |
     |                                  5960951000006117                                  |                                         306808003                                  |
     |-------------------------------------------------------------------------------------------------------------------------------------------------------------------------|
     | term                                                                                                                                                                    |
     | Discharge from stroke service                                                                                                                                           |
     +-------------------------------------------------------------------------------------------------------------------------------------------------------------------------+

     +-------------------------------------------------------------------------------------------------------------------------------------------------------------------------+
590. |                                         medcodeid                                  |                                 snomedctconceptid                                  |
     |                                  5960971000006110                                  |                                         306810001                                  |
     |-------------------------------------------------------------------------------------------------------------------------------------------------------------------------|
     | term                                                                                                                                                                    |
     | Seen by stroke service                                                                                                                                                  |
     +-------------------------------------------------------------------------------------------------------------------------------------------------------------------------+

     +-------------------------------------------------------------------------------------------------------------------------------------------------------------------------+
592. |                                         medcodeid                                  |                                 snomedctconceptid                                  |
     |                                  5994741000006112                                  |                                         309966001                                  |
     |-------------------------------------------------------------------------------------------------------------------------------------------------------------------------|
     | term                                                                                                                                                                    |
     | Stroke unit                                                                                                                                                             |
     +-------------------------------------------------------------------------------------------------------------------------------------------------------------------------+

     +-------------------------------------------------------------------------------------------------------------------------------------------------------------------------+
593. |                                         medcodeid                                  |                                 snomedctconceptid                                  |
     |                                  5996861000006112                                  |                                         310137004                                  |
     |-------------------------------------------------------------------------------------------------------------------------------------------------------------------------|
     | term                                                                                                                                                                    |
     | Stroke service                                                                                                                                                          |
     +-------------------------------------------------------------------------------------------------------------------------------------------------------------------------+

     +-------------------------------------------------------------------------------------------------------------------------------------------------------------------------+
594. |                                         medcodeid                                  |                                 snomedctconceptid                                  |
     |                                  6015601000006112                                  |                                         312380005                                  |
     |-------------------------------------------------------------------------------------------------------------------------------------------------------------------------|
     | term                                                                                                                                                                    |
     | Post-radiological embolism of lower limb artery                                                                                                                         |
     +-------------------------------------------------------------------------------------------------------------------------------------------------------------------------+

     +-------------------------------------------------------------------------------------------------------------------------------------------------------------------------+
602. |                                         medcodeid                                  |                                 snomedctconceptid                                  |
     |                                  6349401000006115                                  |                                         371121002                                  |
     |-------------------------------------------------------------------------------------------------------------------------------------------------------------------------|
     | term                                                                                                                                                                    |
     | Neonatal stroke                                                                                                                                                         |
     +-------------------------------------------------------------------------------------------------------------------------------------------------------------------------+

     +-------------------------------------------------------------------------------------------------------------------------------------------------------------------------+
603. |                                         medcodeid                                  |                                 snomedctconceptid                                  |
     |                                  6350071000006110                                  |                                         371160000                                  |
     |-------------------------------------------------------------------------------------------------------------------------------------------------------------------------|
     | term                                                                                                                                                                    |
     | Carotid artery disease                                                                                                                                                  |
     +-------------------------------------------------------------------------------------------------------------------------------------------------------------------------+

     +-------------------------------------------------------------------------------------------------------------------------------------------------------------------------+
604. |                                         medcodeid                                  |                                 snomedctconceptid                                  |
     |                                   638871000006114                                  |                                         274101000                                  |
     |-------------------------------------------------------------------------------------------------------------------------------------------------------------------------|
     | term                                                                                                                                                                    |
     | Embolism and thrombosis of other and unspec parts aorta                                                                                                                 |
     +-------------------------------------------------------------------------------------------------------------------------------------------------------------------------+

     +-------------------------------------------------------------------------------------------------------------------------------------------------------------------------+
605. |                                         medcodeid                                  |                                 snomedctconceptid                                  |
     |                                   641561000006113                                  |                                         175367001                                  |
     |-------------------------------------------------------------------------------------------------------------------------------------------------------------------------|
     | term                                                                                                                                                                    |
     | Endarterectomy of carotid artery and patch repair of carotid artery                                                                                                     |
     +-------------------------------------------------------------------------------------------------------------------------------------------------------------------------+

     +-------------------------------------------------------------------------------------------------------------------------------------------------------------------------+
606. |                                         medcodeid                                  |                                 snomedctconceptid                                  |
     |                                  6516541000006119                                  |                                         390936003                                  |
     |-------------------------------------------------------------------------------------------------------------------------------------------------------------------------|
     | term                                                                                                                                                                    |
     | Cerebral autosomal dominant arteriopathy with subcortical infarcts and leucoencephalopathy                                                                              |
     +-------------------------------------------------------------------------------------------------------------------------------------------------------------------------+

     +-------------------------------------------------------------------------------------------------------------------------------------------------------------------------+
607. |                                         medcodeid                                  |                                 snomedctconceptid                                  |
     |                                  6580991000006118                                  |                                         397045002                                  |
     |-------------------------------------------------------------------------------------------------------------------------------------------------------------------------|
     | term                                                                                                                                                                    |
     | Arterial embolectomy                                                                                                                                                    |
     +-------------------------------------------------------------------------------------------------------------------------------------------------------------------------+

     +-------------------------------------------------------------------------------------------------------------------------------------------------------------------------+
608. |                                         medcodeid                                  |                                 snomedctconceptid                                  |
     |                                    67501000006115                                  |                                         195199008                                  |
     |-------------------------------------------------------------------------------------------------------------------------------------------------------------------------|
     | term                                                                                                                                                                    |
     | Vertebrobasilar artery syndrome                                                                                                                                         |
     +-------------------------------------------------------------------------------------------------------------------------------------------------------------------------+

     +-------------------------------------------------------------------------------------------------------------------------------------------------------------------------+
609. |                                         medcodeid                                  |                                 snomedctconceptid                                  |
     |                                    67511000006117                                  |                                          64009001                                  |
     |-------------------------------------------------------------------------------------------------------------------------------------------------------------------------|
     | term                                                                                                                                                                    |
     | Vertebro-basilar insufficiency                                                                                                                                          |
     +-------------------------------------------------------------------------------------------------------------------------------------------------------------------------+

     +-------------------------------------------------------------------------------------------------------------------------------------------------------------------------+
612. |                                         medcodeid                                  |                                 snomedctconceptid                                  |
     |                                  6837371000006110                                  |                                         413124000                                  |
     |-------------------------------------------------------------------------------------------------------------------------------------------------------------------------|
     | term                                                                                                                                                                    |
     | Stroke / transient ischemic attack referral                                                                                                                             |
     +-------------------------------------------------------------------------------------------------------------------------------------------------------------------------+

     +-------------------------------------------------------------------------------------------------------------------------------------------------------------------------+
613. |                                         medcodeid                                  |                                 snomedctconceptid                                  |
     |                                  6837381000006113                                  |                                         413124000                                  |
     |-------------------------------------------------------------------------------------------------------------------------------------------------------------------------|
     | term                                                                                                                                                                    |
     | Stroke/transient ischemic attack referral                                                                                                                               |
     +-------------------------------------------------------------------------------------------------------------------------------------------------------------------------+

     +-------------------------------------------------------------------------------------------------------------------------------------------------------------------------+
617. |                                         medcodeid                                  |                                 snomedctconceptid                                  |
     |                                   696161000006115                                  |                                          56267009                                  |
     |-------------------------------------------------------------------------------------------------------------------------------------------------------------------------|
     | term                                                                                                                                                                    |
     | Multi-infarct dementia                                                                                                                                                  |
     +-------------------------------------------------------------------------------------------------------------------------------------------------------------------------+

     +-------------------------------------------------------------------------------------------------------------------------------------------------------------------------+
628. |                                         medcodeid                                  |                                 snomedctconceptid                                  |
     |                                  7378401000006111                                  |                                         450418003                                  |
     |-------------------------------------------------------------------------------------------------------------------------------------------------------------------------|
     | term                                                                                                                                                                    |
     | Traumatic intracerebral hemorrhage                                                                                                                                      |
     +-------------------------------------------------------------------------------------------------------------------------------------------------------------------------+

     +-------------------------------------------------------------------------------------------------------------------------------------------------------------------------+
629. |                                         medcodeid                                  |                                 snomedctconceptid                                  |
     |                                  7378421000006118                                  |                                         450418003                                  |
     |-------------------------------------------------------------------------------------------------------------------------------------------------------------------------|
     | term                                                                                                                                                                    |
     | Traumatic intracerebral haemorrhage                                                                                                                                     |
     +-------------------------------------------------------------------------------------------------------------------------------------------------------------------------+

     +-------------------------------------------------------------------------------------------------------------------------------------------------------------------------+
630. |                                         medcodeid                                  |                                 snomedctconceptid                                  |
     |                                  7382631000006110                                  |                                         450741005                                  |
     |-------------------------------------------------------------------------------------------------------------------------------------------------------------------------|
     | term                                                                                                                                                                    |
     | National Institutes of Health stroke scale                                                                                                                              |
     +-------------------------------------------------------------------------------------------------------------------------------------------------------------------------+

     +-------------------------------------------------------------------------------------------------------------------------------------------------------------------------+
633. |                                         medcodeid                                  |                                 snomedctconceptid                                  |
     |                                  7459331000006112                                  |                                         468987009                                  |
     |-------------------------------------------------------------------------------------------------------------------------------------------------------------------------|
     | term                                                                                                                                                                    |
     | Drug-eluting carotid artery stent                                                                                                                                       |
     +-------------------------------------------------------------------------------------------------------------------------------------------------------------------------+

     +-------------------------------------------------------------------------------------------------------------------------------------------------------------------------+
635. |                                         medcodeid                                  |                                 snomedctconceptid                                  |
     |                                  7483201000006116                                  |                                         473129008                                  |
     |-------------------------------------------------------------------------------------------------------------------------------------------------------------------------|
     | term                                                                                                                                                                    |
     | Suspected transient ischemic attack                                                                                                                                     |
     +-------------------------------------------------------------------------------------------------------------------------------------------------------------------------+

     +-------------------------------------------------------------------------------------------------------------------------------------------------------------------------+
640. |                                         medcodeid                                  |                                 snomedctconceptid                                  |
     |                                  7568281000006111                                  |                                         702924006                                  |
     |-------------------------------------------------------------------------------------------------------------------------------------------------------------------------|
     | term                                                                                                                                                                    |
     | Stroke clinic                                                                                                                                                           |
     +-------------------------------------------------------------------------------------------------------------------------------------------------------------------------+

     +-------------------------------------------------------------------------------------------------------------------------------------------------------------------------+
641. |                                         medcodeid                                  |                                 snomedctconceptid                                  |
     |                                          75861010                                  |                                          45502001                                  |
     |-------------------------------------------------------------------------------------------------------------------------------------------------------------------------|
     | term                                                                                                                                                                    |
     | Cerebrovascular amyloidosis                                                                                                                                             |
     +-------------------------------------------------------------------------------------------------------------------------------------------------------------------------+

     +-------------------------------------------------------------------------------------------------------------------------------------------------------------------------+
643. |                                         medcodeid                                  |                                 snomedctconceptid                                  |
     |                                  7597121000006117                                  |                                         705003005                                  |
     |-------------------------------------------------------------------------------------------------------------------------------------------------------------------------|
     | term                                                                                                                                                                    |
     | Stroke impact scale version 3.0                                                                                                                                         |
     +-------------------------------------------------------------------------------------------------------------------------------------------------------------------------+

     +-------------------------------------------------------------------------------------------------------------------------------------------------------------------------+
647. |                                         medcodeid                                  |                                 snomedctconceptid                                  |
     |                                  7599261000006111                                  |                                         705146005                                  |
     |-------------------------------------------------------------------------------------------------------------------------------------------------------------------------|
     | term                                                                                                                                                                    |
     | Referral to transient ischaemic attack clinic                                                                                                                           |
     +-------------------------------------------------------------------------------------------------------------------------------------------------------------------------+

     +-------------------------------------------------------------------------------------------------------------------------------------------------------------------------+
648. |                                         medcodeid                                  |                                 snomedctconceptid                                  |
     |                                  7599271000006116                                  |                                         705146005                                  |
     |-------------------------------------------------------------------------------------------------------------------------------------------------------------------------|
     | term                                                                                                                                                                    |
     | Referral to transient ischemic attack clinic                                                                                                                            |
     +-------------------------------------------------------------------------------------------------------------------------------------------------------------------------+

     +-------------------------------------------------------------------------------------------------------------------------------------------------------------------------+
649. |                                         medcodeid                                  |                                 snomedctconceptid                                  |
     |                                   769281000006119                                  |                                         240313004                                  |
     |-------------------------------------------------------------------------------------------------------------------------------------------------------------------------|
     | term                                                                                                                                                                    |
     | Intracranial haemorrhage in fetus or newborn                                                                                                                            |
     +-------------------------------------------------------------------------------------------------------------------------------------------------------------------------+

     +-------------------------------------------------------------------------------------------------------------------------------------------------------------------------+
652. |                                         medcodeid                                  |                                 snomedctconceptid                                  |
     |                                  7806281000006113                                  |                                         720626009                                  |
     |-------------------------------------------------------------------------------------------------------------------------------------------------------------------------|
     | term                                                                                                                                                                    |
     | Carotid artery dissection                                                                                                                                               |
     +-------------------------------------------------------------------------------------------------------------------------------------------------------------------------+

     +-------------------------------------------------------------------------------------------------------------------------------------------------------------------------+
653. |                                         medcodeid                                  |                                 snomedctconceptid                                  |
     |                                  7833801000006119                                  |                                         722582007                                  |
     |-------------------------------------------------------------------------------------------------------------------------------------------------------------------------|
     | term                                                                                                                                                                    |
     | Foetal or neonatal intracerebral non-traumatic haemorrhage                                                                                                              |
     +-------------------------------------------------------------------------------------------------------------------------------------------------------------------------+

     +-------------------------------------------------------------------------------------------------------------------------------------------------------------------------+
654. |                                         medcodeid                                  |                                 snomedctconceptid                                  |
     |                                  7833811000006116                                  |                                         722582007                                  |
     |-------------------------------------------------------------------------------------------------------------------------------------------------------------------------|
     | term                                                                                                                                                                    |
     | Fetal or neonatal intracerebral non-traumatic hemorrhage                                                                                                                |
     +-------------------------------------------------------------------------------------------------------------------------------------------------------------------------+

     +-------------------------------------------------------------------------------------------------------------------------------------------------------------------------+
664. |                                         medcodeid                                  |                                 snomedctconceptid                                  |
     |                                  7990811000006110                                  |                                     9611000119107                                  |
     |-------------------------------------------------------------------------------------------------------------------------------------------------------------------------|
     | term                                                                                                                                                                    |
     | Symptomatic carotid artery stenosis                                                                                                                                     |
     +-------------------------------------------------------------------------------------------------------------------------------------------------------------------------+

     +-------------------------------------------------------------------------------------------------------------------------------------------------------------------------+
666. |                                         medcodeid                                  |                                 snomedctconceptid                                  |
     |                                   800691000006113                                  |                                         302909007                                  |
     |-------------------------------------------------------------------------------------------------------------------------------------------------------------------------|
     | term                                                                                                                                                                    |
     | Diffuse cerebrovascular disease                                                                                                                                         |
     +-------------------------------------------------------------------------------------------------------------------------------------------------------------------------+

     +-------------------------------------------------------------------------------------------------------------------------------------------------------------------------+
670. |                                         medcodeid                                  |                                 snomedctconceptid                                  |
     |                                  8026451000006117                                  |                                    88601000000107                                  |
     |-------------------------------------------------------------------------------------------------------------------------------------------------------------------------|
     | term                                                                                                                                                                    |
     | DNA (did not attend) stroke clinic                                                                                                                                      |
     +-------------------------------------------------------------------------------------------------------------------------------------------------------------------------+

     +-------------------------------------------------------------------------------------------------------------------------------------------------------------------------+
675. |                                         medcodeid                                  |                                 snomedctconceptid                                  |
     |                                  8087261000006113                                  |                                   285191000119103                                  |
     |-------------------------------------------------------------------------------------------------------------------------------------------------------------------------|
     | term                                                                                                                                                                    |
     | Left carotid artery stenosis                                                                                                                                            |
     +-------------------------------------------------------------------------------------------------------------------------------------------------------------------------+

     +-------------------------------------------------------------------------------------------------------------------------------------------------------------------------+
676. |                                         medcodeid                                  |                                 snomedctconceptid                                  |
     |                                  8087281000006115                                  |                                   285201000119100                                  |
     |-------------------------------------------------------------------------------------------------------------------------------------------------------------------------|
     | term                                                                                                                                                                    |
     | Right carotid artery stenosis                                                                                                                                           |
     +-------------------------------------------------------------------------------------------------------------------------------------------------------------------------+

     +-------------------------------------------------------------------------------------------------------------------------------------------------------------------------+
679. |                                         medcodeid                                  |                                 snomedctconceptid                                  |
     |                                   809431000006118                                  |                                         266995000                                  |
     |-------------------------------------------------------------------------------------------------------------------------------------------------------------------------|
     | term                                                                                                                                                                    |
     | H/O: CVS disease NOS                                                                                                                                                    |
     +-------------------------------------------------------------------------------------------------------------------------------------------------------------------------+

     +-------------------------------------------------------------------------------------------------------------------------------------------------------------------------+
681. |                                         medcodeid                                  |                                 snomedctconceptid                                  |
     |                                  8196061000006110                                  |                                   521411000000106                                  |
     |-------------------------------------------------------------------------------------------------------------------------------------------------------------------------|
     | term                                                                                                                                                                    |
     | Did not attend stroke review                                                                                                                                            |
     +-------------------------------------------------------------------------------------------------------------------------------------------------------------------------+

     +-------------------------------------------------------------------------------------------------------------------------------------------------------------------------+
688. |                                         medcodeid                                  |                                 snomedctconceptid                                  |
     |                                  8274811000006116                                  |                                   828261000000103                                  |
     |-------------------------------------------------------------------------------------------------------------------------------------------------------------------------|
     | term                                                                                                                                                                    |
     | Stroke medicine                                                                                                                                                         |
     +-------------------------------------------------------------------------------------------------------------------------------------------------------------------------+

     +-------------------------------------------------------------------------------------------------------------------------------------------------------------------------+
689. |                                         medcodeid                                  |                                 snomedctconceptid                                  |
     |                                  8313401000006119                                  |                                   893041000000108                                  |
     |-------------------------------------------------------------------------------------------------------------------------------------------------------------------------|
     | term                                                                                                                                                                    |
     | Transient ischaemic attack service                                                                                                                                      |
     +-------------------------------------------------------------------------------------------------------------------------------------------------------------------------+

     +-------------------------------------------------------------------------------------------------------------------------------------------------------------------------+
690. |                                         medcodeid                                  |                                 snomedctconceptid                                  |
     |                                  8313411000006116                                  |                                   893041000000108                                  |
     |-------------------------------------------------------------------------------------------------------------------------------------------------------------------------|
     | term                                                                                                                                                                    |
     | TIA (transient ischaemic attack) service                                                                                                                                |
     +-------------------------------------------------------------------------------------------------------------------------------------------------------------------------+

     +-------------------------------------------------------------------------------------------------------------------------------------------------------------------------+
691. |                                         medcodeid                                  |                                 snomedctconceptid                                  |
     |                                   841051000006113                                  |                                         390936003                                  |
     |-------------------------------------------------------------------------------------------------------------------------------------------------------------------------|
     | term                                                                                                                                                                    |
     | Cerebral autosomal dominant arteriopathy with subcortical infarcts and leukoencephalopathy                                                                              |
     +-------------------------------------------------------------------------------------------------------------------------------------------------------------------------+

     +-------------------------------------------------------------------------------------------------------------------------------------------------------------------------+
693. |                                         medcodeid                                  |                                 snomedctconceptid                                  |
     |                                  8453821000006113                                  |                                  1078671000000108                                  |
     |-------------------------------------------------------------------------------------------------------------------------------------------------------------------------|
     | term                                                                                                                                                                    |
     | Emergency hospital admission to stroke service                                                                                                                          |
     +-------------------------------------------------------------------------------------------------------------------------------------------------------------------------+

     +-------------------------------------------------------------------------------------------------------------------------------------------------------------------------+
694. |                                         medcodeid                                  |                                 snomedctconceptid                                  |
     |                                   865981000006114                                  |                                          85028008                                  |
     |-------------------------------------------------------------------------------------------------------------------------------------------------------------------------|
     | term                                                                                                                                                                    |
     | Clipping - aneurysm                                                                                                                                                     |
     +-------------------------------------------------------------------------------------------------------------------------------------------------------------------------+

     +-------------------------------------------------------------------------------------------------------------------------------------------------------------------------+
705. |                                         medcodeid                                  |                                 snomedctconceptid                                  |
     |                                   884541000006110                                  |                                          55382008                                  |
     |-------------------------------------------------------------------------------------------------------------------------------------------------------------------------|
     | term                                                                                                                                                                    |
     | Cerebral arteriosclerosis                                                                                                                                               |
     +-------------------------------------------------------------------------------------------------------------------------------------------------------------------------+

     +-------------------------------------------------------------------------------------------------------------------------------------------------------------------------+
706. |                                         medcodeid                                  |                                 snomedctconceptid                                  |
     |                                   884561000006114                                  |                                         195239002                                  |
     |-------------------------------------------------------------------------------------------------------------------------------------------------------------------------|
     | term                                                                                                                                                                    |
     | Cerebrovasc. dis. late effects                                                                                                                                          |
     +-------------------------------------------------------------------------------------------------------------------------------------------------------------------------+

     +-------------------------------------------------------------------------------------------------------------------------------------------------------------------------+
707. |                                         medcodeid                                  |                                 snomedctconceptid                                  |
     |                                   884631000006118                                  |                                         266262004                                  |
     |-------------------------------------------------------------------------------------------------------------------------------------------------------------------------|
     | term                                                                                                                                                                    |
     | Arterial embolism/thrombosis                                                                                                                                            |
     +-------------------------------------------------------------------------------------------------------------------------------------------------------------------------+

     +-------------------------------------------------------------------------------------------------------------------------------------------------------------------------+
708. |                                         medcodeid                                  |                                 snomedctconceptid                                  |
     |                                   884641000006111                                  |                                         266263009                                  |
     |-------------------------------------------------------------------------------------------------------------------------------------------------------------------------|
     | term                                                                                                                                                                    |
     | Embolus/thrombosis abd. aorta                                                                                                                                           |
     +-------------------------------------------------------------------------------------------------------------------------------------------------------------------------+

     +-------------------------------------------------------------------------------------------------------------------------------------------------------------------------+
709. |                                         medcodeid                                  |                                 snomedctconceptid                                  |
     |                                   884651000006113                                  |                                         195317001                                  |
     |-------------------------------------------------------------------------------------------------------------------------------------------------------------------------|
     | term                                                                                                                                                                    |
     | Embolus/thrombosis aorta NOS                                                                                                                                            |
     +-------------------------------------------------------------------------------------------------------------------------------------------------------------------------+

     +-------------------------------------------------------------------------------------------------------------------------------------------------------------------------+
710. |                                         medcodeid                                  |                                 snomedctconceptid                                  |
     |                                   884661000006110                                  |                                   583731000000103                                  |
     |-------------------------------------------------------------------------------------------------------------------------------------------------------------------------|
     | term                                                                                                                                                                    |
     | Peripheral arterial embolism                                                                                                                                            |
     +-------------------------------------------------------------------------------------------------------------------------------------------------------------------------+

     +-------------------------------------------------------------------------------------------------------------------------------------------------------------------------+
711. |                                         medcodeid                                  |                                 snomedctconceptid                                  |
     |                                   884671000006115                                  |                                   583761000000108                                  |
     |-------------------------------------------------------------------------------------------------------------------------------------------------------------------------|
     | term                                                                                                                                                                    |
     | Embolus/thrombus artery NOS                                                                                                                                             |
     +-------------------------------------------------------------------------------------------------------------------------------------------------------------------------+

     +-------------------------------------------------------------------------------------------------------------------------------------------------------------------------+
712. |                                         medcodeid                                  |                                 snomedctconceptid                                  |
     |                                   894091000006111                                  |                                         206196005                                  |
     |-------------------------------------------------------------------------------------------------------------------------------------------------------------------------|
     | term                                                                                                                                                                    |
     | Cerebral haemorrhage - birth                                                                                                                                            |
     +-------------------------------------------------------------------------------------------------------------------------------------------------------------------------+

     +-------------------------------------------------------------------------------------------------------------------------------------------------------------------------+
713. |                                         medcodeid                                  |                                 snomedctconceptid                                  |
     |                                   894331000006110                                  |                                          70611002                                  |
     |-------------------------------------------------------------------------------------------------------------------------------------------------------------------------|
     | term                                                                                                                                                                    |
     | Fetal cerebral haemorrhage                                                                                                                                              |
     +-------------------------------------------------------------------------------------------------------------------------------------------------------------------------+

     +-------------------------------------------------------------------------------------------------------------------------------------------------------------------------+
714. |                                         medcodeid                                  |                                 snomedctconceptid                                  |
     |                                    90011000006112                                  |                                         265502008                                  |
     |-------------------------------------------------------------------------------------------------------------------------------------------------------------------------|
     | term                                                                                                                                                                    |
     | Transluminal operations on cerebral artery or circle of Willis                                                                                                          |
     +-------------------------------------------------------------------------------------------------------------------------------------------------------------------------+

     +-------------------------------------------------------------------------------------------------------------------------------------------------------------------------+
715. |                                         medcodeid                                  |                                 snomedctconceptid                                  |
     |                                   905541000006119                                  |                                   905541000006103                                  |
     |-------------------------------------------------------------------------------------------------------------------------------------------------------------------------|
     | term                                                                                                                                                                    |
     | [RFC] Arterial embolism of limbs                                                                                                                                        |
     +-------------------------------------------------------------------------------------------------------------------------------------------------------------------------+

     +-------------------------------------------------------------------------------------------------------------------------------------------------------------------------+
720. |                                         medcodeid                                  |                                 snomedctconceptid                                  |
     |                                          92070010                                  |                                          55382008                                  |
     |-------------------------------------------------------------------------------------------------------------------------------------------------------------------------|
     | term                                                                                                                                                                    |
     | Cerebral atherosclerosis                                                                                                                                                |
     +-------------------------------------------------------------------------------------------------------------------------------------------------------------------------+

     +-------------------------------------------------------------------------------------------------------------------------------------------------------------------------+
721. |                                         medcodeid                                  |                                 snomedctconceptid                                  |
     |                                   938561000006115                                  |                                         300920004                                  |
     |-------------------------------------------------------------------------------------------------------------------------------------------------------------------------|
     | term                                                                                                                                                                    |
     | Carotid atherosclerosis                                                                                                                                                 |
     +-------------------------------------------------------------------------------------------------------------------------------------------------------------------------+

     +-------------------------------------------------------------------------------------------------------------------------------------------------------------------------+
722. |                                         medcodeid                                  |                                 snomedctconceptid                                  |
     |                                   940051000006114                                  |                                   940051000006105                                  |
     |-------------------------------------------------------------------------------------------------------------------------------------------------------------------------|
     | term                                                                                                                                                                    |
     | Stroke monitoring administration                                                                                                                                        |
     +-------------------------------------------------------------------------------------------------------------------------------------------------------------------------+

     +-------------------------------------------------------------------------------------------------------------------------------------------------------------------------+
727. |                                         medcodeid                                  |                                 snomedctconceptid                                  |
     |                                   966981000006112                                  |                                   112901000000108                                  |
     |-------------------------------------------------------------------------------------------------------------------------------------------------------------------------|
     | term                                                                                                                                                                    |
     | Referral to multidisciplinary stroke function improvement service                                                                                                       |
     +-------------------------------------------------------------------------------------------------------------------------------------------------------------------------+

     +-------------------------------------------------------------------------------------------------------------------------------------------------------------------------+
729. |                                         medcodeid                                  |                                 snomedctconceptid                                  |
     |                                  9843291000006119                                  |                                 15708001000119106                                  |
     |-------------------------------------------------------------------------------------------------------------------------------------------------------------------------|
     | term                                                                                                                                                                    |
     | Left carotid artery dissection                                                                                                                                          |
     +-------------------------------------------------------------------------------------------------------------------------------------------------------------------------+

. drop if `clinician' != 1
(276 observations deleted)

. 
. //Save clinician approved codelist
. gsort snomedctconceptid snomedctdescriptionid originalreadcode

. drop new_snomedct_synonym /*codestatus*/ `clinician' maybe

. compress
  variable term was str169 now str156
  (5,993 bytes saved)

. save `filename', replace
file stroke.dta saved

. export delimited `filename', replace quote
file stroke.csv saved

. 
. 
. // STEP 10. GENERATE METADATA FILE
. //=================================
. 
. //=**Update details here, everything else is automated**========================
. local description "Stroke"

. local code_type "medcodeid (SNOMED CT)"

. local database "CPRD Aurum"

. local database_version = ym(real(substr("`aurum_build'", 1, 4)), ///
>                                                         real(substr("`aurum_build'", 5, 2)))

. local author "Philip Stone"

. local date = ym(2024, 12)  //year, month

. local clinical_reviewer "Christina Avgerinou"

. local date_approved = ym(2025, 2)  //year, month

. local notes "Created for PRIORITY study"

. local keywords ""

. //==============================================================================
. 
. clear

. gen v1 = ""

. gen v2 = .

. format %tmMon_CCYY v2

. set obs 10
Number of observations (_N) was 0, now 10.

. 
. replace v1 = "`description'" in 1
variable v1 was str1 now str6
(1 real change made)

. replace v1 = "`code_type'" in 2
variable v1 was str6 now str21
(1 real change made)

. replace v1 = "`database'" in 3
(1 real change made)

. replace v2 = `database_version' in 4
(1 real change made)

. replace v1 = "`author'" in 5
(1 real change made)

. replace v2 = `date' in 6
(1 real change made)

. replace v1 = "`clinical_reviewer'" in 7
(1 real change made)

. replace v2 = `date_approved' in 8
(1 real change made)

. replace v1 = "`notes'" in 9
variable v1 was str21 now str26
(1 real change made)

. replace v1 = "`keywords'" in 10
(0 real changes made)

. 
. tostring v2, replace usedisplayformat force
v2 was float now str8
v2 was forced to string; some loss of information

. replace v1 = v2 in 4
(1 real change made)

. replace v1 = v2 in 6
(1 real change made)

. replace v1 = v2 in 8
(1 real change made)

. drop v2

. 
. export delimited "`filename'.meta", replace novarnames delimiter(tab)
file stroke.meta saved

. 
. 
. use "`filename'", clear  //So that you can see results of search after do file run

. 
. 
. log close
      name:  <unnamed>
       log:  C:\Users\rmjlton\GitHub\priority\codelists\stroke.log
  log type:  text
 closed on:  17 Feb 2025, 23:31:53
--------------------------------------------------------------------------------------------------------------------------------------------------------------------------------
